timestamp,fused_x_m,fused_y_m,fused_heading_deg,fused_speed_mph
2026-09-07 14:47:43.535745,0.0,0.0,0.0,0.0
2026-09-07 14:47:43.644634,0.0,0.0,0.0,0.0
2026-09-07 14:47:43.762822,0.0,0.0,0.0,0.0
2026-09-07 14:47:43.844934,0.0,0.0,0.0,0.0
2026-09-07 14:47:43.967776,0.0,0.0,0.0,0.0
2026-09-07 14:47:44.068324,0.0,0.0,0.0,0.0
2026-09-07 14:47:44.144856,0.0,0.0,0.0,0.0
2026-09-07 14:47:44.263229,0.0,0.0,0.0,0.0
2026-09-07 14:47:44.352478,0.0,0.0,0.0,0.0
2026-09-07 14:47:44.461208,0.0,0.0,0.0,0.0
2026-09-07 14:47:44.553269,0.0,0.0,0.0,0.0
2026-09-07 14:47:44.661504,0.0,0.0,0.0,0.0
2026-09-07 14:47:44.752269,0.0,0.0,0.0,0.0
2026-09-07 14:47:44.862276,0.0,0.0,0.0,0.0
2026-09-07 14:47:44.960346,0.0,0.0,0.0,0.0
2026-09-07 14:47:45.059431,0.0,0.0,0.0,0.0
2026-09-07 14:47:45.140763,0.0,0.0,0.0,0.0
2026-09-07 14:47:45.263645,0.0,0.0,0.0,0.0
2026-09-07 14:47:45.360635,0.0,0.0,0.0,0.0
2026-09-07 14:47:45.459921,0.0,0.0,0.0,0.0
2026-09-07 14:47:45.560625,0.0,0.0,0.0,0.0
2026-09-07 14:47:45.660157,0.0,0.0,0.0,0.0
2026-09-07 14:47:45.760716,0.0,0.0,0.0,0.0
2026-09-07 14:47:45.860337,0.0,0.0,0.0,0.0
2026-09-07 14:47:45.960315,0.0,0.0,0.0,0.0
2026-09-07 14:47:46.060047,0.0,0.0,0.0,0.0
2026-09-07 14:47:46.158724,0.0,0.0,0.0,0.0
2026-09-07 14:47:46.259718,0.0,0.0,0.0,0.0
2026-09-07 14:47:46.361625,0.0,0.0,0.0,0.0
2026-09-07 14:47:46.461583,0.0,0.0,0.0,0.0
2026-09-07 14:47:46.562364,0.0,0.0,0.0,0.0
2026-09-07 14:47:46.661885,0.0,0.0,0.0,0.0
2026-09-07 14:47:46.762798,0.0,0.0,0.0,0.0
2026-09-07 14:47:46.861749,0.0,0.0,0.0,0.0
2026-09-07 14:47:46.961722,0.0,0.0,0.0,0.0
2026-09-07 14:47:47.061586,0.0,0.0,0.0,0.0
2026-09-07 14:47:47.163085,0.0,0.0,0.0,0.0
2026-09-07 14:47:47.262749,0.0,0.0,0.0,0.0
2026-09-07 14:47:47.363712,0.0,0.0,0.0,0.0
2026-09-07 14:47:47.463203,0.0,0.0,0.0,0.0
2026-09-07 14:47:47.552496,0.0,0.0,0.0,0.0
2026-09-07 14:47:47.659188,0.0,0.0,0.0,0.0
2026-09-07 14:47:47.759407,0.0,0.0,0.0,0.0
2026-09-07 14:47:47.858368,0.0,0.0,0.0,0.0
2026-09-07 14:47:47.959840,0.0,0.0,0.0,0.0
2026-09-07 14:47:48.053084,0.0,0.0,0.0,0.0
2026-09-07 14:47:48.160450,0.0,0.0,0.0,0.0
2026-09-07 14:47:48.260273,0.0,0.0,0.0,0.0
2026-09-07 14:47:48.360824,0.0,0.0,0.0,0.0
2026-09-07 14:47:48.460194,0.0,0.0,0.0,0.0
2026-09-07 14:47:48.554089,0.0,0.0,0.0,0.0
2026-09-07 14:47:48.659996,0.0,0.0,0.0,0.0
2026-09-07 14:47:48.760204,0.0,0.0,0.0,0.0
2026-09-07 14:47:48.860367,0.0,0.0,0.0,0.0
2026-09-07 14:47:48.960762,0.0,0.0,0.0,0.0
2026-09-07 14:47:49.050310,0.0,0.0,0.0,0.0
2026-09-07 14:47:49.160332,0.0,0.0,0.0,0.0
2026-09-07 14:47:49.260823,0.0,0.0,0.0,0.0
2026-09-07 14:47:49.359903,0.0,0.0,0.0,0.0
2026-09-07 14:47:49.460545,0.0,0.0,0.0,0.0
2026-09-07 14:47:49.552439,0.0,0.0,0.0,0.0
2026-09-07 14:47:49.660506,0.0,0.0,0.0,0.0
2026-09-07 14:47:49.761538,0.0,0.0,0.0,0.0
2026-09-07 14:47:49.859875,0.0,0.0,0.0,0.0
2026-09-07 14:47:49.960625,0.0,0.0,0.0,0.0
2026-09-07 14:47:50.052422,0.0,0.0,0.0,0.0
2026-09-07 14:47:50.159441,0.0,0.0,0.0,0.0
2026-09-07 14:47:50.268984,0.0,0.0,0.0,0.0
2026-09-07 14:47:50.359422,0.0,0.0,0.0,0.0
2026-09-07 14:47:50.468650,0.0,0.0,0.0,0.0
2026-09-07 14:47:50.557044,0.0,0.0,0.0,0.0
2026-09-07 14:47:50.653478,0.0,0.0,0.0,0.0
2026-09-07 14:47:50.758835,0.0,0.0,0.0,0.0
2026-09-07 14:47:50.858300,0.0,0.0,0.0,0.0
2026-09-07 14:47:50.958063,0.0,0.0,0.0,0.0
2026-09-07 14:47:51.057660,0.0,0.0,0.0,0.0
2026-09-07 14:47:51.153537,0.0,0.0,0.0,0.0
2026-09-07 14:47:51.254351,0.0,0.0,0.0,0.0
2026-09-07 14:47:51.354364,0.0,0.0,0.0,0.0
2026-09-07 14:47:51.450870,0.0,0.0,0.0,0.0
2026-09-07 14:47:51.550515,0.0,0.0,0.0,0.0
2026-09-07 14:47:51.652431,0.0,0.0,0.0,0.0
2026-09-07 14:47:51.752023,0.0,0.0,0.0,0.0
2026-09-07 14:47:51.852808,0.0,0.0,0.0,0.0
2026-09-07 14:47:51.951735,0.0,0.0,0.0,0.0
2026-09-07 14:47:52.051919,0.0,0.0,0.0,0.0
2026-09-07 14:47:52.501288,0.0,0.0,0.0,0.0
2026-09-07 14:47:52.591162,0.0,0.0,0.0,0.0
2026-09-07 14:47:52.686362,0.0,0.0,0.0,0.0
2026-09-07 14:47:52.793918,0.0,0.0,0.0,0.0
2026-09-07 14:47:52.890829,0.0,0.0,0.0,0.0
2026-09-07 14:47:52.991061,0.0,0.0,0.0,0.0
2026-09-07 14:47:53.092229,0.0,0.0,0.0,0.0
2026-09-07 14:47:53.191944,0.0,0.0,0.0,0.0
2026-09-07 14:47:53.293038,-0.013327921439604838,-0.00830352539322515,0.0,-0.0001434489930031313
2026-09-07 14:47:53.499190,-0.013337023154410656,-0.00830352539322515,0.0,-9.70846421337699e-05
2026-09-07 14:47:53.597184,-0.013338347784409009,-0.00830352539322515,0.0,-6.831147816616713e-05
2026-09-07 14:47:53.697059,-0.013339274630056653,-0.00830352539322515,0.0,-4.892506912003543e-05
2026-09-07 14:47:53.797144,-0.013339915937231262,-0.00830352539322515,0.0,-3.5353566344217303e-05
2026-09-07 14:47:54.002975,-0.013341806580656245,-0.00830352539322515,0.0,-2.3835611616141093e-05
2026-09-07 14:47:54.099850,-0.01334195679557362,-0.00830352539322515,0.0,-1.6754159607570164e-05
2026-09-07 14:47:54.200571,-0.013342107297560173,-0.00830352539322515,0.0,-1.1985951003891013e-05
2026-09-07 14:47:54.300440,-0.023878202247766125,-0.030376208468134335,2.341523044781215e-05,-0.00021019841734181205
2026-09-07 14:47:54.400492,-0.02388215587027237,-0.03037620847120259,2.341523044781215e-05,-0.00015259140413002853
2026-09-07 14:47:54.500263,-0.02388472528917596,-0.030376208473020156,2.341523044781215e-05,-0.00011106998288695725
2026-09-07 14:47:54.600500,-0.02388646849439673,-0.030376208474139646,2.341523044781215e-05,-8.09344157247204e-05
2026-09-07 14:47:54.701258,-0.02388767571620931,-0.030376208474849203,2.341523044781215e-05,-5.898672245739799e-05
2026-09-07 14:47:54.800596,-0.023888480244010083,-0.03037620847529296,2.341523044781215e-05,-4.303976779650451e-05
2026-09-07 14:47:54.900398,-0.02388905506898013,-0.0303762084755891,2.341523044781215e-05,-3.1412444834516156e-05
2026-09-07 14:47:54.999786,-0.023889458440079538,-0.030376208475786575,2.341523044781215e-05,-2.2936476183951294e-05
2026-09-07 14:47:55.100425,-0.023889758488888906,-0.03037620847592658,2.341523044781215e-05,-1.673624396972132e-05
2026-09-07 14:47:55.200225,-0.023889968091088853,-0.0303762084760215,2.341523044781215e-05,-1.221514944070867e-05
2026-09-07 14:47:55.414497,-0.034128980742100384,-0.04282901363452104,5.48907048317688e-05,-0.00028137140657343685
2026-09-07 14:47:55.510166,-0.0341327615202703,-0.04282901364120723,5.489070483251983e-05,-0.00019791203362398403
2026-09-07 14:47:55.609969,-0.03413555892830155,-0.042829013645430625,5.489070483289812e-05,-0.0001417282186084938
2026-09-07 14:47:55.710756,-0.0341375155032778,-0.042829013648103285,5.489070483309376e-05,-0.00010235524913924787
2026-09-07 14:47:55.811508,-0.034138876274001695,-0.0428290136498251,5.4890704833196255e-05,-7.424804663799429e-05
2026-09-07 14:47:55.910163,-0.03413977963114078,-0.04282901365091143,5.489070483325039e-05,-5.40670220464406e-05
2026-09-07 14:47:56.010456,-0.03414046509947976,-0.04282901365168535,5.489070483327912e-05,-3.940462259699461e-05
2026-09-07 14:47:56.111127,-0.03414096424768812,-0.04282901365222583,5.489070483329439e-05,-2.872349447941418e-05
2026-09-07 14:47:56.210255,-0.03414130741930471,-0.042829013652587726,5.4890704833302506e-05,-2.0963134523014526e-05
2026-09-07 14:47:56.311717,-0.048164548858686755,-0.055329770100097056,0.00011219302356971346,-0.0003839923877728863
2026-09-07 14:47:56.535191,-0.04818973927399123,-0.05532977015578873,0.00011219302357264643,-0.00025698877944230344
2026-09-07 14:47:56.617636,-0.04819075660654009,-0.0553297701607953,0.00011219302357403541,-0.00018185011048789767
2026-09-07 14:47:56.726044,-0.048193459312534895,-0.05532977016761036,0.00011219302357473708,-0.00012981976157969537
2026-09-07 14:47:56.824669,-0.048194850301548534,-0.05532977017111917,0.00011219302357509881,-9.37501657895919e-05
2026-09-07 14:47:56.925161,-0.04819594291821731,-0.055329770173669975,0.00011219302357528833,-6.801693485098479e-05
2026-09-07 14:47:57.024543,-0.04819671393229183,-0.05532977017539693,0.0001121930235753884,-4.950757273132492e-05
2026-09-07 14:47:57.125239,-0.04819730737322878,-0.055329770176674134,0.00011219302357544147,-3.6062558925953725e-05
2026-09-07 14:47:57.224773,-0.048197725472225283,-0.055329770177554013,0.00011219302357546966,-2.6301746775756817e-05
2026-09-07 14:47:57.325842,-0.061611695295199616,-0.07717909046895427,0.00029943088433163716,-0.00040465015883338356
2026-09-07 14:47:57.424828,-0.061618688828066016,-0.07717909052982952,0.00029943088434241223,-0.00029541844193011136
2026-09-07 14:47:57.524849,-0.06162347988769149,-0.07717909056783165,0.00029943088434815433,-0.00021563986165270142
2026-09-07 14:47:57.624989,-0.06162674613573714,-0.07717909059180748,0.0002994308843512133,-0.00015737920979275925
2026-09-07 14:47:57.730630,-0.06162933076055149,-0.0771790906089784,0.000299430884352836,-0.0001143896633239348
2026-09-07 14:47:57.824419,-0.06163059076213315,-0.07717909061751123,0.00029943088435369883,-8.368252772473975e-05
2026-09-07 14:47:57.930040,-0.06163188744320245,-0.07717909062532487,0.0002994308843541582,-6.090146536823638e-05
2026-09-07 14:47:58.025066,-0.06163254648021326,-0.07717909062932107,0.0002994308843544027,-4.454277474962779e-05
2026-09-07 14:47:58.463625,-0.06815383585148836,-0.09353235725912004,0.0004854486816990473,-0.00031143671539222203
2026-09-07 14:47:58.559792,-0.06815579970834262,-0.09353235730161517,0.0004854486817572721,-0.00020626514934799498
2026-09-07 14:47:58.659786,-0.06815759113950338,-0.09353235732870448,0.00048544868178409454,-0.00014346963374738217
2026-09-07 14:47:58.762947,-0.06815910557499652,-0.0935323573474216,0.00048544868179734864,-0.00010192487635329597
2026-09-07 14:47:58.981622,-0.06816475323997047,-0.09353235739804483,0.0004854486818035917,-6.757838148434827e-05
2026-09-07 14:47:59.079029,-0.06816500953528282,-0.09353235740149783,0.0004854486818064775,-4.7113122750728e-05
2026-09-07 14:47:59.179231,-0.0681653295637356,-0.0935323574048461,0.00048544868180791143,-3.357933073602402e-05
2026-09-07 14:47:59.280695,-0.0661729022528567,-0.1053696081316803,0.0006383058938009999,4.612741436033751e-05
2026-09-07 14:47:59.378941,-0.06617224146710293,-0.10536960812155378,0.0006383058937872888,3.347732807058227e-05
2026-09-07 14:47:59.479077,-0.06617176276340865,-0.10536960811476066,0.0006383058937800484,2.4358161856258935e-05
2026-09-07 14:47:59.579980,-0.06617142232556134,-0.10536960811019441,0.0006383058937762123,1.7736939743385665e-05
2026-09-07 14:47:59.680391,-0.06617118625829783,-0.105369608107154,0.0006383058937741767,1.2925550251880082e-05
2026-09-07 14:47:59.771321,-0.06617106511305974,-0.10536960810558477,0.0006383058937730877,9.488774908629829e-06
2026-09-07 14:47:59.879401,-0.06617091137444077,-0.1053696081037547,0.0006383058937725058,6.906100197424773e-06
2026-09-07 14:47:59.976092,-0.06617083423355649,-0.10536960810283293,0.0006383058937721965,5.045098907558296e-06
2026-09-07 14:48:00.076809,-0.0661707697812552,-0.10536960810208162,0.0006383058937720316,3.68204573020563e-06
2026-09-07 14:48:00.177233,-0.06617072370150988,-0.10536960810155056,0.0006383058937719438,2.6864525282553595e-06
2026-09-07 14:48:00.275388,-0.07122209969933505,-0.11850215425127647,0.0007660265993006842,-0.00015723155970251594
2026-09-07 14:48:00.387299,-0.07122556913392904,-0.11850215430423973,0.0007660265993557445,-0.00011385484606570319
2026-09-07 14:48:00.487069,-0.07122731448149495,-0.11850215433103706,0.0007660265993847275,-8.276452533358685e-05
2026-09-07 14:48:00.586229,-0.07122848773776336,-0.1185021543485574,0.000766026599400081,-6.0313895653019195e-05
2026-09-07 14:48:00.687595,-0.07122935579954398,-0.11850215436113697,0.0007660265994082323,-4.394054587066776e-05
2026-09-07 14:48:00.787391,-0.0712299371615635,-0.11850215436942697,0.0007660265994125629,-3.2043804478171706e-05
2026-09-07 14:48:00.878954,-0.07123024995420545,-0.11850215437388587,0.0007660265994148812,-2.352168031706361e-05
2026-09-07 14:48:00.989151,-0.0712306519693825,-0.11850215437940842,0.0007660265994161177,-1.7092389586901234e-05
2026-09-07 14:48:01.087219,-0.07123085099107933,-0.11850215438214756,0.0007660265994167729,-1.2463436129513943e-05
2026-09-07 14:48:01.188422,-0.07123101108685279,-0.1185021543843296,0.0007660265994171211,-9.083987739610766e-06
2026-09-07 14:48:01.289114,-0.07123112464510861,-0.11850215438586993,0.0007660265994173062,-6.62174964999976e-06
2026-09-07 14:48:01.397939,-0.07123122748781467,-0.11850215438725659,0.0007660265994174039,-4.79879509911215e-06
2026-09-07 14:48:01.489508,-0.07123126809126479,-0.11850215438780563,0.0007660265994174557,-3.5107988105255882e-06
2026-09-07 14:48:01.597044,-0.0712313210839086,-0.11850215438851742,0.0007660265994174834,-2.551571423782986e-06
2026-09-07 14:48:01.687921,-0.07123134229348997,-0.11850215438880274,0.000766026599417498,-1.8705178066488956e-06
2026-09-07 14:48:01.800002,-0.07123137404378957,-0.11850215438922816,0.0007660265994175057,-1.3564341825204477e-06
2026-09-07 14:48:01.885176,-0.07123138221093128,-0.11850215438933785,0.0007660265994175099,-9.973715289452738e-07
2026-09-07 14:48:01.986649,-0.071231395286284,-0.11850215438951293,0.0007660265994175122,-7.300420307264132e-07
2026-09-07 14:48:02.098196,-0.07123140755031848,-0.11850215438967704,0.0007660265994175133,-5.291766277344866e-07
2026-09-07 14:48:02.186243,-0.07123141133875019,-0.11850215438972776,0.000766026599417514,-3.8819014295174255e-07
2026-09-07 14:48:02.284724,-0.0712314159345352,-0.11850215438978924,0.0007660265994175143,-2.8440773177445717e-07
2026-09-07 14:48:02.378527,-0.07123141879318315,-0.11850215438982749,0.0007660265994175145,-2.0894627723482633e-07
2026-09-07 14:48:02.485694,-0.07123142201448687,-0.11850215438987058,0.0007660265994175146,-1.522382326081022e-07
2026-09-07 14:48:02.585768,-0.07123142387080304,-0.11850215438989539,0.0007660265994175147,-1.1100335794527731e-07
2026-09-07 14:48:02.685077,-0.07123142518812653,-0.11850215438991302,0.0007660265994175147,-8.101450000028e-08
2026-09-07 14:48:02.785088,-0.07123142617274995,-0.11850215438992617,0.0007660265994175147,-5.912721725130393e-08
2026-09-07 14:48:02.877087,-0.07123142670906947,-0.11850215438993335,0.0007660265994175147,-4.3406826975568176e-08
2026-09-07 14:48:02.985556,-0.07123142739421488,-0.11850215438994251,0.0007660265994175147,-3.158369249874213e-08
2026-09-07 14:48:03.084944,-0.07123142776583642,-0.11850215438994748,0.0007660265994175147,-2.302408391581547e-08
2026-09-07 14:48:03.185250,-0.0712314280457956,-0.11850215438995122,0.0007660265994175147,-1.6789729234747184e-08
2026-09-07 14:48:03.285704,-0.071231428250724,-0.11850215438995396,0.0007660265994175147,-1.2244289458235786e-08
2026-09-07 14:48:03.384895,-0.07123142839408304,-0.11850215438995587,0.0007660265994175147,-8.937969911267046e-09
2026-09-07 14:48:03.492364,-0.07123142852756528,-0.11850215438995766,0.0007660265994175147,-6.488551393941187e-09
2026-09-07 14:48:03.583829,-0.07123142858230401,-0.1185021543899584,0.0007660265994175147,-4.751737241273571e-09
2026-09-07 14:48:03.692201,-0.07123142865566538,-0.11850215438995938,0.0007660265994175147,-3.4531828831401495e-09
2026-09-07 14:48:03.784449,-0.07123142868609969,-0.11850215438995979,0.0007660265994175147,-2.5288262807069907e-09
2026-09-07 14:48:03.892934,-0.07123142872530129,-0.11850215438996031,0.0007660265994175147,-1.8375861178540192e-09
2026-09-07 14:48:03.991280,-0.07123142874578871,-0.11850215438996059,0.0007660265994175147,-1.339650913742575e-09
2026-09-07 14:48:04.091158,-0.07123142876171135,-0.11850215438996081,0.0007660265994175147,-9.772407472837259e-10
2026-09-07 14:48:04.190884,-0.0712314287733103,-0.11850215438996096,0.0007660265994175147,-7.131833219425903e-10
2026-09-07 14:48:04.292935,-0.07123142878243863,-0.11850215438996108,0.0007660265994175147,-5.197151339510435e-10
2026-09-07 14:48:04.389168,-0.07123142878788791,-0.11850215438996116,0.0007660265994175147,-3.800456473366953e-10
2026-09-07 14:48:04.492913,-0.07123142879305347,-0.11850215438996123,0.0007660265994175147,-2.769028338088258e-10
2026-09-07 14:48:04.591704,-0.07123142879623445,-0.11850215438996127,0.0007660265994175147,-2.0209129340957772e-10
2026-09-07 14:48:04.693630,-0.07123142879881689,-0.11850215438996131,0.0007660265994175147,-1.4728628326569263e-10
2026-09-07 14:48:04.795798,-0.07123142880069938,-0.11850215438996133,0.0007660265994175147,-1.0724541673889642e-10
2026-09-07 14:48:04.879152,-0.07123142880129103,-0.11850215438996134,0.0007660265994175147,-7.913556251732848e-11
2026-09-07 14:48:04.995857,-0.07123142880281282,-0.11850215438996135,0.0007660265994175147,-5.739398832023703e-11
2026-09-07 14:48:05.094598,-0.07123142880346293,-0.11850215438996135,0.0007660265994175147,-4.178729600029964e-11
2026-09-07 14:48:05.194734,-0.07123142880396344,-0.11850215438996137,0.0007660265994175147,-3.045592369766244e-11
2026-09-07 14:48:05.295860,-0.07123142880434054,-0.11850215438996137,0.0007660265994175147,-2.2193441382347047e-11
2026-09-07 14:48:05.394526,-0.07123142880459381,-0.11850215438996137,0.0007660265994175147,-1.620007574663033e-11
2026-09-07 14:48:05.495379,-0.07123142880479395,-0.11850215438996137,0.0007660265994175147,-1.1817073477746025e-11
2026-09-07 14:48:05.595251,-0.07123142880493515,-0.11850215438996138,0.0007660265994175147,-8.622917081945777e-12
2026-09-07 14:48:05.694465,-0.07123142880503623,-0.11850215438996138,0.0007660265994175147,-6.296333091504637e-12
2026-09-07 14:48:05.795130,-0.07123142880511388,-0.11850215438996138,0.0007660265994175147,-4.594257163486458e-12
2026-09-07 14:48:05.894929,-0.07123142880516888,-0.11850215438996138,0.0007660265994175147,-3.3531612321628697e-12
2026-09-07 14:48:05.979726,-0.07123142880518984,-0.11850215438996138,0.0007660265994175147,-2.474771486739837e-12
2026-09-07 14:48:06.087442,-0.07123142880522904,-0.11850215438996138,0.0007660265994175147,-1.8068315733088393e-12
2026-09-07 14:48:06.186406,-0.07123142880525055,-0.11850215438996138,0.0007660265994175147,-1.3199500163030637e-12
2026-09-07 14:48:06.286551,-0.13823827054515664,-0.16845088385413454,0.0010065822861805803,-0.00102499352270525
2026-09-07 14:48:06.386884,-0.13825993318921173,-0.16845088429825622,0.0010065822864758762,-0.0007481620366188884
2026-09-07 14:48:06.487114,-0.1382738990008445,-0.16845088457746024,0.0010065822866331703,-0.0005459796531611681
2026-09-07 14:48:06.594497,-0.13828460732980025,-0.16845088478351736,0.0010065822867164932,-0.0003963204326043504
2026-09-07 14:48:06.695845,-0.13829080425960832,-0.16845088490184923,0.0010065822867604663,-0.00028813678296289166
2026-09-07 14:48:06.794683,-0.13829477009740643,-0.168450884976537,0.001006582286783771,-0.00021004160243476711
2026-09-07 14:48:06.894535,-0.13829763128183548,-0.16845088502946964,0.0010065822867961632,-0.00015321582871601067
2026-09-07 14:48:06.988919,-0.13829933301507624,-0.16845088506079123,0.001006582286802786,-0.00011225184032840894
2026-09-07 14:48:07.087101,-0.138300739835238,-0.16845088508627115,0.0010065822868063393,-8.220305977572678e-05
2026-09-07 14:48:07.187172,-0.13830181286351498,-0.1684508851055317,0.0010065822868082417,-6.0100422547393536e-05
2026-09-07 14:48:07.287836,-0.1591672249657203,-0.16802373917107163,0.0010008712680895863,-0.00047355232643803564
2026-09-07 14:48:07.387125,-0.15917637896858322,-0.16802373933058076,0.0010008712682426431,-0.0003459314103632164
2026-09-07 14:48:07.488471,-0.15918264773503707,-0.16802373943987486,0.001000871268324205,-0.0002523494072524221
2026-09-07 14:48:07.703482,-0.14300312097439066,-0.16802345662124776,0.001000871340155244,0.14767004409687778
2026-09-07 14:48:07.794921,-0.14105691484059488,-0.16802342265824027,0.0010008713269511996,0.11038529898457476
2026-09-07 14:48:07.903204,-0.13895177619648053,-0.16802338590346622,0.001000871319697808,0.08111974153728438
2026-09-07 14:48:08.001875,-0.13781412850010769,-0.16802336604062015,0.0010008713157893267,0.05948098352760417
2026-09-07 14:48:08.101599,-0.13698965891767756,-0.16802335164382143,0.001000871313692039,0.043528781081689276
2026-09-07 14:48:08.201557,-0.13640321928054228,-0.16802334140251493,0.0010008713125702188,0.03181584333932654
2026-09-07 14:48:08.302336,-0.09537000216000696,-0.10084876625265302,0.08400315135614465,0.34021144347649585
2026-09-07 14:48:08.401703,-0.08025747781564642,-0.10082660928768498,0.07288340580365159,0.3410797155410762
2026-09-07 14:48:08.617779,-0.04731104065074733,-0.10078469957172938,0.04870324397929851,0.3033181338034241
2026-09-07 14:48:08.715361,-0.03407938110607581,-0.10077345223547281,0.015943262984500075,0.2879699896216954
2026-09-07 14:48:08.815209,-0.021225538771496334,-0.10076987549394434,0.004769690732894131,0.2792452390400919
2026-09-07 14:48:08.915423,-0.00871544521738039,-0.10076883406859088,0.004769690732894131,0.2809965853961227
2026-09-07 14:48:09.133887,0.01872728439334582,-0.10076654954895393,0.07811186949585906,0.34780967818424013
2026-09-07 14:48:09.232832,0.03411171744538008,-0.10074557579518806,0.05596682690241402,0.36250761663773423
2026-09-07 14:48:09.333878,0.08433133935711012,0.07436572851289341,2.1117585587610654,0.3398841687930857
2026-09-07 14:48:09.433237,0.09941787358783022,0.07492202693878539,3.5460902482270904,0.33120214718987345
2026-09-07 14:48:09.539026,0.3530807424758385,0.07982927237834131,3.581667581412726,1.272600746062082
2026-09-07 14:48:09.648341,0.4151489508681385,0.08371433543841547,3.569434596769225,1.2592279739108205
2026-09-07 14:48:09.740853,0.4671252680475267,0.0869565716713307,3.590139859090765,1.2430605168599973
2026-09-07 14:48:09.849548,0.5274083006245708,0.09073884343276062,3.577976256055268,1.239261395137109
2026-09-07 14:48:09.948185,0.5819466265922734,0.0941490577763193,3.589014310359627,1.237537608535239
2026-09-07 14:48:10.032088,0.6282731471835147,0.09705475786984202,3.598403544321514,1.2316724314817316
2026-09-07 14:48:10.239413,0.7422026527881382,0.10421940778128314,3.6216044183206346,1.2389188817434529
2026-09-07 14:48:10.337562,0.7584874273753698,0.4506468926416074,14.64798520472286,1.2264697296869957
2026-09-07 14:48:10.436965,0.8112168069858714,0.46442903470741836,14.65910897888485,1.2212582098845173
2026-09-07 14:48:10.537082,0.8640965837185081,0.47826145517197033,14.65910897888485,1.2265071634177582
2026-09-07 14:48:10.637505,0.9173659547861173,0.49219578666915004,14.68158481508033,1.224752164564188
2026-09-07 14:48:10.737220,0.9701786581218521,0.5060327989951244,14.68158481508033,1.2160390355656643
2026-09-07 14:48:10.837260,1.0227865487279952,0.519816150059984,14.692779873249252,1.2090458134826292
2026-09-07 14:48:10.937087,1.074977862005471,0.5335012554720809,14.692779873249252,1.1959614400904273
2026-09-07 14:48:11.037263,1.1267848461691865,0.5470855857914572,14.681569595888895,1.2012134868871345
2026-09-07 14:48:11.137255,1.1787264283074077,0.5606943482332105,14.703948969268083,1.179370153516519
2026-09-07 14:48:11.236854,1.2295178478413067,0.5740229693794703,14.71509467697067,1.1715374599236639
2026-09-07 14:48:11.336450,1.358564346180339,1.026537892186031,28.5291452202616,1.277615055649056
2026-09-07 14:48:11.880910,2.021415560755812,1.3003057857895202,28.321903605272798,2.1753197540124125
2026-09-07 14:48:11.981036,2.107128247330575,1.3464995881996673,28.310698923203407,2.1823189878617324
2026-09-07 14:48:12.081176,2.1931378056116166,1.392831682950006,28.299492674452548,2.1893192003706803
2026-09-07 14:48:12.181261,2.279384949956027,1.4392700004107912,28.28829258052175,2.196315568145376
2026-09-07 14:48:12.281684,2.3941585738093445,1.7960929571953996,36.149558082043285,2.2450658027738735
2026-09-07 14:48:12.381544,2.475086567005449,1.8552139532862344,36.13838316692185,2.2520464420902657
2026-09-07 14:48:12.481615,2.556449310435664,1.9146282165950461,36.12718463967252,2.2590418312053338
2026-09-07 14:48:12.581949,2.6382909599162967,1.9743676734404156,36.11595668119271,2.266055605140552
2026-09-07 14:48:12.682876,2.7208837259508543,2.0346305945285392,36.10466236256201,2.273110832301432
2026-09-07 14:48:12.782946,2.8030419506928212,2.0945516436016263,36.0934639472185,2.2801061515122414
2026-09-07 14:48:12.883120,2.88555041663414,2.1547034358518222,36.082253893669794,2.2871087407659996
2026-09-07 14:48:12.983539,2.968526526574489,2.2151712987810033,36.07101642319533,2.294128456563244
2026-09-07 14:48:13.082396,3.0504743802895575,2.274865227655162,36.05995374961071,2.301038981907732
2026-09-07 14:48:13.182916,3.134063538274681,2.3357300450463163,36.048704976648494,2.3080657580351485
2026-09-07 14:48:13.282755,3.0250613407902605,2.9386650842859043,47.97027242915807,2.3640928893733304
2026-09-07 14:48:13.382769,3.095828659063172,3.0171781944227467,47.95908028054045,2.3710842939456285
2026-09-07 14:48:13.483112,3.1670541713663836,3.0961686178902457,47.94785131490826,2.3780986970191793
2026-09-07 14:48:13.582962,3.238154863005848,3.1749895468397766,47.936677518845016,2.3850786372929798
2026-09-07 14:48:13.683298,3.3098268163907614,3.254412617823726,47.925449336553555,2.3920925510367166
2026-09-07 14:48:15.661127,4.72920296512873,4.93542585145337,55.30889187943302,3.6596885566849564
2026-09-07 14:48:15.760777,4.8219918649260345,5.0694744847925985,55.47616310292361,3.6866816494451125
2026-09-07 14:48:15.860006,4.914677288280969,5.204212491393804,55.56499752331897,3.6554672656651372
2026-09-07 14:48:15.961464,5.0084304434291145,5.3409562424797805,55.678534929526755,3.6111401011496578
2026-09-07 14:48:16.060949,5.098983004889102,5.473594564655621,55.800997384357714,3.6224410421308897
2026-09-07 14:48:16.161296,5.190318948789384,5.607996357420009,55.991897409700655,3.7451979892161615
2026-09-07 14:48:16.260490,5.338373784642786,5.74566075388234,55.72150381775065,3.9535688847468884
2026-09-07 14:48:16.360345,5.437772430270419,5.89149125886999,55.86677044045109,4.113243013809724
2026-09-07 14:48:16.461531,5.542173817449645,6.045498990356113,55.99132676506812,4.197238835632155
2026-09-07 14:48:16.560749,5.410149530782775,5.931349761300656,56.46242494580364,3.3282009440362943
2026-09-07 14:48:16.660095,5.491812620477034,6.054553603226514,56.60695108769737,3.2926093128343883
2026-09-07 14:48:16.761822,5.574223592350346,6.179569402147254,56.80047642356253,3.23127563918382
2026-09-07 14:48:16.860873,5.6525680012602315,6.29929438084585,57.18842983953765,3.1836725426348536
2026-09-07 14:48:16.961251,5.799803695707501,6.5052464382984345,57.483494894544144,3.484674349061947
2026-09-07 14:48:17.183569,5.9859678446462254,6.797279939051018,58.030825809417905,3.558493980694463
2026-09-07 14:48:17.282707,6.130989169471961,6.800249145721566,56.99835058123246,3.5504779531054296
2026-09-07 14:48:17.377040,6.273203762667492,7.005186784894896,57.17614176339363,3.9011994746354612
2026-09-07 14:48:17.483118,6.373484095428975,7.160649195388685,57.449168910036875,3.8882226926360874
2026-09-07 14:48:17.581765,6.465741688210271,7.3051814874682695,57.48228643012453,3.9330456880615525
2026-09-07 14:48:17.682264,6.5607287217069326,7.454179591333494,57.257357971324325,3.9374365056477867
2026-09-07 14:48:17.781205,6.65492338420697,7.600662938171028,56.96948405581475,3.7939212616259987
2026-09-07 14:48:17.882152,6.748247278489054,7.744201707028561,56.788739147861406,3.63161888096655
2026-09-07 14:48:17.980515,6.978950518722472,8.082393693707331,56.73675290918511,4.237362371384132
2026-09-07 14:48:18.082531,7.084943297533142,8.243978060035877,56.588342516301346,4.113455114762801
2026-09-07 14:48:18.181174,7.184827205629116,8.395392913973525,56.16887093820888,4.250504485694373
2026-09-07 14:48:18.274283,7.660146563609322,7.988837378780183,50.01045956078964,4.224943130456211
2026-09-07 14:48:18.379750,7.788160378258784,8.141454875023584,49.455748121411524,4.233237297015691
2026-09-07 14:48:18.474194,7.904340067445804,8.277271265225263,49.00128829364914,4.011243774344342
2026-09-07 14:48:18.582095,8.179720109161076,8.615618585366844,48.41744740130884,4.7684869411440935
2026-09-07 14:48:18.680702,8.319230174565805,8.77284896396997,48.042267698896374,4.640965529469523
2026-09-07 14:48:18.778933,8.45548694825861,8.924402129262509,47.71248908264542,4.5697228397074205
2026-09-07 14:48:18.889223,8.73745319933147,9.249506651440681,47.20356416162932,5.286136732287905
2026-09-07 14:48:18.989264,8.898068002421002,9.422976505378447,46.7781476987891,5.175992383488021
2026-09-07 14:48:19.092578,9.06177937393541,9.597178219450647,46.3272516237501,5.089327319959031
2026-09-07 14:48:19.191251,9.216801245947376,9.759553892728166,45.9739049705067,4.971204841755179
2026-09-07 14:48:19.292090,9.526637210267939,10.095099097168307,45.5662641463898,5.7940870944890746
2026-09-07 14:48:19.391927,9.7076765751332,10.279752787734118,45.19757688389923,5.761809073716324
2026-09-07 14:48:19.492764,10.01349207334036,10.598732049371486,44.8340454137084,6.430496605532052
2026-09-07 14:48:19.592113,10.21602408550768,10.800094197435726,44.41157162629411,6.380145948292208
2026-09-07 14:48:19.692887,10.530533584101994,11.117342005868696,44.09846150173236,6.9822505101592505
2026-09-07 14:48:19.791664,10.751949978437374,11.33189789079446,43.84422591599376,6.967577527526265
2026-09-07 14:48:19.890991,11.072565933610711,11.6468149566041,43.66104454001372,7.594462666562587
2026-09-07 14:48:19.999291,11.33856029816146,11.900658913237697,43.46713413622413,7.655974045577888
2026-09-07 14:48:20.092052,11.568975291176901,12.119063520184778,43.301046204867475,7.656784594200494
2026-09-07 14:48:20.201611,11.841891415450373,12.37625607433506,43.08036099092582,7.546691633769101
2026-09-07 14:48:20.291901,12.177606573681098,12.695628878710066,42.87545828292031,8.380376605225134
2026-09-07 14:48:20.388747,12.44349379158632,12.942494379863616,42.76708197310148,8.385454066134674
2026-09-07 14:48:20.491174,12.819996055084319,13.294542743197178,42.45597922453649,8.966336798811751
2026-09-07 14:48:20.590613,13.114068669830402,13.56359528977168,42.21116756356377,8.939400861521465
2026-09-07 14:48:20.689898,13.407945492332283,13.83017091316667,41.98895617805766,8.921182195057055
2026-09-07 14:48:20.798528,13.7299540324337,14.119996337173061,41.83092389901356,8.943963294063854
2026-09-07 14:48:20.885256,13.988334511592488,14.351266205883023,41.70475411629298,8.991706714674985
2026-09-07 14:48:20.986269,14.422712510063516,14.742799593539873,41.48909659128132,9.771498402498507
2026-09-07 14:48:21.208887,15.15115802602282,15.387026657539598,41.1403250955567,9.76760791590894
2026-09-07 14:48:21.307617,15.594576739048215,15.778312982549682,41.128803676107765,10.364195948257228
2026-09-07 14:48:21.407324,15.942542798622698,16.082171309645226,41.06185691492131,10.383363294160278
2026-09-07 14:48:21.507906,16.387401577991096,16.47206245237323,40.96029476240637,10.975093220411814
2026-09-07 14:48:21.607528,16.756507624279397,16.792472640903974,40.93799819933351,11.019488733816655
2026-09-07 14:48:21.707087,17.126997467885804,17.11383133028602,40.949139430803314,11.001219788713868
2026-09-07 14:48:21.814258,17.52508556825073,17.45926410567456,40.92515331366974,11.006838570730018
2026-09-07 14:48:21.906611,17.975557366616282,17.85136845028755,40.852663459328305,11.641804411900699
2026-09-07 14:48:22.006953,18.37055781987923,18.1929577739794,40.818976898149195,11.662847411408574
2026-09-07 14:48:22.107324,18.76658780462292,18.53503065165305,40.80774479915406,11.690035807930698
2026-09-07 14:48:22.214679,19.191233636600753,18.901675280767506,40.86781304534182,11.787595240531806
2026-09-07 14:48:22.306635,19.655938510546775,19.304498273579686,40.84716569468523,12.381674044444727
2026-09-07 14:48:22.414405,20.10717875504155,19.69464708969468,40.967766596211106,12.52198700930805
2026-09-07 14:48:22.513478,20.611392165602012,20.132681959074812,41.00098615168265,12.998708313874955
2026-09-07 14:48:22.601452,20.99720288218872,20.46807375679677,41.04036536189269,13.023307343044605
2026-09-07 14:48:22.715520,21.498096161061596,20.90411356428334,40.98930586988098,13.170823365100796
2026-09-07 14:48:22.813533,21.93370161270179,21.282636885946104,41.022210545100215,13.273596257347574
2026-09-07 14:48:22.914797,22.47022686415271,21.74942621988037,41.056186837008276,13.73624749026587
2026-09-07 14:48:23.014558,22.9321657918585,22.151779592853682,41.01153149122699,13.771116084239564
2026-09-07 14:48:23.122798,23.503463498380583,22.648647625694654,41.13264690938486,14.313598792138228
2026-09-07 14:48:23.212248,23.934564830660822,23.025154075384,41.202716738178054,14.387852406887466
2026-09-07 14:48:23.322867,24.46988234262074,23.49383396869737,41.165580008682205,14.42264973346898
2026-09-07 14:48:23.414004,24.912238241774737,23.880618129018167,41.2063750513188,14.321512260102502
2026-09-07 14:48:23.522815,25.537337943934055,24.427672736816216,41.35248577730968,14.798391310518713
2026-09-07 14:48:23.612975,25.985069413042844,24.821741722510414,41.36257520598331,14.834631076535176
2026-09-07 14:48:23.723949,26.53742643325813,25.308069092383462,41.350156569585494,14.89766121296033
2026-09-07 14:48:23.821470,27.024978484757074,25.737150824960086,41.18645905843622,14.879766238167806
2026-09-07 14:48:23.913603,27.60823936709833,26.247585442169825,41.073041554066506,15.425115170689425
2026-09-07 14:48:24.010426,28.11156761070632,26.686249779597084,40.964690982586134,15.255060626143635
2026-09-07 14:48:24.122849,28.690500022888422,27.18888201261666,40.90178704293575,15.041889414185533
2026-09-07 14:48:24.221603,29.19241406753175,27.623680998287284,40.97914507393232,14.942654114352186
2026-09-07 14:48:24.321794,29.872915619713844,28.21539479938799,41.035201147197434,15.76675647712344
2026-09-07 14:48:24.420628,30.39837952904816,28.67274069360748,40.89141985043738,15.600078841313445
2026-09-07 14:48:24.506780,30.852564208086502,29.06604876951845,40.84321529968922,15.44424945524061
2026-09-07 14:48:24.608195,31.382258711997615,29.52396644969801,40.94535565772413,15.40880275304394
2026-09-07 14:48:24.708869,32.09172079727822,30.13988717544478,41.01294960030145,16.311465381721085
2026-09-07 14:48:24.809323,32.64443562472424,30.620574206266006,41.091639310548416,16.321120855084768
2026-09-07 14:48:24.908923,33.19212053013318,31.09820948109352,40.96903529485597,16.35767379218212
2026-09-07 14:48:25.024051,33.827791924424304,31.65018733813123,40.76289940411278,16.270152471383085
2026-09-07 14:48:25.122715,34.371332976152004,32.11874553891486,40.66352972225945,16.310672545090135
2026-09-07 14:48:25.221560,34.918042636980594,32.588384910390005,40.696713714403806,16.23034743960461
2026-09-07 14:48:25.323454,35.694238053562685,33.25728394300202,40.90195835067731,17.104725154431826
2026-09-07 14:48:25.422213,36.26501170986181,33.751737741982524,40.87985493704867,16.985636765389458
2026-09-07 14:48:25.523213,36.84486673437307,34.25366717549221,40.87985493704867,16.95916052724522
2026-09-07 14:48:25.622888,37.41622276245461,34.74823977620224,40.90216336213838,16.851161068304187
2026-09-07 14:48:25.723678,38.17988371182155,35.40976246122669,41.07134771394495,17.68089368454912
2026-09-07 14:48:25.822067,38.76616535893777,35.9206924633293,40.67497685414328,17.72130081918752
2026-09-07 14:48:25.922778,39.37126671847067,36.440702128823986,40.66370670716957,17.538257495323883
2026-09-07 14:48:26.023674,39.9713194436018,36.95616795284699,40.70887010537076,17.54531055545273
2026-09-07 14:48:26.124389,40.57013066204959,37.47138816624027,40.675058321579776,17.400102151632602
2026-09-07 14:48:26.223666,41.15580410935556,37.97470339545119,40.363987448774765,17.328968329016057
2026-09-07 14:48:26.314641,41.692792725878796,38.431134854698435,40.5777807190194,17.244704424359874
2026-09-07 14:48:26.413792,42.2733439197134,38.92833700855665,39.13535611260298,17.324411812121596
2026-09-07 14:48:26.513760,43.16721645265734,39.667921338066805,39.03467287111169,18.409573442147245
2026-09-07 14:48:26.613931,43.807572858410474,40.18711367430122,39.21402835641184,18.260772876901406
2026-09-07 14:48:26.717788,44.46445153158079,40.72311871179047,39.26051716713755,18.166392270579824
2026-09-07 14:48:26.820439,45.10991895814864,41.25068532222973,39.14564472450479,18.171774077157536
2026-09-07 14:48:26.921730,45.748066152859224,41.770138164722916,39.20231998624951,18.09565684981211
2026-09-07 14:48:27.020962,46.3701210770618,42.277515724765266,39.30226173065142,18.00547923707052
2026-09-07 14:48:27.122847,47.0047189021724,42.796969860040114,39.25665563302884,17.920012891777034
2026-09-07 14:48:27.221626,47.61744915422859,43.29771017529297,39.212439853306016,17.861319772872687
2026-09-07 14:48:27.321850,48.23749718960511,43.80363322258379,39.10028336490916,17.796513491555576
2026-09-07 14:48:27.422049,48.85612671939159,44.30638488422906,39.077857662520756,17.722092412415567
2026-09-07 14:48:27.521209,49.46597518399672,44.8016040766059,38.911408946802474,17.602520478136757
2026-09-07 14:48:27.621446,50.07972986203726,45.29704348702248,38.81045501426444,17.45449774632025
2026-09-07 14:48:27.722301,50.692945581349846,45.79026584213206,38.77659623002933,17.309087493951896
2026-09-07 14:48:27.821786,51.29307728009362,46.27238064224409,38.92132458573864,17.132618954014195
2026-09-07 14:48:27.921662,51.88821313001719,46.75296056113754,39.4242763383933,17.051456019768935
2026-09-07 14:48:28.021237,52.4745358676342,47.234987674878795,39.39084727250454,17.00969172015369
2026-09-07 14:48:28.113099,53.01437639176247,47.67827327740599,39.40112716488272,16.89330121608806
2026-09-07 14:48:28.212752,53.59590897250088,48.15596868412622,39.211547404396605,16.705214649449726
2026-09-07 14:48:28.423266,54.813996851311046,49.1498257728651,39.54135578759551,16.35203484451057
2026-09-07 14:48:28.521917,55.37011509147565,49.608928843403355,39.607593513510494,16.2675573124385
2026-09-07 14:48:28.621992,55.93081025970738,50.07290140615385,39.62999146325569,16.131141772162458
2026-09-07 14:48:28.738376,57.580227267808425,51.43183710332919,39.53882305185922,17.878184296064823
2026-09-07 14:48:28.836543,58.18528751559814,51.93129924477314,39.637692178982554,17.76752984714806
2026-09-07 14:48:28.935160,58.78849791592657,52.43098705173393,39.78115778942619,17.742540009479733
2026-09-07 14:48:29.035929,59.40272590235005,52.942400397945875,39.60073158924638,17.68090341446027
2026-09-07 14:48:29.121354,59.922975009302704,53.37279907828009,39.55293381615161,17.67567828954136
2026-09-07 14:48:29.221469,60.53292835669815,53.876552982144865,39.328864794044094,17.671304248977314
2026-09-07 14:48:29.321889,61.14655940740033,54.37932062923771,39.26143929976241,17.505461811779302
2026-09-07 14:48:29.428831,61.794534958205965,54.90895462670863,39.33324389256735,17.368095800767982
2026-09-07 14:48:29.521327,62.54185004502021,55.52188030589081,39.21938463634528,17.708678876255792
2026-09-07 14:48:29.638227,63.25881474772128,56.107026476975335,39.42869328087902,17.51051253487695
2026-09-07 14:48:29.736316,63.85189927042605,56.59468921105292,39.29697252189482,17.369090233111447
2026-09-07 14:48:29.836798,64.4909010859105,57.11775776953137,39.11706019197938,17.296014958400324
2026-09-07 14:48:29.936655,65.08993791106556,57.604878032408614,39.03883813615151,17.06042545927832
2026-09-07 14:48:30.031585,65.6522841066959,58.0608885020131,39.1238238916074,16.978304819206965
2026-09-07 14:48:30.128281,66.22556715470554,58.52720197175288,39.26449487791884,16.783307972731144
2026-09-07 14:48:30.228419,66.8072607612251,59.00271102750124,39.30931897767573,16.660806700473625
2026-09-07 14:48:30.328613,94.06828495267938,-18.488484020935445,315.38466158252703,15.361641683406777
2026-09-07 14:48:30.428582,94.5569717002101,-18.97065272458359,315.46297137251725,15.292632626960485
2026-09-07 14:48:30.529210,95.11633859148469,-19.444668738495803,315.31318168019743,15.56846033425743
2026-09-07 14:48:30.636935,95.65150715537303,-19.97214409344063,315.45692597394617,15.471504334937185
2026-09-07 14:48:30.736320,96.14142215469373,-20.45430674265038,315.47916949366066,15.292607889009526
2026-09-07 14:48:30.836898,96.61946710028877,-20.9312332069849,315.51634409011325,15.065523508873616
2026-09-07 14:48:30.937262,97.10171721015736,-21.404868733625538,315.55003803707643,14.905912442190546
2026-09-07 14:48:31.037126,97.55736548210794,-21.85869369005333,315.6652903727987,14.56495140886861
2026-09-07 14:48:31.129001,97.98524597342079,-22.276751125322626,315.7166971085679,14.436502332723299
2026-09-07 14:48:31.229474,98.44944884025712,-22.729483701267515,315.5368008943486,14.310079501433034
2026-09-07 14:48:31.329524,90.53302135987416,-31.513731497361356,256.2522724051873,13.909451023316253
2026-09-07 14:48:31.429579,90.38516902790377,-32.11805792087061,256.18509198465,13.704868606893783
2026-09-07 14:48:31.529556,90.2270544866591,-32.67304942015689,256.1034351093745,13.075709033253332
2026-09-07 14:48:31.629620,90.08657659925997,-33.24084020303497,256.0250509020144,12.941931574860348
2026-09-07 14:48:31.747350,89.92159083828689,-33.856542277638894,256.2137672382448,12.38609305579336
2026-09-07 14:48:31.834228,89.80903051695127,-34.27964942362451,256.34338408640656,11.904651869186177
2026-09-07 14:48:31.945594,89.66909880262197,-34.85556722167431,256.54278414207073,11.88810883402713
2026-09-07 14:48:32.033693,89.56848564206076,-35.2466953019458,256.61450844827266,11.463214096595156
2026-09-07 14:48:32.130563,89.45356553345083,-35.7296218327877,256.581987498108,11.376029417232012
2026-09-07 14:48:32.230827,89.33524213488103,-36.22559977358139,256.51466674767323,11.321710592294645
2026-09-07 14:48:32.330609,89.32772561884224,-37.55589578386034,256.1366558461118,10.749350968235984
2026-09-07 14:48:32.430644,89.2125448328395,-38.0225999449594,256.1030723501923,10.728372350550764
2026-09-07 14:48:32.530484,89.10705729012449,-38.42223333226981,255.94976085265762,10.124226180979798
2026-09-07 14:48:32.631311,88.99627132902897,-38.86491757574307,255.93847772460884,10.123345151387928
2026-09-07 14:48:32.734373,88.89725024884457,-39.239251047458275,255.84471102863952,9.595613673456134
2026-09-07 14:48:32.835403,88.80524871915894,-39.588062760619195,255.72866109644036,9.099883272020952
2026-09-07 14:48:32.935365,88.70500453794943,-39.982159905070354,255.69510210789534,9.03611987486969
2026-09-07 14:48:33.035065,88.6228913399159,-40.291849296526514,255.73342316631545,8.499688554619272
2026-09-07 14:48:33.128826,88.53509594696789,-40.63712574271017,255.76490037090292,8.481664248209333
2026-09-07 14:48:33.234651,88.45780403468649,-40.93267479287961,255.69332171973952,7.874175136889661
2026-09-07 14:48:33.342417,88.36406359658612,-41.300254171508335,255.5365463668585,7.9221999396198415
2026-09-07 14:48:33.433909,88.28313492881455,-41.614007573170376,255.37273057125813,7.903012898191781
2026-09-07 14:48:33.541771,88.21506340921997,-41.866798601631736,255.2446016388921,7.19360281083312
2026-09-07 14:48:33.633565,88.13987961345754,-42.15225742064803,255.1726956594148,7.191998612942551
2026-09-07 14:48:33.742978,88.07690004756692,-42.38414892635402,255.2049644807501,6.590215129869606
2026-09-07 14:48:33.839837,88.02665687452655,-42.57042101363058,255.2236345135777,6.066582585808186
2026-09-07 14:48:33.940164,87.95726183772135,-42.83351005931619,255.268543214134,6.089375760775751
2026-09-07 14:48:34.029561,87.89537908713937,-43.06886655536154,255.2985553477344,6.126089993213005
2026-09-07 14:48:34.142682,87.85045884013593,-43.23755521563173,255.28365893691875,5.467094813752703
2026-09-07 14:48:34.242363,87.81591881343333,-43.36730445066374,255.3268188460404,4.93572996132732
2026-09-07 14:48:34.341592,87.76045874152486,-43.57910953398171,255.40454896388633,5.051916834286116
2026-09-07 14:48:34.450096,87.69870888015114,-43.81624808527232,255.52597125412632,5.347727611845171
2026-09-07 14:48:34.536345,87.64717326497036,-44.01589480819491,255.64179243429564,5.558748647434827
2026-09-07 14:48:34.650620,87.57675308612552,-44.29099619402626,255.6673685093107,5.8792795545544365
2026-09-07 14:48:34.740505,87.5182710956517,-44.51988545873503,255.6673685093107,5.891060825176193
2026-09-07 14:48:34.850216,87.44674665133404,-44.79982082577592,255.69192310800665,5.884350217274775
2026-09-07 14:48:34.940931,87.38777282165076,-45.03104818525414,255.77313539923367,5.812217191916306
2026-09-07 14:48:35.029280,87.33135654400637,-45.253564373632244,255.9214369077552,5.759721435104835
2026-09-07 14:48:35.152387,87.25425070800894,-45.56102239117513,256.1143063636131,5.796295675525156
2026-09-07 14:48:35.249607,87.19379493022446,-45.805574694597325,256.1687037824047,5.915227286790367
2026-09-07 14:48:35.348515,87.1312685626425,-46.05953754328172,256.25725082865597,6.012888814561931
2026-09-07 14:48:35.449354,87.16329816835794,-45.94066983424485,256.29051625302714,5.038513716170724
2026-09-07 14:48:35.528410,87.1210964534443,-46.11366377773609,256.2551289472053,5.099994372264137
2026-09-07 14:48:35.652899,87.06041002113155,-46.36241949308458,256.14364828741816,5.102794747013511
2026-09-07 14:48:35.748897,87.00796535950703,-46.575032982791456,256.0362209389475,5.137186925985191
2026-09-07 14:48:35.849685,86.93858463934585,-46.85378159239501,255.94604105780905,5.310969173748844
2026-09-07 14:48:35.948874,86.88139781405445,-47.082228674486146,255.8572424472759,5.226897654351809
2026-09-07 14:48:36.035357,86.83202209618258,-47.27818262327006,255.7604629375175,5.152084220081386
2026-09-07 14:48:36.268097,86.66719738707651,-47.929006896673165,255.08336086779082,5.567146951977538
2026-09-07 14:48:36.355332,86.61131164414768,-48.13879575918331,254.64406618095086,5.51073954506205
2026-09-07 14:48:36.457192,86.51080396829572,-48.513595727912644,254.21096463488067,5.942642314094262
2026-09-07 14:48:36.556901,86.43872929898106,-48.768488381952835,253.70885385445848,5.831992234193693
2026-09-07 14:48:36.651973,86.36919848942262,-49.006401676338854,253.33648500241674,5.669997502178662
2026-09-07 14:48:36.757210,86.292708966932,-49.261945634285865,253.04206918461313,5.385852128931861
2026-09-07 14:48:36.865096,86.1487749410362,-49.75686499609227,252.98175026776812,6.198582397079884
2026-09-07 14:48:36.956175,86.07490894506016,-49.998194831301745,252.82886621594375,6.02429097286449
2026-09-07 14:48:37.054714,85.99656306629979,-50.2517416034738,252.53113485252408,5.853805652059864
2026-09-07 14:48:37.274462,85.74876617616378,-51.056218155703085,252.26065782887906,6.848328606619546
2026-09-07 14:48:37.371534,85.65821813289229,-51.33927149037723,252.09771400342316,6.890739520631715
2026-09-07 14:48:37.472059,85.56303006504405,-51.633939223346765,251.91772468356214,6.9285103209935395
2026-09-07 14:48:37.572162,85.46679565480625,-51.92867750314655,251.80570360120672,6.91976328842934
2026-09-07 14:48:37.656290,85.32394485460055,-52.375619818344894,251.6739120988929,7.741175207623049
2026-09-07 14:48:37.763626,85.20715224429227,-52.72822941087635,251.5297738225691,7.753367978404187
2026-09-07 14:48:37.871710,85.08846622594776,-53.08355805620216,251.03386945079453,7.794923404093164
2026-09-07 14:48:37.971379,84.97558701838908,-53.41201369020116,250.62118842972671,7.867209012973241
2026-09-07 14:48:38.070674,84.8046251939144,-53.911228894943015,250.29895394926592,8.52979237667161
2026-09-07 14:48:38.171796,84.67463658895936,-54.27425210533803,249.9821020218327,8.482961189166017
2026-09-07 14:48:38.272455,84.49786972899697,-54.77072753973535,249.68923214892726,9.04701584636848
2026-09-07 14:48:38.382877,84.34285361127198,-55.18954864247617,249.3679536749034,9.06727813763436
2026-09-07 14:48:38.470537,84.17356367831894,-55.649764713226084,249.10309451793364,9.648258570523586
2026-09-07 14:48:38.571941,84.01755873967534,-56.05836748107994,248.8080543775638,9.645600356213905
2026-09-07 14:48:38.672948,83.86011419435555,-56.464453060447994,248.57068568454264,9.62177009039597
2026-09-07 14:48:38.764989,83.71547184152028,-56.83298171472178,248.37498713766547,9.642680778617382
2026-09-07 14:48:38.880366,83.47808321223526,-57.44197152106658,248.19422911275785,10.357104406789704
2026-09-07 14:48:38.971529,83.32129370978403,-57.833858765319476,248.1024140808638,10.47101609708867
2026-09-07 14:48:39.080462,83.09312914169479,-58.407386237150384,248.02927313638912,11.073052477584163
2026-09-07 14:48:39.171659,82.92423284813592,-58.82603492772416,247.94762933632265,11.164693946678092
2026-09-07 14:48:39.281269,82.66739774450451,-59.46623589445483,247.86176779763645,11.898153430490924
2026-09-07 14:48:39.368708,82.49213446709638,-59.897032417483636,247.76391846824498,11.937883760830491
2026-09-07 14:48:39.480713,82.2198688235157,-60.56750380049048,247.6385786206385,12.641182512195213
2026-09-07 14:48:39.580150,82.0060838662404,-61.08717787483559,247.52730283104003,12.678544512449665
2026-09-07 14:48:39.668728,81.7713257278181,-61.6584555381217,247.4975658174234,13.250870107656812
2026-09-07 14:48:39.769779,81.542230734088,-62.21147332488438,247.5314904022803,13.213784657389498
2026-09-07 14:48:39.870342,81.27179328111302,-62.867827569663625,247.52023692809973,13.823249749798352
2026-09-07 14:48:39.970149,81.03596999204049,-63.437724598256125,247.44205403930863,13.831098800987844
2026-09-07 14:48:40.069701,80.7563282038303,-64.11286998883027,247.40863276711252,14.40698204087395
2026-09-07 14:48:40.169632,80.50908321403458,-64.7070902652538,247.39744990667788,14.389518034576975
2026-09-07 14:48:40.265484,80.22628857853036,-65.3878850019697,247.31163878342073,15.032475164214512
2026-09-07 14:48:40.369644,79.9562980859077,-66.03368650247853,247.2417021225526,15.047037619475786
2026-09-07 14:48:40.469809,79.65122082823103,-66.76242712987835,247.2417021531584,15.679014927381882
2026-09-07 14:48:40.576516,79.36189013223161,-67.45212242530498,247.193937616092,15.715378887052717
2026-09-07 14:48:40.668528,79.06933726755574,-68.14897977412087,247.1630475999575,16.335729952271112
2026-09-07 14:48:40.764280,78.79795111989044,-68.7934181471781,247.1630475999575,16.32401637518629
2026-09-07 14:48:40.876388,78.4370138313265,-69.65132783907497,247.16304761211575,16.91725312779619
2026-09-07 14:48:40.968441,78.16682395601879,-70.29292552289587,247.18365014489513,16.92288366246591
2026-09-07 14:48:41.077438,77.80455195007812,-71.15448450118895,247.12266315956148,17.535773900914236
2026-09-07 14:48:41.168314,77.52760180764682,-71.8108414653069,247.1328327128018,17.518304197420143
2026-09-07 14:48:41.277338,77.15046120889461,-72.70555020115195,247.1206322979823,18.16025041804731
2026-09-07 14:48:41.364145,76.87646754904242,-73.35483620641958,247.03320442183048,18.16935268658032
2026-09-07 14:48:41.477287,76.51788075494683,-74.20097678216922,246.83062445040332,17.985465932878192
2026-09-07 14:48:41.576924,76.20268605379786,-74.93746805001554,246.73027480928982,17.771290624880024
2026-09-07 14:48:41.676916,75.81213450603062,-75.84824908906202,246.77503355973965,18.645258960371894
2026-09-07 14:48:41.776759,75.48395921308335,-76.61301889306188,246.8308986233522,18.7525680186357
2026-09-07 14:48:41.875199,75.10398503770176,-77.50168303690852,246.87496266057795,19.427705184101846
2026-09-07 14:48:41.977266,74.75584233378834,-78.31690486042262,246.90922833437224,19.386679405508207
2026-09-07 14:48:42.084816,74.39028492299026,-79.1743248659491,246.87312192175528,19.314316700968345
2026-09-07 14:48:42.174976,74.0845279534437,-79.8902312504048,246.92356906512344,19.245776273937206
2026-09-07 14:48:42.285637,73.63938089207699,-80.9350715566367,246.8492674069131,20.07934104940767
2026-09-07 14:48:42.363372,73.36505153128435,-81.576652971247,246.831869409177,20.04945400769999
2026-09-07 14:48:42.487587,72.92703438100074,-82.6001955141271,246.7206663583611,20.10155295298453
2026-09-07 14:48:42.575692,72.6141318419803,-83.3274690548099,246.7009474339314,20.084615937421045
2026-09-07 14:48:42.685269,72.1521087556122,-84.40147855163069,246.76225895428666,20.79964688804862
2026-09-07 14:48:42.783611,71.7913304467032,-85.24170843795858,246.83929424890022,20.810817990606555
2026-09-07 14:48:42.873830,71.46121173141313,-86.01339430144728,246.82919821778324,20.835256423478896
2026-09-07 14:48:42.963901,71.1311116239869,-86.78466081102204,246.8896750321175,20.82896007695509
2026-09-07 14:48:43.084020,70.62150617232963,-87.97843384309004,246.862791002139,21.58302199339306
2026-09-07 14:48:43.183808,70.24318818577112,-88.86379426357297,246.87395786004146,21.58040614106441
2026-09-07 14:48:43.283665,69.8648271498324,-89.74973325993005,246.82925954242552,21.561209959654473
2026-09-07 14:48:43.384366,69.48291132198021,-90.64206789548284,246.79545245867897,21.557690245255316
2026-09-07 14:48:43.484500,69.10268447530581,-91.5290091704944,246.77304130404707,21.527941124650894
2026-09-07 14:48:43.584221,68.72420341521787,-92.4109253946407,246.7284038631969,21.474787839640047
2026-09-07 14:48:43.684069,68.25434144413296,-93.50431006056753,246.67253600206394,22.251187392794208
2026-09-07 14:48:43.783658,67.86206660511134,-94.4139615642654,246.68368059070832,22.203325737866795
2026-09-07 14:48:43.893689,67.42978869921797,-95.41691319329743,246.6959936999185,22.046608663821406
2026-09-07 14:48:43.983487,67.07966476667086,-96.229735417719,246.71609153745254,22.034838796331922
2026-09-07 14:48:44.085854,66.68107204510243,-97.15597333220718,246.80773524153716,22.01605458693511
2026-09-07 14:48:44.184230,66.29976888978982,-98.04595206191149,246.8627794759647,22.004879622166857
2026-09-07 14:48:44.284453,65.8066876238815,-99.19889986866696,246.8403484021581,22.845483001577986
2026-09-07 14:48:44.377330,65.4336326532573,-100.07099793977018,246.80916797180356,22.811397387734708
2026-09-07 14:48:44.485651,64.99864097536316,-101.08635823673325,246.7485592205083,22.777322941096823
2026-09-07 14:48:44.585319,64.59800900301113,-102.01878975860797,246.71509893289593,22.79038647428177
2026-09-07 14:48:44.686386,64.19096809516013,-102.96461418898416,246.68116897655972,22.769191433010295
2026-09-07 14:48:44.785343,63.79224788877488,-103.88959520816,246.67009511239314,22.757950469883394
2026-09-07 14:48:44.875687,63.42824799721573,-104.73358066470229,246.63976505435997,22.747687895505262
2026-09-07 14:48:44.970183,63.04722416502294,-105.61575407213076,248.03561915880255,22.73860509530841
2026-09-07 14:48:45.085769,62.48896925014936,-106.9840365742223,248.07442339693677,23.571970231333527
2026-09-07 14:48:45.186979,62.09073166207573,-107.97340727903251,248.1084013608695,23.55339832990972
2026-09-07 14:48:45.283500,61.7118025825155,-108.91642250782029,248.13000388405067,23.5989421256271
2026-09-07 14:48:45.383457,61.318994358115255,-109.89504417293332,248.13000388405067,23.534308490353972
2026-09-07 14:48:45.483351,60.92750886864111,-110.87037044610832,248.1523613238893,23.549147399484028
2026-09-07 14:48:45.583861,60.533744108369234,-111.85248358774334,248.12986601608122,23.548269139848422
2026-09-07 14:48:45.684547,60.13891832480677,-112.83612484641468,246.65384325408297,23.540350962084684
2026-09-07 14:48:45.783123,59.72782688717902,-113.78855574265225,246.58765588578672,23.54121232236564
2026-09-07 14:48:45.883789,59.306880838507304,-114.76072996431299,246.62145121942223,23.547369681746236
2026-09-07 14:48:45.983758,58.88930971218227,-115.72667194769244,246.72213523512397,23.51766958150353
2026-09-07 14:48:46.067463,58.410922145910746,-116.84619143114706,246.81580600122902,24.381885658652468
2026-09-07 14:48:46.185260,57.90544624790012,-118.02645417710217,246.76307732201576,24.409677136694143
2026-09-07 14:48:46.283853,57.48098398034784,-119.01503892701145,246.67481227842927,24.398477521936517
2026-09-07 14:48:46.383398,57.05108337608163,-120.0120502646994,246.5411363009692,24.375862008643523
2026-09-07 14:48:46.484415,56.61287295397987,-121.02184723840509,246.55244069112365,24.330844827924235
2026-09-07 14:48:46.583916,56.18223194666872,-122.01473789522437,246.56357543205593,24.283025465073596
2026-09-07 14:48:46.683720,55.751321675626606,-123.00877850904838,246.5524067836604,24.209769855955845
2026-09-07 14:48:46.783850,55.320114263059,-124.00297346435505,246.52999652427508,24.23951778818786
2026-09-07 14:48:46.884213,54.88698214647595,-125.0005370175589,246.49630291302935,24.172867677179898
2026-09-07 14:48:46.983185,54.460450723664046,-125.98131906049288,246.50737845578317,24.163354651220253
2026-09-07 14:48:47.083707,54.027602372224834,-126.97715279312986,246.36114149772305,24.147544090364402
2026-09-07 14:48:47.176015,53.62805246407692,-127.88999835697977,246.46443952145927,24.05236643568026
2026-09-07 14:48:47.284210,53.14996939199647,-128.98805864760212,246.52497777208862,24.16146045877576
2026-09-07 14:48:47.384015,52.72054583734199,-129.9768437735574,246.5584840529927,24.089948314308824
2026-09-07 14:48:47.484157,52.291526125655786,-130.96628222430968,246.51365816274273,24.135450604372352
2026-09-07 14:48:47.583744,51.863307104962914,-131.95176090160157,246.49136943307724,24.14502274312112
2026-09-07 14:48:47.678628,51.45478356031899,-132.89091384424657,246.64002243777736,24.16409203082468
2026-09-07 14:48:47.784102,51.00301829643649,-133.93688574114637,246.67543190095137,24.166856936509852
2026-09-07 14:48:47.935026,50.35743324864794,-135.43414987805318,246.75987827035794,24.184001060917062
2026-09-07 14:48:47.978282,50.17290538500246,-135.86385436402358,246.74535647599103,24.225200044788753
2026-09-07 14:48:48.099552,49.709573570933166,-136.9424504805137,246.69107320113469,23.80535804054068
2026-09-07 14:48:48.182653,49.35964380740438,-137.75462996030302,246.73757062860847,23.83730816664796
2026-09-07 14:48:48.293498,48.893140954628876,-138.83979562943398,246.76237902970274,23.785005537828393
2026-09-07 14:48:48.384123,48.512956305813645,-139.72522677360053,246.80294488922127,23.76758408574916
2026-09-07 14:48:48.501826,48.073117202408035,-140.75216966357934,246.81611653987727,23.325820720660392
2026-09-07 14:48:48.584151,47.73515968697656,-141.54129658461005,246.76084066040366,23.29632702148079
2026-09-07 14:48:48.692565,47.28966423084545,-142.57875651653086,246.71231203040264,23.162754190330332
2026-09-07 14:48:48.782719,46.92060057867949,-143.43621987423862,246.67195700144777,23.118639150289173
2026-09-07 14:48:48.883769,46.55107766975639,-144.29288236783114,246.73980549972646,22.753897899971633
2026-09-07 14:48:48.991427,46.11861991406846,-145.2989614546233,246.77594816982892,22.769890124520895
2026-09-07 14:48:49.083634,45.80713444999434,-146.02521443591874,246.62117067154077,22.394465325424942
2026-09-07 14:48:49.193118,45.37220483123318,-147.03129724273046,246.49865170427105,22.359068360108637
2026-09-07 14:48:49.294177,44.969396661706504,-147.95763299680078,246.38556080228255,22.312266348893196
2026-09-07 14:48:49.385191,44.60574340277988,-148.78943096693448,246.3753758060392,22.212855938890737
2026-09-07 14:48:49.490422,44.23807361927167,-149.62872244282124,246.28116811582123,21.662829245013107
2026-09-07 14:48:49.581760,43.882272162121964,-150.43853749258122,246.27094686209242,21.59898009281196
2026-09-07 14:48:49.682133,43.537645150185064,-151.22129798971838,246.2597145392856,21.17450597701159
2026-09-07 14:48:49.789247,43.12944749869769,-152.1494245697435,246.2717012192207,21.21194460107208
2026-09-07 14:48:49.890965,42.78921450794611,-152.92253567117567,246.23755271081922,20.730750969685303
2026-09-07 14:48:49.989158,42.42253360811491,-153.75539054239164,246.22656434269862,20.698146452332267
2026-09-07 14:48:50.088961,42.09570056169648,-154.4965728912084,246.09254190482181,20.187513892412763
2026-09-07 14:48:50.176894,41.77410097215224,-155.22204864991716,246.00397997509657,20.156779436323824
2026-09-07 14:48:50.292439,41.350687940128054,-156.173227703229,245.81002760662471,20.122451813935445
2026-09-07 14:48:50.390649,40.98868162321443,-156.97910547468769,245.6891346309103,20.112153868002196
2026-09-07 14:48:50.490634,40.67957177631303,-157.66068867205632,245.73389024430574,19.46728841293356
2026-09-07 14:48:50.590601,40.32203220355526,-158.45380152552764,245.82338535665863,19.640244359968502
2026-09-07 14:48:50.692598,39.95526680247789,-159.2707832145601,246.01742434023467,19.81047370011424
2026-09-07 14:48:50.795181,39.586006028691024,-160.10083575321502,246.59140607361263,19.598929536001407
2026-09-07 14:48:50.894987,39.308094911186416,-160.74646276390507,247.35088938370174,18.8405077411849
2026-09-07 14:48:50.993128,38.98978675730745,-161.509305345631,248.16359801103047,19.024025417874906
2026-09-07 14:48:51.096022,38.664300722789704,-162.3215814338922,248.50903113235188,19.349496397820776
2026-09-07 14:48:51.195613,38.34870017110695,-163.12315060352847,247.92950088463834,19.88729815703136
2026-09-07 14:48:51.295795,38.1364365604599,-163.65937570182604,245.91153010148923,18.82965512109449
2026-09-07 14:48:51.393707,37.80004815378443,-164.41178758819646,244.1474655652524,18.657687917376702
2026-09-07 14:48:51.492983,37.43897835680771,-165.15695192183296,244.00304125765427,18.200527589162224
2026-09-07 14:48:51.594474,37.07702501768452,-165.8991662311949,245.3772907127051,17.89102334492513
2026-09-07 14:48:51.695571,36.7441229101539,-166.62527804631503,247.41369238430303,18.04301991125207
2026-09-07 14:48:51.795684,36.43398006108962,-167.37085054169762,249.00455066001365,18.904688688444825
2026-09-07 14:48:51.897918,36.1244159820932,-168.1774840233181,248.79862022835482,19.44872300654276
2026-09-07 14:48:51.992644,35.82657012257738,-168.9453216476452,247.93998858612304,19.67055166001896
2026-09-07 14:48:52.092687,35.496163139575856,-169.76064790931395,247.2906557407129,19.71775732464069
2026-09-07 14:48:52.193160,35.15425917883141,-170.57762135912571,247.31314276749035,19.801161275839128
2026-09-07 14:48:52.293287,34.89856336394704,-171.19103038190696,247.5708530289201,19.309930440103248
2026-09-07 14:48:52.392424,34.572047951971356,-171.9820737237117,247.78163916598686,19.609657201830384
2026-09-07 14:48:52.493908,34.262267628890875,-172.742082083946,247.66807266426605,19.640792407017237
2026-09-07 14:48:52.593819,33.92894108151607,-173.55352794486313,247.54508581876559,19.802302134544416
2026-09-07 14:48:52.818665,33.16868320251231,-175.39304566809093,247.89734788080773,19.62154866449699
2026-09-07 14:48:52.914106,32.84116228351747,-176.1988654331222,247.97211070394746,19.751615006883338
2026-09-07 14:48:53.014364,32.50914070476927,-177.01949738726975,247.98333015758504,19.781400967032322
2026-09-07 14:48:53.114792,32.17621581028109,-177.84282566683368,247.94961472470453,19.771747992745905
2026-09-07 14:48:53.214040,31.846884739240537,-178.6558893753344,247.92740186718453,19.744863793345402
2026-09-07 14:48:53.325623,31.44029298407866,-179.6575628579147,247.8774547190173,20.0856594722225
2026-09-07 14:48:53.553356,30.670230684159527,-181.55185893895785,247.95390866289924,20.01800156898677
2026-09-07 14:48:53.642864,30.36957592313862,-182.2942854993529,247.96392512897864,20.01878369279001
2026-09-07 14:48:53.867043,29.562957410442745,-184.28623242829366,247.83849045558546,20.585386248682006
2026-09-07 14:48:53.968152,29.21197249522894,-185.14794901813346,247.8158610846058,20.58185227381399
2026-09-07 14:48:54.068895,28.81708509173065,-186.11642911062773,247.782039900726,21.067835694827277
2026-09-07 14:48:54.167607,28.465542026621684,-186.97708781294762,247.75994700624437,21.089399411161384
2026-09-07 14:48:54.257470,28.144882945069703,-187.76127145165324,247.78005939153496,21.098036895013497
2026-09-07 14:48:54.789692,26.17052040095071,-192.59464976518154,247.89917686951935,21.71134664942993
2026-09-07 14:48:54.889942,25.80443729075895,-193.49616659305508,247.92161398630134,21.6798110905314
2026-09-07 14:48:54.989977,25.440021683448922,-194.39458613016467,247.94400298358102,21.648343164003574
2026-09-07 14:48:55.090024,25.076441997125567,-195.29195138227146,247.9663946666003,21.61687146264575
2026-09-07 14:48:55.189994,24.71402023630096,-196.18746413545264,247.98876911612345,21.58542398311372
2026-09-07 14:48:55.290415,-0.3812474361784326,-179.4865527996061,232.89136413763612,22.16948495211771
2026-09-07 14:48:55.390337,-0.978718295841184,-180.27630344008588,232.9137278442006,22.138052571905646
2026-09-07 14:48:55.490423,-1.576012905617688,-181.06646191555748,232.93612825587383,22.10656860235035
2026-09-07 14:48:55.590795,-2.1738530221722856,-181.85798514801758,232.95859267767574,22.074994666013556
2026-09-07 14:48:55.690312,-2.7654466509441376,-182.6418770785705,232.98086574052655,22.04368968631375
2026-09-07 14:48:55.790783,-3.3615572231358897,-183.43239311545847,233.00335231968066,22.012084607629518
2026-09-07 14:48:55.891117,-4.065050025933128,-184.37431033220386,232.99467372905505,22.83131324980252
2026-09-07 14:48:55.991226,-4.6800385277299075,-185.19026980943596,233.01707928839596,22.799822045156404
2026-09-07 14:48:56.094556,-5.313609753473363,-186.03156888469832,233.04020574502522,22.76731761322637
2026-09-07 14:48:56.191155,-5.904748175658983,-186.81718245913163,233.0618257255142,22.736930546353165
2026-09-07 14:48:56.292817,-6.484644075355345,-186.2862014259528,229.19269205720795,22.613849360894793
2026-09-07 14:48:56.392579,-7.143731486674982,-187.04956467735434,229.21501995391026,22.5824673117493
2026-09-07 14:48:56.493009,-7.806012236051953,-187.8172310666129,229.23749735678717,22.550875130400875
2026-09-07 14:48:56.593537,-8.4677107448427,-188.58483120456026,229.25999669320476,22.519252121274175
2026-09-07 14:48:56.693129,-9.274373923070703,-189.5271868056984,229.23358120322072,23.46161770957057
2026-09-07 14:48:58.713968,-23.40458646763735,-205.90814425394197,223.10860631669308,24.228725309945602
2026-09-07 14:48:58.933562,-25.14101037696148,-207.53355030624184,223.10860631669308,23.981197596402076
2026-09-07 14:48:59.007581,-25.72033075081202,-208.07583196731605,223.15002210090967,23.929455162839083
2026-09-07 14:48:59.127506,-26.656281918711855,-208.95321352088874,223.39158759787435,23.806849864305953
2026-09-07 14:48:59.216149,-27.341822720031733,-209.6013065919371,223.42134660051133,23.72552049675775
2026-09-07 14:48:59.325836,-28.431876673491296,-210.64847483962006,223.427385660374,24.71320271423319
2026-09-07 14:48:59.415956,-29.154946869030688,-211.33290329597304,223.47781042257827,24.73682685860506
2026-09-07 14:48:59.526353,-30.04081565795031,-212.17290959121237,223.5025185560584,24.586341058956258
2026-09-07 14:48:59.624573,-30.823856304363577,-212.91605283842262,223.46954438732533,24.568317818586266
2026-09-07 14:48:59.721472,-31.596220725036336,-213.6482194337764,223.35026520543192,24.472639972713974
2026-09-07 14:48:59.823912,-32.41117494854315,-214.41754441421787,223.25855614834882,24.380442196787882
2026-09-07 14:48:59.923636,-33.20272660629298,-215.1623846996736,223.19159797276876,24.238405375418427
2026-09-07 14:49:00.024325,-33.99815500311602,-215.90912220818672,223.30427482322568,24.12402828877629
2026-09-07 14:49:00.124279,-34.92650885002701,-216.78743359204748,223.2246655858087,24.51396805502333
2026-09-07 14:49:00.202972,-35.55489889425749,-217.37804040094693,223.3479524508109,24.467897382166875
2026-09-07 14:49:00.327999,-36.54938754888616,-218.31677177617928,223.23602245979245,24.321503725419156
2026-09-07 14:49:00.424596,-37.31454835391011,-219.03621141994645,223.12792479546383,24.15269018244761
2026-09-07 14:49:00.524632,-38.10284455542168,-219.7746069266805,223.35181700637673,24.00671250846989
2026-09-07 14:49:00.624478,-38.88201968575511,-220.51019599390335,223.4635504907764,23.842690483035923
2026-09-07 14:49:00.721976,-39.63628055058627,-221.22505143887724,223.41990811647202,23.694452804360633
2026-09-07 14:49:00.825513,-40.43285459177164,-221.97885852778447,223.3851489380143,23.54246158153941
2026-09-07 14:49:00.923887,-41.18528313670514,-222.69002548599684,223.50624379182685,23.396330397808647
2026-09-07 14:49:01.024071,-41.94527647951151,-223.41138965786897,223.61835551789594,23.218621957288786
2026-09-07 14:49:01.125562,-42.921427857031134,-224.3412332993822,223.81080969066727,23.765883702620446
2026-09-07 14:49:01.211221,-43.5781591495145,-224.97125385324694,223.96418153995825,23.70001648436257
2026-09-07 14:49:01.312743,-44.3523558341715,-225.71795212984142,223.9869033451447,23.589128668814745
2026-09-07 14:49:01.412087,-45.10611023213642,-226.4455113987459,224.02025486030064,23.507529986370223
2026-09-07 14:49:01.516737,-45.89693159396846,-227.20973917271056,224.07880958028153,23.418829782669214
2026-09-07 14:49:01.611014,-46.60597652113505,-227.89634319338208,224.03660900055377,23.345511984974937
2026-09-07 14:49:01.717752,-47.459084190404,-228.72075361675442,222.29261489779267,23.452405036053296
2026-09-07 14:49:01.811558,-48.186579970889085,-229.38255245462796,222.11415846384526,23.403224244066
2026-09-07 14:49:01.916456,-49.000688034776374,-230.11852104319084,221.93807801425453,23.28589917248404
2026-09-07 14:49:02.016994,-49.779199928582685,-230.81797428798959,221.8480717161188,23.146216988702946
2026-09-07 14:49:02.116588,-50.54074559906498,-231.49977261927026,221.9260938446501,23.024165871326353
2026-09-07 14:49:02.216360,-51.30478574289579,-232.1859349801097,222.04890958615277,22.883804305526873
2026-09-07 14:49:02.316395,-47.5252720331649,-237.82018692893305,229.60590530651382,22.787831425576925
2026-09-07 14:49:02.417149,-48.19041413193439,-238.6018894721506,229.56080547081805,22.627600133354754
2026-09-07 14:49:02.516203,-48.83668692431257,-239.3607260995592,229.71852124128412,22.430844152981717
2026-09-07 14:49:02.616235,-49.485214591112204,-240.1259449958656,229.9759869884986,22.3006058074198
2026-09-07 14:49:02.716955,-50.130962613237166,-240.89486283183376,230.12251199213773,22.15363000547814
2026-09-07 14:49:02.816616,-50.763774926386574,-241.65230243485016,230.32325961767867,22.000361981363966
2026-09-07 14:49:02.919193,-51.392202159321634,-242.41176579506092,230.32826007706728,21.814559240024742
2026-09-07 14:49:03.018842,-52.01257196976344,-243.15975520997506,230.38401659203507,21.670017032532126
2026-09-07 14:49:03.126122,-52.647820985950446,-243.9299225151895,230.48619331292696,21.36292640922917
2026-09-07 14:49:03.225037,-53.24886563134015,-244.65869010358182,230.4751241488048,21.34218266985462
2026-09-07 14:49:03.327547,-53.828052495722126,-245.36417064545287,230.42457225278076,20.987794498429984
2026-09-07 14:49:03.438627,-54.4920282511306,-246.16748066118467,230.38728075753676,20.960617120566706
2026-09-07 14:49:03.524211,-55.003342561673946,-246.78527419980716,230.31066197638287,20.96585197091567
2026-09-07 14:49:03.625964,-55.612390934355254,-247.51915433991118,230.33343548205787,20.96585197091567
2026-09-07 14:49:03.726258,-56.14598682429623,-248.16549032880027,230.28232340584768,20.47527794797467
2026-09-07 14:49:03.826132,-56.73014841500245,-248.86867483437916,230.21526451503024,20.449096880564596
2026-09-07 14:49:03.925615,-57.249362580023174,-249.49399809976305,230.19630905499795,19.975284010298843
2026-09-07 14:49:04.021891,-57.79972068967572,-250.15447189916267,230.12089214234405,19.861713531426705
2026-09-07 14:49:04.126406,-58.3368154519309,-250.79837657855592,230.0879177274585,19.30527942010395
2026-09-07 14:49:04.226793,-58.89268389495187,-251.46290296192683,230.12161939592323,19.1921225734711
2026-09-07 14:49:04.335025,-59.43207057782531,-252.10927061452915,230.15932545933228,18.72720058891801
2026-09-07 14:49:04.425957,-59.91977890794573,-252.69379206291703,230.1491496393661,18.669991782099828
2026-09-07 14:49:04.519298,-60.36547668876313,-253.22835950699172,230.1709453104373,18.158266481425592
2026-09-07 14:49:04.624440,-60.912134558391024,-253.88380252134831,230.18271131209661,18.110492302940447
2026-09-07 14:49:04.724047,-61.34547165212061,-254.40431629717017,230.20592603713752,17.397838717315384
2026-09-07 14:49:04.824163,-61.84383450579856,-255.00259578735236,230.18351891111513,17.333977087203987
2026-09-07 14:49:04.923608,-62.25687705380964,-255.4985301190694,230.1729751062693,16.685629368995595
2026-09-07 14:49:05.023639,-62.73476242948344,-256.0715561544297,230.1729751062693,16.681258998405156
2026-09-07 14:49:05.124395,-63.140991346421195,-256.55894027524005,230.15077888367384,16.019288445125174
2026-09-07 14:49:05.224715,-63.60133158935797,-257.11049363027087,230.16200527547218,15.99912665870785
2026-09-07 14:49:05.339199,-64.05265857773585,-257.65162831833027,230.1365998852152,15.371616653677169
2026-09-07 14:49:05.444240,-64.51531152006311,-258.2056738476195,230.17186398272983,15.381713021941195
2026-09-07 14:49:05.523528,-64.79520502295864,-258.5414231630147,230.2163653131028,14.7652549089194
2026-09-07 14:49:05.624218,-65.22048913007774,-259.0521615680123,230.23890090700584,14.748538091772167
2026-09-07 14:49:05.732887,-65.6037783990941,-259.5130853806119,230.251155678253,14.129751520919854
2026-09-07 14:49:05.823760,-65.97081076570989,-259.95441194063216,230.2714941132987,14.135309879442023
2026-09-07 14:49:05.924554,-66.281660927346,-260.3287666390664,230.21517603428325,13.285268493499851
2026-09-07 14:49:06.032519,-66.69197462379033,-260.8215057600855,230.17893029892116,13.334325380187844
2026-09-07 14:49:06.132673,-66.98285405614224,-261.17030690858076,230.10052310775552,12.584932592326773
2026-09-07 14:49:06.232863,-67.34441330256072,-261.60273493840447,230.08931126371368,12.600690934701056
2026-09-07 14:49:06.334966,-67.62623690703441,-261.9394088169813,230.08934021370592,11.91954809931341
2026-09-07 14:49:06.423142,-67.92768722467721,-262.2998030755987,230.10907502876196,11.930334885730732
2026-09-07 14:49:06.531382,-68.21218455973116,-262.64006193876645,230.15754420261234,11.212881508693394
2026-09-07 14:49:06.630826,-68.53154606525874,-263.02279448803233,230.1798009272135,11.234605131020256
2026-09-07 14:49:06.719824,-68.73755477479465,-263.26998263002497,230.15989348356794,10.557901849690962
2026-09-07 14:49:06.819663,-69.03944096757132,-263.6318023901184,230.1487209184687,10.553539867611617
2026-09-07 14:49:06.919795,-69.26518618172234,-263.90225204922825,230.17113860374403,9.896231290806517
2026-09-07 14:49:07.149000,-69.91465327717525,-264.680968709273,230.273736097051,10.386917465771285
2026-09-07 14:49:07.239620,-70.18358363387469,-265.00459492870476,230.29401790775208,10.512820104517258
2026-09-07 14:49:07.340543,-70.48659115393734,-265.3694917254461,230.29401790775208,10.607180027916172
2026-09-07 14:49:07.441062,-70.79109453678562,-265.7361899149011,230.24902326352648,10.666907030813004
2026-09-07 14:49:07.540823,-71.09529068593494,-266.10193334668753,230.2155317541905,10.693930191142616
2026-09-07 14:49:07.640381,-71.39985075305691,-266.46767925230097,230.17096727593454,10.714808775833026
2026-09-07 14:49:07.747668,-71.47822910818422,-266.5611896625011,230.15896577181047,9.307549848491847
2026-09-07 14:49:07.839895,-71.72407745274312,-266.8558366628866,230.13832429580597,9.33333808891776
2026-09-07 14:49:07.947824,-71.96321864025698,-267.1421122941222,230.11416918904092,9.0835381307115
2026-09-07 14:49:08.039212,-72.20118999288282,-267.4268659091517,230.12439603806075,9.10030770809831
2026-09-07 14:49:08.147807,-72.48442934700046,-267.76590963156883,230.18515810032855,9.137315066570146
2026-09-07 14:49:08.246322,-72.74209512721293,-268.07500685933906,230.17413369853418,9.224258619929465
2026-09-07 14:49:08.346676,-73.00712947755038,-268.3928191098691,230.18536389513037,9.298794822646222
2026-09-07 14:49:08.435501,-73.24355578164676,-268.6764394214053,230.2450041015591,9.31354178146143
2026-09-07 14:49:08.536296,-73.5074847410774,-268.9937341203127,230.29012231327482,9.323773009622615
2026-09-07 14:49:08.635946,-73.77285275504494,-269.3132593382525,230.2566680685767,9.377759195142927
2026-09-07 14:49:08.736220,-74.04161740364584,-269.63649021246835,230.23422558031538,9.43558822750021
2026-09-07 14:49:08.836376,-74.31184841250213,-269.96122578798554,230.21180950182745,9.511727701876104
2026-09-07 14:49:08.936003,-74.60885205688125,-270.31785072499537,230.16721406181415,9.745398963416918
2026-09-07 14:49:09.035600,-74.88678803837792,-270.6510519661499,230.08919567457752,9.795005026702642
2026-09-07 14:49:09.136112,-75.22445601143724,-271.05498040772613,230.16793069808404,10.131908723346502
2026-09-07 14:49:09.235984,-75.51420864846656,-271.40235678107865,230.20145947205785,10.14499899491057
2026-09-07 14:49:09.335941,-75.61772002163517,-273.4965705766424,231.88580647983883,10.587164842136989
2026-09-07 14:49:09.435854,-75.90959418112101,-273.86862164299026,231.98643409500758,10.590657014258053
2026-09-07 14:49:09.536410,-76.20278531779941,-274.2437060963605,232.04269810286615,10.594171660598425
2026-09-07 14:49:09.635934,-76.49269894195506,-274.6153491523997,232.14293393576136,10.588953796984429
2026-09-07 14:49:09.735371,-76.84013595600278,-275.0602524103693,232.22579026973992,11.128708142305623
2026-09-07 14:49:09.840620,-77.1608748281271,-275.4741310182433,232.21401229415795,11.149860533240997
2026-09-07 14:49:09.934498,-77.50599099731947,-275.9178925250267,232.20672544552664,11.627606455868564
2026-09-07 14:49:10.040017,-77.8421124769156,-276.3513227694414,232.24215001598628,11.622074285229472
2026-09-07 14:49:10.141807,-78.22729883118564,-276.8477120435787,232.19878208722125,12.138246379092491
2026-09-07 14:49:10.242294,-78.5615082876808,-277.27855336782704,232.16504684701073,12.147905024361929
2026-09-07 14:49:10.340784,-79.35692494241674,-278.5085637580832,232.4959276497043,12.739687741731741
2026-09-07 14:49:10.441650,-79.70665851067834,-278.9642783484351,232.47335266495287,12.692975111849627
2026-09-07 14:49:10.541643,-80.10378864198475,-279.4804919334449,232.38867840317891,13.269147226088329
2026-09-07 14:49:10.757286,-80.93891046016087,-280.56418639221994,232.222836322805,13.874930436957959
2026-09-07 14:49:10.855706,-81.31287629969071,-281.04669722826463,232.17878123983877,13.861170482591458
2026-09-07 14:49:10.955782,-81.75144163205607,-281.6119059978956,232.16955804928136,14.463393017438193
2026-09-07 14:49:11.054292,-82.1420925268059,-282.1149779530773,232.15853420701606,14.470279286004766
2026-09-07 14:49:11.155821,-82.60993908543536,-282.7174829172563,230.67150679344607,15.089419017776576
2026-09-07 14:49:11.255158,-83.03461597023643,-283.2358105623045,230.68262318182397,15.075530858998839
2026-09-07 14:49:11.354769,-83.82184090522708,-284.1200325937957,230.47298953824006,15.697105319528184
2026-09-07 14:49:11.455557,-84.27196634048244,-284.66555423901065,230.48426830196186,15.697105319528184
2026-09-07 14:49:11.555514,-84.77249210491048,-285.27432761525074,230.43191366988674,16.319486081212247
2026-09-07 14:49:11.655893,-85.2389705247935,-285.8388430745491,230.3757486986783,16.317731851305528
2026-09-07 14:49:11.754942,-85.69976448992574,-286.395367516782,230.39791701768218,16.29436353030797
2026-09-07 14:49:11.855894,-86.16851980162022,-286.96195341130544,230.40921413395836,16.290835042924286
2026-09-07 14:49:11.954554,-86.71391746295511,-287.6228058763133,230.41128095063817,17.026400585661637
2026-09-07 14:49:12.055633,-87.20420989546437,-288.2157052610854,230.38865829400768,17.014035343597172
2026-09-07 14:49:12.155279,-87.76558265495365,-288.89491436557233,230.47906666454213,17.606129167630492
2026-09-07 14:49:12.255530,-88.26769617989429,-289.5035735634215,230.44541065365172,17.587733241441004
2026-09-07 14:49:12.355334,-88.93310475530551,-290.47750764768074,230.83076740902823,18.230181656086454
2026-09-07 14:49:12.452484,-89.43317532419034,-291.0913274275972,230.77640915727338,18.235275055167072
2026-09-07 14:49:12.553791,-90.01643538292757,-291.8062277979271,230.67650690388322,18.82487828361669
2026-09-07 14:49:12.650936,-90.53449701762737,-292.4386461920112,230.66563581306136,18.78073776347308
2026-09-07 14:49:12.751857,-91.13856975531772,-293.1762819963801,230.67835777689197,19.369676096968696
2026-09-07 14:49:12.853781,-91.69782555034155,-293.85903272663063,230.7239813318224,19.325145336298508
2026-09-07 14:49:12.953778,-92.24471417143081,-294.52777093064776,230.77993256291583,19.31029112687374
2026-09-07 14:49:13.054033,-92.7919378709402,-295.19825388307027,230.82480903459617,19.287514309502807
2026-09-07 14:49:13.154217,-93.43445666084932,-295.9867021702703,230.87047113634029,20.090849703140172
2026-09-07 14:49:13.471906,-95.10678600143287,-298.3303833268228,231.39564296563609,20.833562144425482
2026-09-07 14:49:13.571294,-95.68433125404671,-299.05374894230835,231.1843231497168,20.766691066054417
2026-09-07 14:49:13.672165,-96.33974564994489,-299.8680221373369,231.20691709997675,21.366004178944273
2026-09-07 14:49:13.982132,-98.19461347079,-302.17558285248987,230.99879443331662,21.257664111500645
2026-09-07 14:49:14.074489,-98.83661913807728,-302.9687301900995,230.90578717372756,22.027701476591886
2026-09-07 14:49:14.174862,-99.45990124669403,-303.73583694890385,230.86085788250048,21.975077725081956
2026-09-07 14:49:14.275478,-100.29976490523559,-304.7275847706487,230.74832319016886,21.983077783918223
2026-09-07 14:49:14.375345,-100.92073964301376,-305.4875744928229,230.7371474917067,21.971733449868136
2026-09-07 14:49:14.475177,-101.54132450726486,-306.2467847779192,230.82652174577467,21.965627103120642
2026-09-07 14:49:14.574646,-102.15830062211602,-307.00398758714806,230.93783334523533,22.014300250378156
2026-09-07 14:49:14.674942,-102.9005841128314,-307.9183531031631,230.94889565951596,22.79388376268243
2026-09-07 14:49:14.775015,-103.54302231180722,-308.71025295184165,230.94889565951596,22.78339046929705
2026-09-07 14:49:14.895789,-104.31799770102599,-309.66552443854704,231.0029569132262,22.74962000132998
2026-09-07 14:49:14.985926,-104.89485415421224,-310.37795800633546,231.0029569132262,22.748044761278756
2026-09-07 14:49:15.095583,-105.5965856081189,-311.2446156307318,230.9538718874913,22.76337574396487
2026-09-07 14:49:15.185792,-106.1748629079224,-311.9575542561846,230.92358715131493,22.703468807505043
2026-09-07 14:49:15.298767,-106.89764441594953,-312.8476851607592,230.9741573910844,22.6649688183402
2026-09-07 14:49:15.403013,-107.56272535073174,-313.6682347038994,230.92749445490378,22.64766162477251
2026-09-07 14:49:15.523492,-108.33155604037486,-314.61520876102935,230.9544590573255,22.727670579508104
2026-09-07 14:49:15.601505,-108.83086116874225,-315.23079814806897,230.87588807915284,22.714036977089975
2026-09-07 14:49:15.698359,-109.45142897579451,-315.99375042562133,230.81085692178223,22.706420156587335
2026-09-07 14:49:15.798076,-110.0910173342101,-316.77826669912866,230.73274453365735,22.66808162004698
2026-09-07 14:49:15.899115,-110.73907211432012,-317.57095877034203,230.67621027324503,22.648658214842747
2026-09-07 14:49:15.998978,-111.3798073881388,-318.35312148290603,230.63150926988942,22.595429240995326
2026-09-07 14:49:16.096934,-112.00742695166208,-319.1180553278196,230.58766188412392,22.55691181945587
2026-09-07 14:49:16.201274,-112.67543249255623,-319.93094162783734,230.55263312454738,22.41924114820721
2026-09-07 14:49:16.301090,-113.31104664610851,-320.7034480055511,230.5302931420166,22.425346516295075
2026-09-07 14:49:16.396334,-113.91799955831051,-321.4405344246463,230.5302931420166,22.45281060647716
2026-09-07 14:49:16.498183,-114.56783844019462,-322.22970176334314,230.51889564622047,22.427891730369875
2026-09-07 14:49:16.598040,-115.20441415886349,-323.0024489496671,230.5077210668165,22.37815616944412
2026-09-07 14:49:16.702271,-116.03486362306937,-324.01170897657965,230.53103126975316,22.81773041841834
2026-09-07 14:49:16.802948,-116.68765457588299,-324.8044821364357,230.50849858540144,22.801015759565104
2026-09-07 14:49:16.887388,-117.23502480368035,-325.4686960267991,230.46125194846704,22.824626622127738
2026-09-07 14:49:16.987450,-117.8849835887707,-326.25607356654064,230.41646186807924,22.840364832075394
2026-09-07 14:49:17.091187,-118.55991654378188,-327.07240479121873,230.38163554612993,22.80501299869639
2026-09-07 14:49:17.196234,-119.2428163289848,-327.8973503256492,230.44041239916228,22.766461026976856
2026-09-07 14:49:17.296427,-119.82827922850026,-328.6055822417497,230.42920442401245,22.551348549471758
2026-09-07 14:49:17.396492,-120.47091039134254,-329.3831965507019,230.46279799145566,22.545227950993432
2026-09-07 14:49:17.496674,-121.11366187630033,-330.1618857713289,230.42916514506985,22.567988183578883
2026-09-07 14:49:17.584074,-121.67537129136063,-330.8415799630797,230.43894571368205,22.558060031176414
2026-09-07 14:49:17.686194,-122.33126015381606,-331.6355115675757,230.42751789140885,22.560737014779672
2026-09-07 14:49:17.796010,-123.03683231463684,-332.48923630409126,230.43980694086784,22.56553489360483
2026-09-07 14:49:17.896332,-123.55677446632389,-333.1180931211293,230.46226481656103,22.08642372697302
2026-09-07 14:49:17.995843,-124.18223533953301,-333.87582051594956,230.56248755647536,22.0255566030859
2026-09-07 14:49:18.096945,-124.81460107466008,-334.64464833672724,230.6756265779662,22.10418210010518
2026-09-07 14:49:18.314908,-126.07581199139909,-336.1847148055493,230.74880308389322,21.554692332850518
2026-09-07 14:49:18.409268,-126.65110452925303,-336.88880768317216,230.78048138323808,21.520062461921743
2026-09-07 14:49:18.510912,-127.26939166869337,-337.6463755540944,230.78048138323808,21.49963458494205
2026-09-07 14:49:18.713551,-128.50084809729657,-339.1552405542541,230.6444224832605,21.407559945368412
2026-09-07 14:49:18.811301,-129.094059439498,-339.87857053244437,230.63348368941794,21.359727956060965
2026-09-07 14:49:18.911681,-129.60523628918372,-340.5015964435117,230.7121165836939,20.906288263198533
2026-09-07 14:49:19.011081,-130.1934869366106,-341.220608464466,230.77885721436107,20.779478441929744
2026-09-07 14:49:19.112658,-130.7901237503658,-341.95160656674784,230.80159132918763,20.73509928612154
2026-09-07 14:49:19.196299,-131.28012156614045,-342.5524373169004,230.71735209745273,20.759217592439207
2026-09-07 14:49:19.313531,-131.88789872650779,-343.2955699909962,230.49433064440265,20.325630498936267
2026-09-07 14:49:19.411053,-132.451608624367,-343.9792669334632,230.50524392371844,20.30177028788133
2026-09-07 14:49:19.511233,-132.8739915801068,-344.49082984707076,230.50524477892193,19.48181449791491
2026-09-07 14:49:19.611630,-133.3157306815693,-345.02621266827873,230.50524532447378,18.82872458750825
2026-09-07 14:49:19.711922,-133.76309620166177,-345.56861479364164,230.50524569177085,18.257480760396277
2026-09-07 14:49:19.796681,-134.13091802207367,-346.01462435573995,230.50524594833828,17.746972380164024
2026-09-07 14:49:19.904139,-134.71299189317057,-346.7209940726312,230.90207662452755,18.470766051341094
2026-09-07 14:49:20.003354,-135.21097432154372,-347.3340216348564,229.30328270408287,19.03963314555656
2026-09-07 14:49:20.103340,-135.7658917462082,-347.9792474316825,227.04310162263795,18.87887585873659
2026-09-07 14:49:20.212117,-136.39148536533034,-348.6511270756709,225.63105922236653,18.423587819984466
2026-09-07 14:49:20.311747,-136.96528372786065,-349.2377064261767,226.1104738240349,18.158063919019227
2026-09-07 14:49:20.411442,-137.58683158982137,-349.8886261685677,227.8397236237466,18.581954112044333
2026-09-07 14:49:20.512030,-138.14767329727542,-350.508010820601,229.83210333650084,18.994177535843097
2026-09-07 14:49:20.608681,-138.67703545327674,-351.13513875448047,230.13494599821982,19.547350953280574
2026-09-07 14:49:20.932771,-140.49232325375635,-353.3088914546723,228.35783570537345,19.629476311889423
2026-09-07 14:49:21.022555,-141.02188470890277,-353.904636059213,228.7798244912872,19.861558437651297
2026-09-07 14:49:21.128082,-141.63930178797133,-354.60940501463807,229.08686071168094,20.147408924324747
2026-09-07 14:49:21.222446,-142.19591856119305,-355.2516833117212,229.1185403538956,20.507739760211916
2026-09-07 14:49:21.328664,-142.94485316259855,-359.43447755302225,231.94647254407798,21.044477151388953
2026-09-07 14:49:21.427631,-143.48149435570895,-360.12238186303944,231.9203922027182,20.91691492577213
2026-09-07 14:49:21.527110,-144.05519935920054,-360.8545915213583,231.98718587674378,20.822166596833444
2026-09-07 14:49:21.627257,-144.62928477679662,-361.58904871068114,231.99839290883537,20.803789754506695
2026-09-07 14:49:21.722381,-145.1739586136984,-362.28615912587657,232.06226248380105,20.745605992986473
2026-09-07 14:49:21.829681,-145.80853550754563,-363.09934917883527,232.10853372791632,20.90466208229085
2026-09-07 14:49:21.927262,-146.36860478335527,-363.8190109485424,232.1849729002301,20.87567144037402
2026-09-07 14:49:22.027522,-146.94226662233106,-364.55817095495206,232.19619257767928,20.85114133680387
2026-09-07 14:49:22.126750,-147.5092133816596,-365.28897403062155,232.11846324317406,20.83380018724231
2026-09-07 14:49:22.228185,-148.15232628588325,-366.1142355381389,231.9345145055404,21.214330654828323
2026-09-07 14:49:22.328398,-149.486716023334,-367.6111827074835,231.2547736408827,21.198714269907843
2026-09-07 14:49:22.867243,-152.7822339735724,-371.7176817507246,230.52857238732946,21.67994243155527
2026-09-07 14:49:22.967103,-153.39747280157428,-372.464784898504,230.39447340587222,21.62235215719503
2026-09-07 14:49:23.067239,-154.01452030096291,-373.2105207264771,230.26000379234122,21.564602710836763
2026-09-07 14:49:23.167617,-154.6331550594038,-373.95461239677985,230.1252092043108,21.50671370062515
2026-09-07 14:49:23.267473,-155.77602585473778,-375.3975584777791,230.1189806909475,21.575094085943928
2026-09-07 14:49:23.367824,-156.39662506909434,-376.14028666949974,229.98422236040255,21.517220646906036
2026-09-07 14:49:23.467696,-157.01433742200126,-376.8760360299639,229.8501072645073,21.459623452024147
2026-09-07 14:49:23.568342,-157.6368998963984,-377.6140474355715,229.7149527873618,21.401579883495604
2026-09-07 14:49:23.667924,-158.4115031397916,-378.5321717270878,229.58214308260582,22.284614848821455
2026-09-07 14:49:23.768166,-159.05896708027092,-379.2924590751677,229.4475311248726,22.226804271188584
2026-09-07 14:49:23.868205,-159.70521981109135,-380.0477221939753,229.31319176971536,22.16911076571368
2026-09-07 14:49:23.968540,-160.35347196962675,-380.8017359442016,229.17845492508775,22.111246554037994
2026-09-07 14:49:24.068441,-160.99899448559427,-381.54901269731386,229.04430088596735,22.05363263456211
2026-09-07 14:49:24.168516,-161.64570280271377,-382.2941282977236,228.90991318749613,21.995918367522247
2026-09-07 14:49:24.268827,-162.50565555327606,-383.8032345573874,229.94057839942803,22.12041074138513
2026-09-07 14:49:24.368923,-163.14268572333543,-384.56082053086067,229.80616250069033,22.062684363432375
2026-09-07 14:49:24.468882,-163.77895233770445,-385.3139046761434,229.6719305751197,22.005036994768496
2026-09-07 14:49:24.568988,-164.41625025747675,-386.06463469638857,229.53750124768368,21.94730484971436
2026-09-07 14:49:24.669177,-165.0541596525533,-386.8125212985564,229.40296046205157,21.88952483771879
2026-09-07 14:49:24.769308,-165.69177010546306,-387.55651197458286,229.26849756286975,21.83177827491121
2026-09-07 14:49:26.872553,-177.22532563408407,-402.00987222107204,231.47468580096273,19.81424667994275
2026-09-07 14:49:26.969364,-177.75944624602025,-402.68074524650905,231.44218465812813,19.866694814477693
2026-09-07 14:49:27.069143,-178.18726175368542,-403.22593998018,231.49937936818048,19.23957436007867
2026-09-07 14:49:27.163720,-178.69364911688527,-403.86254199139074,231.45704450146948,19.209823352059257
2026-09-07 14:49:27.270620,-180.34855116277672,-405.8344877678331,231.23177386496286,18.835445615350412
2026-09-07 14:49:27.370405,-180.8746663768117,-406.4895867284229,231.2094408205929,18.85114025746857
2026-09-07 14:49:27.469690,-181.32856276195676,-407.05629514120983,231.2407104059464,18.319332097870426
2026-09-07 14:49:27.571057,-181.84827335744288,-407.70362608949665,231.26339752032885,18.44687982849856
2026-09-07 14:49:27.669559,-182.27996365145216,-408.24326600772065,231.32803727607805,17.871754097586376
2026-09-07 14:49:27.770252,-182.7826487883165,-408.87134924297277,231.36184167408496,17.92190604323162
2026-09-07 14:49:27.869023,-183.19869505295725,-409.3930271159805,231.48241444274902,17.34032921062489
2026-09-07 14:49:27.969698,-183.68470197153678,-410.0036367739374,231.583809508027,17.366720252953318
2026-09-07 14:49:28.070808,-184.09337937463735,-410.5203093814539,231.66234280266357,16.683644864592473
2026-09-07 14:49:28.167179,-184.53922216403816,-411.08408206351857,231.68391175409894,16.676066028316637
2026-09-07 14:49:28.261824,-185.96202458318965,-412.2152173302957,229.85680458795605,16.089291929670566
2026-09-07 14:49:28.368750,-186.4578449810759,-412.80312283687033,229.844838946315,16.082751669710607
2026-09-07 14:49:28.462373,-186.83245238352106,-413.24506138093136,229.85451737127335,15.42120769952356
2026-09-07 14:49:28.569855,-187.3101783179391,-413.8114659907949,229.84248950999674,15.391153901205737
2026-09-07 14:49:28.666418,-187.67653598508915,-414.24435657453853,229.88522358234013,14.769351881440256
2026-09-07 14:49:28.891540,-188.56832219585215,-415.30205198813303,229.91009640989017,14.089356432824792
2026-09-07 14:49:28.981307,-188.9324321781523,-415.7346011709561,229.91009640989017,14.050921472097006
2026-09-07 14:49:29.089673,-189.30528905574704,-416.1770993776085,229.87352050891172,13.45596224765179
2026-09-07 14:49:29.188878,-189.68988276633573,-416.6333909252096,229.8291140416727,13.429089696048466
2026-09-07 14:49:29.278646,-189.9729757158413,-416.96828857954705,229.7988540556743,12.843390660499159
2026-09-07 14:49:29.430314,-190.47601732999695,-417.5631863276924,229.79877289337958,12.265110060682069
2026-09-07 14:49:29.497938,-190.71534751377436,-417.8463830520019,229.81390793163658,12.265700961384466
2026-09-07 14:49:29.594939,-191.058555960166,-418.25271542955176,229.8573278371721,12.280957723223452
2026-09-07 14:49:29.696472,-191.34353114518137,-418.5905249590859,229.94817062883024,11.673305768139818
2026-09-07 14:49:29.789971,-191.6574970374748,-418.9640082930699,229.99002295764816,11.721508608279962
2026-09-07 14:49:29.894384,-191.90484920456916,-419.2589987850335,230.00165853636312,10.847820165770143
2026-09-07 14:49:29.995581,-192.2202835751619,-419.63494092936895,230.00165853636312,10.833671963148454
2026-09-07 14:49:30.095450,-192.43973043095477,-419.89668615641085,229.9904551791977,10.068333071777214
2026-09-07 14:49:30.210083,-192.69965095909816,-420.20644059966287,229.99043833602093,9.415288500488812
2026-09-07 14:49:30.295035,-192.9295342894251,-420.480312052615,230.00945158235373,9.406380740556813
2026-09-07 14:49:30.394414,-193.1980969703167,-420.80047983762614,229.9872094055091,9.413327755924566
2026-09-07 14:49:30.494398,-193.38408706847872,-421.0220731547522,229.9536327090366,8.689695624943196
2026-09-07 14:49:30.595936,-193.63787183970172,-421.32402547402364,229.9422700159503,8.687921140277394
2026-09-07 14:49:30.695247,-193.8046661852121,-421.52231594311144,229.9089232012918,7.981188936534085
2026-09-07 14:49:30.819345,-194.02148039058508,-421.77974630218023,229.93669366035644,7.403693604676257
2026-09-07 14:49:30.906378,-194.20688370723096,-422.0002062220367,229.9659121578859,7.402172610330114
2026-09-07 14:49:31.004538,-194.41582071944148,-422.2489070150716,230.02083553402852,7.4442011480448596
2026-09-07 14:49:31.104673,-194.5368191140972,-422.393425818447,230.14409518292013,6.877803125269595
2026-09-07 14:49:31.194249,-194.7133213842524,-422.6048506059172,230.27440816669673,7.102443188239351
2026-09-07 14:49:31.306089,-194.94027018172244,-422.8779634478476,230.27440816669673,7.438621158890747
2026-09-07 14:49:31.388078,-195.11451946062866,-423.0876570716822,230.24688302802585,7.649965807509997
2026-09-07 14:49:31.494634,-195.34754918186968,-423.36781385462086,230.2111103185622,7.652759076848311
2026-09-07 14:49:31.595303,-195.5679501462908,-423.6324516384225,230.2336412124208,7.661555566675845
2026-09-07 14:49:31.695090,-195.7865679243091,-423.89515834123387,230.24480795841743,7.691201595974117
2026-09-07 14:49:31.794552,-196.00526561852965,-424.158065273662,230.24480795841743,7.708583639527267
2026-09-07 14:49:31.894374,-196.22525092677952,-424.4225201083476,230.27831994651834,7.72602859691363
2026-09-07 14:49:31.990013,-196.4363462502361,-424.67658998075444,230.29972506783417,7.827147895172734
2026-09-07 14:49:32.090070,-196.65998288021663,-424.9459589735492,230.29972506783417,7.977527719964699
2026-09-07 14:49:32.203368,-196.91807960138064,-425.2568349415408,230.28704636231214,8.198298075385914
2026-09-07 14:49:32.293459,-196.82420022791018,-425.1445932958803,230.30720857090583,7.0482041708845635
2026-09-07 14:49:32.394098,-197.0267204420895,-425.38859252898885,230.3860431991889,7.159886299790814
2026-09-07 14:49:32.501241,-197.19849150599262,-425.59639014034093,230.4220128299959,7.06172985861784
2026-09-07 14:49:32.593559,-197.38417380503708,-425.8210171413438,230.44267467285954,7.160951212551492
2026-09-07 14:49:32.702829,-197.62290938488957,-426.1099356217435,230.39376291551264,7.374502296816886
2026-09-07 14:49:32.793275,-197.81299708216767,-426.33966125487046,230.38364148177467,7.38556677790359
2026-09-07 14:49:32.901594,-198.08782211011302,-426.6715423639953,230.34727698677116,7.642105896191496
2026-09-07 14:49:32.999294,-198.3008149605199,-426.9285246519545,230.3144773911163,7.618202134783121
2026-09-07 14:49:33.100304,-198.5816151058087,-427.26694028037895,230.2918702577359,8.005818762269815
2026-09-07 14:49:33.200403,-198.81049050703038,-427.5425424556475,230.3142735789604,7.99357340600975
2026-09-07 14:49:33.301924,-199.1411236138626,-427.9410006431138,230.3369952515026,8.660958975408022
2026-09-07 14:49:33.401722,-199.38774983161503,-428.2384539422768,230.29232334366003,8.651366555686074
2026-09-07 14:49:33.501707,-199.7260266038052,-428.6458862758352,230.25875669119952,9.375069094721637
2026-09-07 14:49:33.601705,-199.9939628561907,-428.9681447712738,230.25875669119952,9.361962308276352
2026-09-07 14:49:33.710555,-200.36922055303958,-429.41961588128385,230.2222138808971,10.037616080340484
2026-09-07 14:49:33.799653,-200.62501855923122,-429.7268763384265,230.20227271151015,10.021266714931349
2026-09-07 14:49:33.909024,-201.0177437053726,-430.1984959086838,230.20227273338693,10.66097171304842
2026-09-07 14:49:34.000692,-201.29738072336994,-430.53415375485815,230.23304728133462,10.631334788779897
2026-09-07 14:49:34.097808,-201.6701738143863,-430.9821797449919,230.3199900601222,11.232843442267441
2026-09-07 14:49:34.188697,-201.96158610786333,-431.3334368338895,230.39118711623382,11.239991161501178
2026-09-07 14:49:34.311479,-202.4315860448327,-431.9010684638111,230.41866716586514,11.867072228899563
2026-09-07 14:49:34.408303,-202.7588742092058,-432.29695443621773,230.3319858134343,11.874686690133457
2026-09-07 14:49:34.508279,-203.17700348395198,-432.80112412625346,230.3319858195076,12.50222357909458
2026-09-07 14:49:34.608811,-203.53566831934322,-433.23362906317936,230.36573616700375,12.472356215435846
2026-09-07 14:49:34.709243,-203.97169016211785,-433.7599295121724,230.36573617089238,13.104420929476007
2026-09-07 14:49:34.788265,-204.26698400490667,-434.11644414321876,230.38342221420754,13.10787341345395
2026-09-07 14:49:34.896087,-204.74373271445694,-434.69227736392565,230.3954881258772,13.74233523390105
2026-09-07 14:49:34.995832,-205.13436469785339,-435.16439461586594,230.47362244754265,13.719674282839623
2026-09-07 14:49:35.095758,-205.59820301694117,-435.7262495881573,230.4848047499992,14.350571999467734
2026-09-07 14:49:35.195953,-206.00719223175105,-436.2221251783999,230.5296543642829,14.354949535244733
2026-09-07 14:49:35.294317,-207.02177087686252,-438.15932511006196,231.47060709032624,15.051030962866704
2026-09-07 14:49:35.395683,-207.44661973307325,-438.6928712728618,231.55001120732402,15.050145223475374
2026-09-07 14:49:35.495503,-207.9162020853326,-439.28278273470215,231.59456741206967,15.66902992743732
2026-09-07 14:49:35.596102,-208.3539549983231,-439.8349818906974,231.57205218502577,15.659360516911974
2026-09-07 14:49:35.696036,-208.84625571689492,-440.4545312907411,231.5607905221763,16.299289779266275
2026-09-07 14:49:35.796147,-209.29974446468182,-441.02588803802695,231.51597850824788,16.280044769731333
2026-09-07 14:49:35.895864,-209.8194048660926,-441.6790138070782,231.40433400070978,16.78933329938587
2026-09-07 14:49:35.996588,-210.29100337920408,-442.2698667205421,231.31416118671484,16.7646896712989
2026-09-07 14:49:36.096701,-210.75997543139408,-442.8555361219504,231.2357385956587,16.75594176493146
2026-09-07 14:49:36.196174,-211.2265019504148,-443.43651981259717,231.16894895024262,16.674237125106163
2026-09-07 14:49:36.301159,-212.20286748127648,-444.6877940817161,231.21184579598312,17.439861178943392
2026-09-07 14:49:36.395742,-212.66480562605722,-445.26257256694066,231.26476773654647,17.390273019886035
2026-09-07 14:49:36.501989,-213.18163976251506,-445.90687468049447,231.27665739413618,17.175814992849865
2026-09-07 14:49:36.595966,-213.63303260866832,-446.46983487384875,231.29769054050843,17.231654829609436
2026-09-07 14:49:36.703087,-214.1489954649021,-447.1138085966123,231.21377829757768,17.264415766480298
2026-09-07 14:49:36.795133,-214.5940019058457,-447.6675576202908,231.1931773314798,17.23143942837297
2026-09-07 14:49:36.901527,-215.26401056947304,-448.5008964442686,231.2415800569002,18.256832675548058
2026-09-07 14:49:36.995265,-215.74295844307449,-449.09747350767236,231.27304953998615,18.343655757654805
2026-09-07 14:49:37.101700,-216.2889930915273,-449.7783795435361,231.29687093175363,18.403177836216006
2026-09-07 14:49:37.200653,-216.7980266041646,-450.41368612171124,229.835179948041,18.42306489015693
2026-09-07 14:49:37.300012,-217.61660687176195,-451.13611728624926,229.13418581007704,18.533352767946237
2026-09-07 14:49:37.401077,-218.16446896131706,-451.7693496349383,229.08894676354197,18.543066969625617
2026-09-07 14:49:37.837938,-220.7394904334558,-454.7481904809599,228.99352659211203,19.709951489005363
2026-09-07 14:49:37.937952,-221.31770908022528,-455.4132031836767,228.9711422948768,19.7178168191492
2026-09-07 14:49:38.038061,-221.89696803063072,-456.0788869340163,228.94873673553587,19.725689620310725
2026-09-07 14:49:38.138309,-222.4775236154638,-456.74553416045956,228.9263000663772,19.733573352750774
2026-09-07 14:49:38.238349,-223.05736675314446,-457.4108370639962,228.90390995003935,19.741440727594192
2026-09-07 14:49:38.338857,-223.67385319725733,-458.18078209353104,229.0311529160436,19.772616705001372
2026-09-07 14:49:38.438537,-224.3662300739924,-458.98084274614035,229.00961339474486,20.49096401126391
2026-09-07 14:49:38.538653,-224.9677795348593,-459.6730807848496,228.98720626872247,20.49883736292148
2026-09-07 14:49:38.638829,-225.57019172169325,-460.36576428958375,228.96478571400175,20.506715433116543
2026-09-07 14:49:38.738429,-226.16963985207138,-461.05449510832494,228.94249407478495,20.51454820535169
2026-09-07 14:49:38.839064,-226.77581933413754,-461.75041293221096,228.91997079052206,20.522462372358557
2026-09-07 14:49:38.939313,-227.3801792628042,-462.4436913832873,228.8975338975517,20.530346183440898
2026-09-07 14:49:39.039298,-228.10619198115066,-463.2774207168479,228.87547301403856,21.15690681724434
2026-09-07 14:49:39.139722,-228.73087894324266,-463.99289431952934,228.85299695403145,21.1648043907277
2026-09-07 14:49:39.239181,-229.35007209997838,-464.7015144190803,228.8307368722557,21.172626074399744
2026-09-07 14:49:39.339826,-229.79295961897208,-465.6700878539657,229.85378785638855,21.19343416464278
2026-09-07 14:49:39.439760,-230.4034036550295,-466.39382788706195,229.83142146408443,21.201293203403296
2026-09-07 14:49:39.540037,-231.0164535938454,-467.1200820302059,229.8089783043882,21.2091792164698
2026-09-07 14:49:39.640126,-231.73892852702926,-467.9735062659774,229.78538622853557,21.842277828547832
2026-09-07 14:49:39.740187,-232.36975218625886,-468.7195991770947,229.7629914121533,21.85014685487937
2026-09-07 14:49:41.716721,-243.7024266603983,-483.98407006964374,232.1133358154905,22.99362623670998
2026-09-07 14:49:42.165278,-246.53389469832686,-487.62299794038154,231.9627473996445,23.134728438134907
2026-09-07 14:49:42.265687,-247.9147344138758,-489.394249161952,231.93391502443814,23.36626042187538
2026-09-07 14:49:42.365439,-248.55718476216066,-490.21459604002087,231.9450778537311,23.349699333941413
2026-09-07 14:49:42.465658,-249.27497372030308,-491.12952787441736,231.98232119643097,23.856810293750144
2026-09-07 14:49:42.565344,-249.92977025384187,-491.9670963974928,231.87076676134228,23.874231483688405
2026-09-07 14:49:42.665416,-250.58921927477235,-492.80723976392426,231.81477356556655,23.857617268517505
2026-09-07 14:49:42.764986,-251.2457196739599,-493.6419457407848,231.80363110313274,23.85674722263235
2026-09-07 14:49:42.865539,-251.90884107527813,-494.4847326281128,231.80363110313274,23.81808726630853
2026-09-07 14:49:42.965093,-252.56431041145348,-495.3177942069971,231.82591244701416,23.81634745415526
2026-09-07 14:49:43.066189,-253.22955473704212,-496.16395611624904,231.8485389084425,23.873767162123226
2026-09-07 14:49:43.165984,-253.88749058351286,-497.00150248284217,231.94904767963112,23.940912081691387
2026-09-07 14:49:43.265581,-255.0375659909925,-498.5924654970505,232.07437976262707,23.8926773343527
2026-09-07 14:49:43.365573,-255.69400722459054,-499.434923951305,231.828206655456,23.93549026775911
2026-09-07 14:49:43.466543,-256.36171220021436,-500.28428569538335,231.88470230836066,23.785502815573622
2026-09-07 14:49:43.565864,-257.0135777974048,-501.1151837332271,232.04030667874787,23.58155333852738
2026-09-07 14:49:43.665997,-257.46190338590725,-501.6907979671302,232.03394604365,22.417869112018455
2026-09-07 14:49:43.767011,-257.94563748697595,-502.3111288964116,232.03015375294103,21.582044093805347
2026-09-07 14:49:43.965538,-259.1240784068282,-503.8211018172725,232.0523700795414,21.488368384556736
2026-09-07 14:49:44.066803,-259.7222731722945,-504.5882004031277,232.00704150835082,21.425543548202604
2026-09-07 14:49:44.166632,-260.41633765825014,-505.4769028768819,232.0085708123004,22.095962350861402
2026-09-07 14:49:44.267109,-261.7092697160789,-507.06033355050073,231.84803024597946,22.186031332084173
2026-09-07 14:49:44.366385,-262.317520409663,-507.83461701756045,231.88135893234823,22.170416747818784
2026-09-07 14:49:44.464813,-262.91970475216857,-508.60209680666304,231.89237359833635,22.166976479610124
2026-09-07 14:49:44.564601,-263.52996529702983,-509.3801776163863,231.94820788784855,22.166976479610124
2026-09-07 14:49:44.665117,-264.1439139200905,-510.1645335489725,231.99320118920434,22.13447893324962
2026-09-07 14:49:44.764650,-264.7686940002509,-510.9640113881488,232.0379467158151,22.28379938081089
2026-09-07 14:49:44.864803,-265.3824180799182,-511.75061565876234,232.07156982639464,22.328431528870905
2026-09-07 14:49:45.087020,-266.74583478244625,-513.5002098169596,231.8477634472452,22.347848922308852
2026-09-07 14:49:45.186114,-267.35740225833223,-514.2787079782562,231.8477634472452,22.301956933476756
2026-09-07 14:49:45.285052,-268.7087838548746,-515.3705217749871,230.55820710577146,22.460372068004883
2026-09-07 14:49:45.385889,-269.29383243578076,-516.0786528341318,230.53511963155088,22.065055833166497
2026-09-07 14:49:45.484709,-269.9133928467736,-516.8311790313968,230.50194403234298,22.059011386640456
2026-09-07 14:49:45.586307,-270.5506434234522,-517.6042792394636,230.45646640260102,22.03859275449904
2026-09-07 14:49:45.685793,-271.174669482518,-518.3601125798815,230.37853496618604,22.008166838333818
2026-09-07 14:49:45.777272,-271.74862292494936,-519.0533741391824,230.33758683638854,21.980989058521047
2026-09-07 14:49:45.886215,-272.4318932752636,-519.877476672542,230.37416090342467,21.935295580308807
2026-09-07 14:49:45.977633,-272.9301913155236,-520.4775102007907,230.39438099098246,21.457002847505827
2026-09-07 14:49:46.085221,-273.5880902164154,-521.2726145823937,230.37030154439555,21.421278765208942
2026-09-07 14:49:46.182117,-274.17992161069975,-521.9872613077196,230.35945831812268,21.373017983176013
2026-09-07 14:49:46.283815,-274.95387205543216,-523.4707419697997,231.49689942013745,21.49635205415105
2026-09-07 14:49:46.382038,-275.46657970694815,-524.1167954798897,231.5413582476509,21.055473154504117
2026-09-07 14:49:46.483861,-276.0626705385054,-524.8672957015372,231.3704394539782,21.09729059009433
2026-09-07 14:49:46.583259,-276.6479078829262,-525.5996346142309,231.29257695154797,21.09729059009433
2026-09-07 14:49:46.682890,-277.23551409700957,-526.3328923567561,231.3706219723696,21.175642691556167
2026-09-07 14:49:46.783764,-277.73532439148136,-526.9590731430749,231.4499560202172,20.583795417922698
2026-09-07 14:49:46.883729,-278.3085767240807,-527.6784594729199,231.43876935498471,20.583795417922698
2026-09-07 14:49:46.984089,-278.8054994260863,-528.3024212421977,231.45018613205974,20.0583056472525
2026-09-07 14:49:47.085173,-279.3703673038146,-529.0112915857902,231.4049385806824,20.07420460204402
2026-09-07 14:49:47.185097,-279.9297492267303,-529.7121411068833,231.34902819521298,20.03316706205878
2026-09-07 14:49:47.284925,-280.75327633639927,-530.9896639307501,231.86172474597666,20.108022865674734
2026-09-07 14:49:47.385054,-281.2286051322897,-531.5968917315826,231.71710308980406,19.424606469445845
2026-09-07 14:49:47.484987,-281.7662310734055,-532.2780621951318,231.70592000555783,19.399283153509355
2026-09-07 14:49:47.586169,-282.24027944125396,-532.8791990845142,231.72916578245957,18.85153456272527
2026-09-07 14:49:47.685989,-282.7613151214954,-533.5396356011212,232.16481289911746,18.71284993019798
2026-09-07 14:49:47.786396,-283.2765301908662,-534.2030052453418,233.10864761790629,18.749699034165186
2026-09-07 14:49:47.885432,-283.7748426828608,-534.8669038377533,234.07284292909304,19.063831892802
2026-09-07 14:49:47.986097,-284.14777471715007,-535.3929888866423,234.37751475188782,18.60597165621749
2026-09-07 14:49:48.086200,-284.6327264682939,-536.0698010108049,233.64937771657753,19.119422467736033
2026-09-07 14:49:48.185647,-285.00341000126235,-536.579033558333,231.56868069991722,18.344860713648632
2026-09-07 14:49:48.286165,-285.9181246187937,-537.6428756245749,229.2794000268858,18.343681854849446
2026-09-07 14:49:48.387181,-286.45852751519607,-538.2706952292187,228.63505616671446,17.839670958173535
2026-09-07 14:49:48.486456,-286.9817396975945,-538.8648954581568,229.7682200888599,17.67571947487506
2026-09-07 14:49:48.587065,-287.47062082234163,-539.4417402655712,231.71613231277868,17.645397080410007
2026-09-07 14:49:48.686050,-287.95437998932533,-540.0546403333764,233.30014295949675,18.117651118779058
2026-09-07 14:49:48.786600,-288.347063001906,-540.5900461786526,233.1767620903891,17.93823079586097
2026-09-07 14:49:48.890598,-288.84690214472334,-541.2576302984437,232.23408559683068,18.126339539625512
2026-09-07 14:49:48.991044,-289.25616903817206,-541.7877584310927,231.52618521962043,17.392327016796546
2026-09-07 14:49:49.090934,-289.7393680260346,-542.3957929910265,231.40322422436424,17.309407021522073
2026-09-07 14:49:49.191360,-290.2241482624614,-543.0031367977116,231.8078013617113,17.30501939331766
2026-09-07 14:49:49.290130,-290.69658509576493,-543.6036651583632,232.19465418395302,17.50179603802507
2026-09-07 14:49:49.410116,-291.27203355484414,-544.3453859336684,232.28864410544637,17.64648097253876
2026-09-07 14:49:49.505484,-291.73222038276936,-544.9405542814303,232.23528293454203,17.717313909747958
2026-09-07 14:49:49.603945,-292.03318185094,-545.3315125604145,232.22441684676028,16.655494617902622
2026-09-07 14:49:49.689639,-292.4240319706791,-545.8358371344373,232.23400650404466,16.6128131918837
2026-09-07 14:49:49.801123,-292.93109764945666,-546.4903440330146,232.18410367058186,16.568976405745993
2026-09-07 14:49:49.889725,-293.3334768298207,-547.0087910722013,232.13452827354655,16.50394300549098
2026-09-07 14:49:49.998304,-293.70279268187903,-547.4842488576309,232.03737872092634,15.735233006564178
2026-09-07 14:49:50.098096,-294.1346043602918,-548.037686434485,231.99270949882347,15.682041877135042
2026-09-07 14:49:50.199389,-294.57186574713097,-548.5972087230899,232.0380506034658,15.671420658955462
2026-09-07 14:49:50.299487,-295.0032385098327,-549.1500971255473,232.02684905475937,15.678417935485527
2026-09-07 14:49:50.399451,-295.3274592588384,-549.5654217511336,232.00450162148263,15.031560491940883
2026-09-07 14:49:50.498966,-295.73911796250263,-550.0924062023856,232.02677423671014,15.02460396959389
2026-09-07 14:49:50.599091,-296.1529022948854,-550.6225364358208,232.01556966654658,15.0141052236763
2026-09-07 14:49:50.704033,-296.586399257855,-551.1776981383874,231.96859518456486,15.017773170056937
2026-09-07 14:49:50.800047,-296.8810108961717,-551.5541080043253,231.93637477476238,14.40242204338705
2026-09-07 14:49:50.903769,-297.2927397956657,-552.0798924344878,231.959588965554,14.40967265295219
2026-09-07 14:49:51.005214,-297.69542428261684,-552.5945564452853,232.0049981089345,14.383966191771425
2026-09-07 14:49:51.100647,-298.07318526416594,-553.0781554016139,231.97295958475712,14.407315297835758
2026-09-07 14:49:51.200993,-298.35803255134556,-553.4422583907699,231.93927947035016,13.775674440949226
2026-09-07 14:49:51.285148,-298.67753163213445,-553.8503064729111,231.93927947035016,13.76979164802242
2026-09-07 14:49:51.400473,-299.11518235520435,-554.4092518625362,231.9134683931144,13.750645089898425
2026-09-07 14:49:51.500633,-299.49497273375533,-554.8938510428845,231.89105141937995,13.728765056791769
2026-09-07 14:49:51.601667,-299.77652439972076,-555.252489523972,231.87974885423696,13.092293026284171
2026-09-07 14:49:51.701898,-300.1386592118644,-555.7140011377809,231.8460995576957,13.089665561110474
2026-09-07 14:49:51.801826,-300.4196277010255,-556.0713163919239,231.8125541551478,12.552026769968895
2026-09-07 14:49:51.884960,-300.7080264303737,-556.4379710874096,231.82185733353458,12.5229696665777
2026-09-07 14:49:52.001771,-301.03738674714737,-556.8565676867057,231.86107428703244,12.04209560721486
2026-09-07 14:49:52.100870,-301.3668478690379,-557.2761576479435,231.92761281578987,12.065475724556148
2026-09-07 14:49:52.201496,-301.7015391467113,-557.703429171797,232.0176978956224,12.102405200945286
2026-09-07 14:49:52.301587,-302.0347992502734,-558.1302543404804,232.06250095708526,12.152257309747071
2026-09-07 14:49:52.401683,-302.26633466647735,-558.4278354626962,232.08490459116274,11.506800407950804
2026-09-07 14:49:52.500201,-302.57774537586573,-558.8276427784201,232.1510530162339,11.595468315884098
2026-09-07 14:49:52.600663,-302.8972734347935,-559.2388500227576,232.22974899320675,11.702564821509993
2026-09-07 14:49:52.701968,-303.2218835732263,-559.657783857448,232.28643208835882,11.738858282735498
2026-09-07 14:49:52.800664,-303.5387093378935,-560.0675079348987,232.31956605860194,11.755244050787573
2026-09-07 14:49:52.892701,-303.8343500213957,-560.4502923694614,232.2680686791191,11.775349607966461
2026-09-07 14:49:52.993541,-304.15919912557956,-560.8701142343745,232.2793532619435,11.756845601054328
2026-09-07 14:49:53.092805,-304.4783874872539,-561.2827882890828,232.223812165678,11.74036553215669
2026-09-07 14:49:53.193068,-304.80073960490193,-561.6987189559912,232.1677120998448,11.751754849597525
2026-09-07 14:49:53.301293,-306.1152131203752,-563.1094700820872,231.74359602473677,12.0025427121134
2026-09-07 14:49:53.402067,-306.4500137519179,-563.5340650386213,231.73231882769642,12.012228943351097
2026-09-07 14:49:53.502152,-306.78287672595854,-563.9560318094426,231.70991863983483,12.025347132928653
2026-09-07 14:49:53.610247,-307.14295032328704,-564.4121263721186,231.64943634211542,12.03384797143024
2026-09-07 14:49:53.701587,-307.44783363299007,-564.7974759347824,231.6596578196559,12.020279729494396
2026-09-07 14:49:53.810102,-307.5240574832516,-564.8915504933592,231.59752612108636,10.659632658398271
2026-09-07 14:49:53.901176,-307.7936461492836,-565.2316565708057,231.5771426999013,10.663611696208086
2026-09-07 14:49:54.010711,-308.11814791270996,-565.640740542409,231.58940030382504,10.660740335074296
2026-09-07 14:49:54.108707,-308.40830847647055,-566.0066929659413,231.63326559452165,10.684716517295126
2026-09-07 14:49:54.209205,-308.7062584990394,-566.3830610256945,231.61077297245328,10.72159901802213
2026-09-07 14:49:54.292000,-308.9526932484245,-566.6941044220326,231.5922424878252,10.715087829495936
2026-09-07 14:49:54.393018,-309.2533078012868,-567.0732801202115,231.58093798576493,10.707143542491417
2026-09-07 14:49:54.492714,-309.54984208850266,-567.4471576854431,231.5586248606308,10.708014689368655
2026-09-07 14:49:54.596104,-309.85753976011426,-567.8348001481656,231.60490463128593,10.705304413861988
2026-09-07 14:49:54.694546,-310.1501394507808,-568.2040340064202,231.67100202730344,10.731110095400552
2026-09-07 14:49:54.795263,-310.44978571442476,-568.5830574348175,231.71608530093795,10.746951326750098
2026-09-07 14:49:54.894153,-310.74413737808743,-568.9559864923948,231.73821803389126,10.765961615258957
2026-09-07 14:49:54.995494,-311.0461702528299,-569.338951364568,231.7608993291711,10.788099638771953
2026-09-07 14:49:55.096951,-311.3490185189332,-569.7232629054278,231.81766747274588,10.801397657056112
2026-09-07 14:49:55.195256,-311.6424502607023,-570.0963848249214,231.82866837431823,10.805692618427017
2026-09-07 14:49:55.295326,-312.40867672029304,-571.3522606774337,232.4656681302764,11.194544027847453
2026-09-07 14:49:55.393523,-312.7080665687171,-571.7419494213804,232.47665694602028,11.210846950614433
2026-09-07 14:49:55.723294,-313.60236655381703,-572.908728703921,232.40285136265788,10.779086454119769
2026-09-07 14:49:55.821660,-313.8915533487234,-573.2842840714161,232.3918436348306,10.786822181767183
2026-09-07 14:49:55.922042,-314.18695246389154,-573.6677547033675,232.3918436348306,10.771033640752956
2026-09-07 14:49:56.021718,-314.47984466649024,-574.0479710014434,232.35838066147858,10.764065863820242
2026-09-07 14:49:56.120993,-314.77159081903363,-574.4262423773156,232.30283341039302,10.729367137196228
2026-09-07 14:49:56.221667,-315.0668651478803,-574.8083217651096,232.31409941685143,10.706495127700434
2026-09-07 14:49:56.321714,-315.5442812552092,-575.5968269139213,232.82681413221843,10.818351563692689
2026-09-07 14:49:56.421455,-315.83574249048235,-575.9811862940209,232.89378372219204,10.847112386619608
2026-09-07 14:49:56.521035,-316.12705693891724,-576.3662861898894,232.90492730368405,10.831449987840976
2026-09-07 14:49:56.619739,-316.41531763581975,-576.7475032908341,232.91597285567832,10.815925370357082
2026-09-07 14:49:56.832159,-317.03463381007674,-577.5668607372409,233.0585990605709,10.836342831602161
2026-09-07 14:49:56.920522,-317.291893968316,-577.9089839502952,233.03882239273844,10.89965656960659
2026-09-07 14:49:57.021937,-317.58901516491454,-578.3038334583296,232.99342667805627,10.938647942022929
2026-09-07 14:49:57.121704,-317.88266251045627,-578.6934236447782,232.90411061501436,10.9569550548512
2026-09-07 14:49:57.339382,-318.71354306775197,-579.7144222891192,232.73324761198143,11.002110805393155
2026-09-07 14:49:57.439529,-319.0118021252767,-580.106414931586,232.71083354779825,11.000360629933464
2026-09-07 14:49:57.539464,-319.30953543168977,-580.4973991015966,232.69965023974038,11.00821974733627
2026-09-07 14:49:57.639116,-319.60671386261413,-580.8874966136186,232.66619532360733,10.982096875221918
2026-09-07 14:49:57.738727,-319.9032921935003,-581.2763351882758,232.71078352589697,10.978615258643984
2026-09-07 14:49:57.840212,-320.20504602982413,-581.6725984111044,232.7334970500528,11.03802946619532
2026-09-07 14:49:57.939336,-320.50122046284037,-582.0618548127436,232.68912684029922,10.974800609437537
2026-09-07 14:49:58.039470,-320.79900151897033,-582.452594474941,232.56586548982384,10.964300919812446
2026-09-07 14:49:58.139526,-321.09710440654834,-582.8420158231434,232.4538970032035,10.919711998798668
2026-09-07 14:49:58.359774,-321.91044893899567,-583.6751773802828,231.77787853450945,10.99276569486487
2026-09-07 14:49:58.457241,-322.20679511480165,-584.0514671573444,231.72334291203092,11.015760779546891
2026-09-07 14:49:58.553239,-322.49963876459924,-584.4225822878262,231.56220188932497,11.033376285849458
2026-09-07 14:49:58.658614,-322.82274740628515,-584.8296919296183,231.2438158450141,11.092305576293265
2026-09-07 14:49:58.757502,-323.12971422948004,-585.2120801077489,231.0003607063837,11.141558509475978
2026-09-07 14:49:58.857703,-323.1236331927818,-585.1870665663081,230.9424192257699,10.214087355696735
2026-09-07 14:49:58.958207,-323.41279406512,-585.5434176600687,231.0886299978683,10.25887592327458
2026-09-07 14:49:59.057193,-323.6979358200778,-585.8966542531132,231.14401554504488,10.317692038722864
2026-09-07 14:49:59.158689,-323.99163191211545,-586.2612085099821,231.09858357287723,10.37001768351975
2026-09-07 14:49:59.258144,-324.5520187569793,-586.833969882043,230.65921944067028,10.519845490148654
2026-09-07 14:49:59.358303,-324.8506175553056,-587.1982570131247,230.61438594082455,10.545226075149436
2026-09-07 14:49:59.456747,-325.1450923460113,-587.5569400674065,230.65845176674944,10.52458111049303
2026-09-07 14:49:59.550237,-325.4239392280372,-587.8971207890108,230.81538289253103,10.451875350801503
2026-09-07 14:49:59.764172,-326.0555021947533,-588.6719181135027,230.98296689278672,10.487393399032646
2026-09-07 14:49:59.860375,-326.3394468841703,-589.0223475430407,230.95066986616663,10.527743395677241
2026-09-07 14:49:59.961251,-326.63853742200416,-589.3910440855298,230.93938125473272,10.524217564655407
2026-09-07 14:50:00.061876,-326.9368562740858,-589.758641295007,230.96190230087922,10.550595499935248
2026-09-07 14:50:00.161111,-327.23164875432053,-590.122185160767,230.91748240494186,10.628636177922676
2026-09-07 14:50:00.262136,-327.623437661154,-590.6406773213924,230.93379172385016,10.79800373692288
2026-09-07 14:50:00.361969,-327.9271446496308,-591.0148393432858,230.69918195689954,10.785790921095435
2026-09-07 14:50:00.460940,-328.20775154287475,-591.3571928965349,230.54421757774895,10.640269175340041
2026-09-07 14:50:00.561052,-328.51036536199064,-591.7248705731207,230.5106082315852,10.622773537365811
2026-09-07 14:50:00.662455,-328.81659560162734,-592.0964977261171,230.5333034031866,10.639608728637844
2026-09-07 14:50:00.761348,-329.11557530627704,-592.4596189364528,230.46690319002192,10.64392937982398
2026-09-07 14:50:00.862205,-329.42104567566537,-592.8297483061831,230.42175724912855,10.636879045961239
2026-09-07 14:50:00.961013,-329.720397349375,-593.1918822212199,230.44387162952748,10.589392733215176
2026-09-07 14:50:01.062145,-330.02527960822295,-593.5609966573397,230.54572696344047,10.587625343831675
2026-09-07 14:50:01.162291,-330.32648883783605,-593.9269873984706,230.69141692585555,10.682133874947459
2026-09-07 14:50:01.261939,-330.4961222129977,-594.3686852537616,231.35510820532645,10.721013962221194
2026-09-07 14:50:01.478575,-331.2223890421279,-595.2756753431908,231.13646625993113,10.984285264959503
2026-09-07 14:50:01.576708,-331.5247492098516,-595.6508827978464,231.09253964484552,10.970565435637742
2026-09-07 14:50:01.777287,-332.142573566843,-596.416356948159,231.38433709028772,10.75498754237036
2026-09-07 14:50:01.877234,-332.4424729148289,-596.7918238130835,231.5185529014204,10.745380801013322
2026-09-07 14:50:01.977209,-332.74130850711055,-597.1677614455447,231.70874523436171,10.744507216225049
2026-09-07 14:50:02.077571,-333.04002219582577,-597.5461172964891,231.88844270384584,10.793617335006365
2026-09-07 14:50:02.177559,-333.33779388109576,-597.9257218847147,231.9443888991774,10.784006652796718
2026-09-07 14:50:02.276262,-333.4428687724674,-598.2803227559504,232.64321677104945,10.69049964186689
2026-09-07 14:50:02.378514,-333.738435840102,-598.6675660360507,232.55168937737812,10.603377452561903
2026-09-07 14:50:02.477009,-334.022319789802,-599.038222690997,232.441467740598,10.462230442506874
2026-09-07 14:50:02.692794,-334.63752022328555,-599.8382738798467,232.0309585876724,10.224652866255306
2026-09-07 14:50:02.791588,-334.9153424476103,-600.1942664274992,232.01990296415437,10.193575320062573
2026-09-07 14:50:02.891464,-335.19542294986786,-600.553009918082,232.0422563753835,10.116775984432651
2026-09-07 14:50:03.107007,-335.766431598017,-601.2851979997953,231.9700542470669,9.999054919244175
2026-09-07 14:50:03.205596,-336.03792929461804,-601.6323250903358,231.98108692989194,10.024899135505583
2026-09-07 14:50:03.304459,-336.15840531929535,-602.0096057704267,232.60649596133948,10.048088920745542
2026-09-07 14:50:03.405557,-336.3784636804704,-602.2992632649574,232.64096167422446,9.714773351256733
2026-09-07 14:50:03.505960,-336.64305577359556,-602.6458485998553,232.6971400741312,9.749866337902223
2026-09-07 14:50:03.605107,-336.90494485360887,-602.9895915620239,232.686044947859,9.768926031246218
2026-09-07 14:50:03.705229,-337.16999365873653,-603.3373421129377,231.2406987043107,9.77067576980429
2026-09-07 14:50:03.805582,-337.3651496281413,-603.577450892908,231.20739686285717,9.268768471190503
2026-09-07 14:50:03.904263,-337.6213178475077,-603.8961441439363,231.19635388469675,9.282564915580268
2026-09-07 14:50:04.005702,-337.88510081049776,-604.2241812331554,231.2417603423376,9.279019406509489
2026-09-07 14:50:04.105692,-338.1447602290668,-604.5476148684484,231.27532873097147,9.28426170166205
2026-09-07 14:50:04.206048,-338.4053269921263,-604.8725685021938,231.309019992195,9.289523185533739
2026-09-07 14:50:04.304379,-338.5824076039608,-605.2472851566743,231.79549539186607,9.318684988386137
2026-09-07 14:50:04.405754,-338.75118174496566,-605.4621001322437,231.82817977638751,8.721437734097869
2026-09-07 14:50:04.505280,-338.9909959047569,-605.7671581800023,231.92841762358745,8.809273536682648
2026-09-07 14:50:04.605492,-339.2343517444339,-606.0778386072479,232.07420360119553,8.862688534501636
2026-09-07 14:50:04.704757,-339.4760809514468,-606.3880651930104,232.2297202374204,8.90345543140963
2026-09-07 14:50:04.802233,-339.7137139308893,-606.6947481346191,232.3278934222531,8.957967331910703
2026-09-07 14:50:04.900733,-339.9547788754634,-607.0069637449332,232.40505248470285,8.958828028101202
2026-09-07 14:50:05.001887,-340.20193084998425,-607.3279556753406,232.5069299759681,8.978273540527384
2026-09-07 14:50:05.101649,-340.4456462808935,-607.6456513634441,232.5962415627772,8.995708012274878
2026-09-07 14:50:05.201974,-340.6907137550163,-607.9661427404566,232.62992241675954,9.004474443270986
2026-09-07 14:50:05.303582,-340.89040979731595,-608.4062094079219,233.21920516219382,9.053360708852543
2026-09-07 14:50:05.402858,-341.08847594346014,-608.6730494669667,233.28605511595754,8.869601925378605
2026-09-07 14:50:05.504367,-341.3290926056981,-608.9956975695156,233.30877401159265,8.929917172615989
2026-09-07 14:50:05.603956,-341.56663701384053,-609.314489713213,233.2307618910819,8.982129887082255
2026-09-07 14:50:05.818652,-342.0826750805623,-610.0050647079472,233.25478762287554,8.953989578049507
2026-09-07 14:50:05.906465,-342.2929609261371,-610.2867206959924,233.28426798002232,8.978543588876278
2026-09-07 14:50:06.007409,-342.5701771748607,-610.6576753055962,233.239014544921,9.151367823515276
2026-09-07 14:50:06.223651,-343.09962210306963,-611.3664045648052,233.02122590120769,9.187268885920206
2026-09-07 14:50:06.317456,-343.3074280517477,-611.8190219211659,233.52917333002983,9.079732152359936
2026-09-07 14:50:06.417804,-343.5495402890237,-612.1465664925458,233.59655048099756,9.053426830129263
2026-09-07 14:50:06.517674,-343.78941875188946,-612.4718887165172,233.674782720255,9.063898837667736
2026-09-07 14:50:06.617976,-344.1007513843527,-612.8933867769052,233.71911779847005,9.53129235280375
2026-09-07 14:50:06.718890,-344.35519035520093,-613.2400058071834,233.69653207076,9.575381842838198
2026-09-07 14:50:06.817477,-344.60504607406654,-613.5801000055109,233.6854996117466,9.609840098810817
2026-09-07 14:50:06.917680,-344.85997800219667,-613.9269637495083,233.60700652002424,9.667628184748317
2026-09-07 14:50:07.017791,-345.19418409812016,-614.3794456374816,233.5282441803111,10.120795971585343
2026-09-07 14:50:07.117986,-345.4636508762786,-614.7439847744757,233.4833945660274,10.123422493051542
2026-09-07 14:50:07.218861,-345.73530414780316,-615.1108806689442,233.44952906744314,10.113726553859859
2026-09-07 14:50:07.319080,-345.98747682923215,-615.6340903401543,233.9694966642989,10.106926706425195
2026-09-07 14:50:07.418421,-346.3194025082219,-616.088526808257,233.98024332849144,10.620240398965926
2026-09-07 14:50:07.518905,-346.5999474059954,-616.4743838674596,234.01397756154958,10.625508593646492
2026-09-07 14:50:07.618581,-346.94271774769425,-616.9450203367265,234.06950380338986,11.080024139113306
2026-09-07 14:50:07.718300,-347.23255729730306,-617.3449696233591,234.15877689459714,11.1044218789688
2026-09-07 14:50:07.818611,-347.5864688521891,-617.8336430913888,234.2259644786787,11.594608471533617
2026-09-07 14:50:07.918828,-347.89013424706684,-618.2550879622833,234.2371793441776,11.646274735668257
2026-09-07 14:50:08.018576,-348.19364287584085,-618.6764891470638,234.19252981749895,11.617511894255856
2026-09-07 14:50:08.119509,-348.50033006458153,-619.1016045853773,234.18123482743334,11.619275805902465
2026-09-07 14:50:08.220937,-348.80865233811244,-619.5288089832749,234.14718367709474,11.612185556707763
2026-09-07 14:50:08.319247,-349.121003399788,-620.2791963155987,235.03715018197764,12.249867799110351
2026-09-07 14:50:08.419442,-349.4354252379649,-620.7288574928431,235.02593777840673,12.178076212367554
2026-09-07 14:50:08.519909,-349.74894064726067,-621.1770355850846,235.01469493645294,12.1649079538644
2026-09-07 14:50:08.617326,-350.0526947450156,-621.6110782827013,234.99289187804345,12.118941377187816
2026-09-07 14:50:08.717244,-350.3632386711566,-622.0544638883144,235.02643609502033,12.062190740360016
2026-09-07 14:50:08.817725,-350.6738101071878,-622.498441718473,235.10514695546718,12.019168434959491
2026-09-07 14:50:08.917576,-351.1126904290536,-623.1246727606748,235.11594410726497,12.871104101213511
2026-09-07 14:50:09.017704,-351.4421872333878,-623.5972755662218,235.10473920138395,12.883353005114726
2026-09-07 14:50:09.118575,-351.7745381562891,-624.0737734296549,235.10473920138395,12.885115833245319
2026-09-07 14:50:09.218883,-352.1050793220929,-624.5476766097853,235.1833145438835,12.899139746094281
2026-09-07 14:50:09.318794,-352.5045181982959,-625.2541735246558,235.48191616671508,12.963165554524004
2026-09-07 14:50:09.419192,-352.8342113418384,-625.7335558182359,235.4257405644538,12.951760901836323
2026-09-07 14:50:09.518845,-353.2640155317663,-626.3543830452372,235.44725672567253,13.651068903406781
2026-09-07 14:50:09.618689,-353.60959200047563,-626.8562096624154,235.4696029749292,13.68247674722389
2026-09-07 14:50:09.718727,-353.95643999060337,-627.3603034851889,235.4584081405719,13.69034396478272
2026-09-07 14:50:09.818669,-354.3032528227976,-627.864135376903,235.42485586637602,13.720036043511692
2026-09-07 14:50:09.918304,-354.65004490548813,-628.367305983664,235.49175428424851,13.720906657368953
2026-09-07 14:50:10.018523,-354.99830058859754,-628.8738649555321,235.53661464149087,13.78833685621861
2026-09-07 14:50:10.118401,-355.44363602671547,-629.5212306322123,235.50279354075892,14.396769234061228
2026-09-07 14:50:10.218242,-355.80756578249054,-630.0508070253478,235.48044796293718,14.393279578493493
2026-09-07 14:50:10.318201,-356.28549117214516,-630.7356975310705,235.41673886643738,14.45037291661597
2026-09-07 14:50:10.418206,-356.652175223977,-631.2675686939311,235.41673886643738,14.470471395988621
2026-09-07 14:50:10.518589,-357.08592870690563,-631.8961672125091,235.37206970815635,14.995803548468336
2026-09-07 14:50:10.618249,-357.4655692483074,-632.4459139698859,235.41667984398657,14.943553609984084
2026-09-07 14:50:10.724714,-357.86926357470963,-633.031466836005,235.40476579092825,14.929599190706728
2026-09-07 14:50:10.817525,-358.2209620307925,-633.5413735068068,235.35283533592445,14.944196930142796
2026-09-07 14:50:10.917868,-358.6914676305961,-634.2220689993436,235.45408244631625,15.517944468898582
2026-09-07 14:50:11.022318,-359.10235522498874,-634.8188889389804,235.48914813481318,15.569967655442293
2026-09-07 14:50:11.123003,-359.5695239924404,-635.4978819670827,235.50052083083892,16.07520130953546
2026-09-07 14:50:11.224693,-359.98343152950787,-636.1001328986358,235.50052083083892,16.094749860839592
2026-09-07 14:50:11.324824,-360.60858398872443,-636.5918669067026,234.51488692434873,16.089042592830193
2026-09-07 14:50:11.424922,-361.0265084409759,-637.1780975091045,234.52608847305515,16.102162486324065
2026-09-07 14:50:11.524326,-361.50955161377874,-637.8579192757593,234.53782355679755,16.683992789833283
2026-09-07 14:50:11.623887,-361.9403632732605,-638.4627391002537,234.51554064623463,16.649194100118716
2026-09-07 14:50:11.724673,-362.4416303077594,-639.1672300273711,234.5723321761796,17.159344964971694
2026-09-07 14:50:11.824115,-362.88381255765876,-639.7888050112517,234.60571659164646,17.19844669873713
2026-09-07 14:50:12.040255,-363.84630912793676,-641.1434554737317,234.7024658868336,17.202223975379038
2026-09-07 14:50:12.139627,-364.36752920862904,-641.8799183429012,234.6915679148575,17.829302076193873
2026-09-07 14:50:12.238043,-364.8209041789224,-642.5200430023212,234.6915679148575,17.817262605453
2026-09-07 14:50:12.338559,-365.5150884459182,-643.1195545285533,233.8747072135791,18.373732633909448
2026-09-07 14:50:12.438584,-365.99945614810827,-643.7831728898547,233.91948073190565,18.380724807428596
2026-09-07 14:50:12.539327,-366.48696374009086,-644.452190359401,233.91948073190565,18.40801397094025
2026-09-07 14:50:12.638327,-366.9667480052165,-645.1106089363859,233.91948073190565,18.420989949040646
2026-09-07 14:50:12.739352,-367.5335504896239,-645.8899653670788,233.91991567010973,19.09166374195895
2026-09-07 14:50:12.837767,-368.0282077867738,-646.5688053622026,233.88687603647233,19.078764440092787
2026-09-07 14:50:12.938511,-368.60330605753165,-647.3581027716343,233.920959137824,19.629071541375293
2026-09-07 14:50:13.038709,-369.12108847987156,-648.0687055845217,233.97702283426594,19.65095987561272
2026-09-07 14:50:13.138203,-369.6987370702269,-648.8635260246874,233.95491849200195,20.20631536453767
2026-09-07 14:50:13.238084,-370.22962764566245,-649.5930264744229,233.9996275525765,20.212424708430277
2026-09-07 14:50:13.336601,-370.7806395087607,-650.3675927359533,234.08729589541102,20.786197574889748
2026-09-07 14:50:13.435132,-371.31767230681317,-651.109128237241,234.09832208769853,20.874016215978912
2026-09-07 14:50:13.536137,-371.91969434208585,-651.9409344346983,234.0757390217721,21.48367769233738
2026-09-07 14:50:13.635080,-372.4772233944418,-652.7104444104641,234.04252212931686,21.56408243625012
2026-09-07 14:50:13.853705,-373.78068675641015,-654.5075477818198,230.8864994091678,22.05950649727777
2026-09-07 14:50:13.953502,-374.45913749995333,-655.3488731709309,230.897677670372,22.516831557529684
2026-09-07 14:50:14.053302,-375.0927329299774,-656.1284476104523,230.897677670372,22.451427385084262
2026-09-07 14:50:14.153641,-375.7946549570066,-656.9970210818357,230.8078569911802,23.030618242052295
2026-09-07 14:50:14.253792,-376.44624051971425,-657.7961676338076,230.7518195926058,22.989487475999482
2026-09-07 14:50:14.353365,-376.9067079475099,-658.7850683935023,231.6044708771208,23.62559471223621
2026-09-07 14:50:14.453150,-377.5612635929468,-659.6110444809185,231.68263653241573,23.617747391177133
2026-09-07 14:50:14.553706,-378.2195218643098,-660.4440248971563,231.79516454813287,23.582600927773413
2026-09-07 14:50:14.653456,-378.8699104935321,-661.2703779058706,231.7058637042824,23.513743048025514
2026-09-07 14:50:14.754810,-379.62558754938607,-662.2289497501902,231.1509707512021,24.377142712988498
2026-09-07 14:50:14.853732,-380.3017902815108,-663.068504148917,230.94064174940743,24.227604343239705
2026-09-07 14:50:14.953672,-380.98385099117587,-663.9089970821096,231.0636642928643,24.138529889611398
2026-09-07 14:50:15.053961,-381.66397124423116,-664.7507864340294,231.28812274722318,24.264721197995435
2026-09-07 14:50:15.154458,-382.3457378684487,-665.6014088600947,231.14192215855437,24.282284118819074
2026-09-07 14:50:15.254076,-383.0241814368113,-666.4434731625219,230.97470464985707,24.204812706165843
2026-09-07 14:50:15.354247,-383.24860968670225,-667.7280236766732,232.87576748944159,24.113514850018554
2026-09-07 14:50:15.453934,-383.89717732448355,-668.5848303643054,232.81998971236817,24.02031054887939
2026-09-07 14:50:15.555002,-384.5530302940934,-669.4495110028575,232.77474932296326,23.965556150503406
2026-09-07 14:50:15.654907,-385.2005316289217,-670.3017823118543,232.64058991236354,23.859053429130597
2026-09-07 14:50:15.756396,-385.8573924724255,-671.1621832035238,232.48158897654704,23.705634577839326
2026-09-07 14:50:15.853790,-386.4859703746474,-671.9808170729546,232.36170046746722,23.473302861857537
2026-09-07 14:50:15.953079,-387.12222595660427,-672.8058703287087,232.40614453506157,23.35704573511832
2026-09-07 14:50:16.052570,-387.75598005325276,-673.6289993878848,232.5286143756766,23.40312158088995
2026-09-07 14:50:16.152836,-388.3941526972654,-674.4615427440895,232.57349577121298,23.454813106676234
2026-09-07 14:50:16.252858,-389.0315262612039,-675.2943940127674,232.6854262098547,23.43645920168451
2026-09-07 14:50:16.353330,-389.5632058828,-676.7160369038683,234.22837119899177,23.666083849173997
2026-09-07 14:50:16.452932,-390.1791863717269,-677.5710069287331,234.1280568082114,23.64606636262358
2026-09-07 14:50:16.553953,-391.00854901627594,-678.7029219500613,234.14674402040606,24.466044343812303
2026-09-07 14:50:16.654138,-391.6503441918021,-679.5910517655352,234.1018988823551,24.339108476426276
2026-09-07 14:50:16.754697,-392.29188694063293,-680.4773701540939,234.1469114315118,24.170400418981753
2026-09-07 14:50:16.854133,-392.92118402836616,-681.348210209675,234.10240156329567,24.032249295760117
2026-09-07 14:50:16.954254,-393.59080584418547,-682.2714953420309,234.05710659790518,24.03734997618605
2026-09-07 14:50:17.054297,-394.2218241475335,-683.1418404335118,234.0347158101324,23.93769357309572
2026-09-07 14:50:17.154804,-394.83012450853965,-683.9809878467395,234.06868564090803,23.760723509652745
2026-09-07 14:50:17.254156,-395.4493999493327,-684.8354996889793,234.09092177483842,23.75638280468227
2026-09-07 14:50:17.354010,-396.2093694755181,-686.0076239839027,234.41046201647902,23.795277365583196
2026-09-07 14:50:17.453861,-396.82751897748426,-686.8713792434299,234.36576638460275,23.851117447007677
2026-09-07 14:50:17.553865,-397.3955390498939,-687.6655025688463,234.3646662297894,23.46195284091889
2026-09-07 14:50:17.653552,-398.00470785557786,-688.515272905519,234.3646662297894,23.48460061502747
2026-09-07 14:50:17.753812,-398.5577200240357,-689.2880347188218,234.26280349368324,23.073202044576185
2026-09-07 14:50:17.874468,-399.28460686773093,-690.2982202440161,234.08727608265178,23.071093452503888
2026-09-07 14:50:17.972587,-399.8121727698172,-691.0269010566462,234.18543715898102,22.52618513753822
2026-09-07 14:50:18.075447,-400.4182919231515,-691.866855919482,234.21996905671955,22.483043024975586
2026-09-07 14:50:18.173266,-400.9291599845269,-692.5761440284492,234.3508877677432,21.987099794338278
2026-09-07 14:50:18.274568,-401.5094787188824,-693.3852584886669,234.19217980136182,21.861404212007837
2026-09-07 14:50:18.397851,-402.1601701688149,-694.28731565105,234.38508360108395,21.27000129134062
2026-09-07 14:50:18.645968,-403.5340319488429,-696.2052503716772,234.24625492017137,21.382740119241923
2026-09-07 14:50:18.711326,-403.8990769437509,-696.7122599622403,234.2096852174622,21.340478695487896
2026-09-07 14:50:18.801221,-404.29247115268316,-697.257762624679,234.22958038380483,20.439296304135812
2026-09-07 14:50:18.909466,-404.8706118750421,-698.0602474306363,234.3507128379727,20.39578728159309
2026-09-07 14:50:19.001273,-405.27121921280536,-698.6192194864628,234.41223250010188,19.706501464623386
2026-09-07 14:50:19.102584,-405.7906141510317,-699.3450299930556,234.45758166196322,19.765813804193108
2026-09-07 14:50:19.211119,-406.3481019164708,-700.1253763490055,234.49401875627643,19.796162039250376
2026-09-07 14:50:19.310653,-406.8596853020746,-700.842431455538,234.47174188862778,19.82834209794199
2026-09-07 14:50:19.401065,-407.2184916723777,-701.3455016294869,234.48178993380378,19.02651459798528
2026-09-07 14:50:19.501513,-407.7148489562974,-702.0409012693091,234.69536353292503,18.983506421983133
2026-09-07 14:50:19.601268,-408.1215400210884,-702.6162891848941,234.61718398952632,18.38663858583939
2026-09-07 14:50:19.698511,-408.58436111534013,-703.267955558144,234.4865992984203,18.343303249166492
2026-09-07 14:50:19.809017,-409.04208110432523,-703.9093891080219,234.35054919746966,17.71778910685608
2026-09-07 14:50:19.900414,-409.46399678910757,-704.497641394154,234.1766756425426,17.65070419135635
2026-09-07 14:50:20.008953,-409.9013886608046,-705.1028484918342,234.09163924167615,17.12629836298872
2026-09-07 14:50:20.100234,-410.31126353951737,-705.6688945131286,234.33679624400742,17.028191553824552
2026-09-07 14:50:20.196575,-410.6547351022221,-706.1474892444448,234.35834641985036,16.214483797676312
2026-09-07 14:50:20.296929,-411.0786118587088,-706.738645587065,234.50433897560097,16.221498969696714
2026-09-07 14:50:20.409734,-411.47649083417093,-707.297028088329,234.54220244905792,15.507069165050439
2026-09-07 14:50:20.507809,-411.8708933206548,-707.8508223550301,234.61902859169504,15.50192726989005
2026-09-07 14:50:20.608627,-412.20414523216755,-708.3207004717426,234.5851778948252,14.850552293732282
2026-09-07 14:50:20.709047,-412.5904736613586,-708.864019662375,234.50651481816323,14.818085784862829
2026-09-07 14:50:20.796322,-412.8577238321864,-709.2388652721257,234.46744572033367,14.150851609678568
2026-09-07 14:50:20.896815,-413.22718137896896,-709.7562036414325,234.4337084658184,14.085871389088688
2026-09-07 14:50:20.996641,-413.50676108421385,-710.1470383429536,234.44487731959552,13.247353041655137
2026-09-07 14:50:21.096619,-413.8510469125216,-710.628728352894,234.3889367195549,13.244732208648024
2026-09-07 14:50:21.197365,-414.1196296474965,-711.0034790351824,234.4227575824922,12.523791992009764
2026-09-07 14:50:21.318593,-414.4462766335422,-711.4600432161872,234.49058728758268,11.978745950186209
2026-09-07 14:50:21.415413,-414.7474224686686,-711.8820874294969,234.47975256615211,12.07519180793943
2026-09-07 14:50:21.508047,-415.0379450921317,-712.2890808244274,234.49011884982286,12.133471408198915
2026-09-07 14:50:21.617179,-415.28906988001296,-712.6411353438962,234.4901182404866,11.298910075813504
2026-09-07 14:50:21.695301,-415.51827025116035,-712.96234521702,234.52508746616724,11.304371136345
2026-09-07 14:50:21.815141,-415.78983276050275,-713.3435928064874,234.5653195057667,10.568611861876171
2026-09-07 14:50:21.915856,-416.06571107598296,-713.7312941075634,234.5540489111697,10.592373237046738
2026-09-07 14:50:22.014865,-416.26223114528926,-714.0075309419741,234.609447119312,9.926602792910275
2026-09-07 14:50:22.115126,-416.5199034216794,-714.3702376966818,234.65432627673198,9.968654818456086
2026-09-07 14:50:22.215642,-416.779039291173,-714.7356104773154,234.68807125274878,10.02925835085811
2026-09-07 14:50:22.316160,-417.0395391930903,-715.1033653107942,234.7330654493511,10.163642770457026
2026-09-07 14:50:22.415318,-417.1836777869741,-715.30794543854,234.7663543848434,9.357889413868087
2026-09-07 14:50:22.515352,-417.4251024035948,-715.649760335463,234.7551599981094,9.505612370007357
2026-09-07 14:50:22.615901,-417.6716688484473,-715.9987104577283,234.72140394341648,9.66727484707876
2026-09-07 14:50:22.715653,-417.92064840035175,-716.3506355797555,234.73256677270942,9.71957301950181
2026-09-07 14:50:22.801068,-418.13493731870466,-716.6536517279211,234.75168364383094,9.744949226748364
2026-09-07 14:50:22.918393,-418.4299111916971,-717.0710561274351,234.77794234434413,9.771604157654995
2026-09-07 14:50:23.015669,-418.6749885500481,-717.4181916336302,234.75617084337574,9.781804167721209
2026-09-07 14:50:23.116770,-418.9301057200974,-717.7792565805001,234.7335432628892,9.77650362484473
2026-09-07 14:50:23.216812,-418.9701297143469,-717.8360618051512,234.69995735602282,8.491585179600746
2026-09-07 14:50:23.302722,-419.1585814658523,-718.1022213384089,234.6903435270815,8.429278377496907
2026-09-07 14:50:23.403336,-419.3777203280029,-718.4116116739204,234.72412140340919,8.361582411392083
2026-09-07 14:50:23.508699,-419.605170091303,-718.733137428473,234.75949360194534,8.323835133813454
2026-09-07 14:50:23.602510,-419.8065920713488,-719.0182431563975,234.78048959558558,8.333671816492856
2026-09-07 14:50:23.709162,-420.03573669345053,-719.3428416468452,234.76855461613906,8.363493532670379
2026-09-07 14:50:23.803220,-420.07891118328587,-719.4042853163721,234.73697768317226,7.53793032831209
2026-09-07 14:50:23.907668,-420.2821110162371,-719.6916678246097,234.7136010051309,7.559834408483887
2026-09-07 14:50:24.007395,-420.47680235365095,-719.9667787130161,234.73592106842585,7.551120230921477
2026-09-07 14:50:24.102645,-420.66243689765645,-720.2293086232568,234.76789815630838,7.53780346955784
2026-09-07 14:50:24.209706,-420.753937688891,-720.3590632174348,234.7559173987146,6.874046365497428
2026-09-07 14:50:24.308114,-422.8655645323789,-721.665205984855,233.07642110782223,6.981924527101028
2026-09-07 14:50:24.519809,-423.1955149480987,-722.1012633435023,233.00222700892655,6.340194601723048
2026-09-07 14:50:24.618870,-423.36447821698476,-722.3255033082864,232.98005600418304,6.3358666105897035
2026-09-07 14:50:24.718365,-423.5341529723285,-722.5505063165136,232.9021175177014,6.306307332477006
2026-09-07 14:50:24.818984,-423.705251933844,-722.7767570761308,232.87959781442476,6.249158547203317
2026-09-07 14:50:24.918709,-423.87338125499167,-722.9988994282807,232.87959781442476,6.240444544401554
2026-09-07 14:50:25.018732,-423.952714014432,-723.1017561605258,232.85567468409985,5.651531852061504
2026-09-07 14:50:25.118927,-424.1055654725128,-723.3035373621655,232.79961266624525,5.656784894993904
2026-09-07 14:50:25.218195,-424.25733923343506,-723.5034891010114,232.78850399936886,5.65331526699641
2026-09-07 14:50:25.318669,-424.9910389294557,-724.5177117715347,232.867770577775,5.763914760952158
2026-09-07 14:50:25.418380,-425.0688347348698,-724.6185719508569,232.83084539314964,5.089608373030579
2026-09-07 14:50:25.518272,-425.2061506161515,-724.799681320772,232.85320238536497,5.294730362953181
2026-09-07 14:50:25.618477,-425.3493744631689,-724.9887360384755,232.89805647588145,5.451461784847754
2026-09-07 14:50:25.718564,-425.4965120368861,-725.1832730683562,232.90925679362385,5.582646302033018
2026-09-07 14:50:25.818308,-425.6466351533281,-725.3818380817456,232.83112325529913,5.68200486055127
2026-09-07 14:50:25.918208,-425.7999449843721,-725.5840443111787,232.7305087331112,5.720413755728436
2026-09-07 14:50:26.017642,-425.9539267583143,-725.7863977143651,232.69712700338403,5.734315475932444
2026-09-07 14:50:26.117761,-426.109465064675,-725.9905496891433,232.7195348008413,5.77630794304948
2026-09-07 14:50:26.218487,-426.1774579593973,-726.0789327062761,232.71862390948544,5.391290806813532
2026-09-07 14:50:26.318921,-426.6802448575366,-726.7648909631868,232.79284609059388,5.59961850869277
2026-09-07 14:50:26.535898,-426.9907800670072,-727.1737290228773,232.57412437256542,5.749919066590266
2026-09-07 14:50:26.634838,-427.1453389417343,-727.375694539495,232.45233279312154,5.892568319173928
2026-09-07 14:50:26.735128,-427.3528658757839,-727.6465564685527,232.3067820816372,6.293181771630116
2026-09-07 14:50:26.834831,-427.5243697876681,-727.8685108945018,232.1617365848358,6.339355797933691
2026-09-07 14:50:26.934791,-427.7540500590478,-728.1655118674429,232.12846825807247,6.798629494642628
2026-09-07 14:50:27.035286,-427.94155164005616,-728.4066153012122,232.07223838148877,6.811801423119387
2026-09-07 14:50:27.134980,-428.18511691233493,-728.7202682497026,231.89393821819291,7.3217773871920615
2026-09-07 14:50:27.234594,-428.3863281776461,-728.976826583639,231.73787481013466,7.3191660961163185
2026-09-07 14:50:27.334775,-428.82512785665375,-729.503042187289,231.2384492109092,7.874397284502494
2026-09-07 14:50:27.434860,-429.0457062682702,-729.7777637170817,230.812845641539,7.851659089234732
2026-09-07 14:50:27.534781,-429.3483523608928,-730.1527694705704,230.70206888771014,8.43627588100179
2026-09-07 14:50:27.634774,-429.5871953732805,-730.4446001079856,230.95943425540466,8.269391145086102
2026-09-07 14:50:27.734575,-429.9125895171019,-730.8479306989293,231.6749303539469,9.011352533016789
2026-09-07 14:50:27.839506,-430.17472001967303,-731.1795470638215,232.80219974896326,9.016853875877608
2026-09-07 14:50:27.934194,-430.50534331546504,-731.610370707431,233.67157110000582,10.131073490176275
2026-09-07 14:50:28.039551,-430.788019889113,-731.994788312779,234.4615052145072,10.305069324231953
2026-09-07 14:50:28.140669,-431.1340425193695,-732.4724938890727,235.19725839666145,11.157654121081292
2026-09-07 14:50:28.240598,-431.418527220409,-732.8817719407124,235.62219858833447,11.437945812330957
2026-09-07 14:50:28.341503,-431.8221801019777,-733.3021461816764,234.69919264802127,11.504028715127337
2026-09-07 14:50:28.440844,-432.1174059370399,-733.7190961231616,233.64309322790825,11.726248203316313
2026-09-07 14:50:28.540980,-432.52218510028626,-734.2687810708735,232.6280943874098,12.483457196794538
2026-09-07 14:50:28.757253,-433.35339807855155,-735.3598509170944,232.35755135983334,12.873028693461535
2026-09-07 14:50:28.854900,-433.69658970874343,-735.8048120025574,232.21549688177186,12.800503068307744
2026-09-07 14:50:28.954120,-434.1287461444495,-736.3648260152695,231.85783827552564,13.618817812660145
2026-09-07 14:50:29.055200,-434.5088206245987,-736.8488190688207,231.63160947110444,13.725689890662114
2026-09-07 14:50:29.154658,-434.95771586621936,-737.4184632128104,231.40776103209754,14.41802393821865
2026-09-07 14:50:29.253823,-435.35640795983204,-737.9180349458206,231.14142965824996,14.449218189571996
2026-09-07 14:50:29.472752,-436.1473839062446,-738.913879462015,230.92420830534988,15.150274035059669
2026-09-07 14:50:29.572709,-436.6274495202221,-739.5074536460942,231.13834142218965,15.65906727935388
2026-09-07 14:50:29.672037,-437.0637218219473,-740.0488727977172,231.63853357733885,15.62608589066383
2026-09-07 14:50:29.772521,-437.5795391982123,-740.7008816026425,232.47207154493736,16.472898596174172
2026-09-07 14:50:29.871908,-438.0253687627804,-741.2813119687287,233.30622032010336,16.539769001716742
2026-09-07 14:50:29.972866,-438.5431052210638,-741.972329668847,233.95097756545414,17.31313403186604
2026-09-07 14:50:30.073575,-439.0017960170685,-742.6025287847208,234.2552654908302,17.329854003442968
2026-09-07 14:50:30.173052,-439.52441754186077,-743.323939310715,234.36708390237726,18.033220143133818
2026-09-07 14:50:30.273018,-440.01500462288396,-744.08027076582,234.475024642032,18.018021030285443
2026-09-07 14:50:30.372896,-440.4824626568297,-744.7350188685375,234.36325534777015,17.997948074705402
2026-09-07 14:50:30.474171,-440.95722376632034,-745.3972604752884,234.27258925292347,17.96962985933318
2026-09-07 14:50:30.573441,-441.5120859276248,-746.1659998017279,234.10409296950024,18.773930425600145
2026-09-07 14:50:30.674294,-442.00835937200117,-746.8516777940207,234.01380466869972,18.7439676950559
2026-09-07 14:50:30.772977,-442.57308507544815,-747.6285163317901,233.8139701236363,19.378250377900464
2026-09-07 14:50:30.872971,-443.0845169357935,-748.3276569688386,233.62374164511533,19.31359281789465
2026-09-07 14:50:30.973755,-443.6759213913966,-749.1310298733677,233.47646721937872,19.964565355622476
2026-09-07 14:50:31.194327,-444.8475370828653,-750.7130182939696,233.0074847020029,19.9684200861835
2026-09-07 14:50:31.287540,-445.4464168172477,-751.4144975669756,232.72247758391273,19.944013670600597
2026-09-07 14:50:31.388380,-446.0680889352499,-752.2332238756865,232.67735332199072,20.720925466764143
2026-09-07 14:50:31.493543,-446.6587088042414,-753.0078878918753,232.67735332199072,20.76135784557812
2026-09-07 14:50:31.587550,-447.1877041915407,-753.7017245079213,232.82463234704073,20.67510704342675
2026-09-07 14:50:31.693638,-447.7801952889383,-754.4829999320152,232.860247940734,20.54996199208906
2026-09-07 14:50:31.786886,-448.4015888987239,-755.304023401635,232.9019957309378,21.431490197178043
2026-09-07 14:50:31.893762,-449.0192155482825,-756.1207313465409,232.83023545283731,21.379192583989067
2026-09-07 14:50:31.987238,-449.64092937722495,-756.9411405001547,232.8302396436528,22.045904893932658
2026-09-07 14:50:32.093871,-450.2758673585128,-757.7785577853298,232.86603820336074,21.955523920963234
2026-09-07 14:50:32.191692,-450.8554689110585,-758.543984952382,231.43201537395615,21.96492631469478
2026-09-07 14:50:32.402659,-451.96798368498327,-760.2885478795819,232.04575011491335,22.714854334389525
2026-09-07 14:50:32.500936,-452.581754150587,-761.0754325535389,231.96876573744763,22.70369061546896
2026-09-07 14:50:32.595911,-453.1756318034471,-761.8347077559024,232.04316352380465,22.688752512195205
2026-09-07 14:50:32.697856,-453.8116152654261,-762.6499947128581,232.04316352380465,22.618379413940573
2026-09-07 14:50:32.797607,-454.4319813079304,-763.4452612146287,231.96502450209474,22.639298473197016
2026-09-07 14:50:32.896584,-455.0491796148568,-764.2342458088208,231.87641568383123,22.6462173870526
2026-09-07 14:50:32.995919,-455.6700238598703,-765.025366960777,231.9208803420963,22.56028613474576
2026-09-07 14:50:33.100082,-456.4659506634462,-766.0429562920456,232.01474166751365,23.41964737319559
2026-09-07 14:50:33.198705,-457.10143355862004,-766.8567688122267,232.0478511303823,23.29124349889184
2026-09-07 14:50:33.299108,-457.63615141996576,-768.0858304142245,233.1634427532859,23.343158639890884
2026-09-07 14:50:33.399387,-458.2635305851063,-768.9233508435241,233.2083299679249,23.3186238876875
2026-09-07 14:50:33.500077,-458.8921606688745,-769.7639127690928,233.1970621709734,23.302786903021698
2026-09-07 14:50:33.718779,-460.25699739281725,-771.5881326587436,233.09916606494943,23.24163409790359
2026-09-07 14:50:33.815976,-460.8633561255143,-772.3957021859532,233.0012738756291,23.15500442340578
2026-09-07 14:50:33.915962,-461.48620209457096,-773.222284939801,232.96770682986505,22.982015603892986
2026-09-07 14:50:34.017413,-462.1139402077697,-774.0543454038879,232.9790597871451,22.897799802105112
2026-09-07 14:50:34.117229,-462.729136740683,-774.870118285828,232.99022977841048,22.843723684755435
2026-09-07 14:50:34.215942,-463.3359414155663,-775.675089655678,232.87976418694416,22.75574283083297
2026-09-07 14:50:34.317350,-464.05229104148805,-777.0120787052583,233.69485654752253,22.967457201015556
2026-09-07 14:50:34.416708,-464.65630445705,-777.834188640033,233.7726877163234,22.974402748393864
2026-09-07 14:50:34.517279,-465.26674548305425,-778.6674168492196,233.71641531552837,22.843462642712606
2026-09-07 14:50:34.616981,-465.86926917504485,-779.4881461895177,233.6383146775145,22.930582573255734
2026-09-07 14:50:34.717605,-466.4808167134842,-780.3187914615241,233.54823138817505,22.98597568684736
2026-09-07 14:50:34.819194,-467.101041490427,-781.158454464771,233.53686298789194,22.898094577564635
2026-09-07 14:50:34.916601,-467.8263465217355,-782.1378027821872,233.4928769313072,23.378187950935757
2026-09-07 14:50:35.018280,-468.4585386011571,-782.9919392450253,233.4359845722729,23.384407271704035
2026-09-07 14:50:35.115271,-469.0625522722037,-783.8063123836814,233.3382998563417,23.32931908922875
2026-09-07 14:50:35.215514,-469.6867779317683,-784.6449447130699,233.42804205674375,23.27939127411433
2026-09-07 14:50:35.314890,-470.5026438149076,-786.0005105034599,233.97708253034946,23.46078494816496
2026-09-07 14:50:35.415683,-471.12433823975294,-786.8554801126159,233.94324456059678,23.474876668145278
2026-09-07 14:50:35.515748,-471.6863879111228,-787.6288901392535,233.83052672720873,23.220796935408835
2026-09-07 14:50:35.616563,-472.30402012657595,-788.4737216258565,233.5823274532723,23.167060526544415
2026-09-07 14:50:35.718787,-472.93253156686245,-789.3256635230939,233.49081176944503,23.238519456394094
2026-09-07 14:50:35.946396,-474.33931087782065,-791.2261791701014,233.21063328141548,23.27232998823968
2026-09-07 14:50:36.043810,-474.94624813759003,-792.0378029349978,233.06891776608086,23.26381792136647
2026-09-07 14:50:36.145261,-475.5801946711824,-792.8811871692064,232.9780941078405,23.229245118527242
2026-09-07 14:50:36.245347,-476.2059983311034,-793.7109963924928,232.91089287282082,23.279094736989794
2026-09-07 14:50:36.344054,-476.8254655290318,-794.5304026033544,232.95507642366766,23.22303191438164
2026-09-07 14:50:36.446600,-477.4668206443801,-795.3801226001715,232.89769895290647,23.18091755171275
2026-09-07 14:50:36.545769,-477.9685745923617,-796.0414263421011,232.93054121241587,22.702704676847876
2026-09-07 14:50:36.647013,-478.5879501999363,-796.8612957045958,232.88522204131414,22.697396636739608
2026-09-07 14:50:36.745940,-479.1936430194217,-797.6617359676651,232.84094001334626,22.693938927418294
2026-09-07 14:50:36.844827,-479.7996168091509,-798.4612625941139,232.80774192106864,22.660239892866016
2026-09-07 14:50:36.943689,-480.4050001479672,-799.2590495090354,232.59754049190803,22.63864340891044
2026-09-07 14:50:37.045235,-481.029225638204,-800.0754299256292,232.4270866669148,22.62710834982736
2026-09-07 14:50:37.146153,-481.6516842990094,-800.8844999111151,232.2802736176966,22.606826380512533
2026-09-07 14:50:37.255969,-482.3306700511383,-801.762379989851,232.21882837040158,22.56748377414621
2026-09-07 14:50:37.345824,-482.7637839974496,-802.3173929658822,232.14824598831262,22.039290066172523
2026-09-07 14:50:37.444374,-483.35958399556097,-803.08406273571,232.04899112182994,22.034984400711938
2026-09-07 14:50:37.545149,-483.970073492576,-803.866832342713,231.97004995920685,22.002403117787033
2026-09-07 14:50:37.645284,-484.5768584351297,-804.6426454042844,231.89161013465448,21.982278511697533
2026-09-07 14:50:37.744553,-485.1788969071617,-805.4102220270948,231.80273990439693,22.10371671493438
2026-09-07 14:50:37.837296,-485.7455820341431,-806.1304212352479,231.65744116472635,22.197722110145097
2026-09-07 14:50:37.936085,-486.35372882831086,-806.899293758115,231.60216584478184,22.255557949429615
2026-09-07 14:50:38.036683,-486.97538241178705,-807.6836862896052,231.65845335286247,22.25379989226471
2026-09-07 14:50:38.137114,-487.5951854312583,-808.4673240869093,231.83827436637117,22.29153537349961
2026-09-07 14:50:38.236133,-488.20487863813634,-809.2431718471319,231.96016319197207,22.326144622671944
2026-09-07 14:50:38.342737,-490.59778369538833,-810.0916013855452,229.64056726497418,22.735989077839402
2026-09-07 14:50:38.442744,-491.25602393607426,-810.8661414746309,229.61818453442044,22.735115213434092
2026-09-07 14:50:38.542230,-491.70312640320486,-811.3717346591807,229.62693234616933,21.69327144211769
2026-09-07 14:50:38.642937,-492.33575157539224,-812.115775038244,229.60439294746845,21.849028084070873
2026-09-07 14:50:38.736833,-492.93010097444864,-812.8142417131301,229.41525778880265,21.870360207594494
2026-09-07 14:50:38.836696,-493.56528899320864,-813.5557278171077,229.43760829048045,21.844182023735108
2026-09-07 14:50:38.936481,-494.1989324553673,-814.2959951586508,229.33710959081557,21.74129492540498
2026-09-07 14:50:39.043167,-494.8745876530503,-815.0825466813521,229.44455864901516,21.468152788375857
2026-09-07 14:50:39.142852,-495.4966112282846,-815.8094173118718,230.01348056077074,21.415018692084136
2026-09-07 14:50:39.241508,-496.1035348468866,-816.5330664201769,230.58756994754694,21.274503022345414
2026-09-07 14:50:39.342519,-496.71346279340474,-817.2752765060172,230.82494804065695,21.346879288311545
2026-09-07 14:50:39.443273,-497.3208257819385,-818.0206395045204,230.813673081733,21.279969517933058
2026-09-07 14:50:39.533495,-497.9428562623978,-818.7826184210363,230.8025788831025,21.517454591595158
2026-09-07 14:50:39.642314,-498.6043949620167,-819.5938195493496,230.8512888005309,21.495584720820172
2026-09-07 14:50:39.745188,-499.2285053087087,-820.3604545543918,230.72465460866,21.553115366847372
2026-09-07 14:50:39.842256,-499.82056983650426,-821.0844514487142,230.7789669790289,21.560749016800397
2026-09-07 14:50:39.942432,-500.431099167441,-821.832473557632,230.81259781110995,21.47233956238916
2026-09-07 14:50:40.136733,-501.6095755739698,-823.278077229566,230.76911098589443,21.36537763120011
2026-09-07 14:50:40.236810,-502.21410211005525,-824.018484661034,230.8475053766841,21.3225283038888
2026-09-07 14:50:40.349806,-502.5524872166123,-826.4279371099055,234.33874460078232,21.983576787482534
2026-09-07 14:50:40.441010,-503.0750291746793,-827.1561698584858,234.34895085913138,22.07921000822341
2026-09-07 14:50:40.550001,-503.70204031981405,-828.0303232216418,234.47091813071165,22.122066518197347
2026-09-07 14:50:40.649154,-504.27186446649705,-828.8283301278805,234.30448116510442,22.19484429675184
2026-09-07 14:50:40.737931,-504.785817236682,-829.5436891494911,234.1057879065953,22.20027445086277
2026-09-07 14:50:40.838058,-505.3684149926941,-830.3486875747057,233.9377159969672,22.241395360415048
2026-09-07 14:50:40.937516,-506.02221783462943,-831.241784435275,233.79052743174475,22.685056768039342
2026-09-07 14:50:41.037773,-506.622833501579,-832.062137068209,233.86906282386678,22.687684914779567
2026-09-07 14:50:41.137683,-507.22031845909396,-832.8805648283954,233.93614588634125,22.72347860424248
2026-09-07 14:50:41.237556,-507.81756463529774,-833.7006800585317,233.91379314654705,22.74005978091291
2026-09-07 14:50:41.337581,-508.18153637885814,-835.4012643346075,236.05386276706977,23.238599772438636
2026-09-07 14:50:41.437507,-508.76121941552674,-836.2624249545794,235.9979512625422,23.267413941053302
2026-09-07 14:50:41.537668,-509.343829269615,-837.1261129655715,235.95311686744992,23.20965007694159
2026-09-07 14:50:41.637332,-509.9227796347656,-837.982929017113,235.86389301480318,23.251451705431208
2026-09-07 14:50:41.736949,-510.5038345459958,-838.8399796359458,235.83044984878117,23.218374355669443
2026-09-07 14:50:41.837342,-511.0890860702687,-839.7021363454581,235.80798072693483,23.20697027095387
2026-09-07 14:50:41.937928,-511.75915710276485,-840.6839906543337,235.79714636597325,23.717086575183576
2026-09-07 14:50:42.037694,-512.3537542919711,-841.5588201220621,235.79714636597325,23.73800878013168
2026-09-07 14:50:42.137651,-512.950015358082,-842.4360976480278,235.77477482600142,23.719666802554173
2026-09-07 14:50:42.244798,-513.5890390218647,-843.3755025056931,235.60690960642165,23.80673842051621
2026-09-07 14:50:42.337341,-514.2751354733933,-844.6891358937598,236.0420982767592,24.258798252510733
2026-09-07 14:50:42.444239,-514.9226856688815,-845.6506917678968,236.26938593404319,24.139236244636713
2026-09-07 14:50:42.542452,-515.5112011060313,-846.532112814638,236.35731078393877,24.176996533145573
2026-09-07 14:50:42.644163,-516.1202270749397,-847.4472905274916,236.4369851534903,24.113006244245252
2026-09-07 14:50:42.744145,-516.7160673296537,-848.3453593697449,236.3810423153333,24.139215622880272
2026-09-07 14:50:42.843402,-517.309101078734,-849.2373065038274,236.28107539212203,24.14702142080943
2026-09-07 14:50:42.944300,-518.0278414446035,-850.3121356428227,236.23842828828805,24.811614110727227
2026-09-07 14:50:43.044055,-518.6427439827492,-851.2320000970951,236.28308094832965,24.920571913370726
2026-09-07 14:50:43.144025,-519.2609561418697,-852.1583773954516,236.23833204928337,24.916204207880167
2026-09-07 14:50:43.244088,-519.880358831569,-853.084970490094,236.13755336125848,24.968665431987628
2026-09-07 14:50:43.344383,-520.8408939612153,-854.2842171752677,235.60447459051363,25.50839814350448
2026-09-07 14:50:43.444120,-521.4833736725083,-855.2226923430619,235.59331343980799,25.517984700006696
2026-09-07 14:50:43.545025,-522.1338066308803,-856.1723879474813,235.77398314705073,25.38396460393028
2026-09-07 14:50:43.746108,-523.4172359963536,-858.0590535395692,235.81898786280007,25.42086306904246
2026-09-07 14:50:43.844737,-524.0469309203635,-858.9862823193262,235.6755047950486,25.418277598852434
2026-09-07 14:50:43.944851,-524.7882720872686,-860.0732330817463,235.5431132939811,26.086327216315755
2026-09-07 14:50:44.044416,-525.4452006976544,-861.030612645855,235.56539709979057,26.083717209730775
2026-09-07 14:50:44.145050,-526.1087397634094,-861.9984326354075,235.47530485798558,26.155823348163576
2026-09-07 14:50:44.244094,-526.7651014312531,-862.9525635287049,235.4309704580942,26.211212127691134
2026-09-07 14:50:44.344827,-527.8098934086181,-864.002453172856,234.51526619535383,26.321162070671797
2026-09-07 14:50:44.445072,-528.4946022365541,-864.9629207595002,234.51526619535383,26.283496476219955
2026-09-07 14:50:44.545034,-529.17640102181,-865.9193063165927,234.49289353632383,26.351627229340483
2026-09-07 14:50:44.645216,-529.8618467345492,-866.8800136949709,234.6162139730718,26.444418946804245
2026-09-07 14:50:44.744283,-530.6195926348769,-867.9494272457828,234.55082834520337,26.932023223106288
2026-09-07 14:50:44.845486,-531.3262715750623,-868.9420159733746,234.51685273129283,26.817062261139796
2026-09-07 14:50:44.944797,-532.0173539762973,-869.9114808105176,234.40571794302676,26.743300728684645
2026-09-07 14:50:45.045601,-532.7187985337841,-870.8914548065691,234.41699849724168,26.696616811976966
2026-09-07 14:50:45.145662,-533.4136662915654,-871.862644432754,234.21544514980133,26.602188495998533
2026-09-07 14:50:45.245816,-534.1101229947709,-872.8288543466805,234.08095136461338,26.53217658431278
2026-09-07 14:50:45.346065,-535.0597257899763,-873.9796333645942,233.74264724672668,26.530164086622527
2026-09-07 14:50:45.445644,-535.7581914298759,-874.9319639907271,233.82065153383007,26.517982343238263
2026-09-07 14:50:45.546488,-536.4638921740875,-875.89691135621,233.94478686875465,26.57085303154356
2026-09-07 14:50:45.767702,-538.0104231385353,-878.0212207164178,234.1428279401485,26.62304335917084
2026-09-07 14:50:45.859001,-538.646917822521,-878.9018888000612,234.03044215672776,26.58554799906604
2026-09-07 14:50:45.964171,-539.3810677937199,-879.9134893899571,234.28936312721723,26.542355992338454
2026-09-07 14:50:46.059422,-540.0407565950837,-880.8311839385439,234.44925024521726,26.562331344096688
2026-09-07 14:50:46.164715,-540.7677072001176,-881.8484240177498,234.64955953566374,26.51080834000309
2026-09-07 14:50:46.264033,-541.8038150448289,-883.472352863521,234.93622399653373,26.951873238027147
2026-09-07 14:50:46.359199,-542.4357361245692,-884.3734303522039,234.9582742703099,26.76500057798113
2026-09-07 14:50:46.464915,-543.1620042825234,-885.4090427788174,235.01742544830796,26.76684807764559
2026-09-07 14:50:46.789044,-545.385642422724,-888.5867836697835,234.79979392036506,26.76118357824397
2026-09-07 14:50:46.876423,-545.9882149213312,-889.4409781162877,234.9758018549848,26.816920577100337
2026-09-07 14:50:46.976998,-546.680202763546,-890.4283513772727,235.04333142167854,26.803738162984708
2026-09-07 14:50:47.192369,-548.1588031969683,-892.5434142941992,235.01923015345682,26.863959563754218
2026-09-07 14:50:47.287499,-549.0900825179094,-893.723102746108,234.79697797046813,26.51395699972772
2026-09-07 14:50:47.387593,-549.774009547433,-894.692522557818,234.7409724650523,26.545443485836348
2026-09-07 14:50:47.487388,-550.4576488766738,-895.6595265339465,234.6963019000796,26.549803545548567
2026-09-07 14:50:47.588448,-551.1508311134135,-896.6384089404825,234.57190067692818,26.475626039061453
2026-09-07 14:50:47.688103,-551.834554883682,-897.5995031854333,234.47153290707195,26.486946291094267
2026-09-07 14:50:47.787838,-552.520804718549,-898.5605795734247,234.46037198017794,26.54097852604528
2026-09-07 14:50:47.887857,-553.2106007037731,-899.526224457604,234.43798656388452,26.57943317356004
2026-09-07 14:50:47.986780,-553.8942000709242,-900.4824046462384,234.26086561398535,26.497315897631154
2026-09-07 14:50:48.087453,-554.5907388860927,-901.4503451709248,234.1932702466699,26.494676845826504
2026-09-07 14:50:48.188433,-555.2904770166631,-902.4203158610463,234.3514737416176,26.41967569240623
2026-09-07 14:50:48.287873,-556.1610558599127,-903.5823929707566,234.38652818515754,25.948258671992562
2026-09-07 14:50:48.387660,-556.8350962209861,-904.5234150464969,234.1855267572183,25.85844864205956
2026-09-07 14:50:48.603232,-558.2932983055572,-906.5441859817753,233.94428914430435,25.901773169786384
2026-09-07 14:50:48.702456,-558.9695243952611,-907.4730307443551,234.03311908846695,25.88876783189716
2026-09-07 14:50:48.802063,-559.6465741355732,-908.4060434309714,234.25605114744974,25.89311967785893
2026-09-07 14:50:48.902031,-560.322542729743,-909.345232216112,234.28961215029955,25.838961213292006
2026-09-07 14:50:49.001989,-560.9964809401571,-910.2827577466015,234.35672744164995,25.834594032083388
2026-09-07 14:50:49.202188,-562.2295466157584,-912.0025021973423,234.4464258257945,25.235141861002113
2026-09-07 14:50:49.302483,-563.107727656711,-913.3002659919772,234.5616698575921,25.219078782926328
2026-09-07 14:50:49.402875,-563.7639827075562,-914.2223994741983,234.51673206152276,25.212060954544082
2026-09-07 14:50:49.503104,-564.4197115809835,-915.1422655448613,234.47186722804759,25.206806129053074
2026-09-07 14:50:49.607079,-565.1005530047761,-916.095779347842,234.5765858961606,25.10868414192664
2026-09-07 14:50:49.702157,-565.635943851647,-916.8491752833592,234.65146323180892,24.62341617011466
2026-09-07 14:50:49.802522,-566.2751147119263,-917.7502890747954,234.66269465936915,24.653233919225475
2026-09-07 14:50:50.019926,-567.6609376753005,-919.7048573359439,234.44373570459697,24.695026949491226
2026-09-07 14:50:50.119179,-568.2151157068323,-920.4799929942319,234.4439635981515,24.105415392685874
2026-09-07 14:50:50.218701,-568.8387485744694,-921.3524877971042,234.49964905292396,24.118459789579887
2026-09-07 14:50:50.319005,-569.7716537247322,-922.5240987134046,234.440015360318,24.168508943176356
2026-09-07 14:50:50.418789,-570.3986253908597,-923.401136910698,234.59634510422632,24.23564646163108
2026-09-07 14:50:50.519057,-571.0279746697638,-924.2865977503427,234.6412273950093,24.30836649926753
2026-09-07 14:50:50.619203,-571.6577492367351,-925.1741284457177,234.60760663445197,24.293490156406712
2026-09-07 14:50:50.719317,-572.1831439837355,-925.9141029327469,234.55170191939106,23.619940096561663
2026-09-07 14:50:50.818795,-572.7923389673167,-926.7697950340039,234.47377674970198,23.57995496519758
2026-09-07 14:50:50.918679,-573.3307619005514,-927.523739617817,232.8642600304812,23.06454113001527
2026-09-07 14:50:51.018751,-573.9536769653297,-928.3463139640148,232.75227363892978,23.13624458496337
2026-09-07 14:50:51.118520,-574.5782432928048,-929.1677280294205,232.65179105370288,23.086552854008087
2026-09-07 14:50:51.219018,-575.2074690132188,-929.9922647170298,232.64054474266868,23.043523269826583
2026-09-07 14:50:51.319674,-576.0022354988015,-931.0663454392595,232.67855335609846,22.460287706100335
2026-09-07 14:50:51.418681,-576.6049410937169,-931.8568955774172,232.62315605881085,22.439524673150263
2026-09-07 14:50:51.518431,-577.2123774585195,-932.652055182379,232.50036739851646,22.42034906106857
2026-09-07 14:50:51.619166,-577.8270058865833,-933.4530651796837,232.39891190409602,22.397463193053404
2026-09-07 14:50:51.725617,-578.3953936476216,-934.1881916039348,232.32729026883783,21.797566394611845
2026-09-07 14:50:51.819516,-578.9545886134043,-934.9124180087981,232.3167824243056,21.758182754445418
2026-09-07 14:50:51.918316,-579.5420468211232,-935.6729604129799,232.41628907888185,21.735736496839834
2026-09-07 14:50:52.024944,-580.1739707580879,-936.494013131158,232.42822137258872,21.715238680648888
2026-09-07 14:50:52.125465,-580.6834021668706,-937.1548593250335,232.52938661094106,21.15845129078575
2026-09-07 14:50:52.222928,-581.244226334199,-937.8865163032576,232.62754670279293,21.201884668182068
2026-09-07 14:50:52.323789,-582.06318672481,-938.9630559084509,232.6397984157814,21.280523358810363
2026-09-07 14:50:52.425192,-582.6485724896886,-939.7298119326013,232.61710324418,21.25039722706041
2026-09-07 14:50:52.635310,-583.784147416158,-941.2154490142535,232.71193057457728,20.469879042470914
2026-09-07 14:50:52.734606,-584.2785525597589,-941.8646127841984,232.7679654930721,19.989552405360694
2026-09-07 14:50:52.834580,-584.8190874656133,-942.5759150633389,232.82390385499633,20.011391806616732
2026-09-07 14:50:52.934964,-585.29487505735,-943.2034808949261,232.68949344101708,19.504098789329717
2026-09-07 14:50:53.034401,-585.8203948979105,-943.893061934617,232.68949344101708,19.484983347339067
2026-09-07 14:50:53.134279,-586.2827706885323,-944.4996457068277,232.62269023589823,18.93607093341551
2026-09-07 14:50:53.234255,-586.7965356483779,-945.1721741907933,232.6674418206842,18.97276186152038
2026-09-07 14:50:53.334526,-587.5282296103067,-946.1809440596422,232.8062407438518,19.007696579855214
2026-09-07 14:50:53.434743,-588.0430105429359,-946.859296306004,232.92960426434024,19.03046476405014
2026-09-07 14:50:53.534154,-588.474529914245,-947.4310882926341,233.06426416755465,18.341025276760146
2026-09-07 14:50:53.634037,-588.966657171292,-948.0856895375654,233.0419091896441,18.36982704610685
2026-09-07 14:50:54.178262,-591.50050713376,-951.4541505560655,233.46901183222855,17.321252600544764
2026-09-07 14:50:54.278881,-592.1894968637804,-952.5105954667624,233.82225651892722,17.405642623236954
2026-09-07 14:50:54.378545,-592.6472610110782,-953.1365609072975,233.90032738999312,17.434381242823566
2026-09-07 14:50:54.478809,-593.1076814555755,-953.7679625139923,233.97886826550035,17.46329287545152
2026-09-07 14:50:54.578734,-593.5664416644624,-954.3989022850855,234.0571435884982,17.492106755711117
2026-09-07 14:50:54.678897,-593.8846392688513,-954.8417003437911,234.13679200902894,16.502953444187956
2026-09-07 14:50:54.779124,-594.3178316024919,-955.4409418302979,234.21530390092894,16.53185440767836
2026-09-07 14:50:54.879127,-594.7499915788612,-956.0404838859205,234.29364032450422,16.560690779633333
2026-09-07 14:50:54.979303,-595.1828313201513,-956.6427030569124,234.3721122660267,16.58957703701522
2026-09-07 14:50:55.079609,-595.4912033716877,-957.0761268829186,234.45121588197048,15.80236378244568
2026-09-07 14:50:55.179533,-595.9016060904204,-957.6504552753594,234.52949042162763,15.831177374350206
2026-09-07 14:50:55.279766,-596.4676887629148,-958.4789431259728,234.6715651411921,15.271641352862684
2026-09-07 14:50:55.379927,-596.863106228143,-959.0368239684063,234.75002533260357,15.300523284918542
2026-09-07 14:50:55.480055,-597.2583754683412,-959.5961175316238,234.82845967377074,15.329395701257123
2026-09-07 14:50:55.579997,-597.6528889157003,-960.1559661657802,234.90674831356114,15.358214483552892
2026-09-07 14:50:55.680489,-597.953546961868,-960.5866194075421,234.98581893173903,14.636521868219106
2026-09-07 14:50:55.780249,-598.328075990591,-961.1212206265407,235.06396500351553,14.665288169892333
2026-09-07 14:50:55.880435,-598.6194848005263,-961.5406122815837,235.14265913889932,14.029977219261777
2026-09-07 14:50:55.980598,-598.9785336700373,-962.0561142764119,235.22112089699226,14.05885972802777
2026-09-07 14:50:57.956818,-604.9991885858448,-970.7060344908376,234.9947271262153,9.761871551125692
2026-09-07 14:50:58.056643,-605.2490891103548,-971.0628595308149,234.9947271262153,9.752276536208123
2026-09-07 14:50:58.282874,-605.8781565213002,-971.8752549018025,234.89462098959618,8.628415735415718
2026-09-07 14:50:58.375321,-606.0832255562801,-972.1669804037115,234.88427563231366,8.639725003741818
2026-09-07 14:50:58.480275,-606.3164030603091,-972.4985649578027,234.8607857055831,8.650730101160393
2026-09-07 14:50:58.574765,-606.5267225060179,-972.7973843137502,234.8290637629687,8.589631506795236
2026-09-07 14:50:58.681455,-606.6621132784658,-972.9891013375184,234.8157831347069,7.704421991025296
2026-09-07 14:50:58.775260,-606.8482753114799,-973.2531572376611,234.80528580932167,7.691307252970534
2026-09-07 14:50:58.880695,-606.9816873589261,-973.4420183056603,234.79279762188338,7.085266283587704
2026-09-07 14:50:58.979205,-607.161578004799,-973.6969615085833,234.82586914867926,7.074936880737847
2026-09-07 14:50:59.079480,-607.2770631732897,-973.8607039608995,234.82544736854845,6.506759954376422
2026-09-07 14:50:59.175001,-607.4371239004835,-974.0878185887046,234.82544736854845,6.47754665865624
2026-09-07 14:50:59.280947,-607.6831677954337,-974.4273902603953,234.779457035517,5.950600438301533
2026-09-07 14:50:59.379844,-607.8348935358925,-974.6423115710653,234.75732273588224,5.96442708133124
2026-09-07 14:50:59.479185,-607.9877381630757,-974.858640371824,234.6906217198751,5.981787978846004
2026-09-07 14:50:59.579068,-608.1421178681778,-975.0766029913907,234.7017992088304,5.971314608174476
2026-09-07 14:50:59.787676,-608.3689626991268,-975.3966479812447,234.7011345348996,5.2154578911960625
2026-09-07 14:50:59.883060,-608.4316482552452,-975.4849739754231,234.67940467247035,4.684147625636635
2026-09-07 14:50:59.983164,-608.5528390505642,-975.6560074808904,234.66820245232896,4.688521185608898
2026-09-07 14:51:00.083078,-608.6079890559997,-975.7335802691538,234.69030827992816,4.130418697032102
2026-09-07 14:51:00.184328,-608.7160478403716,-975.8861424373566,234.71296920834885,4.1525368415214094
2026-09-07 14:51:00.284257,-608.926542262663,-976.242353391551,234.94478005273885,4.188209246335193
2026-09-07 14:51:00.384364,-609.0341956393887,-976.3957834117518,234.95598260859765,4.203954534089085
2026-09-07 14:51:00.603267,-609.1780614011178,-976.6013447776983,234.90619111778477,3.4406748823887114
2026-09-07 14:51:00.703559,-609.2667486832088,-976.7275630048589,234.88374460091399,3.4748527174258443
2026-09-07 14:51:00.803440,-609.3559996115341,-976.8544776764726,234.85021280548307,3.4940535125168877
2026-09-07 14:51:00.910369,-609.3644320566766,-976.8663514775449,234.82587300978676,2.8016275653915934
2026-09-07 14:51:01.018241,-609.4422600252459,-976.9767854940023,234.81380150524058,2.7884313189706917
2026-09-07 14:51:01.110925,-609.5088350119241,-977.0712098336934,234.8241733842023,2.786811567382467
2026-09-07 14:51:01.217723,-609.4963656838693,-977.0533932396286,234.84784291482953,2.114298209061437
2026-09-07 14:51:01.307207,-609.5450615170129,-977.1225465029196,234.84784291482953,2.125245006327901
2026-09-07 14:51:01.454986,-609.4920387147541,-977.0472337807564,234.8476135962134,1.084191266107625
2026-09-07 14:51:01.518800,-609.4766111063987,-977.025321481895,234.84756310876566,0.8037024073622703
2026-09-07 14:51:01.607459,-609.4731444504041,-977.0203964345469,234.84753533166554,0.5964985485090698
2026-09-07 14:51:01.719499,-609.4752936194855,-977.0234472916225,234.847520281978,0.43544754669360664
2026-09-07 14:51:01.800206,-609.4743957247546,-977.0221715652875,234.84751214815472,0.32238634712142866
2026-09-07 14:51:01.902343,-609.4717750235576,-977.0184493836599,234.8475051603819,0.1870466337621305
2026-09-07 14:51:02.002181,-609.4733536014307,-977.0206909803636,234.84750361264685,0.14281192683282684
2026-09-07 14:51:02.103136,-609.4745655758194,-977.022412020315,234.8475027290886,0.1067796426315288
2026-09-07 14:51:02.204804,-609.4754591397146,-977.0236809207777,234.84750224116829,0.07886388857953919
2026-09-07 14:51:02.307508,-609.4761153021362,-977.0246127081048,234.8475019770001,0.05781228087430142
2026-09-07 14:51:02.416783,-609.4766649770773,-977.0253932837361,234.84750183628606,0.042008298588665
2026-09-07 14:51:02.510711,-609.4769055004942,-977.0257348421932,234.84750176150527,0.030723649209393033
2026-09-07 14:51:02.627594,-609.4772414553606,-977.026211924604,234.8475017220307,0.02217494188499673
2026-09-07 14:51:02.707262,-609.4772902785937,-977.0262812562078,234.84750170104925,0.01633016175189821
2026-09-07 14:51:02.815480,-609.4774398476949,-977.02649365664,234.84750168978576,0.011904238546761453
2026-09-07 14:51:02.907839,-609.4775033487189,-977.0265838332189,234.84750168376337,0.00873137469911193
2026-09-07 14:51:03.016155,-609.477582486918,-977.0266962161971,234.84750168055052,0.00635079144576477
2026-09-07 14:51:03.115083,-609.4776249295116,-977.0267564882939,234.8475016788467,0.004630290996680042
2026-09-07 14:51:03.204030,-609.4776458715013,-977.0267862276963,234.84750167793322,0.0034049807846720822
2026-09-07 14:51:03.325212,-609.4776866566511,-977.0268441461757,234.84750167744846,0.002457030784191563
2026-09-07 14:51:03.414349,-609.4776970328526,-977.0268588812781,234.8475016771927,0.0017966819299999025
2026-09-07 14:51:03.528197,-609.47771512093,-977.0268845679365,234.8475016770574,0.0012994886322171537
2026-09-07 14:51:03.615798,-609.4777201567132,-977.0268917191878,234.8475016769857,0.0009524741090499498
2026-09-07 14:51:03.709299,-609.4777255080188,-977.0268993185117,234.8475016769471,0.0007000704905733417
2026-09-07 14:51:03.802715,-609.4777295497352,-977.0269050581045,234.84750167692619,0.0005153587588562659
2026-09-07 14:51:03.903221,-609.4777334018859,-977.0269105284982,234.8475016769149,0.00037773115399269286
2026-09-07 14:51:04.002720,-609.477736100673,-977.0269143610141,234.84750167690885,0.0002764120362551024
2026-09-07 14:51:04.103048,-609.4777381100766,-977.0269172145446,234.8475016769056,0.00020197308483116625
2026-09-07 14:51:04.202816,-609.477739539213,-977.0269192440444,234.84750167690387,0.00014752550616693757
2026-09-07 14:51:04.324401,-609.4777412885429,-977.0269217282477,234.84750167690297,0.00010604470144955166
2026-09-07 14:51:04.413976,-609.4777417282776,-977.0269223527098,234.84750167690248,7.736241719372782e-05
2026-09-07 14:51:04.523523,-609.4777424220599,-977.026923337942,234.84750167690223,5.6058888811658094e-05
2026-09-07 14:51:04.622431,-609.4777427788861,-977.0269238446666,234.84750167690208,4.079142829723198e-05
2026-09-07 14:51:04.701250,-609.4777428632236,-977.0269239644334,234.84750167690203,3.018980162950324e-05
2026-09-07 14:51:04.802424,-609.4777430951476,-977.0269242937859,234.84750167690197,2.2180893376424678e-05
2026-09-07 14:51:04.907882,-609.4777432836205,-977.0269245614339,234.84750167690194,1.6181654599252925e-05
2026-09-07 14:51:05.002132,-609.4777433772762,-977.0269246944333,234.84750167690194,1.1857134998677042e-05
2026-09-07 14:51:05.108240,-609.477743478616,-977.0269248383448,234.84750167690194,8.633691812217698e-06
2026-09-07 14:51:05.208601,-609.4777435393947,-977.026924924656,234.84750167690194,6.291779333737926e-06
2026-09-07 14:51:05.323161,-609.4777436032847,-977.0269250153854,234.84750167690194,4.540136769709594e-06
2026-09-07 14:51:05.422497,-609.4777436322042,-977.0269250564538,234.84750167690194,3.2953562256813043e-06
2026-09-07 14:51:05.522248,-609.477743653881,-977.0269250872368,234.84750167690194,2.3985005576139305e-06
2026-09-07 14:51:05.622035,-609.4777436698777,-977.0269251099536,234.84750167690194,1.7482490632966365e-06
2026-09-07 14:51:05.707234,-609.477743676043,-977.0269251187087,234.84750167690194,1.2889778681553696e-06
2026-09-07 14:51:05.809416,-609.4777436860394,-977.0269251329046,234.84750167690194,9.443853294521706e-07
2026-09-07 14:51:05.909342,-609.4972135473572,-977.0545740573638,234.88104857966042,0.4340932102741899
2026-09-07 14:51:06.009030,-609.5083423487611,-977.0703976120128,234.91451558162194,0.5664969101668169
2026-09-07 14:51:06.109486,-609.5521992518774,-977.1327682196179,234.9145155816554,1.0644013355682358
2026-09-07 14:51:06.209623,-609.5795873319804,-977.171758509415,234.92572149468876,1.1527763708698866
2026-09-07 14:51:06.309621,-609.645899700607,-977.2661398386825,234.97048292721018,1.642584189447333
2026-09-07 14:51:06.409893,-609.6881630929752,-977.3264320860418,235.0041459881672,1.6767552088192013
2026-09-07 14:51:06.509863,-609.774020518341,-977.4489081946822,234.97058431389843,2.2121588122506415
2026-09-07 14:51:06.614971,-609.8336839207652,-977.5340233252609,234.88824893586832,2.241548799723798
2026-09-07 14:51:06.714557,-609.9609565467167,-977.7151901586676,234.85481617710298,2.968871819998274
2026-09-07 14:51:06.809656,-610.0336127159003,-977.8183963284815,234.8016055195257,3.0087587708304144
2026-09-07 14:51:06.914726,-610.1857177211209,-978.034358612078,234.89566907505787,3.709200813675669
2026-09-07 14:51:07.009433,-610.2760259505635,-978.1628335811267,234.88507081062357,3.6967875211710832
2026-09-07 14:51:07.227372,-610.6128099747965,-978.641787935075,234.76312759880346,4.92766408638682
2026-09-07 14:51:07.322997,-610.7343454817077,-978.8138403248265,234.7203236228977,4.9844831420082425
2026-09-07 14:51:07.419437,-610.9623752121868,-979.1367744710536,234.63398604514862,5.869020267563057
2026-09-07 14:51:07.518701,-611.1131158883252,-979.3491538893951,234.6562024836548,5.885500336460694
2026-09-07 14:51:07.619910,-611.374116395979,-979.7178150315835,234.78078712044723,6.971935771003685
2026-09-07 14:51:07.719625,-611.5533481470185,-979.9717114421663,234.89237400822356,7.054710496489659
2026-09-07 14:51:07.819759,-611.820109705261,-980.3507331405366,234.90357958554108,7.896360333270217
2026-09-07 14:51:07.921595,-612.0267941906765,-980.6448544749885,234.93776770860256,7.9426323391309905
2026-09-07 14:51:08.021233,-612.3265358249754,-981.0714471387097,234.7928167722197,8.993066218508245
2026-09-07 14:51:08.122036,-612.5601790154436,-981.4025693340493,234.68001234912876,8.936693746246254
2026-09-07 14:51:08.456648,-613.4862181757643,-982.7101566895162,233.7064415683967,10.051982061478208
2026-09-07 14:51:08.543023,-613.7159658097908,-983.0229939027735,233.67744397295468,9.85272870886994
2026-09-07 14:51:08.643951,-614.1043870473744,-983.5559848168951,234.19698777763486,10.688221949626735
2026-09-07 14:51:08.744093,-614.3843007817918,-983.9440517773895,235.21677678082222,10.582341620825062
2026-09-07 14:51:08.844055,-614.754229266333,-984.4730205688159,235.9438881992983,11.513192901307521
2026-09-07 14:51:08.943909,-615.042034827404,-984.8988097876963,236.36850945938613,11.65454235409698
2026-09-07 14:51:09.044159,-615.3313142637255,-985.33369160008,236.45825792651405,11.722869398377135
2026-09-07 14:51:09.143907,-615.6201504846628,-985.7693855322043,236.75964223159514,11.633966070375168
2026-09-07 14:51:09.244084,-615.9057408721773,-986.2051431775078,236.19912276828634,11.833545840921426
2026-09-07 14:51:09.343910,-616.199519718352,-986.6439702443788,235.29426283207636,11.955665435924113
2026-09-07 14:51:09.444000,-616.6723289707265,-987.3297809105588,234.84623669368085,13.054749595835666
2026-09-07 14:51:09.787308,-617.9428070706775,-989.1369258320713,233.61685547661355,13.857165804426014
2026-09-07 14:51:09.885683,-618.3042948015812,-989.6275379708744,233.01137505273078,13.738540461196102
2026-09-07 14:51:10.101288,-619.2751023464295,-990.9289440680185,234.24187521608596,14.54250365339827
2026-09-07 14:51:10.200508,-619.6520393684608,-991.4523860636201,235.50765089134933,14.341362536272287
2026-09-07 14:51:10.300609,-620.1565782681204,-992.1799053032238,236.6950506402832,15.123591282374395
2026-09-07 14:51:10.401051,-620.5294540433479,-992.7474475755336,237.42565352032312,15.317555346691906
2026-09-07 14:51:10.501102,-620.9814525778203,-993.4451572892384,237.6047941464501,16.25858504037135
2026-09-07 14:51:10.600603,-621.3689097798483,-994.0558050791501,236.59153272161194,16.48637909613258
2026-09-07 14:51:10.701007,-621.7763483414184,-994.6735194358151,235.085936608731,16.76098445163768
2026-09-07 14:51:10.801546,-622.2075098715488,-995.291251817485,234.512140750919,16.75834891252205
2026-09-07 14:51:10.901058,-622.7310616649715,-996.0305291948919,234.9687155986673,17.07668234836105
2026-09-07 14:51:11.005654,-623.1894090147775,-996.6843569346985,235.77635377332078,16.844535686429232
2026-09-07 14:51:11.100401,-623.6746755079057,-997.3964807665882,236.14744969666728,17.550820846662045
2026-09-07 14:51:11.201011,-624.1144044223935,-998.0520385136663,236.12493200769538,17.680053462171845
2026-09-07 14:51:11.306290,-624.6459364738199,-998.8421844626727,235.948212016347,18.353028029548458
2026-09-07 14:51:11.400868,-625.0804339881197,-999.4850992544615,234.52997898614848,18.340631645136547
2026-09-07 14:51:11.506198,-625.6545441883085,-1000.2946771298598,234.74214570530873,18.801889399553318
2026-09-07 14:51:11.605660,-626.1371298049024,-1000.9773214174912,234.86457984796738,18.864464756344656
2026-09-07 14:51:11.705437,-626.6213856627505,-1001.6654431647873,234.92040798265953,18.89759523334336
2026-09-07 14:51:11.804565,-627.1026690795827,-1002.3507589455538,234.94259398278285,18.940904417085306
2026-09-07 14:51:11.904781,-627.6727969996418,-1003.1642377690264,234.89773496841036,19.628418242328777
2026-09-07 14:51:12.005539,-628.1811992510859,-1003.887560218026,233.44320752381833,19.670678722375307
2026-09-07 14:51:12.104685,-628.768716609467,-1004.6847203924763,233.44320752381833,20.23777271436636
2026-09-07 14:51:12.205113,-629.3098853057231,-1005.4145538466731,233.4319690461915,20.252690947354463
2026-09-07 14:51:12.305226,-629.915648083421,-1006.2343291701567,233.4207658188978,20.78474995579674
2026-09-07 14:51:12.405452,-630.4706182729957,-1006.9821632575158,233.4207658188978,20.801389738450418
2026-09-07 14:51:12.497614,-631.0486283503889,-1007.7632655901783,233.33825810590582,21.390916219328084
2026-09-07 14:51:12.602875,-631.6496398775776,-1008.5707090563496,233.26758219519496,21.352285710173422
2026-09-07 14:51:12.707125,-632.2447881144892,-1009.3682195666889,233.2092512868528,21.348641950666444
2026-09-07 14:51:12.797560,-632.7616843398644,-1010.0594016544431,233.1181694618872,21.32098411209215
2026-09-07 14:51:12.905280,-633.473814596832,-1011.0107364857101,233.10611496702558,22.02729267699882
2026-09-07 14:51:13.002139,-634.0464010393157,-1011.7735195626989,233.12779313854065,22.00105560753915
2026-09-07 14:51:13.102159,-634.7153486827709,-1012.6665982624963,233.16137159869825,22.63262346386644
2026-09-07 14:51:13.197188,-635.291813079842,-1013.4360920011046,233.0550286176172,22.60854283594444
2026-09-07 14:51:13.415322,-636.6992636884816,-1015.3085166965691,233.00620768961602,23.26391001098269
2026-09-07 14:51:13.514931,-637.3226083573953,-1016.1359095086044,233.05079499665914,23.20646449086704
2026-09-07 14:51:13.614650,-637.9444572926077,-1016.9626548601302,233.18470463347003,23.144598793376325
2026-09-07 14:51:13.714516,-638.6596253289807,-1017.9181903368659,233.26293373936448,23.865887664999665
2026-09-07 14:51:13.814514,-639.2977724775386,-1018.7731755217899,233.30769517186258,23.932295382989107
2026-09-07 14:51:13.914863,-639.9392691188796,-1019.6340505651757,233.28523589772834,23.884068478307757
2026-09-07 14:51:14.014405,-640.5746585934733,-1020.4860326768456,233.3632112012245,23.920600129558206
2026-09-07 14:51:14.114403,-641.3104177160645,-1021.4749108793054,233.396782275598,24.64830432918829
2026-09-07 14:51:14.330903,-642.7328587199312,-1023.3900046135574,233.17873378657217,24.716408553642474
2026-09-07 14:51:14.430054,-643.4742377906856,-1024.3806768310496,233.33407182110932,25.30570536790918
2026-09-07 14:51:14.529734,-644.1476097495299,-1025.2851966810952,233.42330999770098,25.330093565833305
2026-09-07 14:51:14.752379,-645.6499496650388,-1027.3098193990734,233.54788635345966,25.477949986679317
2026-09-07 14:51:14.850625,-646.3948554631443,-1028.3175413459496,233.67981794300752,26.051023607432544
2026-09-07 14:51:14.949861,-647.0793657490755,-1029.2487015556055,233.69092302889769,26.090044339637718
2026-09-07 14:51:15.051182,-647.7791202346928,-1030.2009856203724,233.5662005241389,26.098897801436436
2026-09-07 14:51:15.150224,-648.4653927372856,-1031.130674279417,233.39994988172091,26.012354581031104
2026-09-07 14:51:15.251643,-649.168555682528,-1032.0774822581384,233.36590175283945,25.946775595509678
2026-09-07 14:51:15.343038,-649.8011278934887,-1032.928183302322,233.31476359103672,25.86132406118109
2026-09-07 14:51:15.450247,-650.6655773561487,-1034.089252988154,233.36275283498844,26.610785784854368
2026-09-07 14:51:15.547330,-651.3547646476459,-1035.0159852256268,233.3736169876495,26.541224004169194
2026-09-07 14:51:15.647075,-652.060818295533,-1035.9657732607764,233.40710312550613,26.485443201556453
2026-09-07 14:51:15.749177,-652.781470075319,-1036.9363830703421,233.44138054941146,26.49168839563864
2026-09-07 14:51:15.848961,-653.4853593727116,-1037.8856022772889,233.4972126008073,26.53789993431527
2026-09-07 14:51:15.948702,-654.1892461446326,-1038.8367538768698,233.51953579746518,26.50826757129966
2026-09-07 14:51:16.049075,-655.0404881985963,-1039.9873947383905,233.51953579746518,27.311185005414675
2026-09-07 14:51:16.149455,-655.7691424931697,-1040.9728170156513,234.96860649049347,27.311185005414675
2026-09-07 14:51:16.249294,-656.4688525153762,-1041.970942060026,234.91274366499732,27.300716248424248
2026-09-07 14:51:16.350082,-657.1759244357855,-1042.9774794443263,234.92402242871913,27.2038404794774
2026-09-07 14:51:16.449955,-657.8738953290158,-1043.9714771911003,235.10284434707256,27.15147886893919
2026-09-07 14:51:16.550108,-658.5693674090056,-1044.9685185150424,235.17009056823164,27.1383517665686
2026-09-07 14:51:16.650415,-659.2644002109658,-1045.967426575248,235.0915160090728,27.109427734672682
2026-09-07 14:51:16.751997,-659.9689025375922,-1046.976988371111,234.86416367022522,27.04906911184251
2026-09-07 14:51:16.960288,-661.4775593710931,-1049.119449645205,234.9340905952871,27.111974070223127
2026-09-07 14:51:17.059023,-662.1650749840276,-1050.098923693148,235.0556298271083,27.14475855609128
2026-09-07 14:51:17.158430,-662.8560109673851,-1051.087724480879,235.17799626674625,27.18992687855683
2026-09-07 14:51:17.259562,-663.5579527459672,-1052.0968591636774,235.3024861193066,27.18550840509808
2026-09-07 14:51:17.359585,-664.2499144614636,-1053.0962714432574,235.38083820969655,27.183760396670422
2026-09-07 14:51:17.465026,-664.9778698213353,-1054.150748152597,235.43983551719302,27.209558109123446
2026-09-07 14:51:17.559393,-665.6290165213626,-1055.0960444514776,235.49263659947144,27.183996070142037
2026-09-07 14:51:17.666429,-666.3658999314284,-1056.1679213335112,235.48065864819029,27.193348910491892
2026-09-07 14:51:17.759097,-667.0042811930784,-1057.0961004427027,235.51176891359603,27.203065742319023
2026-09-07 14:51:17.865811,-667.7391060456002,-1058.1657478586626,235.5237108312034,27.223580090867248
2026-09-07 14:51:18.075551,-669.1057085513816,-1060.1576181201472,235.17164393291023,26.87932541225116
2026-09-07 14:51:18.174709,-669.7861954895111,-1061.135677278747,235.2160293618552,26.868061616645623
2026-09-07 14:51:18.275011,-670.4734785527162,-1062.1251385763915,235.50786317668872,26.8224866261526
2026-09-07 14:51:18.374752,-671.1507463603449,-1063.1108591300565,235.55250957000442,26.87826519182905
2026-09-07 14:51:18.474719,-671.8301887205262,-1064.1013974320342,235.33995867816634,26.942031778362136
2026-09-07 14:51:18.574905,-672.5164217004684,-1065.0939219599989,235.2614789032365,26.909640923377122
2026-09-07 14:51:18.674857,-673.2015828282489,-1066.0820002654173,235.22792327186602,26.925361832020645
2026-09-07 14:51:18.774722,-673.8871259006739,-1067.0693939504474,235.3396780183714,26.93932380969602
2026-09-07 14:51:18.874201,-674.5684525606373,-1068.0548119646671,235.31741346036287,26.967139832870682
2026-09-07 14:51:18.974056,-675.2534453000187,-1069.0447097819226,235.18332119325478,26.95317925328049
2026-09-07 14:51:19.074765,-675.8227555452894,-1069.8629608648348,235.27348057855139,26.38329628747573
2026-09-07 14:51:19.293441,-677.2919939785639,-1071.9827136585548,235.81184515155462,26.366099105735838
2026-09-07 14:51:19.484641,-678.5583293895429,-1073.846898521598,235.72625958090697,26.38614764725338
2026-09-07 14:51:19.583926,-679.2178495524329,-1074.8146714074624,235.69292787308106,26.401763647080017
2026-09-07 14:51:19.689475,-679.9199932712777,-1075.8437027424468,235.78742025170334,26.485692089934684
2026-09-07 14:51:19.783801,-680.5479506169131,-1076.7672776645184,235.76630899506915,26.45849270970584
2026-09-07 14:51:19.888989,-681.2478795673094,-1077.7958902671255,235.70745324843418,26.457573573554715
2026-09-07 14:51:19.988296,-681.9096501010794,-1078.7662807252702,235.7407923420442,26.354311587420924
2026-09-07 14:51:20.088245,-682.432927926676,-1079.536246338236,235.7407923420442,25.820791914558157
2026-09-07 14:51:20.183503,-683.0519095837587,-1080.4450286968554,235.75145226658492,25.811635872173806
2026-09-07 14:51:20.289457,-683.739961160881,-1081.4556228498288,235.69216792066177,25.819968337529257
2026-09-07 14:51:20.388114,-684.3818074072552,-1082.3962580304042,235.65904704339954,25.810485588851844
2026-09-07 14:51:20.487983,-685.0318502243595,-1083.3477235865414,237.10074101672132,25.749399489873007
2026-09-07 14:51:20.587920,-685.6566925623144,-1084.313610176417,237.1902092716776,25.765991291990826
2026-09-07 14:51:20.796566,-686.9589110440021,-1086.333499616613,237.42369628754255,25.729528181866453
2026-09-07 14:51:20.890895,-687.5430907844328,-1087.2477888880103,237.21257700685155,25.686667189281895
2026-09-07 14:51:20.991889,-688.1711016711992,-1088.2227409680324,237.13346429260739,25.637247814058203
2026-09-07 14:51:21.091989,-688.6860367849221,-1089.024944421599,237.06625365749886,25.152631998397595
2026-09-07 14:51:21.193303,-689.3053833838026,-1089.9810732254093,237.06625365749886,25.129614588042816
2026-09-07 14:51:21.292104,-689.908814951826,-1090.9126328793388,237.08836647121635,25.195227389749597
2026-09-07 14:51:21.393313,-690.5281981353133,-1091.869627388982,237.21295110800568,25.215567842715217
2026-09-07 14:51:21.493063,-691.1370912949352,-1092.8149138150625,237.32457716281874,25.218182698908173
2026-09-07 14:51:21.592534,-691.7425065130598,-1093.7588353203269,237.34683993033417,25.24686566596649
2026-09-07 14:51:21.692078,-692.3486876333969,-1094.704759558065,237.23544440150897,25.240776935092292
2026-09-07 14:51:21.911504,-693.6886279028769,-1096.7867673237065,236.81800861408232,25.10464497891947
2026-09-07 14:51:22.010881,-694.2990242869536,-1097.7201909623172,236.6623165095327,25.028229347767894
2026-09-07 14:51:22.110754,-694.7809050462255,-1098.4517635123902,236.57290555035598,24.510361645730498
2026-09-07 14:51:22.212131,-695.3928170474834,-1099.3788225477776,236.45945878786188,24.500617455123955
2026-09-07 14:51:22.310401,-695.9875168381461,-1100.275936080501,236.41547084838726,24.49117190425043
2026-09-07 14:51:22.410733,-696.5951638836696,-1101.1910543950676,237.08913492847788,24.56919858390997
2026-09-07 14:51:22.509710,-697.185824848779,-1102.1036977095202,237.74262496317147,24.52682023654452
2026-09-07 14:51:22.611057,-697.7789068599087,-1103.0434077588968,238.3437148741374,24.819945021588925
2026-09-07 14:51:22.712738,-698.371012686743,-1104.0037469078636,238.36647226537437,25.058949335031233
2026-09-07 14:51:22.827270,-699.0439405544244,-1105.0961427043321,236.68747181866695,24.740699919430842
2026-09-07 14:51:22.915771,-699.4480438392641,-1105.7078412491892,235.29103927304408,23.9809602420479
2026-09-07 14:51:23.027450,-700.1297670912903,-1106.6920457453023,236.59078239309315,23.669662586566847
2026-09-07 14:51:23.115385,-700.7294836064177,-1107.602760411647,237.84051804773833,23.70425230797533
2026-09-07 14:51:23.216172,-701.2979639677147,-1108.5069092540452,239.12628435476077,23.886553082584424
2026-09-07 14:51:23.316412,-701.8472305743027,-1109.4256230587687,238.89071812877208,24.390195793527518
2026-09-07 14:51:23.416122,-702.4089446989814,-1110.3564462354664,237.7860633331672,24.692526209290087
2026-09-07 14:51:23.516732,-703.0009793794061,-1111.2960744060103,236.9866853746641,24.8032970225842
2026-09-07 14:51:23.616410,-703.6031495620275,-1112.222863595431,237.03130356771334,24.83029769995647
2026-09-07 14:51:23.716808,-704.2096017173983,-1113.1578359547552,237.40206254263774,24.97066265611252
2026-09-07 14:51:23.816028,-704.8063006566013,-1114.0909420854284,237.60192185978457,25.290581070851694
2026-09-07 14:51:23.916090,-705.3281548940837,-1114.91441630081,237.70269954065714,25.237340108642584
2026-09-07 14:51:24.015978,-705.9302964994042,-1115.867009500446,237.63563124975084,25.61527315154702
2026-09-07 14:51:24.123299,-706.5881491714642,-1116.905045751036,237.7557296941478,25.837525678236467
2026-09-07 14:51:24.215161,-707.1542476620258,-1117.8024564014484,237.76600958652597,25.725951332959756
2026-09-07 14:51:24.324021,-707.8034280971448,-1118.8322680173062,237.87564819398722,25.60305646063557
2026-09-07 14:51:24.415036,-708.3573718556926,-1119.7144968526748,237.89601841028556,25.589536496328684
2026-09-07 14:51:24.524363,-709.0220397958349,-1120.7739047889422,237.8715497552589,25.607687250805355
2026-09-07 14:51:24.633614,-709.7205077569965,-1121.885642963523,237.8104206419036,25.854049981449773
2026-09-07 14:51:24.723594,-710.2745232224231,-1122.7657595420453,237.64931207188525,25.854836229604302
2026-09-07 14:51:24.833883,-710.9566345469718,-1123.8426425142247,237.61228612915056,25.808578204595353
2026-09-07 14:51:24.932404,-711.5654938179213,-1124.802506098387,237.6453613488385,25.742290468528672
2026-09-07 14:51:25.033935,-712.2580685831931,-1125.895747255147,237.73625662680325,26.190936190838066
2026-09-07 14:51:25.134146,-712.8844018775388,-1126.8878980276577,237.64654307429095,26.121760080688524
2026-09-07 14:51:25.232086,-713.4964378374633,-1127.8540462531162,237.49310229101528,26.139731941428057
2026-09-07 14:51:25.331720,-714.1221198394067,-1128.8359093994395,237.44850379339022,26.11187257761274
2026-09-07 14:51:25.433275,-714.8460726264109,-1129.9708671669196,237.31212864756716,26.63686439497151
2026-09-07 14:51:25.533977,-715.493679336446,-1130.9800881500412,237.27832122810312,26.567349345283567
2026-09-07 14:51:25.635657,-716.1464685873974,-1131.996066132599,237.32383556295383,26.509597941606042
2026-09-07 14:51:25.736546,-716.7919723606595,-1133.0024622739154,236.9286832456192,26.514887369705317
2026-09-07 14:51:25.831271,-717.4046624060317,-1133.9433561836813,236.6424757196657,26.509093398877763
2026-09-07 14:51:25.931541,-718.0580422467796,-1134.9358589757792,236.51904695808457,26.57480558696496
2026-09-07 14:51:26.030434,-718.8261180827915,-1136.1019508334648,236.2423794032317,27.308150651574746
2026-09-07 14:51:26.131196,-719.5096532419054,-1137.124639006813,236.43406892413026,27.21041941178077
2026-09-07 14:51:26.231906,-720.1869793386059,-1138.1454130450393,236.70454976575974,27.185779209002494
2026-09-07 14:51:26.331502,-720.8514379825924,-1139.157129724079,236.73798588171513,27.205795489704446
2026-09-07 14:51:26.431810,-721.5205443057323,-1140.1772199195887,236.85023637100025,27.208424973363627
2026-09-07 14:51:26.531548,-722.1839241249216,-1141.1929130905455,236.8279138457773,27.25897277809027
2026-09-07 14:51:26.631848,-722.8526799374882,-1142.2159665682696,236.8503621531412,27.211645847055017
2026-09-07 14:51:26.733105,-723.5262404279927,-1143.247252192416,236.9410121335499,27.176254369223056
2026-09-07 14:51:26.832819,-724.1870687013117,-1144.2625485616431,237.01912217165258,27.092609169688338
2026-09-07 14:51:26.932245,-724.8425837612259,-1145.2726911449708,236.98574312766507,26.995304957537304
2026-09-07 14:51:27.032116,-725.4992567398834,-1146.2833282186007,236.8181009363833,27.041556787281284
2026-09-07 14:51:27.132531,-726.1636132558598,-1147.299271749908,236.78438986782976,26.972239855001735
2026-09-07 14:51:27.233492,-727.0789007254874,-1148.6988252854187,236.80698611468685,27.975645522500386
2026-09-07 14:51:27.333360,-727.7626646635857,-1149.7440042268884,236.96344745983876,27.91456003518381
2026-09-07 14:51:27.433207,-728.4487832194765,-1150.7990339324422,237.09752898398818,27.9619286125445
2026-09-07 14:51:27.534262,-729.134965655641,-1151.8596101907026,237.19930676716837,27.795920502252354
2026-09-07 14:51:27.634725,-729.8112154709876,-1152.9089166174406,237.28924592181247,27.770462882758014
2026-09-07 14:51:27.734498,-730.4805704127059,-1153.9511137564768,237.3785673563337,27.788771096578365
2026-09-07 14:51:27.830548,-731.1238074673881,-1154.9560870646646,237.28183037078665,27.84584268133588
2026-09-07 14:51:27.930457,-731.7960296003175,-1156.0024506055188,237.29301076929323,27.809176342054162
2026-09-07 14:51:28.028836,-732.4568849626868,-1157.031562466133,237.32603831710213,27.72837028652781
2026-09-07 14:51:28.131290,-733.1424979853595,-1158.1005828271493,237.38336431118645,27.73553225749238
2026-09-07 14:51:28.231177,-733.8100621341233,-1159.143756363899,237.5398554232863,27.828050736683277
2026-09-07 14:51:28.332312,-734.4853245983142,-1160.2053349564271,237.3927266877517,27.89167864190429
2026-09-07 14:51:28.432480,-735.0804835006627,-1161.1365521852886,237.20216719181704,27.546524843080114
2026-09-07 14:51:28.532658,-735.7487127576217,-1162.1735271616424,237.20216719181704,27.48875117489606
2026-09-07 14:51:28.631423,-736.4061349945136,-1163.1937315323069,237.37900524380484,27.43869649228936
2026-09-07 14:51:28.732057,-737.0715726449092,-1164.2334078517158,237.48035901583546,27.451007296412033
2026-09-07 14:51:28.831676,-737.7287717627338,-1165.264223870778,237.55839463656827,27.493660524800433
2026-09-07 14:51:28.932288,-738.3921323950641,-1166.3078371337253,237.64846718294905,27.47344005375757
2026-09-07 14:51:29.031876,-739.0466350810682,-1167.3410992730915,237.77105642707335,27.50389716469843
2026-09-07 14:51:29.132211,-739.7045468399025,-1168.3846759272117,237.7486002863021,27.424991421504306
2026-09-07 14:51:29.225529,-740.3150708627704,-1169.3522455622276,237.8321429043115,27.460869712596825
2026-09-07 14:51:29.331816,-740.9148566984051,-1170.308082480475,237.77267223519914,26.977030921760438
2026-09-07 14:51:29.431385,-741.5552102542375,-1171.323871890056,237.82838398783915,27.030973224882082
2026-09-07 14:51:29.532295,-742.2044824771862,-1172.3560323008978,237.884846068998,27.024800940942168
2026-09-07 14:51:29.632485,-742.8479649325899,-1173.3812287879598,237.9296934451653,27.08520792004359
2026-09-07 14:51:29.732525,-743.4911169372513,-1174.4076822598934,237.90730332882745,27.068599017596384
2026-09-07 14:51:29.832187,-744.1318452119676,-1175.4293799299444,237.88499781328906,27.084274313710825
2026-09-07 14:51:29.931569,-744.6525653424003,-1176.2607046287355,237.80714784431058,26.560358311595145
2026-09-07 14:51:30.031814,-745.2867027487416,-1177.267976397336,237.84080184089623,26.529700269599466
2026-09-07 14:51:30.126621,-745.8851887727949,-1178.219858697488,237.83019238588003,26.508989603677513
2026-09-07 14:51:30.232805,-746.5551680953031,-1179.2850121694694,237.90148803101852,26.52569070984251
2026-09-07 14:51:30.332868,-747.0857615095448,-1180.1319965931077,237.9126856630213,26.04313208649478
2026-09-07 14:51:30.432888,-747.7043381484565,-1181.1185774220917,237.95745694323142,25.983701582513035
2026-09-07 14:51:30.532662,-748.3192178139302,-1182.1009666751593,238.05794456422018,25.974111469631637
2026-09-07 14:51:30.632897,-748.9349792816864,-1183.0886122090656,238.14767960264976,25.953966766067637
2026-09-07 14:51:30.733661,-749.5519558669715,-1184.081667618257,238.28299253843548,25.922269518617743
2026-09-07 14:51:30.830647,-750.0552876392999,-1184.8982044368859,238.35896562301164,25.39987501952897
2026-09-07 14:51:30.931111,-750.6537174373826,-1185.8693790187267,238.30275309182997,25.319112112406568
2026-09-07 14:51:31.030698,-751.2459782618826,-1186.8284340890475,238.21359817316795,25.26428986320907
2026-09-07 14:51:31.130325,-751.8386830495,-1187.7848758245195,238.25819353743003,25.221633209511975
2026-09-07 14:51:31.231049,-752.3557031530173,-1188.6216772682299,238.2694651391794,24.73965799329993
2026-09-07 14:51:31.330781,-752.9357972177834,-1189.5598109411305,238.35874986859187,24.675169846266105
2026-09-07 14:51:31.430448,-753.4456773143008,-1190.3882974375542,238.30298328210037,24.248743891300954
2026-09-07 14:51:31.529838,-754.0117745017693,-1191.3049936541229,238.29186096271403,24.256560148654884
2026-09-07 14:51:31.630177,-754.5836408359339,-1192.2306300223206,238.2581754086873,24.219736000508185
2026-09-07 14:51:31.730732,-755.1564126510186,-1193.156514180263,238.2131646500237,24.21182812488464
2026-09-07 14:51:31.831179,-755.6528514618875,-1193.9577497094995,238.1457210269993,23.670779121932505
2026-09-07 14:51:31.930522,-756.2076473798609,-1194.8506540576664,238.11236984756079,23.669911059580702
2026-09-07 14:51:32.030130,-756.6976243692126,-1195.6379850247465,238.05663627328602,23.17393715157963
2026-09-07 14:51:32.130081,-757.2454663233265,-1196.5166469243666,238.04545117473504,23.188784527863074
2026-09-07 14:51:32.230210,-757.7948074723596,-1197.3973303400348,238.05665619252187,23.227281467454606
2026-09-07 14:51:32.330821,-758.34753605782,-1198.283830399591,238.0791741053054,23.083102150447182
2026-09-07 14:51:32.427509,-758.8750828130298,-1199.1306834271984,238.54443194938963,23.02396174914081
2026-09-07 14:51:32.537748,-759.4671851005862,-1200.0985905720472,239.42031532845158,22.935340729489326
2026-09-07 14:51:32.629118,-759.8389255739995,-1200.7349927469115,239.60436235332264,22.436828188011017
2026-09-07 14:51:32.737629,-760.3896124711483,-1201.6737795958995,238.79078052488546,23.074948369859957
2026-09-07 14:51:32.829088,-760.7774328743152,-1202.3153229039647,236.93828275061563,22.146590815229494
2026-09-07 14:51:32.937717,-761.3641480558351,-1203.2166580232101,235.35797450793115,21.68053178842261
2026-09-07 14:51:33.036907,-761.9275307567573,-1204.0345010174199,236.78986653862927,21.49093838311019
2026-09-07 14:51:33.136694,-762.4526130301784,-1204.8366011842395,239.06788272194075,21.346196004771564
2026-09-07 14:51:33.237538,-762.9472639085768,-1205.6620521684035,240.0158252795467,22.03527730901727
2026-09-07 14:51:33.335511,-763.4295819239992,-1206.497984602762,239.2593266095658,22.411101366637954
2026-09-07 14:51:33.437609,-763.8743054678375,-1207.2500047427238,238.07108913366818,21.888394405149164
2026-09-07 14:51:33.539196,-764.4000134929615,-1208.093640837692,237.4117348983226,21.873304006708867
2026-09-07 14:51:33.639181,-764.926588867509,-1208.9173954649418,237.5236239318112,21.87243033454027
2026-09-07 14:51:33.739174,-765.4515756180875,-1209.7422098801094,238.1166832573681,22.110961920430235
2026-09-07 14:51:33.825210,-765.8647922488302,-1210.406520377812,238.32849769700897,22.02826917016475
2026-09-07 14:51:33.940915,-766.4630360868856,-1211.3762381907682,238.53566670227653,22.4043738322196
2026-09-07 14:51:34.040105,-766.981586171276,-1212.223618613546,238.30256799960472,22.597653603744522
2026-09-07 14:51:34.140265,-767.513231277038,-1213.084511701182,238.23531707840124,22.499631055426697
2026-09-07 14:51:34.240534,-768.0441531267219,-1213.9419806978062,238.20165502459656,22.43917644531071
2026-09-07 14:51:34.340497,-768.5725333220897,-1214.7942256793735,238.31351943880492,22.413845527286036
2026-09-07 14:51:34.440046,-769.096475047392,-1215.643007533374,238.53632168703723,22.412975664899562
2026-09-07 14:51:34.539411,-769.6161297381003,-1216.4922148355108,238.6697559479275,22.410370901134012
2026-09-07 14:51:34.640568,-770.1430801131853,-1217.3578662548512,238.74899634671152,22.431584816555453
2026-09-07 14:51:34.734386,-770.6311506937492,-1218.1621499117746,238.72799878638983,22.41764847626711
2026-09-07 14:51:34.840812,-771.184802171214,-1219.0737498481412,238.68036003146435,22.379520369022796
2026-09-07 14:51:34.939903,-771.7001229448422,-1219.9206495191288,238.669271171918,22.34402009394954
2026-09-07 14:51:35.040035,-772.2201967414534,-1220.7749881160291,238.7252979394395,22.30027226098157
2026-09-07 14:51:35.140151,-772.7383354396834,-1221.6280248089852,238.7252979394395,22.3265167665068
2026-09-07 14:51:35.240610,-773.2588611651146,-1222.4849913797839,238.73653988614674,22.31861644054324
2026-09-07 14:51:35.340922,-773.778273444182,-1223.3405030980664,238.82634385856107,22.253753257159204
2026-09-07 14:51:35.440792,-774.2925624256512,-1224.1905769789967,238.9381042003574,22.300877291082344
2026-09-07 14:51:35.540062,-774.8031915162239,-1225.0383306976628,239.09362866998958,22.26878258549112
2026-09-07 14:51:35.639259,-775.3104127384796,-1225.8856217706757,239.20463588562163,22.289585463868896
2026-09-07 14:51:35.740488,-775.826829927279,-1226.7520790528008,239.19330777143347,22.27454824509373
2026-09-07 14:51:35.841111,-776.3656094669824,-1227.6548565168978,239.2383489684799,22.364337859937457
2026-09-07 14:51:35.940585,-776.8742726890529,-1228.5094469904168,239.28287584638056,22.409536625707858
2026-09-07 14:51:36.040382,-777.3849511431094,-1229.368942268035,239.39455449692872,22.410408655126364
2026-09-07 14:51:36.141179,-777.8990737152961,-1230.2380875202632,239.80062624839923,22.597131354717003
2026-09-07 14:51:36.241329,-778.407968147073,-1231.1124776814015,240.02477360458028,22.714396623205282
2026-09-07 14:51:36.341919,-778.918293322651,-1231.9972700950063,240.216135912863,22.71791245791806
2026-09-07 14:51:36.449191,-779.459447713503,-1232.9427962875009,239.90402252544482,22.670107801175934
2026-09-07 14:51:36.540826,-779.9251292152629,-1233.7462690377563,240.078348851317,22.646887222830035
2026-09-07 14:51:36.648280,-780.4677760152655,-1234.6891360740424,240.042274667576,22.57365017329308
2026-09-07 14:51:36.748240,-780.971495721299,-1235.5630927425946,240.03108856187262,22.544826200606074
2026-09-07 14:51:36.848580,-781.4766557372411,-1236.4391529824163,240.13214623110522,22.58691136077071
2026-09-07 14:51:36.948675,-781.9799779264731,-1237.3155946415566,240.30016442594004,22.60790256122257
2026-09-07 14:51:37.489591,-784.6885583239317,-1242.0642732521578,241.20813914872613,22.721339557911904
2026-09-07 14:51:37.590450,-785.1819681233375,-1242.9620844284218,241.37743978425084,22.742490978925684
2026-09-07 14:51:37.690633,-785.669887408948,-1243.856153898286,241.54560569476723,22.763500634101952
2026-09-07 14:51:37.791067,-786.1568457596856,-1244.7547245144463,241.7141929306935,22.78456292718535
2026-09-07 14:51:37.890935,-786.6388742801516,-1245.6504801271415,241.88183008621337,22.805506522836744
2026-09-07 14:51:37.991028,-787.1198016726348,-1246.5504900458434,242.04984492387365,22.826497303863047
2026-09-07 14:51:38.091044,-787.5981597513498,-1247.4520419733117,242.21773051031252,22.847471937005498
2026-09-07 14:51:38.191551,-788.0766487426256,-1248.3602582348103,242.386440283111,22.868549539121638
2026-09-07 14:51:38.292108,-788.5531372620115,-1249.2711715791277,242.555233985274,22.88963762687665
2026-09-07 14:51:38.390608,-789.0176759978898,-1250.1656464490666,242.7205748333806,22.910294335448587
2026-09-07 14:51:38.491687,-789.4921546489084,-1251.0857425274194,242.8902447581092,22.931491893273392
2026-09-07 14:51:38.591756,-789.9596248352104,-1251.998875961537,243.05821930967446,22.952477641193042
2026-09-07 14:51:38.691898,-790.4251807022662,-1252.9148805956802,243.22631639811192,22.973478698145442
2026-09-07 14:51:38.792363,-790.8899649696923,-1253.8360481273207,243.3949556702442,22.994547492324934
2026-09-07 14:51:38.892394,-791.3504617705456,-1254.7554368073686,243.56286643549248,23.015525271159042
2026-09-07 14:51:38.992586,-791.8094173922705,-1255.6784943220955,243.73104745329445,23.03653681375031
2026-09-07 14:51:39.092927,-792.2667572175612,-1256.605114921436,243.8994785806027,23.057579603545403
2026-09-07 14:51:39.193025,-792.7206844099238,-1257.5316742605346,244.0675018111994,23.078571433135597
2026-09-07 14:51:39.293089,-793.172149848598,-1258.4600900784783,244.23546796982822,23.099556132491358
2026-09-07 14:51:41.309751,-804.211559358554,-1281.1003720410363,244.91249661028377,21.139034820035832
2026-09-07 14:51:41.859208,-806.4432137442699,-1285.8625469667766,245.09695891765048,20.448405801964107
2026-09-07 14:51:41.959327,-806.8285953989234,-1286.6926652970653,245.13057061383645,20.309305754638924
2026-09-07 14:51:42.059590,-807.1712188285327,-1287.4382010534098,245.16423065333635,20.051223292629754
2026-09-07 14:51:42.160097,-807.5496197755483,-1288.2557948560325,245.19797260789608,19.911584178610312
2026-09-07 14:51:42.260153,-807.875018513666,-1288.967062234023,245.23156315388218,19.588067657549697
2026-09-07 14:51:42.359946,-808.241120652308,-1289.7605275160547,245.2650654061768,19.449420537395458
2026-09-07 14:51:42.460130,-808.5526793768713,-1290.443847573378,245.2986989239975,19.04657261622515
2026-09-07 14:51:42.560393,-808.9094289885995,-1291.2194304658672,245.33235896349743,18.90727250291035
2026-09-07 14:51:42.660078,-809.216931255934,-1291.8940834838152,245.36582495830658,18.489299269845812
2026-09-07 14:51:42.760844,-809.5640935744888,-1292.651158366898,245.39965386368794,18.349300314914483
2026-09-07 14:51:42.861170,-809.8409720541166,-1293.2622516755223,245.4333350533877,17.701117897651883
2026-09-07 14:51:42.961192,-810.1700332491175,-1293.9820898643482,245.46691418498023,17.562152617000265
2026-09-07 14:51:43.061000,-810.4953948695256,-1294.6949396374516,245.50042147303674,17.423484656638777
2026-09-07 14:51:43.161255,-810.8192176455073,-1295.405517719579,245.53407882679699,17.284195658101176
2026-09-07 14:51:43.261287,-811.093960723653,-1296.0121820809782,245.5676613155641,16.736753900224965
2026-09-07 14:51:43.361484,-811.404039578037,-1296.6947228567196,245.6012991977118,16.59754548382207
2026-09-07 14:51:43.461657,-811.6724132356741,-1297.2883608055345,245.6349290226405,16.08705456089745
2026-09-07 14:51:43.561843,-811.9696521599578,-1297.9446836234026,245.66856321189613,15.947861427313207
2026-09-07 14:51:43.661561,-812.2625625326557,-1298.5924603097567,245.70204028538143,15.80931850819523
2026-09-07 14:51:43.762369,-812.5557229102903,-1299.2418002253771,245.73588329089597,15.669261200683598
2026-09-07 14:51:45.777633,-818.0572505025275,-1311.4493063488917,247.9910809823931,13.929971674178367
2026-09-07 14:51:45.864676,-818.2603800852769,-1311.9518444666614,248.12744963767864,13.988536684789834
2026-09-07 14:51:45.965211,-818.4945939625775,-1312.5352773113577,248.1837018954262,14.064085800221338
2026-09-07 14:51:46.065479,-818.7288729125595,-1313.120533602618,248.13881960464323,14.135929692826027
2026-09-07 14:51:46.165846,-818.9650423143645,-1313.7091755577815,248.16128290738695,14.202582460195837
2026-09-07 14:51:46.265732,-819.2009573510004,-1314.2978512587918,248.17246073205968,14.272407028467134
2026-09-07 14:51:46.366680,-819.4404361913485,-1314.8957574562273,248.19505406936548,14.32886058966971
2026-09-07 14:51:46.465140,-819.6144021864417,-1315.3382362964676,248.21709056331417,13.995362535430939
2026-09-07 14:51:46.564745,-819.845657616854,-1315.916916662436,248.17250504676417,14.044102231543144
2026-09-07 14:51:46.665259,-820.0802921355676,-1316.5027293673568,248.15000884370954,14.100313085158033
2026-09-07 14:51:46.765526,-820.3155172207445,-1317.0893491281834,248.12756792212974,14.127473310263728
2026-09-07 14:51:46.865602,-820.5509761993891,-1317.6758870550575,248.1835633560218,14.111732898331912
2026-09-07 14:51:46.972764,-820.8022129632533,-1318.303501555555,248.33946002440922,14.100496278007109
2026-09-07 14:51:47.064062,-821.0295618681967,-1318.874729718552,248.48249490935416,14.210895585696235
2026-09-07 14:51:47.172328,-821.2818356107299,-1319.5145905657164,248.5188416956711,14.25725114462273
2026-09-07 14:51:47.258818,-821.4837004942736,-1320.0275490456202,248.58659283588713,14.292771508432455
2026-09-07 14:51:47.373043,-821.7501589213417,-1320.7070027635464,248.77832946913566,14.296763915431828
2026-09-07 14:51:47.464349,-821.9613933125365,-1321.2509871954142,248.92137688753232,14.30713576764304
2026-09-07 14:51:47.572211,-822.2095043287318,-1321.8946968978487,248.8489545746045,14.41740846066268
2026-09-07 14:51:47.670964,-822.4698430345268,-1322.5650802749035,248.8268525038457,14.701962884185198
2026-09-07 14:51:47.771960,-822.7095930765604,-1323.1840530451702,248.79294638344902,14.75138323806852
2026-09-07 14:51:47.872696,-822.9498962908318,-1323.8033655686654,248.6463981033994,14.816520585956852
2026-09-07 14:51:47.972079,-823.1895876981182,-1324.4164469044497,248.49069659876096,14.89120400704333
2026-09-07 14:51:48.072074,-823.4336546033869,-1325.0357519240251,248.40117641950457,14.918290553059906
2026-09-07 14:51:48.160623,-823.6510354963693,-1325.5848263242415,248.35163067751137,14.92989671351255
2026-09-07 14:51:48.280783,-823.9872512604805,-1326.4321136509977,248.33818407425687,15.232203381185373
2026-09-07 14:51:48.370408,-824.2125271143067,-1326.9993068756853,248.34821363331713,15.280758442673159
2026-09-07 14:51:48.481124,-824.4915800441433,-1327.7022571749517,248.2738750451386,15.360088522196245
2026-09-07 14:51:48.571712,-824.721836825717,-1328.2800998386606,248.19277645022402,15.359296961318023
2026-09-07 14:51:48.681709,-825.052705162047,-1329.1080030833295,248.18046714581175,15.764947700771115
2026-09-07 14:51:48.771560,-825.2880670314697,-1329.6958684361703,248.26090594401532,15.747675039907433
2026-09-07 14:51:48.880960,-825.5733188520529,-1330.4112533796238,248.566968359969,15.713261173139358
2026-09-07 14:51:48.979320,-825.8257923556073,-1331.0543981557632,248.7650953750321,15.861090506084958
2026-09-07 14:51:49.069290,-826.0568479942823,-1331.6490204743482,248.90604970698348,15.995523998473782
2026-09-07 14:51:49.181068,-826.3847244439551,-1332.496672985154,249.14371327183864,16.451354766384533
2026-09-07 14:51:49.278791,-826.6405980708354,-1333.1682768213332,249.32962140239152,16.572609523369366
2026-09-07 14:51:49.378909,-826.9024243911174,-1333.8622649329009,249.25119489463168,16.646970441156363
2026-09-07 14:51:49.479276,-827.1670359406882,-1334.560739145337,249.20626828914425,16.605750966598716
2026-09-07 14:51:49.579025,-827.4299098864336,-1335.2529878207708,249.17278080841777,16.56827173690171
2026-09-07 14:51:49.679654,-827.6949116016723,-1335.949612656585,249.08269304284556,16.602564415898556
2026-09-07 14:51:49.779664,-827.9599188425857,-1336.642969508072,249.22818515577202,16.49594976033082
2026-09-07 14:51:49.879691,-828.2215185855968,-1337.3326575241817,249.3848956032778,16.437389136211618
2026-09-07 14:51:49.967646,-828.4490762527691,-1337.9375806323812,249.3947382796198,16.39511868607013
2026-09-07 14:51:50.082342,-828.8252486181924,-1338.9338824892075,249.3947382796198,16.968205209035837
2026-09-07 14:51:50.179637,-829.0849810333905,-1339.6246967483341,249.37296252623022,16.88913969091945
2026-09-07 14:51:50.281011,-829.3546137498932,-1340.3410164232578,249.33892950463436,16.754496677989955
2026-09-07 14:51:50.380302,-829.6170141269646,-1341.0368683754627,249.29448454179348,16.694631727775768
2026-09-07 14:51:50.475631,-829.8685601165074,-1341.7023717675172,249.4011632403326,16.603836047789077
2026-09-07 14:51:50.580362,-830.2384890753156,-1342.6834939572716,249.49492330727298,17.306157601886515
2026-09-07 14:51:50.681067,-830.5114033647277,-1343.4132392615825,249.50619278281178,17.279758695328937
2026-09-07 14:51:50.781069,-830.78185678019,-1344.1368381930854,249.46142955982063,17.186259878808045
2026-09-07 14:51:50.880720,-831.0504628754705,-1344.8537861398852,249.34991429176873,17.126177875869267
2026-09-07 14:51:50.982386,-831.3249604453728,-1345.5821412231505,249.16788201926943,17.012467693335267
2026-09-07 14:51:51.182249,-831.9806876987435,-1347.3068131883322,249.1007845209443,17.767650615711414
2026-09-07 14:51:51.282143,-832.2637288573147,-1348.048055168321,249.08960580102502,17.65854098975512
2026-09-07 14:51:51.379908,-832.5391772515451,-1348.7689907422655,249.03490343887563,17.57994780597962
2026-09-07 14:51:51.478381,-832.8160756584026,-1349.4916512742336,249.00184433362568,17.530901570953112
2026-09-07 14:51:51.579608,-833.1003513621608,-1350.2322860596266,248.97918855287264,17.5176336988807
2026-09-07 14:51:51.677836,-833.376280150187,-1350.9503254637298,248.8802579894545,17.460984615465346
2026-09-07 14:51:51.780176,-833.6641172591792,-1351.6955081737128,248.84590066479413,17.40732960137265
2026-09-07 14:51:51.880186,-833.9449720481346,-1352.4213191390602,248.85709236578847,17.401212367036795
2026-09-07 14:51:51.980289,-834.3725425002916,-1353.5309914849452,248.8122839328463,18.474491133966062
2026-09-07 14:51:52.078573,-834.6659150620324,-1354.2878323401308,248.86727669059692,18.398057152946464
2026-09-07 14:51:52.179877,-834.9663053260496,-1355.0649900593048,248.84460367634773,18.408679524546322
2026-09-07 14:51:52.272797,-835.2422763578699,-1355.778132001194,248.79261223267238,18.381885571544355
2026-09-07 14:51:52.379898,-835.5606464356579,-1356.5986252567582,248.70871565655634,18.365040235416714
2026-09-07 14:51:52.479906,-835.8587798285469,-1357.3636416973234,248.5856094075466,18.35105826512323
2026-09-07 14:51:52.580014,-836.1586275470804,-1358.128197585691,248.49598806542946,18.3668037101617
2026-09-07 14:51:52.679347,-836.4575965381707,-1358.8870187636037,248.45152430241092,18.38242725964832
2026-09-07 14:51:52.779574,-836.7601074524496,-1359.653086118951,248.4403083178538,18.39819142155218
2026-09-07 14:51:52.879958,-837.0635023829922,-1360.4209520825398,248.46277542539536,18.396437104265136
2026-09-07 14:51:52.980056,-837.3657038399763,-1361.186675900345,248.39556613315668,18.46903384826455
2026-09-07 14:51:53.079943,-837.8152989100221,-1362.3280488955138,248.3061426405282,19.35650807088691
2026-09-07 14:51:53.177931,-838.1287239178624,-1363.1158970129095,248.26228093081784,19.354795626251082
2026-09-07 14:51:53.279526,-838.4542827217415,-1363.9324250640193,248.2168046439457,19.283776394191314
2026-09-07 14:51:53.379695,-838.7747306700437,-1364.734284074616,248.22801413796532,19.217255116732918
2026-09-07 14:51:53.479990,-839.0943183550885,-1365.534444692565,248.3178028911882,19.14013359237268
2026-09-07 14:51:53.580237,-839.4112224537058,-1366.331510345713,248.39633044990293,19.02713455460481
2026-09-07 14:51:53.680058,-839.7238352274757,-1367.120932363444,248.51920650864224,18.90589331535609
2026-09-07 14:51:53.780564,-840.0348931331969,-1367.9113757984562,248.58668974632673,18.833878891311258
2026-09-07 14:51:53.880681,-840.3938013124764,-1368.8261804258161,248.53067137174165,19.07686938950652
2026-09-07 14:51:53.981171,-840.7074627354859,-1369.623708069567,248.519425955954,19.00486642976019
2026-09-07 14:51:54.078447,-841.0100971762273,-1370.392754897514,248.56296895789083,18.913916340003123
2026-09-07 14:51:54.182071,-841.3303183090026,-1371.2083109440532,248.57456508651634,18.81703106407703
2026-09-07 14:51:54.281436,-841.6356478215181,-1371.9864030983163,248.71911886914745,18.722391313928835
2026-09-07 14:51:54.378535,-841.930604119501,-1372.7436734252974,248.77344858491836,18.72493667655019
2026-09-07 14:51:54.478570,-842.2283653091912,-1373.5104351117225,248.6167256039608,18.63076583500664
2026-09-07 14:51:54.578957,-842.5332089650715,-1374.2889733486213,248.50438670907837,18.554450752393784
2026-09-07 14:51:54.678160,-842.834724924517,-1375.054588098317,248.41557556509343,18.485970469239593
2026-09-07 14:51:54.777672,-843.1372494390793,-1375.8192850831967,248.25967195854523,18.432928585403694
2026-09-07 14:51:54.877907,-843.4431863312473,-1376.58649822712,248.19237067972304,18.437307868787173
2026-09-07 14:51:54.978375,-843.7508105267749,-1377.3553166705533,248.11367000270576,18.396924807428007
2026-09-07 14:51:55.078763,-844.0585691159235,-1378.121418319354,248.0462659943414,18.299556318310707
2026-09-07 14:51:55.178574,-844.3638304300856,-1378.8787266517097,248.0574354260777,18.17745507317604
2026-09-07 14:51:55.278042,-844.6574425815079,-1379.6072127592258,248.09082857019843,18.04237104753137
2026-09-07 14:51:55.377642,-844.9571978544143,-1380.3525326612375,248.13541184863206,17.957080860970883
2026-09-07 14:51:55.478120,-845.2575836592518,-1381.1011023701171,248.15789999446767,17.92459560028392
2026-09-07 14:51:55.578139,-845.5557643623192,-1381.8450215665925,248.1914781189078,17.917603846190328
2026-09-07 14:51:55.678786,-845.822249769158,-1382.510583388962,248.18021513390653,17.647985345566703
2026-09-07 14:51:55.778423,-846.1144235253905,-1383.2403389748317,248.1913650940303,17.62534893090023
2026-09-07 14:51:55.877945,-846.3656279828012,-1383.8677301959415,248.23591345784826,17.269664755457676
2026-09-07 14:51:56.106932,-846.9738297651127,-1385.3909639749072,248.4409132807133,16.916486608787448
2026-09-07 14:51:56.204951,-847.2462112108681,-1386.080358826743,248.49575776325327,17.044960588325072
2026-09-07 14:51:56.294223,-847.495564273016,-1386.7132410318052,248.45579753802912,17.087083916215192
2026-09-07 14:51:56.406268,-847.7546475867499,-1387.3703226947284,248.25518173754338,16.358561508508693
2026-09-07 14:51:56.494042,-847.9924490153105,-1387.9665333418004,248.0980229953252,16.320212905755024
2026-09-07 14:51:56.594831,-848.2208222742364,-1388.5334584526547,247.94011873653847,15.777465767127897
2026-09-07 14:51:56.694902,-848.4859096359476,-1389.1876035198927,247.98491284553575,15.667288388565574
2026-09-07 14:51:56.795002,-848.7088699145777,-1389.7379942536675,248.02971993560809,15.147670490927114
2026-09-07 14:51:56.895231,-848.962793511098,-1390.3674170091558,248.18674685277102,15.139788252690604
2026-09-07 14:51:57.002165,-849.1926210836072,-1390.9417286126218,248.28247914787184,14.583937835851161
2026-09-07 14:51:57.093685,-849.4134089241995,-1391.4960504806909,248.3848953537515,14.473578583882658
2026-09-07 14:51:57.194635,-849.6147308496178,-1392.0049464427707,248.3623015688224,13.953120535185361
2026-09-07 14:51:57.294641,-849.8447476715926,-1392.584787683629,248.3287278087092,13.966228370194534
2026-09-07 14:51:57.393609,-850.035170480812,-1393.0643084161245,248.24012704766466,13.347418748999106
2026-09-07 14:51:57.501740,-850.2743571407631,-1393.6635344856863,248.19172509505114,13.171676243434725
2026-09-07 14:51:57.593783,-850.429485270015,-1394.0508949246346,248.1402243583937,12.38111093735591
2026-09-07 14:51:57.702314,-850.6531488074091,-1394.6084061096856,248.05520760502586,12.29101793498196
2026-09-07 14:51:57.793788,-850.8010835087133,-1394.9748780961677,247.97331582166368,11.630470816197157
2026-09-07 14:51:57.902048,-851.0121831047278,-1395.4966681414433,248.07023521369626,11.59073968195861
2026-09-07 14:51:58.000728,-851.158908918977,-1395.8607625017908,248.0150208824233,11.033166288394925
2026-09-07 14:51:58.101354,-851.3447108674062,-1396.3209858011671,247.96997834250703,11.173850007972591
2026-09-07 14:51:58.201703,-851.4836042648842,-1396.6635532313148,248.0485858019768,10.56641972175747
2026-09-07 14:51:58.302418,-851.661444978364,-1397.1048013539048,247.99223282899183,10.7177884821033
2026-09-07 14:51:58.402628,-851.7867784714776,-1397.4144370101242,247.89130608956788,10.113468530549763
2026-09-07 14:51:58.502104,-851.9560460882027,-1397.831111493014,247.8579102597075,10.254282901187736
2026-09-07 14:51:58.602501,-852.0761571480108,-1398.1253985896683,247.768030191336,9.485079838336839
2026-09-07 14:51:58.710776,-852.2498643142578,-1398.5503770156067,247.50146493432595,9.531439250735616
2026-09-07 14:51:58.791038,-852.3291685492251,-1398.7395383577477,247.1601571091295,8.868313195387314
2026-09-07 14:51:58.911881,-852.5151269577213,-1399.1810562285193,246.98435765505116,8.779615071338013
2026-09-07 14:51:59.009739,-852.6159644824257,-1399.4150825209347,247.1157682111041,8.036715066176559
2026-09-07 14:51:59.101772,-852.7445444885303,-1399.7197078782012,247.14666529592398,8.064057435567442
2026-09-07 14:51:59.210305,-852.8480363266483,-1399.9637673145583,246.9887741301181,7.418082940132748
2026-09-07 14:51:59.309049,-852.9760414060148,-1400.2651641855157,246.86722381962076,7.391335263750322
2026-09-07 14:51:59.409001,-853.0603627597299,-1400.460613197792,246.788927346423,6.743585951311573
2026-09-07 14:51:59.502592,-853.171561361012,-1400.7199205627307,246.68419357102442,6.78774721554408
2026-09-07 14:51:59.611205,-853.2554696717847,-1400.9126632613875,246.45325946261653,6.161071423776181
2026-09-07 14:51:59.700065,-853.3532434765707,-1401.1370269145452,246.3041001959896,6.213094348178919
2026-09-07 14:51:59.810726,-853.476766452874,-1401.4184748307684,246.2050313169787,6.2246978610077495
2026-09-07 14:51:59.909270,-853.5874035211741,-1401.6693823150965,246.17194837578927,6.2367529903026675
2026-09-07 14:52:00.009309,-853.6310897118158,-1401.7651429729267,246.21672816084168,5.410955088599431
2026-09-07 14:52:00.109137,-853.7284714163644,-1401.9861115589456,246.33961283632908,5.470271508830283
2026-09-07 14:52:00.198569,-853.8162388068491,-1402.1864274318827,246.3996606037519,5.573424190916898
2026-09-07 14:52:00.311061,-853.9284496414638,-1402.4432637374016,246.34930656602546,5.69531107464095
2026-09-07 14:52:00.409220,-853.9446869772753,-1402.4793679032318,246.2943837494119,4.791193641920461
2026-09-07 14:52:00.508700,-854.0303498196853,-1402.67446134386,246.2609865766817,4.822486982561119
2026-09-07 14:52:00.610600,-854.1187868808022,-1402.875554446379,246.21537376470994,4.8598840135874255
2026-09-07 14:52:00.711469,-854.2071676926122,-1403.0760862834243,246.13635896805772,4.829035132964328
2026-09-07 14:52:00.809882,-854.2931172399421,-1403.2703752289094,246.04825506885115,4.782598589953635
2026-09-07 14:52:00.910327,-854.3802997724526,-1403.46663508092,245.99205316872232,4.76943321500117
2026-09-07 14:52:01.010418,-854.3714482060021,-1403.4441591857808,245.91364781116235,3.9064087481722827
2026-09-07 14:52:01.109715,-854.4422168115316,-1403.6024655402612,245.84697633829154,3.8907908609306485
2026-09-07 14:52:01.210911,-854.5142374171164,-1403.7630707032963,245.76770538921878,3.8907908609306485
2026-09-07 14:52:01.310694,-854.5854714316569,-1403.921334932503,245.70070759897868,3.907357095565692
2026-09-07 14:52:01.411972,-854.5760773673164,-1403.8976050502565,245.65537320868552,3.270981653832424
2026-09-07 14:52:01.511660,-854.6361671684018,-1404.0304133051532,245.621906206724,3.4338730477792745
2026-09-07 14:52:01.612506,-854.6760255747851,-1404.1175832215217,245.5429094269087,3.4196926034459487
2026-09-07 14:52:01.709658,-854.7375146211341,-1404.2527768376185,245.4450625594452,3.602209827855398
2026-09-07 14:52:01.808647,-854.8037579082435,-1404.3977658937717,245.32321066276472,3.608264611473754
2026-09-07 14:52:01.906614,-854.8697330014809,-1404.541359231508,245.20261681130543,3.614256883208386
2026-09-07 14:52:02.131097,-855.0218536905935,-1404.8706180590345,245.02677013297136,3.7515646639718527
2026-09-07 14:52:02.212677,-855.07239234215,-1404.9787737808329,244.82592604461414,3.7623587583260574
2026-09-07 14:52:02.313772,-855.1447197562289,-1405.1326580626292,244.53178495559703,3.875430295548677
2026-09-07 14:52:02.414555,-855.2198011756188,-1405.2902945244439,244.22727344239388,3.9203431965894113
2026-09-07 14:52:02.515504,-855.2967256458755,-1405.4496139290543,243.86577646451474,3.933574631066751
2026-09-07 14:52:02.623550,-855.4137716855086,-1405.6915663214,243.55141108438775,3.9967533241754807
2026-09-07 14:52:02.713978,-855.4857334191349,-1405.836224140082,243.6829635370196,3.8379306027747115
2026-09-07 14:52:02.811618,-855.6189096692034,-1406.1105965707084,243.96705212628345,4.235977911706587
2026-09-07 14:52:02.912601,-855.7028367218875,-1406.2824216809665,244.2382661748414,4.2033293808844014
2026-09-07 14:52:03.012425,-855.7843623553625,-1406.4513533911954,244.39465858600857,4.213796565028996
2026-09-07 14:52:03.112600,-855.8659141900787,-1406.6215244867071,244.52918057146303,4.162151953738619
2026-09-07 14:52:03.212611,-856.0223818026938,-1406.9496611715115,244.52918057146303,4.741188235395675
2026-09-07 14:52:03.311863,-856.11284942407,-1407.1395793466363,244.5069668186965,4.6475233787832915
2026-09-07 14:52:03.412235,-856.2026034969163,-1407.3278115725743,244.4171091314889,4.449309222891201
2026-09-07 14:52:03.511829,-856.2881439044397,-1407.5064850769331,244.46168972418286,4.3074575604281105
2026-09-07 14:52:03.612290,-856.37154226707,-1407.6810329296272,244.5741114293716,4.241620200026916
2026-09-07 14:52:03.712444,-856.4530785867928,-1407.8525479693499,244.59652706023627,4.231118413274053
2026-09-07 14:52:03.810395,-856.6599587365417,-1408.2870819524412,244.56364319949944,5.213763579231436
2026-09-07 14:52:03.911734,-856.7614072874035,-1408.500382685983,244.62034531864083,5.1491218263262155
2026-09-07 14:52:04.011854,-856.9504542310748,-1408.8980976161797,244.7884054781579,5.736969968508188
2026-09-07 14:52:04.111956,-857.0598103192601,-1409.1303691167968,244.743597492839,5.588271900382293
2026-09-07 14:52:04.218996,-857.1739040873358,-1409.3722124700257,244.6597487005078,5.40775533586905
2026-09-07 14:52:04.310676,-857.2687622219195,-1409.5725220679544,244.4545581901266,5.285987708811069
2026-09-07 14:52:04.419547,-857.3797028190652,-1409.8046399158955,244.29617531015043,5.199417741288588
2026-09-07 14:52:04.510796,-857.4716922413859,-1409.9957471694368,244.16342848670854,5.157956231971748
2026-09-07 14:52:04.619403,-857.7383723385257,-1410.5512073712687,243.9081996249173,6.268402451069722
2026-09-07 14:52:04.718793,-857.8608654557032,-1410.8013375319163,243.55228540455448,6.100787154479931
2026-09-07 14:52:04.819677,-857.9834078020186,-1411.047682165085,243.07812612397495,5.9359414821128045
2026-09-07 14:52:04.920194,-858.1041775294486,-1411.2855072295306,242.72942456938745,5.827029702685907
2026-09-07 14:52:05.019863,-858.367396221445,-1411.8111586495688,242.48404666496873,6.857357827556856
2026-09-07 14:52:05.119437,-858.5084182521845,-1412.0818753846272,242.29461719399802,6.814723866529878
2026-09-07 14:52:05.221505,-858.652984650597,-1412.3571709527037,242.07759913375685,6.796886396728517
2026-09-07 14:52:05.321575,-858.7953687685682,-1412.6258337043287,241.85363082688676,6.8082537904460825
2026-09-07 14:52:05.453287,-859.0912499660943,-1413.1895347321881,241.54410470201222,7.799993445279587
2026-09-07 14:52:05.522552,-859.2063302906744,-1413.4018759547998,241.3503257875604,7.838728793346874
2026-09-07 14:52:05.620818,-859.4374121749397,-1413.8319642552378,241.15238811714363,8.482006726492514
2026-09-07 14:52:05.722646,-859.6237036839825,-1414.1701612435936,240.93588034743874,8.569204809997347
2026-09-07 14:52:05.816353,-859.8520044192222,-1414.5864862776564,240.79955768544494,9.103814414872552
2026-09-07 14:52:05.922248,-860.0622593269834,-1414.9626863187812,240.56255235061923,9.213926773735855
2026-09-07 14:52:06.023015,-860.3191888344882,-1415.4228532893624,240.39340614512525,9.742624791293842
2026-09-07 14:52:06.122352,-860.5329344476921,-1415.7990128104198,240.31559142647987,9.764325039384058
2026-09-07 14:52:06.222533,-860.8212216278736,-1416.3101839826916,240.18106138380642,10.552578678618861
2026-09-07 14:52:06.322242,-861.0551180285546,-1416.7182772743213,240.00253310632297,10.574360190410312
2026-09-07 14:52:06.422366,-861.3562324094379,-1417.244200382965,239.87928406548775,11.228751278729554
2026-09-07 14:52:06.522591,-861.608699581209,-1417.679366402027,239.85685254399672,11.301440130328404
2026-09-07 14:52:06.622351,-861.9211527485978,-1418.2204687197773,239.7340515740622,11.893396698078808
2026-09-07 14:52:06.719380,-862.1811667869996,-1418.6660371100452,239.6146123668471,11.932397455141935
2026-09-07 14:52:06.822020,-862.5204768832632,-1419.2475383641668,239.49975223385448,12.519124157732087
2026-09-07 14:52:06.922233,-862.8051303368177,-1419.730779255519,239.47732339810312,12.477092264612901
2026-09-07 14:52:07.022578,-863.1520077400777,-1420.3213497278825,239.49978177699077,13.106994426220785
2026-09-07 14:52:07.122692,-863.4497332142037,-1420.8267828829566,239.43256174179345,13.05188206560988
2026-09-07 14:52:07.223223,-863.7480344386248,-1421.3318375714612,239.3875617260885,12.997418591284315
2026-09-07 14:52:07.322143,-864.040719189731,-1421.826495341669,239.4318406206935,12.955929015407436
2026-09-07 14:52:07.422780,-864.4253548705033,-1422.47913739125,239.4881499504089,13.796603691527244
2026-09-07 14:52:07.522264,-864.7368800380644,-1423.0077521441538,239.56607982014242,13.777479214411102
2026-09-07 14:52:07.623069,-865.121166718387,-1423.6621489373279,239.55479915402168,14.463227558964252
2026-09-07 14:52:07.724474,-865.4533929474128,-1424.2273926835007,239.532103534797,14.4074045079649
2026-09-07 14:52:07.830369,-865.7992232847469,-1424.8152490475481,239.6387559354685,14.445342379506037
2026-09-07 14:52:07.923022,-866.1016443974254,-1425.3315131331387,239.7113348046376,14.5003955137334
2026-09-07 14:52:08.031984,-866.5422978428161,-1426.085441920212,239.74791525030543,15.274375019435759
2026-09-07 14:52:08.117567,-866.8367130000394,-1426.5902417202553,239.70002907161336,15.199592316825255
2026-09-07 14:52:08.232029,-867.3020433190286,-1427.3863258042627,239.64879321603036,15.800519575561893
2026-09-07 14:52:08.319653,-867.6147875588523,-1427.920427048587,239.56054249638873,15.740032328894928
2026-09-07 14:52:08.431879,-868.0148560570161,-1428.6012526301095,239.56054249638873,15.643930155431704
2026-09-07 14:52:08.519988,-868.3270334090332,-1429.132507473219,239.51124294719816,15.606205089931413
2026-09-07 14:52:08.621109,-868.783104809249,-1429.9077330997231,239.52255897555779,16.33002586636588
2026-09-07 14:52:08.721863,-869.156160790519,-1430.5416270695885,239.52255897555779,16.247269045108272
2026-09-07 14:52:08.821749,-869.5241286038497,-1431.1668752620467,239.54491462490327,16.176571669733583
2026-09-07 14:52:08.920947,-869.8877305328509,-1431.785256827261,239.5560154583723,16.108094838102186
2026-09-07 14:52:09.020731,-870.2518121312304,-1432.4047288302781,239.5783482789306,16.060139467777383
2026-09-07 14:52:09.120827,-870.6157033074542,-1433.0244296597007,239.5447443042462,16.05664089941661
2026-09-07 14:52:09.221314,-871.1204019634852,-1433.8829928869363,239.4547836636848,17.041539188066473
2026-09-07 14:52:09.321251,-871.5073313430497,-1434.5386848053452,239.37649894059808,17.061624001156467
2026-09-07 14:52:09.421269,-871.8959280394565,-1435.1951512436797,239.33172855563453,17.106195987863472
2026-09-07 14:52:09.520736,-872.2839048805403,-1435.8494037540963,239.3651213640378,17.14009267670843
2026-09-07 14:52:09.620917,-872.6750561598697,-1436.5098864765903,239.3651213640378,17.129588058833072
2026-09-07 14:52:09.727869,-873.092388514767,-1437.214577537348,239.35315281284545,17.07071140629639
2026-09-07 14:52:09.820446,-873.5818834038412,-1438.0415740123065,239.35315281284545,17.85977331797113
2026-09-07 14:52:09.917358,-873.976297906171,-1438.7072496956503,239.40737789667526,17.78864042158602
2026-09-07 14:52:10.028564,-874.4263635929165,-1439.4684929151947,239.37004410103154,17.72256335074225
2026-09-07 14:52:10.127191,-874.8244758736529,-1440.14086146258,239.39211797152387,17.576056344238356
2026-09-07 14:52:10.227377,-875.2252770459138,-1440.8183664991059,239.3809065751053,17.5497934888451
2026-09-07 14:52:10.327238,-875.6243130183335,-1441.4925865919856,239.28033133186,17.491330049122148
2026-09-07 14:52:10.427594,-876.0251758678467,-1442.1671889416882,239.16802712778158,17.485191651271844
2026-09-07 14:52:10.527154,-876.4240301660021,-1442.835425137271,239.03433100727403,17.48432169276701
2026-09-07 14:52:10.627854,-876.8290073899623,-1443.5103361134525,238.71880135900238,17.46848313525538
2026-09-07 14:52:10.729014,-877.2391901957162,-1444.1854672826353,240.22441358632125,17.386276775086266
2026-09-07 14:52:10.835475,-877.7319586676006,-1445.0419278532825,240.2124999808862,17.73611675915076
2026-09-07 14:52:10.926707,-878.0913108378762,-1445.6697096587523,240.24312815602215,17.682705151688342
2026-09-07 14:52:11.036141,-878.5206590806587,-1446.4207041949232,240.13291144309812,17.581343941002498
2026-09-07 14:52:11.127042,-878.8764439513534,-1447.0402563082603,240.25497965372745,17.61152718453216
2026-09-07 14:52:11.237726,-879.3087919023098,-1447.7968609598672,240.25497965372745,17.677294090178187
2026-09-07 14:52:11.315189,-879.6125036853442,-1448.328353585849,240.21163685130148,17.643450380023616
2026-09-07 14:52:11.438191,-880.094475520303,-1449.170320330442,240.19787221170836,17.53812042493011
2026-09-07 14:52:11.527790,-880.4436113256194,-1449.779893318745,240.23797880974425,17.565522588676643
2026-09-07 14:52:11.637110,-880.8582270343601,-1450.505262888998,240.27467944226206,17.4393822833602
2026-09-07 14:52:11.734736,-881.2356138461236,-1451.1662135333556,240.2309797721781,17.436823105909635
2026-09-07 14:52:11.835262,-881.624672878241,-1451.8464014373785,240.25347866097238,17.483378276448065
2026-09-07 14:52:11.934510,-882.009546874724,-1452.519886178183,240.29790437601233,17.472971489583355
2026-09-07 14:52:12.034688,-882.3972691817689,-1453.1995779784695,240.3539568818723,17.58239131568952
2026-09-07 14:52:12.134910,-882.7869212699126,-1453.8842080944553,240.36517230690035,17.63493590062599
2026-09-07 14:52:12.235458,-883.204772431219,-1454.6181953494238,240.3876761195507,17.888314218344295
2026-09-07 14:52:12.324814,-883.5578578259856,-1455.239426884055,240.4076750323404,18.031199817228067
2026-09-07 14:52:12.437685,-884.0071478732486,-1456.0305671343162,240.42030595407755,18.195906983043763
2026-09-07 14:52:12.535244,-884.3988827302984,-1456.7207145831683,240.44214079373972,18.211251509680082
2026-09-07 14:52:12.635113,-884.7999617556108,-1457.4279520064335,240.40861302691832,18.22434138803269
2026-09-07 14:52:12.735017,-885.2018839591367,-1458.1357107419722,240.29681463714343,18.21211988660105
2026-09-07 14:52:12.824656,-885.6012507023419,-1458.835614942869,240.2065345054677,18.419095705134193
2026-09-07 14:52:12.937870,-886.0644436744236,-1459.644609394256,240.11784936743535,18.405245958746846
2026-09-07 14:52:13.036421,-886.4684313861638,-1460.3476723087674,240.16196308905091,18.317409492071608
2026-09-07 14:52:13.136357,-886.8755951070942,-1461.0575270888712,240.21788018886946,18.28684595189623
2026-09-07 14:52:13.236857,-887.283677778557,-1461.770595502887,240.19538711917778,18.25084088942978
2026-09-07 14:52:13.336743,-887.6887463668246,-1462.477753106044,240.17303146983232,18.240367204189088
2026-09-07 14:52:13.437222,-888.1932923936422,-1463.3580038969315,240.15054310018508,18.82650554409644
2026-09-07 14:52:13.537634,-888.6139117652235,-1464.0909789032412,240.13930641305137,18.937935764266896
2026-09-07 14:52:13.638326,-889.0383455354137,-1464.830265020143,240.10550235076192,19.010963310739246
2026-09-07 14:52:13.733624,-889.4420060196469,-1465.532408146461,240.10550235076192,19.080911539644937
2026-09-07 14:52:13.838967,-889.9566742076761,-1466.42796094645,240.1172908454909,19.47388420857232
2026-09-07 14:52:13.934201,-890.3697383262901,-1467.1468033800431,240.0533474126845,19.44143005528067
2026-09-07 14:52:14.035338,-890.873348721234,-1468.0214135249855,240.10993650694832,19.878702236236617
2026-09-07 14:52:14.135415,-891.3165409790322,-1468.7924578871057,240.12113570563255,19.876953284101457
2026-09-07 14:52:14.234139,-891.7535543255425,-1469.5530965597884,240.11008791552192,19.838996529672325
2026-09-07 14:52:14.333561,-892.1929644492931,-1470.317565624577,240.0655843140317,19.855502830143198
2026-09-07 14:52:14.435289,-892.7210271869859,-1471.234962608036,240.1452720003757,20.40544141498422
2026-09-07 14:52:14.535953,-893.1781403538097,-1472.0313622924232,240.17906666257633,20.348267070965786
2026-09-07 14:52:14.635944,-893.699738203942,-1472.9411513440928,240.2350145364952,20.87478587259173
2026-09-07 14:52:14.735775,-894.1622296628288,-1473.7498525359117,240.34673123502196,20.93933803445085
2026-09-07 14:52:14.835560,-894.6875734068648,-1474.6718883231288,240.35789775720696,21.504010968134708
2026-09-07 14:52:14.935618,-895.1632971232654,-1475.5078825588455,240.50345969936473,21.54860078042779
2026-09-07 14:52:15.035526,-895.6371660096271,-1476.3455609964462,240.5817217055701,21.468284841138242
2026-09-07 14:52:15.377787,-897.3411041917913,-1479.3660650510592,240.69662469849152,22.145128406048723
2026-09-07 14:52:15.437037,-897.6281868255908,-1479.8775696796552,240.69662469849152,22.16221344388091
2026-09-07 14:52:15.547966,-898.1660831735034,-1480.8359574024537,240.6842110978556,22.270775177730226
2026-09-07 14:52:15.646853,-898.6481225396471,-1481.694387077552,240.49608857494923,22.237076143177948
2026-09-07 14:52:15.739524,-899.101812469118,-1482.496153598249,240.03978991076306,22.089699422834133
2026-09-07 14:52:15.848741,-899.6404214969303,-1483.4305497822925,239.57535323158135,21.9522742203914
2026-09-07 14:52:15.947232,-900.1298848879284,-1484.2639982967178,239.26674518204882,21.744004773725553
2026-09-07 14:52:16.046790,-900.6244444326546,-1485.0958313249594,239.37815637768875,21.62917255792831
2026-09-07 14:52:16.147083,-901.1184022638522,-1485.9303421204816,239.0975721191582,21.530143484397417
2026-09-07 14:52:16.248119,-901.6178333102404,-1486.76475034906,239.01842650460316,21.408309378389006
2026-09-07 14:52:16.348573,-902.1127166026984,-1487.5889747707877,238.98470234306873,21.30824356352904
2026-09-07 14:52:16.449459,-902.607889878335,-1488.412583311808,238.93954342110032,21.181301063976427
2026-09-07 14:52:16.545302,-903.0761212448641,-1489.1899919046496,238.78938796886945,21.039767072680906
2026-09-07 14:52:16.650187,-903.5873154114796,-1490.0337210852113,238.71896451768708,20.96461501344124
2026-09-07 14:52:16.749617,-904.0711709663244,-1490.8301173703617,238.62995015273415,20.904666256758393
2026-09-07 14:52:16.848562,-904.9633062795857,-1492.3141546014003,238.6520951953276,22.67966174071818
2026-09-07 14:52:16.949938,-905.4980137972544,-1493.1919398278544,238.7768854031071,22.71420898481267
2026-09-07 14:52:17.050407,-906.0268457068277,-1494.0643506107813,238.9005591265268,22.8292140651047
2026-09-07 14:52:17.149993,-906.5518066062713,-1494.9346074398209,238.9674246440884,22.915362448778424
2026-09-07 14:52:17.250392,-907.21942575802,-1496.0465257208107,238.90001324993995,23.594206111529108
2026-09-07 14:52:17.350274,-907.7635989789006,-1496.9486124496827,238.79941685649476,23.572386807747566
2026-09-07 14:52:17.445621,-908.2840941189604,-1497.8080323375357,238.76740720401878,23.534895274900954
2026-09-07 14:52:17.550492,-908.8561969971838,-1498.7514748662802,238.87302828065913,23.520233415783203
2026-09-07 14:52:17.650596,-909.5302215817201,-1499.8693807973968,238.92903938136593,24.142652336195262
2026-09-07 14:52:17.750052,-910.0842035194681,-1500.7887803936956,239.01807702272924,24.068783107490894
2026-09-07 14:52:17.850119,-910.6384495739728,-1501.7118602934443,239.0516712616074,24.258525452625
2026-09-07 14:52:17.950222,-911.1967201156976,-1502.642879338802,238.91724596278087,24.388856237831583
2026-09-07 14:52:18.050926,-911.7635674574038,-1503.5831927256065,238.99613150821173,24.46629226145363
2026-09-07 14:52:18.150623,-912.3252420348025,-1504.5178332531013,239.04075820610325,24.558634756672177
2026-09-07 14:52:18.250366,-912.9647223338537,-1505.5837944402385,238.90681634041636,25.099351683048123
2026-09-07 14:52:18.347995,-913.5304408812344,-1506.5218490937928,238.85219007422415,25.165892341462357
2026-09-07 14:52:18.450632,-914.1276978104343,-1507.5100678726014,238.84070439664237,25.16409865060136
2026-09-07 14:52:18.550923,-914.7114550375189,-1508.4755128562847,238.91926642234944,25.227195563070044
2026-09-07 14:52:18.650935,-915.3677421151948,-1509.564538388283,238.87449872312553,25.617464551548093
2026-09-07 14:52:18.759642,-916.0112570907795,-1510.6302326475786,238.92315850674683,25.64976065130986
2026-09-07 14:52:18.850205,-916.6143350108869,-1511.6310223189332,239.05490735409165,26.056754088198154
2026-09-07 14:52:18.951697,-917.2222522171327,-1512.6449661701656,239.1230526266035,26.017733111328077
2026-09-07 14:52:19.051226,-917.8163373980508,-1513.6385171338934,239.16760412378443,25.963812478526762
2026-09-07 14:52:19.158301,-918.4533102315416,-1514.7056766566711,239.3593211735145,25.865571872610627
2026-09-07 14:52:19.246731,-919.073323450537,-1515.7504016192554,239.72546694294155,26.419280767361737
2026-09-07 14:52:19.359592,-919.7453179343681,-1516.9015566575374,239.9780629965207,25.99818059490793
2026-09-07 14:52:19.459082,-920.3238489585798,-1517.9027163568664,239.73312577721865,25.815617757969402
2026-09-07 14:52:19.547972,-920.8409040149908,-1518.7887255867843,239.57396884468994,25.657166123328203
2026-09-07 14:52:19.659917,-921.4911465918103,-1519.8958844340737,239.4236412813089,25.53685010190115
2026-09-07 14:52:19.747524,-921.9998943268668,-1520.756940550988,239.39423008195848,25.41436805331489
2026-09-07 14:52:19.848823,-922.5858407662174,-1521.7474941912353,239.43957387234047,25.278054346068338
2026-09-07 14:52:19.949063,-923.161779902736,-1522.7228910509853,239.41713899367488,25.096742970128826
2026-09-07 14:52:20.049010,-923.7322946634238,-1523.6882377633224,239.29410783346998,24.83910763373555
2026-09-07 14:52:20.149268,-924.300766399919,-1524.6454290403883,239.22679111164467,24.64987918102438
2026-09-07 14:52:20.249423,-924.8654423535697,-1525.5936896144185,239.3052466030117,24.438091033571137
2026-09-07 14:52:20.349177,-925.4217426012603,-1526.5308014766356,239.59548598373095,24.299498097955755
2026-09-07 14:52:20.449633,-925.974020136862,-1527.4719658510733,239.78659337055717,24.25824207220862
2026-09-07 14:52:20.548881,-926.5156308362178,-1528.402045549127,239.64220979667732,24.178456706245843
2026-09-07 14:52:20.648716,-927.061001139014,-1529.3331776988268,239.474628034538,23.964728147629724
2026-09-07 14:52:20.748716,-927.6051454445042,-1530.2560166979642,239.64248676358022,23.85375513626609
2026-09-07 14:52:20.848722,-928.1441088963813,-1531.1762203793296,239.63129551020916,23.718307507837984
2026-09-07 14:52:20.955852,-928.7183788606544,-1532.156265922285,239.69123786235016,23.68554381848692
2026-09-07 14:52:21.048541,-929.2136654038472,-1533.0035497769134,239.77421737027655,23.714700919920794
2026-09-07 14:52:21.156149,-929.7879529649067,-1533.9892540653825,239.94280483001444,23.670507657013673
2026-09-07 14:52:21.255452,-930.3142565940249,-1534.8987407999718,239.63165248977293,23.49089110109865
2026-09-07 14:52:21.354270,-930.8388855239855,-1535.7940820518047,239.498952778681,23.319059599023895
2026-09-07 14:52:21.455261,-931.3732313722311,-1536.7011833784318,239.28422464722144,23.29699803329432
2026-09-07 14:52:21.544385,-931.8473364403363,-1537.4991667463282,239.16454271628413,23.22301503540822
2026-09-07 14:52:21.657278,-932.44807962897,-1538.5055063470559,239.18980948361448,23.163827273966294
2026-09-07 14:52:21.754951,-932.966124165693,-1539.3741828257475,239.157018952331,23.047755376037696
2026-09-07 14:52:21.856073,-933.5002862315378,-1540.2687216263917,239.06648983020722,22.952325786403662
2026-09-07 14:52:21.956403,-934.0294661536777,-1541.151744427581,239.06648983020722,22.893587771488885
2026-09-07 14:52:22.056723,-934.5572392259666,-1542.03241967089,239.0889426138039,22.822583219323533
2026-09-07 14:52:22.164270,-935.1209091093426,-1542.973831068016,239.0648723434942,22.81506522596723
2026-09-07 14:52:22.255656,-935.6000549109098,-1543.7733126103528,239.13645871995135,22.803885752374267
2026-09-07 14:52:22.364695,-936.1702852914553,-1544.7274754855368,239.1852671145008,22.807696897629725
2026-09-07 14:52:22.452988,-936.6314411055687,-1545.5006194831042,239.11610361093858,22.80461086925419
2026-09-07 14:52:22.564420,-937.2145508425544,-1546.4755465903015,238.9914047183077,22.842585029843846
2026-09-07 14:52:22.655487,-937.6936224269027,-1547.2725847350082,239.0219775000631,22.92375116220896
2026-09-07 14:52:22.764891,-938.270690755925,-1548.2338227055052,239.1199210541545,22.93713482194858
2026-09-07 14:52:22.862913,-938.7865509846043,-1549.096442831483,239.22961337640902,23.01764764658396
2026-09-07 14:52:22.963072,-939.3138134486717,-1549.9819741379827,239.308072001139,23.164680001071254
2026-09-07 14:52:23.063307,-941.7392588523697,-1554.0673023784095,239.29685512133528,27.08311581682152
2026-09-07 14:52:23.162649,-942.3533747096433,-1555.1014620520862,239.3190890171493,27.1751294998812
2026-09-07 14:52:23.263163,-942.9764392524083,-1556.1516191821356,239.420321930895,27.19708686457452
2026-09-07 14:52:23.362921,-943.5934731961386,-1557.1958116968278,239.36450442725567,27.22585258953761
2026-09-07 14:52:23.463396,-944.2166246698916,-1558.2480150157019,239.39823563885673,27.287309355850468
2026-09-07 14:52:23.563291,-944.8369600923871,-1559.2968712146144,239.47648746163253,27.276834726902276
2026-09-07 14:52:23.663339,-945.4565724368003,-1560.3477778315944,239.33094006723132,27.286451176213298
2026-09-07 14:52:23.762943,-946.0763091913797,-1561.3928185826423,239.14145352429273,27.31169112258275
2026-09-07 14:52:23.851249,-946.6293218638449,-1562.318354394068,239.0228700608783,27.32172219153072
2026-09-07 14:52:23.965932,-947.3502702931492,-1563.5192996453125,239.03570375596013,27.211490776976092
2026-09-07 14:52:24.064413,-947.9666378681056,-1564.546557003364,238.94753897998783,27.162440557406814
2026-09-07 14:52:24.164295,-948.5922466703119,-1565.5855887561188,238.92518422588893,27.13800293717149
2026-09-07 14:52:24.264955,-949.2225693595917,-1566.6315257944082,238.94771310544274,27.26202235517659
2026-09-07 14:52:24.349803,-949.7559586837808,-1567.5174024858643,238.92872313552039,27.253125500309018
2026-09-07 14:52:24.466759,-950.4913566715339,-1568.7378685785347,239.03342759159432,27.17034630968849
2026-09-07 14:52:24.564805,-951.1041144122606,-1569.7590177221023,239.14314677124548,27.11637237488959
2026-09-07 14:52:24.664989,-952.1316051798873,-1571.4802086750283,239.18799146167314,28.18128982738907
2026-09-07 14:52:24.764328,-952.77264647898,-1572.555053201173,239.32139080794775,28.183025882188417
2026-09-07 14:52:24.864015,-953.413459896161,-1573.635224426113,239.24330192004493,28.19957617865238
2026-09-07 14:52:24.965660,-954.0687449044134,-1574.7363665223672,239.18642858499993,28.19069440562871
2026-09-07 14:52:25.066542,-954.7199903203625,-1575.8282527564966,239.18642858499993,28.285897505463176
2026-09-07 14:52:25.166874,-955.369872539645,-1576.9178534379937,239.2425672583408,28.295541252387387
2026-09-07 14:52:25.262284,-955.9870682370076,-1577.9549599283926,239.13579791608802,28.311381470125173
2026-09-07 14:52:25.363038,-956.6412393686044,-1579.049551660746,238.95539857330488,28.207495247695412
2026-09-07 14:52:25.460296,-957.4908791551837,-1580.4643951825553,238.8139100029719,28.743229388477154
2026-09-07 14:52:25.562741,-958.172512728024,-1581.5905229027117,238.79098161964293,28.716374356628773
2026-09-07 14:52:25.662733,-958.8376426755867,-1582.6883929570872,238.8245506797117,28.857919156870363
2026-09-07 14:52:25.758758,-959.4789123393033,-1583.7482796974848,238.78156765449495,28.94602146070503
2026-09-07 14:52:25.864281,-960.1866387627291,-1584.9160269359702,238.7461417411655,28.993968757087902
2026-09-07 14:52:25.963285,-960.8524215518049,-1586.013036445284,238.57995488506455,29.105566677576
2026-09-07 14:52:26.062847,-961.617099134933,-1587.2673298657733,238.4685392131919,29.510829102181628
2026-09-07 14:52:26.163064,-962.3085211461738,-1588.3942386294248,238.44610948219395,29.486309519202475
2026-09-07 14:52:26.388097,-963.8607794687424,-1590.9219542831777,238.3201969709521,29.692775811718246
2026-09-07 14:52:26.486133,-964.544193806138,-1592.0293693607093,238.44087575892826,29.74588759981327
2026-09-07 14:52:26.594392,-965.297641147457,-1593.2560405564218,238.380301698437,29.791294190946054
2026-09-07 14:52:26.686717,-966.0115419344884,-1594.4172061552079,238.30797976502913,30.128403251806272
2026-09-07 14:52:26.794497,-966.7741686597384,-1595.65238880338,238.28385734660756,30.12369432615085
2026-09-07 14:52:26.885889,-967.4211773932445,-1596.6993253381047,238.27363004996448,30.166817983989077
2026-09-07 14:52:26.994997,-968.194935552083,-1597.9508578095276,238.18816130899222,30.09054684494112
2026-09-07 14:52:27.424657,-971.2415694488641,-1602.8623090060532,237.8515911285642,29.790196205177338
2026-09-07 14:52:27.525048,-971.9529783752314,-1603.9942663357808,237.77295076878357,29.72001862039745
2026-09-07 14:52:27.623988,-972.8370185458535,-1605.4031061149972,237.6954470364102,30.51482397322137
2026-09-07 14:52:27.724562,-973.5702233227521,-1606.5627173573944,237.61666332527494,30.44451846364728
2026-09-07 14:52:27.825306,-974.3045681185614,-1607.7206037972264,237.53774644621467,30.37409411683268
2026-09-07 14:52:27.925360,-975.0337758492439,-1608.8668964478911,237.45937007226192,30.304152109406054
2026-09-07 14:52:28.025723,-975.7651198741739,-1610.0130821754385,237.38075164602185,30.233994097818723
2026-09-07 14:52:28.124878,-976.4875379736766,-1611.141860226685,237.30307949539034,30.164680529681643
2026-09-07 14:52:28.225841,-977.2229961732237,-1612.2875895556322,237.22399106470897,30.09410309253955
2026-09-07 14:52:28.326402,-977.955382935238,-1613.4250770827953,237.1452175370033,30.02380667051915
2026-09-07 14:52:28.426105,-978.6813709314602,-1614.5492279739096,237.06711611564873,29.95411002704206
2026-09-07 14:52:28.526156,-979.4097351795102,-1615.673692066563,236.98874209171817,29.884170116743203
2026-09-07 14:52:28.626248,-979.7012888241727,-1616.1054320224232,236.98874209171817,28.045828946689152
2026-09-07 14:52:28.726461,-980.1221972072283,-1616.7439835449557,236.98874209171817,26.876220047245813
2026-09-07 14:52:28.826679,-980.5936714977199,-1617.4637967313772,236.98874209171817,25.95997184234983
2026-09-07 14:52:28.927216,-981.0906396651189,-1618.2247904517549,236.98874209171817,25.164935651982685
2026-09-07 14:52:29.025942,-981.9814368382896,-1619.6030438561136,236.91140599426217,26.99952383278221
2026-09-07 14:52:29.127043,-982.6476282424442,-1620.6254242371933,236.83220946255932,26.928849927762524
2026-09-07 14:52:29.227162,-983.5258711087737,-1621.9746842573545,236.75378217145874,28.646921663840295
2026-09-07 14:52:31.224569,-997.612977973177,-1643.4645645992628,240.10660417545935,33.884278045596915
2026-09-07 14:52:31.322772,-998.3543510173394,-1644.75419580072,239.91978289342052,34.09708709232651
2026-09-07 14:52:31.423431,-999.1233711810355,-1646.0818815369473,239.87472558193605,34.284433713643956
2026-09-07 14:52:31.523193,-999.890766360879,-1647.4043628000877,239.81890584018035,34.368990901619306
2026-09-07 14:52:31.623768,-1000.6676251786442,-1648.7401535484169,239.7851410568335,34.59397076919268
2026-09-07 14:52:31.723878,-1001.4467426166863,-1650.0780131507602,239.86356129786745,34.819659990235536
2026-09-07 14:52:31.822888,-1002.2088551849178,-1651.3915093542812,239.8857208882174,34.86202469736461
2026-09-07 14:52:31.922906,-1002.9909223484427,-1652.7398714111337,239.81856531077202,34.93805926292362
2026-09-07 14:52:32.022975,-1003.7766789753407,-1654.0909432589594,239.71778057983283,34.964291447823186
2026-09-07 14:52:32.123080,-1004.5656864448785,-1655.4421301405823,239.60575725936104,34.967790330753125
2026-09-07 14:52:32.230707,-1005.4169046710964,-1656.8933305604526,239.44918412029557,35.04020484308703
2026-09-07 14:52:32.317179,-1006.1054152835857,-1658.059822644617,239.3524169201773,35.15429970875901
2026-09-07 14:52:32.430318,-1007.0252460183243,-1659.6122088635886,239.40306057016426,35.33058042617196
2026-09-07 14:52:32.521973,-1007.76207586128,-1660.8582719937951,239.433830753785,35.33538573232466
2026-09-07 14:52:32.630357,-1008.6327198739004,-1662.3324365198275,239.42170195345932,35.42630377097892
2026-09-07 14:52:32.729034,-1009.4277123366417,-1663.6778581779897,239.4437870145336,35.537533095046676
2026-09-07 14:52:32.828897,-1010.2342593484258,-1665.0440365087966,239.28733350278907,35.648354073384745
2026-09-07 14:52:32.930463,-1011.0609216472749,-1666.4355936290692,239.2305043705427,35.82052655095946
2026-09-07 14:52:33.029250,-1011.8763140797828,-1667.8051314187903,239.3189430919608,35.96895415254814
2026-09-07 14:52:33.129750,-1012.7008898990053,-1669.1949218670281,239.35268269649828,35.983883080887885
2026-09-07 14:52:33.219724,-1013.4386759604898,-1670.440101871921,239.36275131068953,35.924918401412896
2026-09-07 14:52:33.339756,-1014.4210330700705,-1672.0987151064178,239.40304814861832,35.759201127790845
2026-09-07 14:52:33.428817,-1015.1456956029142,-1673.3242013239426,239.512679034578,35.623791212710536
2026-09-07 14:52:33.538827,-1016.0345371866598,-1674.8339187588754,239.24184233244296,35.5017098029094
2026-09-07 14:52:33.628613,-1016.7647760518772,-1676.06095405747,239.17150930116264,35.39250706595892
2026-09-07 14:52:33.737938,-1017.6512083693613,-1677.5462783281646,239.12257288635584,35.2702305358945
2026-09-07 14:52:33.837460,-1018.4565183825405,-1678.8930571329863,239.1782583411283,35.14674357863117
2026-09-07 14:52:33.937282,-1019.2601192496002,-1680.239947820116,239.1559170157277,35.035095851358435
2026-09-07 14:52:34.036932,-1020.0603096866479,-1681.5799346251322,239.30088540941955,34.961082532499944
2026-09-07 14:52:34.136687,-1020.8562616931972,-1682.920517776343,239.20041692432588,34.832076494170046
2026-09-07 14:52:34.236724,-1021.6538658827565,-1684.258533388796,239.18922220187443,34.72543305552362
2026-09-07 14:52:34.336768,-1022.4493443630536,-1685.592390413869,239.11085366132903,34.61703377917251
2026-09-07 14:52:34.437245,-1023.2475976948904,-1686.9267481027287,239.133341583353,34.52396882343589
2026-09-07 14:52:34.537184,-1024.0389226903137,-1688.2507036162551,239.2116278731212,34.445374503716174
2026-09-07 14:52:34.637061,-1024.877000800757,-1689.6573069488852,239.17809742056005,34.64144556368428
2026-09-07 14:52:34.738019,-1025.6780659283631,-1690.9999389909701,239.26847972224883,34.58586858441508
2026-09-07 14:52:34.837330,-1026.4627174422299,-1692.3197882117595,239.3685010316883,34.509503703755634
2026-09-07 14:52:34.937547,-1027.2504577687814,-1693.6501146276091,239.34607130069037,34.47710282624747
2026-09-07 14:52:35.037256,-1028.0339867813134,-1694.9721482812172,239.34607130069037,34.484072910020735
2026-09-07 14:52:35.137057,-1028.8183972930822,-1696.2956692717817,239.2567247992656,34.40035473043949
2026-09-07 14:52:35.237148,-1029.6052411602855,-1697.6185882439647,239.13351638024278,34.34263123603743
2026-09-07 14:52:35.337542,-1030.395989477905,-1698.9415880906756,239.15598572590073,34.27069706208207
2026-09-07 14:52:35.437846,-1031.1838567534421,-1700.260942310127,239.21210873242694,34.19882737480577
2026-09-07 14:52:35.535475,-1031.9478486557125,-1701.5431666854038,239.16840771947318,34.210770569905755
2026-09-07 14:52:35.637787,-1032.7509218656908,-1702.8886519742257,239.17985702766367,34.19692988953232
2026-09-07 14:52:35.738039,-1033.5361374114698,-1704.2048110512499,239.09010677004264,34.13736153435157
2026-09-07 14:52:35.838435,-1034.323171159139,-1705.5193334689056,239.1238114599645,34.15227501385005
2026-09-07 14:52:35.938503,-1035.107205099818,-1706.8305950957042,239.03422592770957,34.067458463597276
2026-09-07 14:52:36.030111,-1035.8250436939256,-1708.0268972670797,239.06498033260976,34.05385041118586
2026-09-07 14:52:36.130142,-1036.607870651073,-1709.333093369001,239.0425922305767,33.98130225938457
2026-09-07 14:52:36.238801,-1037.4569605766367,-1710.7485987426187,239.1641879748367,33.998392644892576
2026-09-07 14:52:36.340213,-1038.2470122098848,-1712.072041231405,239.26632531141448,34.02054617841307
2026-09-07 14:52:36.440637,-1039.027537608979,-1713.3848376013918,239.2550872814109,34.065299094818755
2026-09-07 14:52:36.536357,-1039.7727265123947,-1714.6376406720306,239.28722215649879,34.14726673194295
2026-09-07 14:52:36.636274,-1040.551725787229,-1715.9489587174246,239.23131568773306,34.22584375035853
2026-09-07 14:52:36.737547,-1041.3444134598572,-1717.2803586275895,239.28798087795406,34.32761032710502
2026-09-07 14:52:36.837621,-1042.1287399263679,-1718.6006839477302,239.3215774668544,34.41855311186701
2026-09-07 14:52:36.937110,-1042.9097753661283,-1719.9172267174422,239.2436436804172,34.498532217483955
2026-09-07 14:52:37.036873,-1043.6965808822504,-1721.2393940553216,239.1878233791324,34.5290428488732
2026-09-07 14:52:37.136952,-1044.487869634997,-1722.5661521193567,239.37821356156235,34.605998280713756
2026-09-07 14:52:37.237456,-1045.0598695891508,-1723.534776037709,239.37821356156235,33.94311363632291
2026-09-07 14:52:37.337527,-1045.8333307896357,-1724.8414932321873,239.32222092531572,34.038425813015714
2026-09-07 14:52:37.438062,-1046.61384639948,-1726.1571934294236,239.2434677644692,34.06390167752169
2026-09-07 14:52:37.537785,-1047.3904318397736,-1727.4621775832227,239.33274443666267,34.10224252090259
2026-09-07 14:52:37.637849,-1048.1685062864046,-1728.7743119157406,239.25436022930253,34.13896574477518
2026-09-07 14:52:37.737518,-1048.946133066344,-1730.0816114170336,239.2208996059727,34.15028758712989
2026-09-07 14:52:37.837066,-1049.7238360258807,-1731.3873029046517,239.15405960293793,34.15028758712989
2026-09-07 14:52:37.937640,-1050.5110928027063,-1732.7055341142402,239.15405960293793,34.1863191607866
2026-09-07 14:52:38.156733,-1052.2278827607781,-1735.5802329033233,239.42375520143295,34.280126805586285
2026-09-07 14:52:38.253025,-1052.9785155273473,-1736.8506854773714,239.26212067406362,34.23216685653251
2026-09-07 14:52:38.352401,-1053.7557959776495,-1738.1578056636279,239.33996594299768,34.21393149168821
2026-09-07 14:52:38.453517,-1054.544457938529,-1739.4881768118498,239.35128141182824,34.21923282098759
2026-09-07 14:52:38.553958,-1055.327715530333,-1740.8100265389396,239.36252134423074,34.19904671662613
2026-09-07 14:52:38.654225,-1056.1088962650429,-1742.1289612034147,239.1493325892223,34.13771717606488
2026-09-07 14:52:38.755061,-1056.8980223429667,-1743.4500748743599,239.10419604841775,34.04520081147782
2026-09-07 14:52:38.853815,-1057.6697768390793,-1744.7397970101813,238.9936845755655,33.94078801774012
2026-09-07 14:52:38.950435,-1058.4249635415752,-1745.9963250001397,239.08018329769914,33.904484464087204
2026-09-07 14:52:39.054021,-1059.2316983740873,-1747.343223284052,239.14973455492543,33.793152511829014
2026-09-07 14:52:39.154666,-1060.0113707038454,-1748.6485307844769,239.27362492801143,33.738627277090515
2026-09-07 14:52:39.254323,-1060.779351543484,-1749.9406026781064,239.24016833329114,33.771717908661515
2026-09-07 14:52:39.354721,-1061.3299491907378,-1750.8660080159666,239.1165820083163,33.12049038658452
2026-09-07 14:52:39.454276,-1062.0865581408793,-1752.131040152587,239.12772279216284,33.03610864956155
2026-09-07 14:52:39.554138,-1062.843320569742,-1753.3968875823111,238.8706945967021,32.98026241656226
2026-09-07 14:52:39.653991,-1063.6043964806456,-1754.6570797701731,238.8930428602635,32.934891441649505
2026-09-07 14:52:39.754185,-1064.3665282956797,-1755.9201333379433,238.93789202692392,32.8998715049548
2026-09-07 14:52:39.854262,-1065.1259740051753,-1757.1809654017732,238.9714896229766,32.849151893035284
2026-09-07 14:52:39.954555,-1065.8851456180573,-1758.443016215242,239.0724999560476,32.824613715523206
2026-09-07 14:52:40.053731,-1066.6331015858977,-1759.6913994160202,239.05030321296562,32.84454558683226
2026-09-07 14:52:40.154637,-1067.3950591087525,-1760.9620352631011,239.10676305600805,32.841900427142974
2026-09-07 14:52:40.255002,-1068.151624765446,-1762.2265030490994,239.11799448356828,32.76209409864049
2026-09-07 14:52:40.347466,-1068.8467100086793,-1763.3887340541892,239.04556366579817,32.7378554958309
2026-09-07 14:52:40.455431,-1069.5763682324884,-1764.604872455547,239.03348175401084,32.44298144307121
2026-09-07 14:52:40.562545,-1070.3757055036772,-1765.9369556990957,238.94957499446522,32.33253750209278
2026-09-07 14:52:40.653982,-1071.0573892799441,-1767.0692096671078,238.86771633522557,32.32614566635101
2026-09-07 14:52:40.762250,-1071.8663066644517,-1768.4084606198555,238.83136887747366,32.33087591280547
2026-09-07 14:52:40.854837,-1072.5588922054485,-1769.5534695622594,238.77956375698756,32.332493969215406
2026-09-07 14:52:40.963506,-1073.3730326655957,-1770.8966937677412,238.75524237001918,32.36193011971368
2026-09-07 14:52:41.052225,-1074.0387801416432,-1771.9940380265675,238.77509871479504,32.3479759887914
2026-09-07 14:52:41.164060,-1074.8771490245642,-1773.376992783458,238.80012868941162,32.38608748503614
2026-09-07 14:52:41.252364,-1075.5394204834552,-1774.47053848221,238.8297738838303,32.4462725355909
2026-09-07 14:52:41.354593,-1076.3068965633822,-1775.7392795761173,238.7840138038003,32.46324486154328
2026-09-07 14:52:41.453152,-1077.0481846528667,-1776.9625213171698,238.87224840900387,32.484775154903495
2026-09-07 14:52:41.553063,-1077.7982280990873,-1778.2045220222442,238.99523525450434,32.51358499819213
2026-09-07 14:52:41.653156,-1078.5476293030465,-1779.4515001648113,239.02883822203643,32.51271038231603
2026-09-07 14:52:41.752878,-1079.2935039988083,-1780.694260553627,239.20738977593027,32.47349854934247
2026-09-07 14:52:41.852732,-1080.0355883487202,-1781.9394837582295,239.2185640196168,32.507527121310304
2026-09-07 14:52:41.952530,-1080.777790723727,-1783.1854575137036,239.20739604265617,32.52322380812804
2026-09-07 14:52:42.059762,-1081.5759262457461,-1784.5247353461216,239.17139638819086,32.55601869225474
2026-09-07 14:52:42.151907,-1082.2631833934283,-1785.6763124379545,239.2435773202663,32.575342676126425
2026-09-07 14:52:42.252707,-1083.0138509529338,-1786.9377493403292,239.2999778532245,32.61850156571125
2026-09-07 14:52:42.352685,-1083.8076155959045,-1788.2737836710667,239.33354221324885,32.843755971512174
2026-09-07 14:52:42.459680,-1084.6088626694282,-1789.625038896611,239.20183521868046,33.01204261113055
2026-09-07 14:52:42.558541,-1085.3558732670456,-1790.878252096871,239.09120400660146,33.08287836198618
2026-09-07 14:52:42.651961,-1086.06557563343,-1792.0636653158267,239.07029552331198,33.06818483623905
2026-09-07 14:52:42.749741,-1086.808523083691,-1793.303580793957,239.02652691924328,33.06818483623905
2026-09-07 14:52:42.860127,-1087.6483219037646,-1794.702707622822,239.00182124769123,33.208045520545824
2026-09-07 14:52:42.958844,-1088.403063018581,-1795.9588982205578,238.89135117999214,33.26583920756208
2026-09-07 14:52:43.058903,-1089.1718535613777,-1797.2329020200898,238.92494273313062,33.280702626872994
2026-09-07 14:52:43.159967,-1089.9824314137136,-1798.5782120012825,239.04934888013804,33.5228650064801
2026-09-07 14:52:43.260408,-1090.7565628995912,-1799.8691003272488,238.93694955611318,33.70980588600151
2026-09-07 14:52:43.359911,-1091.5302627974847,-1801.153549396452,239.0260292740646,33.84457225373426
2026-09-07 14:52:43.459660,-1092.3069654204107,-1802.447530837908,239.05951675479105,33.88205148343127
2026-09-07 14:52:49.199670,-1115.982644210724,-1841.943229553093,239.05951675479105,36.331336753197746
2026-09-07 14:52:49.320197,-1116.9891117099771,-1843.6222208723038,239.00556606403035,36.29552901297875
2026-09-07 14:52:49.419014,-1117.8147698984794,-1844.9966492796677,238.8507513011045,36.19536693995396
2026-09-07 14:52:49.526560,-1118.7149101927869,-1846.4859331060766,238.94703148709692,36.15401836096774
2026-09-07 14:52:49.618277,-1119.4795548097597,-1847.7558546759558,239.11125014364697,36.08910284550772
2026-09-07 14:52:49.719493,-1120.3178644509803,-1849.1571923728425,239.31513001307184,36.051956840675935
2026-09-07 14:52:49.819448,-1121.1399533795911,-1850.542581155761,239.4717276595117,35.96898288805145
2026-09-07 14:52:49.926314,-1122.0128173662547,-1852.0227395084985,239.43585087763608,35.906418383896344
2026-09-07 14:52:50.018036,-1122.7614784895932,-1853.2904660727684,239.41532242650914,35.824668463587194
2026-09-07 14:52:50.126466,-1123.6450357398237,-1854.785392074994,239.5002600624627,35.67402155209717
2026-09-07 14:52:50.218287,-1124.388236253356,-1856.0471092727191,239.53108597518144,35.58095070692672
2026-09-07 14:52:50.324443,-1125.2444399296176,-1857.502459694161,239.41229123358005,35.45015987305279
2026-09-07 14:52:50.425462,-1126.0590751677144,-1858.8806073186654,239.31054970788534,35.287741730940226
2026-09-07 14:52:50.525789,-1127.0275515134513,-1860.511776158367,239.38913993385893,35.712616733316715
2026-09-07 14:52:50.625659,-1127.8394381389842,-1861.8840077789862,239.45619613893672,35.4455805410856
2026-09-07 14:52:50.727169,-1128.682226611208,-1863.3119822404406,239.51299393755363,35.278528723650645
2026-09-07 14:52:50.825862,-1129.4718951290965,-1864.653268852274,239.29210751694876,35.05258447439442
2026-09-07 14:52:50.934923,-1130.3545843150537,-1866.139426113521,239.30431207751417,34.72620589554565
2026-09-07 14:52:51.024163,-1131.0617814386967,-1867.3306860334446,239.2144337996358,34.607679029940776
2026-09-07 14:52:51.134761,-1131.930904669155,-1868.7894556167896,239.1773041202066,34.265583117901144
2026-09-07 14:52:51.223903,-1132.6305559925397,-1869.9620752877904,239.20723064585513,34.049820703603764
2026-09-07 14:52:51.335689,-1133.5016459270153,-1871.42376161682,239.26977816547083,33.859346714279546
2026-09-07 14:52:51.426038,-1134.2004672436533,-1872.5992979424816,239.30010990209132,33.66434700962505
2026-09-07 14:52:51.535023,-1135.0401234418896,-1874.0134421521968,239.1659532891371,33.57940219667119
2026-09-07 14:52:51.633777,-1135.7999473989337,-1875.2863383346773,239.23226017284844,33.3464149709755
2026-09-07 14:52:51.733614,-1136.5481522360412,-1876.5430523420957,239.33281124443675,33.05504447490763
2026-09-07 14:52:51.833226,-1137.298925686224,-1877.8091500046273,239.6226374688709,32.86790570516667
2026-09-07 14:52:51.925336,-1137.966753733261,-1878.9488083773547,239.60202217882812,32.53406191787283
2026-09-07 14:52:52.034966,-1138.773556643192,-1880.3240818510499,239.5038762990153,32.396117047167756
2026-09-07 14:52:52.134705,-1139.4832419286201,-1881.5292558063895,239.5373604225672,32.06082021894667
2026-09-07 14:52:52.233643,-1140.2021475835797,-1882.751537238545,239.3712843532274,31.89396719335052
2026-09-07 14:52:52.334266,-1140.9081779569353,-1883.9439463017304,239.33750345544257,31.51567347653247
2026-09-07 14:52:52.433796,-1141.6232999132699,-1885.150146750777,239.40433137264887,31.35999782740152
2026-09-07 14:52:52.534081,-1142.3080938813453,-1886.308287065426,239.28088414660755,30.940342399647225
2026-09-07 14:52:52.623487,-1142.9397989485606,-1887.3713915312612,239.23085888817837,30.903624471022273
2026-09-07 14:52:52.735435,-1143.7309981463288,-1888.7002672930794,239.268441786176,30.71972188400545
2026-09-07 14:52:52.833599,-1144.4198895811137,-1889.859038335781,239.1915459262134,30.664825230462146
2026-09-07 14:52:52.933574,-1145.0829946980916,-1890.9707359883262,239.15798257334137,30.26785597371918
2026-09-07 14:52:53.033004,-1145.7727350313678,-1892.1258593204273,239.19136296019872,30.23310307129434
2026-09-07 14:52:53.135656,-1146.4415052471816,-1893.2471419435055,239.17987560402963,29.801685449938066
2026-09-07 14:52:53.234414,-1147.1156010181264,-1894.3770456065834,239.0583080600361,29.707623834226943
2026-09-07 14:52:53.334390,-1147.758604154502,-1895.449237891203,239.10305964482205,29.234806333823137
2026-09-07 14:52:53.435240,-1148.4354021923248,-1896.580222063741,239.14820245235245,29.154614352261085
2026-09-07 14:52:53.535283,-1149.0633968148288,-1897.6314250323057,239.18178863401158,28.692284872125803
2026-09-07 14:52:53.635244,-1149.7202675439094,-1898.7325400368668,239.18178863401158,28.56825320339929
2026-09-07 14:52:53.736048,-1150.3387101180545,-1899.769227720153,239.125385862937,28.028647321543747
2026-09-07 14:52:53.834936,-1150.9745470908988,-1900.8327029057136,239.14751814826704,27.935325974460714
2026-09-07 14:52:53.936059,-1151.5840915772799,-1901.853042311964,239.10225313958188,27.393595144930956
2026-09-07 14:52:54.026899,-1152.1553325383795,-1902.8076015911504,239.0819220903203,27.33565045597695
2026-09-07 14:52:54.137268,-1152.8093762206277,-1903.8994931178443,239.0942730236974,26.82016303629219
2026-09-07 14:52:54.237317,-1153.4255006230017,-1904.9287284986074,239.20623367691036,26.7327398960251
2026-09-07 14:52:54.332488,-1153.9682399084131,-1905.8395645256396,239.05713103462804,26.247064388340238
2026-09-07 14:52:54.433082,-1154.5751397314891,-1906.851900570269,238.98958871067094,26.234758477515705
2026-09-07 14:52:54.531571,-1155.1267690982888,-1907.7692669047701,238.96754572618477,25.725320084411177
2026-09-07 14:52:54.633076,-1155.7285565004759,-1908.7695255098606,239.13793072909908,25.633076870716653
2026-09-07 14:52:54.733831,-1156.2738680754828,-1909.6822009819423,239.25068143739674,25.089024961462666
2026-09-07 14:52:54.833851,-1156.8474272832987,-1910.6462934290682,239.3514168178696,25.020854677483605
2026-09-07 14:52:54.933820,-1157.3729043041956,-1911.5336609610076,239.30666836644662,24.44820929710561
2026-09-07 14:52:55.018094,-1157.8430518397727,-1912.3256896222058,239.29723761542573,24.340696511616617
2026-09-07 14:52:55.135656,-1158.45468212758,-1913.3559091168115,239.15252302413222,23.79144515480749
2026-09-07 14:52:55.233642,-1158.989050411222,-1914.2506337562722,239.05383619158863,23.67328888663238
2026-09-07 14:52:55.333833,-1159.4737383559693,-1915.0585333021722,239.08747205943155,22.859766949197276
2026-09-07 14:52:55.433867,-1159.9989082008913,-1915.9355929119556,239.12105521963358,22.824802935909872
2026-09-07 14:52:55.533682,-1160.4669903832416,-1916.7182531491808,239.13222509899316,22.145683731360176
2026-09-07 14:52:55.633601,-1160.974507272757,-1917.5673354561297,239.15458813412272,22.129968013107895
2026-09-07 14:52:55.734311,-1161.4322058385155,-1918.3337754776157,239.1320480639869,21.51582800415897
2026-09-07 14:52:55.833274,-1161.920573039089,-1919.150814375253,239.14312259958837,21.473455651083743
2026-09-07 14:52:55.931492,-1162.3514438694478,-1919.8719746338693,239.2420430914828,20.913683099593932
2026-09-07 14:52:56.032914,-1162.8363753269764,-1920.6868135819232,239.21934366746024,20.899503440055636
2026-09-07 14:52:56.134071,-1163.265638348695,-1921.40762276693,239.26462389533685,20.33966026444631
2026-09-07 14:52:56.234481,-1163.7322446448075,-1922.1923731989518,239.2983332853031,20.354575823596498
2026-09-07 14:52:56.333748,-1164.1361558010187,-1922.8729153944942,239.2983332853031,19.69739428559916
2026-09-07 14:52:56.427544,-1164.557845520572,-1923.5830747654945,239.27734064883745,19.759683314545114
2026-09-07 14:52:56.534014,-1164.977488693525,-1924.289351250323,239.1581945229633,19.16658903117752
2026-09-07 14:52:56.633971,-1165.4165668962928,-1925.0246913698159,239.10226567303368,19.1395127785631
2026-09-07 14:52:56.734085,-1165.7955858506937,-1925.657651176865,239.2030957258297,18.565550504947755
2026-09-07 14:52:56.834536,-1166.2224359959584,-1926.3737869286158,239.23681888021176,18.63225905591635
2026-09-07 14:52:56.934936,-1166.5874347869963,-1926.98709664534,239.31546629005902,18.000445044012174
2026-09-07 14:52:57.034891,-1166.9978929566741,-1927.6788122604628,239.34902292858186,18.113114937575947
2026-09-07 14:52:57.134581,-1167.3438289664396,-1928.2629947711926,239.4048023842426,17.458445484088355
2026-09-07 14:52:57.235466,-1167.7445758139168,-1928.9407503297987,239.46125047717402,17.484010039623094
2026-09-07 14:52:57.342659,-1168.1702927990445,-1929.662357931975,239.53322360014292,17.499933190026304
2026-09-07 14:52:57.429627,-1168.5152643850527,-1930.2487807864175,239.55268805073936,17.48625446440891
2026-09-07 14:52:57.543104,-1168.8738386133894,-1930.8597487314923,239.65427794404883,16.625336003925415
2026-09-07 14:52:57.631134,-1169.2043793595597,-1931.424366603383,239.65427794404883,16.61764391401176
2026-09-07 14:52:57.731568,-1169.5110500711892,-1931.9490526100217,239.6430387949871,15.961366190604922
2026-09-07 14:52:57.827898,-1169.8584270067486,-1932.5421625809213,239.66459857014524,15.941164558759896
2026-09-07 14:52:57.932117,-1170.1696948178721,-1933.0746386906224,239.62961043238116,15.356075004325788
2026-09-07 14:52:58.032416,-1170.5178075651402,-1933.6686856821673,239.59593830705273,15.372726906630392
2026-09-07 14:52:58.131753,-1170.8633014007125,-1934.2574700337088,239.60705469543066,15.399635214262261
2026-09-07 14:52:58.231691,-1171.211378788069,-1934.8509209800143,239.56232012032928,15.40749456759194
2026-09-07 14:52:58.332408,-1171.4801603006601,-1935.3083262488444,239.60740339396378,14.670671560968847
2026-09-07 14:52:58.431898,-1171.8102710315654,-1935.8711529788213,239.65193743383688,14.715877596782196
2026-09-07 14:52:58.531437,-1172.141122916211,-1936.4362493799422,239.61852045377663,14.75588724706517
2026-09-07 14:52:58.631851,-1172.476123921512,-1937.0076678816154,239.57357280999514,14.732196885883843
2026-09-07 14:52:58.731700,-1172.712689160976,-1937.4103500417218,239.52887807336543,13.955898375302429
2026-09-07 14:52:58.831556,-1173.0286079117354,-1937.9472923178644,239.5065291383691,13.958516010189685
2026-09-07 14:52:58.931948,-1173.273627351765,-1938.3630549516788,239.47282579131712,13.334812255056283
2026-09-07 14:52:59.038590,-1173.596536192737,-1938.9106513264926,239.4489580705404,13.324562001303821
2026-09-07 14:52:59.130827,-1173.8758095543028,-1939.3837990507993,239.45927992760087,13.325367971197455
2026-09-07 14:52:59.231409,-1174.1802752023907,-1939.899840150923,239.38048994973974,13.346461301771901
2026-09-07 14:52:59.339844,-1174.4294062279184,-1940.320131000505,239.31981741212743,12.62062649093795
2026-09-07 14:52:59.430801,-1174.6912502084217,-1940.7614741847692,239.3096387945158,12.58565594160232
2026-09-07 14:52:59.540367,-1175.0058853523747,-1941.2915832870287,239.28511664850748,12.658417677129341
2026-09-07 14:52:59.637889,-1175.2877564881514,-1941.7660275991316,239.2632900898759,12.704433798449582
2026-09-07 14:52:59.738874,-1175.4909284453336,-1942.1069164522844,239.2519892807077,12.028981026352323
2026-09-07 14:52:59.839958,-1175.768837193377,-1942.574075971857,239.24067739286338,12.066961862798726
2026-09-07 14:52:59.938566,-1176.0408849498958,-1943.031177860624,239.25171220189895,12.02818806738892
2026-09-07 14:53:00.039068,-1176.3171776454687,-1943.4956157139618,239.2742057192139,12.021162549538168
2026-09-07 14:53:00.140591,-1176.508278744963,-1943.816824300751,239.26284470471487,11.364232264086677
2026-09-07 14:53:00.239233,-1176.7644052856108,-1944.247554035174,239.31803777388217,11.352165146211322
2026-09-07 14:53:00.340256,-1177.0260110144777,-1944.6884644329436,239.3293428354715,11.368937248889493
2026-09-07 14:53:00.441365,-1177.2881390768187,-1945.130453874772,239.3293428354715,11.389257604380612
2026-09-07 14:53:00.542396,-1177.5505330769897,-1945.572891729914,239.3406487923074,11.402499786637792
2026-09-07 14:53:00.641733,-1177.808741504721,-1946.0084679243896,239.396230734197,11.406839836255836
2026-09-07 14:53:00.741490,-1177.9490148465516,-1946.2461185457846,239.407394123019,10.64514721687387
2026-09-07 14:53:00.842234,-1178.193006843427,-1946.658808023752,239.4186679628848,10.667154825253434
2026-09-07 14:53:00.941985,-1178.4350127721946,-1947.068322163672,239.4298306802719,10.685459002102823
2026-09-07 14:53:01.026498,-1178.6403338996315,-1947.4159141352638,239.4392881767836,10.700967026063207
2026-09-07 14:53:01.142541,-1178.8226763529888,-1947.7251570584212,239.49123172476826,10.02470883751592
2026-09-07 14:53:01.241420,-1179.0476356277168,-1948.1069285106564,239.54655740233147,10.022116813801599
2026-09-07 14:53:01.342343,-1179.2768095566842,-1948.496712562122,239.52396966031665,10.024762419130541
2026-09-07 14:53:01.441491,-1179.5021632682442,-1948.879653494644,239.53506489849468,10.01696519321116
2026-09-07 14:53:01.540879,-1179.640407407928,-1949.1152269071874,239.5795532807935,9.37960024452762
2026-09-07 14:53:01.641211,-1179.8534241476473,-1949.4780084674676,239.60200875012984,9.382230357325131
2026-09-07 14:53:01.742191,-1180.067733628663,-1949.8433194777517,239.60200875012984,9.348700429913713
2026-09-07 14:53:01.840814,-1180.2762928415236,-1950.1988286059202,239.64615470062137,9.377138871873605
2026-09-07 14:53:01.941359,-1180.4892831566588,-1950.562532760178,239.63490313001367,9.359567562538869
2026-09-07 14:53:02.041038,-1180.7001139714998,-1950.922387258416,239.65721245034996,9.343889592586516
2026-09-07 14:53:02.142488,-1180.8140745600176,-1951.1178014782001,239.69127098647263,8.702574287415318
2026-09-07 14:53:02.242252,-1181.0099437533102,-1951.452874230715,239.6577784699843,8.731341742508821
2026-09-07 14:53:02.341339,-1181.2053220007558,-1951.786659131084,239.6466900580612,8.73913417124842
2026-09-07 14:53:02.441716,-1181.403485982106,-1952.125052956886,239.6354572876312,8.750536438453256
2026-09-07 14:53:02.543505,-1181.5120192437855,-1952.310560838214,239.6240665061842,8.159085731848554
2026-09-07 14:53:02.642811,-1181.6951797295235,-1952.6230509869918,239.6462923447792,8.154747036625531
2026-09-07 14:53:02.742552,-1181.8789230075422,-1952.9368143694035,239.63513074645027,8.157361656891615
2026-09-07 14:53:02.850546,-1182.0779999816225,-1953.2766100353047,239.6593010605625,8.1564180018216
2026-09-07 14:53:02.933052,-1182.2299650720288,-1953.5362435676902,239.64083525749805,8.168673983529052
2026-09-07 14:53:03.043009,-1182.4329072515734,-1953.8827156660204,239.62853042931852,8.165791560046255
2026-09-07 14:53:03.150412,-1182.5176615201026,-1954.0274048527306,239.59247336716788,7.453571372998242
2026-09-07 14:53:03.249973,-1182.6855716008545,-1954.3135145375431,239.60361482244934,7.449221536783922
2026-09-07 14:53:03.340041,-1182.837332742072,-1954.5722225351712,239.63385222246407,7.438990314466008
2026-09-07 14:53:03.437733,-1183.0015660427705,-1954.8525307378804,239.64478452576913,7.398015793170375
2026-09-07 14:53:03.550925,-1183.1907471451693,-1955.1755603536744,239.69545189978982,7.395048567083224
2026-09-07 14:53:03.740811,-1183.4065576561645,-1955.545209030814,239.69545189978982,6.750416574018433
2026-09-07 14:53:03.840479,-1183.5583244088568,-1955.8048793798714,239.6731450413816,6.753029280655422
2026-09-07 14:53:03.935283,-1183.702836700268,-1956.051916645681,239.66253592208284,6.7571712827693275
2026-09-07 14:53:04.039902,-1183.8624585808038,-1956.3246671850002,239.66253592208284,6.770883745929783
2026-09-07 14:53:04.140096,-1183.9242156988166,-1956.430262953133,239.66253592208284,6.218535334879326
2026-09-07 14:53:04.240166,-1184.0647262498735,-1956.6703574091819,239.6065438453653,6.250888686229318
2026-09-07 14:53:04.347666,-1184.2167080395895,-1956.9294718978076,239.63060359652803,6.251828024711332
2026-09-07 14:53:04.433553,-1184.3380650050678,-1957.1365732052573,239.6209923414205,6.236818356952294
2026-09-07 14:53:04.539684,-1184.3998445552459,-1957.2418406542947,239.64474569444982,5.657299440460844
2026-09-07 14:53:04.639774,-1184.527767109522,-1957.4602700260098,239.63354504098993,5.697530564912794
2026-09-07 14:53:04.747379,-1184.666318636566,-1957.6967424831228,239.5612952868356,5.723857732224444
2026-09-07 14:53:04.838376,-1184.7842804517534,-1957.8974926986018,239.49001362992453,5.73578475322648
2026-09-07 14:53:04.934027,-1184.9087967206365,-1958.1087951502898,239.49001362992453,5.716561317893512
2026-09-07 14:53:05.046926,-1185.0552734722264,-1958.3573642489616,239.49001362992453,5.729386014439123
2026-09-07 14:53:05.138671,-1185.0565655481212,-1958.3588248645115,239.44894643233522,5.000398300295044
2026-09-07 14:53:05.247277,-1185.1799697559638,-1958.5678974115287,239.43679278891767,4.999449297549204
2026-09-07 14:53:05.348373,-1185.294860152808,-1958.7624514923946,239.42547955820348,5.041851543433241
2026-09-07 14:53:05.434652,-1185.3937764670293,-1958.929879731424,239.4351346803922,5.0531601738829774
2026-09-07 14:53:05.547743,-1185.5236856884414,-1959.149851978227,239.4224791393748,5.0482192097774155
2026-09-07 14:53:05.647129,-1185.6377828074556,-1959.3429525379174,239.36686978055945,5.043877019341437
2026-09-07 14:53:05.747771,-1185.6346868667088,-1959.3367454377396,239.38939463150382,4.331069962675236
2026-09-07 14:53:05.845969,-1185.7314997697586,-1959.5003779822794,239.3674167762045,4.349089166074261
2026-09-07 14:53:05.934848,-1185.8195467200158,-1959.6490641979485,239.33757854424744,4.36073857978724
2026-09-07 14:53:06.055218,-1185.93921439925,-1959.8509089859256,239.3645187512005,4.342858031486193
2026-09-07 14:53:06.145876,-1186.0289026814096,-1960.0023494718046,239.3746639089722,4.348403239269613
2026-09-07 14:53:06.255538,-1186.1374977341663,-1960.1857884969859,239.33784846108372,4.366609611322449
2026-09-07 14:53:06.354498,-1186.2360120074693,-1960.3519553874642,239.32677426119972,4.367474327007846
2026-09-07 14:53:06.444482,-1186.3256376567895,-1960.5030629912903,239.3368439944491,4.360397779047932
2026-09-07 14:53:06.556172,-1186.304118342963,-1960.466210760789,239.3493427554136,3.6278469202498522
2026-09-07 14:53:06.653804,-1186.3848398486557,-1960.6024283597155,239.3602683443695,3.6167564697308836
2026-09-07 14:53:06.753884,-1186.4673058427425,-1960.7416503088727,239.3826674131729,3.6106349537591584
2026-09-07 14:53:06.853460,-1186.54916359853,-1960.8799686996674,239.39381054704165,3.621946231832709
2026-09-07 14:53:06.943961,-1186.623769674642,-1961.006089587949,239.40393813559967,3.6164106271468865
2026-09-07 14:53:07.056655,-1186.716501232319,-1961.1629146890255,239.40393813559967,3.6193647986136455
2026-09-07 14:53:07.153866,-1186.6842909918068,-1961.1085248656902,239.41481661220564,3.0123233398801164
2026-09-07 14:53:07.253867,-1186.7528106951102,-1961.2244537675047,239.41481661220564,2.99572091231491
2026-09-07 14:53:07.354291,-1186.8212409899165,-1961.3402313985403,239.44853070221632,3.132612186026434
2026-09-07 14:53:07.453765,-1186.8920507470086,-1961.4601959535426,239.47079414116664,3.237786237146021
2026-09-07 14:53:07.554427,-1186.9660631645975,-1961.5856977735048,239.48205880475518,3.2923206817706627
2026-09-07 14:53:07.653591,-1187.0401774988197,-1961.7114288997452,239.49315583342636,3.325247615042853
2026-09-07 14:53:07.754388,-1187.1162407553745,-1961.8405234198779,239.5157153751747,3.34110142915904
2026-09-07 14:53:07.842196,-1187.1827736953524,-1961.953544814979,239.54519405373418,3.3549122738261836
2026-09-07 14:53:07.955835,-1187.269159373302,-1962.1004634717488,239.6214952461727,3.376757861609156
2026-09-07 14:53:08.055194,-1187.3450093029692,-1962.229857744068,239.6437329467846,3.520879420222479
2026-09-07 14:53:08.156054,-1187.3583776146604,-1962.2534043384305,239.65501976772538,3.305146780302335
2026-09-07 14:53:08.255279,-1187.4324448481777,-1962.379927092862,239.69943518742997,3.3961850630203245
2026-09-07 14:53:08.354676,-1187.5303390915496,-1962.547185214134,239.71055829015705,3.5620059251679317
2026-09-07 14:53:08.455354,-1187.6111971979597,-1962.6856158341075,239.68802538199367,3.5998342130448555
2026-09-07 14:53:08.555690,-1187.6926912491776,-1962.8250093018116,239.66556901741077,3.6199992150580984
2026-09-07 14:53:08.655472,-1187.7742439455878,-1962.9643776846158,239.68790139034584,3.647028063846797
2026-09-07 14:53:08.749613,-1187.901903819599,-1963.1823786726757,239.7616458705294,3.9421812226385287
2026-09-07 14:53:08.854873,-1187.9953218407154,-1963.3426400435671,239.82054190325937,3.9614962937171794
2026-09-07 14:53:08.956833,-1188.1467311298463,-1963.6022244523608,239.86618157262774,4.393041690891682
2026-09-07 14:53:09.056346,-1188.24484121929,-1963.7712432304863,239.87731765642985,4.417389029776346
2026-09-07 14:53:09.157043,-1188.403155872016,-1964.0433626594852,239.88858623672212,4.870428417388935
2026-09-07 14:53:09.694212,-1189.0818755078872,-1965.2130293120413,239.9486985738027,5.834937191414669
2026-09-07 14:53:09.795319,-1189.2773191885979,-1965.550263795421,239.96001303548087,6.454945395525787
2026-09-07 14:53:09.895259,-1189.421687827335,-1965.7999150773442,239.9711969030679,6.470664416754312
2026-09-07 14:53:09.995063,-1189.6249255479345,-1966.1510906906813,239.98236555146343,7.069616078334229
2026-09-07 14:53:10.095127,-1189.7831310245626,-1966.4249159485917,239.993563295372,7.085354602851051
2026-09-07 14:53:10.195264,-1189.997895690422,-1966.7964626960359,240.00476920840538,7.676152497204769
2026-09-07 14:53:10.295699,-1190.1701945675127,-1967.0949504810403,240.016008469373,7.691949374301897
2026-09-07 14:53:10.395585,-1190.3964098032043,-1967.4867399448017,240.02718629404572,8.279252304575651
2026-09-07 14:53:10.495734,-1190.581591051243,-1967.8078350309834,240.03839354994898,8.295004198282031
2026-09-07 14:53:10.595199,-1190.8193221058505,-1968.2199949689852,240.04952426227175,8.880255254061606
2026-09-07 14:53:10.696389,-1191.0198748433388,-1968.5680569399526,240.06084801213296,8.896170881018925
2026-09-07 14:53:10.796203,-1191.2742875341742,-1969.0095674468494,240.0720177795867,9.517444498852676
2026-09-07 14:53:10.896378,-1191.4869296169327,-1969.3789457908651,240.08322794504124,9.533200481958215
2026-09-07 14:53:10.996471,-1191.754331192809,-1969.8434514422465,240.09442893421857,10.14094686397312
2026-09-07 14:53:11.096568,-1191.9805735217517,-1970.2368103980293,240.1056303710192,10.156690578881184
2026-09-07 14:53:11.196946,-1192.2811077989102,-1970.7593135228492,240.1168632533551,10.971218045187937
2026-09-07 14:53:11.296783,-1192.5250713077191,-1971.1838681739043,240.12803559464268,10.98692086610441
2026-09-07 14:53:11.396896,-1192.8355086111835,-1971.7241223857818,240.13923882193643,11.71844889645826
2026-09-07 14:53:11.497358,-1193.0975411156357,-1972.1805339087941,240.15048110436112,11.73425002023913
2026-09-07 14:53:13.495721,-1198.397024045042,-1981.415379071786,241.26862334884453,18.965253411402557
2026-09-07 14:53:13.594483,-1198.8287474991946,-1982.200932596602,241.246519263781,19.559884769103878
2026-09-07 14:53:13.694902,-1199.251135518892,-1982.9707333884967,241.13414455903637,19.86085508391072
2026-09-07 14:53:13.794839,-1199.6990720797855,-1983.782558394203,241.0223092403411,20.215978858618858
2026-09-07 14:53:13.894026,-1200.1333441874574,-1984.5667259395104,240.94461202280604,20.514123389868857
2026-09-07 14:53:13.990002,-1200.560798556379,-1985.3361190081857,241.03053420615834,20.78668184381034
2026-09-07 14:53:14.094310,-1201.0302628861727,-1986.1841205502406,241.11224291160005,21.00178326090948
2026-09-07 14:53:14.194078,-1201.4741659400836,-1986.9888312921375,241.1234075313861,21.196955595557775
2026-09-07 14:53:14.294165,-1201.9321780372534,-1987.8193205074804,241.10100689590124,21.375366538929732
2026-09-07 14:53:14.401938,-1202.4340284841724,-1988.7284035021928,241.06482561829108,21.641940244743548
2026-09-07 14:53:14.493540,-1202.862805131827,-1989.5040052876413,241.05457482142594,21.811629548273434
2026-09-07 14:53:14.601304,-1203.371353552769,-1990.423515385479,241.0304559839906,22.029149617786228
2026-09-07 14:53:14.700698,-1203.8454413586508,-1991.279865633351,240.98596491595214,22.178532992316473
2026-09-07 14:53:14.800376,-1204.3288287312448,-1992.1514133230703,241.03058310900138,22.355161315202288
2026-09-07 14:53:14.900916,-1204.815477727644,-1993.0304575963635,240.95182603145116,22.298057399724925
2026-09-07 14:53:14.997098,-1205.3156510043748,-1993.9310807691686,240.94106270593332,22.514233533325072
2026-09-07 14:53:15.100607,-1205.821659550037,-1994.8417339142545,241.10322833832134,22.459061168645736
2026-09-07 14:53:15.201130,-1206.3093677493762,-1995.7253334613943,241.19322120775877,22.416020880374553
2026-09-07 14:53:15.301824,-1206.795581219831,-1996.6095046741257,241.4861955667032,22.518965370101423
2026-09-07 14:53:15.409665,-1207.363644003088,-1997.6537267913916,241.47412753123746,23.057723157202016
2026-09-07 14:53:15.488336,-1207.75090287164,-1998.3662014867068,241.50053875938238,23.091407214766775
2026-09-07 14:53:15.611763,-1208.4070834578906,-1999.5737462427594,241.61103635591303,23.532250205685255
2026-09-07 14:53:15.709154,-1208.8942055969742,-2000.4750747155892,241.69822531314048,23.667560113984848
2026-09-07 14:53:15.800323,-1209.3515371864723,-2001.3243686281617,241.70842765478588,23.712171823787102
2026-09-07 14:53:15.909853,-1209.901826779651,-2002.3467275364624,241.53682903326057,23.6911161366562
2026-09-07 14:53:16.000551,-1210.4173475366645,-2003.297196419239,241.62817573930062,24.246417788118382
2026-09-07 14:53:16.110775,-1210.985073648067,-2004.348419158419,241.5788369111674,24.24256522458939
2026-09-07 14:53:16.208344,-1211.5404530685946,-2005.3742885272304,241.56791837227814,24.768419227539788
2026-09-07 14:53:16.307917,-1212.0653809724563,-2006.3438244317672,241.57906117042938,24.839765139678526
2026-09-07 14:53:16.407927,-1212.6406078338637,-2007.4065142219176,241.48952756247468,25.348035170942445
2026-09-07 14:53:16.508375,-1213.1839095144205,-2008.406715431738,241.48952756247468,25.378755296658266
2026-09-07 14:53:16.609148,-1213.7771753466125,-2009.4989544182858,241.4331421368021,25.867419556133733
2026-09-07 14:53:16.709184,-1214.3303353562367,-2010.5149194862813,241.4555313578934,25.827210136954243
2026-09-07 14:53:16.808703,-1214.8793867656855,-2011.5242774350245,241.46666811313045,25.82199253548122
2026-09-07 14:53:16.898365,-1215.3737799358596,-2012.4335744996604,241.41649961525252,25.822776004941446
2026-09-07 14:53:17.010160,-1216.0894327658448,-2013.747472195399,241.34143654879938,26.778314625775817
2026-09-07 14:53:17.108473,-1216.6538623918048,-2014.7801963845945,241.31943295516163,26.813536175091873
2026-09-07 14:53:17.208832,-1217.2312016006222,-2015.8355776538137,241.31943295516163,26.78021244776881
2026-09-07 14:53:17.308893,-1217.8061111092845,-2016.8865174092846,241.3866174043084,26.762725722587618
2026-09-07 14:53:17.408832,-1218.378714304612,-2017.936162552644,241.50963871680125,26.868391419099677
2026-09-07 14:53:17.509919,-1219.0573052235131,-2019.1857998358246,241.47570204611586,27.72260094438328
2026-09-07 14:53:17.609044,-1219.6439368825859,-2020.2651491347035,241.431331388739,27.80142127331078
2026-09-07 14:53:17.710962,-1220.3162916994893,-2021.4999321348087,241.431331388739,28.382610529324833
2026-09-07 14:53:17.809790,-1220.9159431691317,-2022.6012031827092,241.30967767726457,28.405926710483122
2026-09-07 14:53:17.909192,-1221.5219253617129,-2023.708496274583,241.28743035275224,28.4415384042074
2026-09-07 14:53:18.009567,-1222.135041027762,-2024.8277919321888,241.28743035275224,28.3345346440573
2026-09-07 14:53:18.110205,-1222.835115477883,-2026.1064176697912,241.27616837490336,28.886947201815754
2026-09-07 14:53:18.210310,-1223.4563806277692,-2027.2400620087906,241.39939402742237,28.910564661592847
2026-09-07 14:53:18.311368,-1224.081608200959,-2028.3867816415036,241.4559389188875,28.863763113493125
2026-09-07 14:53:18.410512,-1224.6928924708322,-2029.510565465971,241.47812849999707,28.71562179783904
2026-09-07 14:53:18.511481,-1225.4150926220598,-2030.8388277202366,241.56852064939795,29.41038084237382
2026-09-07 14:53:18.611862,-1226.0434453598687,-2031.9994172618806,241.5460542132913,29.277933845530697
2026-09-07 14:53:18.708711,-1226.6473957981516,-2033.1138909293359,241.56773014669,29.20769346051202
2026-09-07 14:53:18.807188,-1227.2595974320982,-2034.2446115547875,241.5126293998237,29.148319290625096
2026-09-07 14:53:18.908773,-1228.007697705073,-2035.6227568225595,241.421685778545,30.018306122872872
2026-09-07 14:53:19.007228,-1228.6397088870974,-2036.7829919708663,241.45473884088068,29.957224611361042
2026-09-07 14:53:19.107619,-1229.365997356092,-2038.1181639091672,241.48844185221526,30.650165199456904
2026-09-07 14:53:19.207710,-1230.0206311956174,-2039.3232696575162,241.49964261758097,30.609059074655434
2026-09-07 14:53:19.308987,-1230.681895504943,-2040.5411488947166,241.40897473224118,30.57100572127822
2026-09-07 14:53:19.408675,-1231.333869449975,-2041.737399502189,241.4312860668822,30.54574448906186
2026-09-07 14:53:19.509544,-1232.0858148557759,-2043.118530718802,241.52158869162758,31.32026250482456
2026-09-07 14:53:19.608191,-1232.7444077486332,-2044.3325986123282,241.5657453850778,31.379739171831424
2026-09-07 14:53:19.709534,-1233.4213214169486,-2045.5827372629283,241.55440451362625,31.336347789418777
2026-09-07 14:53:19.808614,-1234.0824459812898,-2046.8031392784005,241.5987550279556,31.380501766132273
2026-09-07 14:53:19.908911,-1234.8392055715476,-2048.2020599021635,241.6324264818491,32.05348657974452
2026-09-07 14:53:20.008707,-1235.5186342323216,-2049.4603384862467,241.62125872870013,32.03168606273262
2026-09-07 14:53:20.109020,-1236.2013645725278,-2050.7241423931273,241.7335148132762,32.045710674624175
2026-09-07 14:53:20.205107,-1236.8532450122013,-2051.9365141358576,241.67975134095127,32.06586134626429
2026-09-07 14:53:20.302119,-1237.5982101147538,-2053.3182762455695,241.69060754829917,32.79995388932209
2026-09-07 14:53:20.408379,-1238.3371017978407,-2054.690008270574,241.60736976174172,32.86959163846087
2026-09-07 14:53:20.509111,-1239.1044051785193,-2056.109520375839,241.5510072767621,33.407046444022484
2026-09-07 14:53:20.609030,-1239.815262773706,-2057.4215412619737,241.5398257591973,33.39395001214558
2026-09-07 14:53:20.709110,-1240.5272429986785,-2058.73502211803,241.56222482800072,33.413189062342425
2026-09-07 14:53:20.808039,-1241.2309324235873,-2060.034420116811,241.58436628960794,33.46419130591963
2026-09-07 14:53:20.908781,-1242.0203747625114,-2061.49350266003,241.6971024501491,34.037696613834584
2026-09-07 14:53:21.008451,-1242.7394443934552,-2062.828798110118,241.7528707152279,34.04118029258816
2026-09-07 14:53:21.109595,-1243.4679034893418,-2064.1846893475335,241.62836609109942,33.95987073415939
2026-09-07 14:53:21.206158,-1244.164512718972,-2065.474567101127,241.60675416782942,33.88224383695779
2026-09-07 14:53:21.309299,-1244.9919993278668,-2067.005503110079,241.61829624594418,34.58023794191869
2026-09-07 14:53:21.409763,-1245.7302301817676,-2068.3718752144046,241.62953875218054,34.61096296093265
2026-09-07 14:53:21.517979,-1246.5258418550945,-2069.845143140486,241.54476875114437,34.618527720238305
2026-09-07 14:53:21.608550,-1247.193695762294,-2071.077472291634,241.56503959507515,34.57183439266974
2026-09-07 14:53:21.709717,-1248.0244601673269,-2072.6119650213373,241.6329666512392,35.19914990924792
2026-09-07 14:53:21.807887,-1248.7583972573211,-2073.971221999172,241.7538103883931,35.19571865868869
2026-09-07 14:53:21.907091,-1249.5683708376405,-2075.4782137879765,241.83152092272067,35.80176586888909
2026-09-07 14:53:22.006592,-1250.3201336901361,-2076.882099567251,241.92059885017898,35.81219918442014
2026-09-07 14:53:22.106576,-1251.0735711362445,-2078.2943843034323,241.92059885017898,35.82967245303145
2026-09-07 14:53:22.206618,-1251.8278134718294,-2079.708177768876,241.86462244027615,35.83841415539589
2026-09-07 14:53:22.307310,-1252.664022181368,-2081.271295907077,240.37724369954077,36.496687836038326
2026-09-07 14:53:22.407074,-1253.4685721574037,-2082.686251179209,240.37724369954077,36.53242921963934
2026-09-07 14:53:22.506589,-1254.2718999981441,-2084.0990570922827,240.28815323863068,36.569820527254436
2026-09-07 14:53:22.606952,-1255.0851192885193,-2085.5240975623697,240.11968518240204,36.587360030151274
2026-09-07 14:53:22.707553,-1255.981527556095,-2087.0892811878703,240.1422008570692,37.169536088861335
2026-09-07 14:53:22.806591,-1256.8008089847926,-2088.516486789539,240.24194721391052,37.201555787182514
2026-09-07 14:53:22.906758,-1257.6884544042257,-2090.0714748892765,240.2531564841185,37.73376644974555
2026-09-07 14:53:23.006713,-1258.525040043715,-2091.53538337189,240.27552757646706,37.735513269800805
2026-09-07 14:53:23.103902,-1259.3379571107675,-2092.9591653215525,240.27552757646706,37.69390047892918
2026-09-07 14:53:23.206457,-1260.1948110249893,-2094.459900373149,240.2525745738578,37.649990162248905
2026-09-07 14:53:23.314346,-1261.0958124498513,-2096.036490348595,240.10769369051673,37.57080020581324
2026-09-07 14:53:23.406056,-1261.863468313991,-2097.371899739007,240.1384823385976,37.43136270441516
2026-09-07 14:53:23.514921,-1262.8867145055735,-2099.156439020735,240.32122174396946,38.243403091784636
2026-09-07 14:53:23.603386,-1263.635572883561,-2100.470458161368,240.3311214922793,38.15141489756544
2026-09-07 14:53:23.714776,-1264.575938705734,-2102.1211776832793,240.29372592462323,37.90905586998961
2026-09-07 14:53:23.812819,-1265.39931193176,-2103.564337397287,240.26081117788024,37.697450251294974
2026-09-07 14:53:23.914120,-1266.3112150465502,-2105.1610032739595,240.32882820632307,37.980332678143185
2026-09-07 14:53:24.012927,-1267.1416717087275,-2106.6186524430323,240.30671404973577,37.72649932080939
2026-09-07 14:53:24.113959,-1267.9857253341447,-2108.098838977397,240.3519383247027,37.51285666578971
2026-09-07 14:53:24.213122,-1268.8083328594848,-2109.544066018458,240.4074229085294,37.26764013559946
2026-09-07 14:53:24.314729,-1269.644279749343,-2111.016042659239,240.36194125017795,37.06876279800103
2026-09-07 14:53:24.414683,-1270.4633816199034,-2112.4556952451867,240.20534517041955,36.844298666575426
2026-09-07 14:53:24.512048,-1271.2602423576393,-2113.8473935691422,240.1944494603174,36.617140800738476
2026-09-07 14:53:24.614038,-1272.0900845168517,-2115.296054223621,240.12596981321735,36.4932651233662
2026-09-07 14:53:24.714948,-1272.9100683423646,-2116.7235466746934,239.97916840220435,36.3063330954716
2026-09-07 14:53:24.815115,-1273.7234545816616,-2118.131190787967,239.96795913199634,36.174168459407156
2026-09-07 14:53:24.916541,-1274.7494722420988,-2119.9097266186054,239.9793092916309,37.145766983087405
2026-09-07 14:53:25.012509,-1275.5467757817323,-2121.289545886005,240.14039995671817,37.00824125832004
2026-09-07 14:53:25.116843,-1276.4061695328296,-2122.7865190246002,240.23380461077625,36.942600739574516
2026-09-07 14:53:25.216593,-1277.2240176771102,-2124.216518104513,240.2003167943323,36.962647970387195
2026-09-07 14:53:25.316044,-1278.040690411811,-2125.6425273675136,240.22257508561495,36.93831580072676
2026-09-07 14:53:25.415883,-1278.8594537895608,-2127.0734758802996,240.14436712992034,36.9261022509046
2026-09-07 14:53:25.517223,-1279.6922329921738,-2128.524321933842,240.08766445124988,36.932300836322014
2026-09-07 14:53:25.617051,-1280.5141390186086,-2129.9529484748805,240.042979114709,36.863389112818524
2026-09-07 14:53:25.717000,-1281.3366190311165,-2131.379996713833,240.08771861366642,36.84592196082989
2026-09-07 14:53:25.816657,-1282.155196814821,-2132.8028412576637,240.07656641542633,36.8520176034877
2026-09-07 14:53:25.916843,-1283.0468370079561,-2134.3523489096997,240.0653550190078,37.10082817227529
2026-09-07 14:53:26.016520,-1283.8718025181993,-2135.785002562309,240.07650945536426,37.07469874663665
2026-09-07 14:53:26.117070,-1284.7031260467134,-2137.229347852383,240.05400519509067,37.065912655067656
2026-09-07 14:53:26.216949,-1285.5292695287426,-2138.663390219152,239.9534118231026,37.041475768827056
2026-09-07 14:53:26.316873,-1286.357756245734,-2140.095680468654,239.919865591821,37.05282657775914
2026-09-07 14:53:26.416037,-1287.1810259517752,-2141.517030824547,239.7977982764382,37.04242859883109
2026-09-07 14:53:26.516319,-1288.016403316351,-2142.95222598567,239.6519104645345,37.06083021347966
2026-09-07 14:53:26.616463,-1288.8546939233524,-2144.3840282987167,239.66311716090863,37.00395121495604
2026-09-07 14:53:26.716479,-1289.655791629455,-2145.7521447654603,239.5847705539038,36.8132175073366
2026-09-07 14:53:26.816992,-1290.4932217743399,-2147.178641021302,239.51728261617492,36.843957512076116
2026-09-07 14:53:26.910308,-1291.272899587107,-2148.5031847431223,239.41285658177955,36.867604060763036
2026-09-07 14:53:27.016924,-1292.1670322885761,-2150.015855148272,239.4486494342907,36.867604060763036
2026-09-07 14:53:27.125644,-1293.0778463428587,-2151.5589464461223,239.5581470404195,36.87520405181529
2026-09-07 14:53:27.215625,-1293.8293851264766,-2152.8377720980375,239.72932679846292,36.87834907938553
2026-09-07 14:53:27.324279,-1294.7323438354904,-2154.384818008485,239.85091694743198,36.868854857671586
2026-09-07 14:53:27.417513,-1295.5041384801632,-2155.7136087595914,239.9030840832437,36.8989980810129
2026-09-07 14:53:27.524911,-1296.3925149723127,-2157.2463287713326,239.87904716086814,36.91307478905357
2026-09-07 14:53:27.624626,-1297.2182509344539,-2158.669598204894,239.89020584964578,36.92004529225238
2026-09-07 14:53:27.725761,-1298.0556228027904,-2160.1135715305318,239.86757065956354,36.94567319852196
2026-09-07 14:53:27.824590,-1298.875027357508,-2161.5252763940143,239.84545157912018,36.94567319852196
2026-09-07 14:53:27.913962,-1299.6165154352109,-2162.801608305249,239.8754553197841,36.92849261904361
2026-09-07 14:53:28.014748,-1300.4515591214654,-2164.240713031432,239.92056947942478,36.916163220388015
2026-09-07 14:53:28.115174,-1301.1154754799975,-2165.3879791019117,239.8868547179792,36.32373010905913
2026-09-07 14:53:28.215606,-1301.9336783775607,-2166.7987071037455,239.65083728772683,36.3772623712728
2026-09-07 14:53:28.311336,-1302.7202648744205,-2168.142140964165,239.60798631137692,36.341293222119475
2026-09-07 14:53:28.415030,-1303.5725338687482,-2169.5952623240223,239.74723385577136,36.282397922621676
2026-09-07 14:53:28.515352,-1304.3923382380779,-2171.000848153691,239.82582016504125,36.316585981156706
2026-09-07 14:53:28.615214,-1305.207230928403,-2172.4024264356817,239.792294748242,36.39162935674949
2026-09-07 14:53:28.715078,-1306.0246455149838,-2173.8064509678225,239.75876866000786,36.450967167683636
2026-09-07 14:53:28.813526,-1306.8325947575609,-2175.1923517607834,239.71470104358986,36.46129006943739
2026-09-07 14:53:28.914943,-1307.6662440296188,-2176.6198121883385,239.76009765351859,36.40457422745457
2026-09-07 14:53:29.014517,-1308.4823616487945,-2178.0197990873435,239.8603838440325,36.35410953889202
2026-09-07 14:53:29.114512,-1309.298335089409,-2179.425186624191,239.97228406810302,36.36983721077261
2026-09-07 14:53:29.214252,-1310.109839307069,-2180.8291842645235,240.07273744591106,36.378552524279236
2026-09-07 14:53:29.322769,-1310.9902863339894,-2182.3586440414288,240.02416271071246,36.39941347562028
2026-09-07 14:53:29.413774,-1311.7301618374213,-2183.641394994843,239.9936107434395,36.4312216611294
2026-09-07 14:53:29.521925,-1312.6110170627767,-2185.1666881659226,240.017816195979,36.4246064725417
2026-09-07 14:53:29.620762,-1313.4152777194538,-2186.56070936843,239.97357445410609,36.37624258172655
2026-09-07 14:53:29.712518,-1314.1619249314008,-2187.852563921293,239.92223430229944,36.39388145352773
2026-09-07 14:53:29.822918,-1315.0621129009553,-2189.4068594966643,239.94694310721445,36.36783512657713
2026-09-07 14:53:29.920158,-1315.853838365242,-2190.7752403152767,239.9360613853397,36.36783512657713
2026-09-07 14:53:30.020971,-1316.674924519329,-2192.1937451911804,239.92477982397244,36.3766441991713
2026-09-07 14:53:30.122166,-1317.4996019808093,-2193.6178075996904,239.89080689580157,36.43588862675328
2026-09-07 14:53:30.209795,-1318.2156201255414,-2194.852547067053,239.80255114039812,36.43742003683404
2026-09-07 14:53:30.331010,-1319.2087415468084,-2196.5590752877592,239.68046916535297,36.47237299651047
2026-09-07 14:53:30.420458,-1319.9449812470768,-2197.8180131750914,239.78056668265543,36.43563781900958
2026-09-07 14:53:30.529862,-1320.930340215058,-2199.5102327683016,239.8050525711783,36.62371729052394
2026-09-07 14:53:30.621156,-1321.6820850296463,-2200.8021217139035,239.79483624130552,36.675569735914735
2026-09-07 14:53:30.720380,-1322.5005355598396,-2202.208069048557,239.81704372734617,36.69724529906345
2026-09-07 14:53:30.830904,-1323.4121256703886,-2203.7754099206268,239.84178028490442,36.68565615155987
2026-09-07 14:53:30.928658,-1324.2175371896567,-2205.1615694889288,239.8636587678361,36.64636398111651
2026-09-07 14:53:31.028848,-1325.0415932104127,-2206.581064860291,239.98698905229622,36.648114908046985
2026-09-07 14:53:31.128565,-1325.8587549150998,-2207.9956884856365,239.98698905229622,36.66989816744491
2026-09-07 14:53:31.228213,-1326.6758365543596,-2209.410173506292,239.93123309685757,36.66293234783145
2026-09-07 14:53:31.328811,-1327.5019401349537,-2210.8370691183795,239.9424905984737,36.64535177618239
2026-09-07 14:53:31.428841,-1328.3227067881658,-2212.255389073553,239.9424905984737,36.66545527992366
2026-09-07 14:53:31.528496,-1329.140845071044,-2213.6691670921364,239.9536425729022,36.71334865390865
2026-09-07 14:53:31.628670,-1329.9640414447874,-2215.0923246048274,239.9648526264509,36.716849948535526
2026-09-07 14:53:31.729602,-1330.7932653159269,-2216.5265499321117,239.89708335749214,36.75300977903168
2026-09-07 14:53:31.828995,-1331.612321068647,-2217.939329491748,239.80810211666176,36.76430026932617
2026-09-07 14:53:31.929062,-1332.4393929202574,-2219.360843544825,239.71851747965343,36.76080271457715
2026-09-07 14:53:32.028977,-1333.2673479071982,-2220.7787705008604,239.6626121299459,36.73984926242522
2026-09-07 14:53:32.124720,-1334.193927091253,-2222.363900781675,239.6626121299459,37.13902153681656
2026-09-07 14:53:32.229256,-1335.0705489173693,-2223.8618145048877,239.63921575648033,37.160030632758755
2026-09-07 14:53:32.329218,-1335.909873283903,-2225.294654283885,239.70633373357043,37.21156543319608
2026-09-07 14:53:32.429789,-1336.7537905555478,-2226.7392121722205,239.69507925341142,37.27835367502008
2026-09-07 14:53:32.530449,-1337.6002551690501,-2228.1874771992743,239.604963735196,37.30210207421254
2026-09-07 14:53:32.630044,-1338.4405517299524,-2229.6200123427398,239.59381847511668,37.375204278433635
2026-09-07 14:53:32.730135,-1339.3636316222141,-2231.1940067698006,239.582617709751,37.69601462821018
2026-09-07 14:53:32.829609,-1340.2123339487073,-2232.6395798858466,239.5046956734248,37.69775304227827
2026-09-07 14:53:32.929759,-1341.0688218800858,-2234.0938803921485,239.52711040904293,37.66537382635241
2026-09-07 14:53:33.029584,-1341.921230460465,-2235.5425500144142,239.54945240587847,37.6139096554309
2026-09-07 14:53:33.130887,-1342.7845052486578,-2237.0109965476254,239.49277042978457,37.67675806699642
2026-09-07 14:53:33.231364,-1343.6436146313622,-2238.4690541281743,239.36908685865274,37.6995853202903
2026-09-07 14:53:33.331261,-1344.6057055243548,-2240.095990049591,239.34672874737922,38.11987103943315
2026-09-07 14:53:33.431239,-1345.474340708232,-2241.5616600771264,239.3355406273711,38.18888630862047
2026-09-07 14:53:33.528137,-1346.3180181097377,-2242.9845846355215,239.25963647677966,38.166025466330076
2026-09-07 14:53:33.629271,-1347.2000161632238,-2244.4676576816278,239.24831899364438,38.126258418778406
2026-09-07 14:53:33.727859,-1348.059199735028,-2245.9117190057545,239.29244927732123,38.145210651800056
2026-09-07 14:53:33.828508,-1348.9356443968245,-2247.3873770219757,239.26992285969538,38.155764342465325
2026-09-07 14:53:33.928681,-1349.9110510984453,-2249.0297363177915,239.2250830931238,38.66287781380382
2026-09-07 14:53:34.028552,-1350.794267610116,-2250.5128216154494,239.12449777835474,38.66287781380382
2026-09-07 14:53:34.129137,-1351.686419297798,-2252.0049459076386,239.00068126310953,38.70418681824134
2026-09-07 14:53:34.228646,-1352.5731616170335,-2253.480772704069,238.83364672042688,38.66853679076897
2026-09-07 14:53:34.328754,-1353.468740646116,-2254.961511183024,238.8448493881915,38.64841761099758
2026-09-07 14:53:34.429108,-1354.3657632127065,-2256.445291447013,238.92346076436493,38.65280209351033
2026-09-07 14:53:34.529284,-1355.3735770858427,-2258.119855979056,238.96830187380635,39.27516567954141
2026-09-07 14:53:34.628166,-1356.268572088285,-2259.607512908292,238.99043281626655,39.257020963045115
2026-09-07 14:53:34.729659,-1357.1861856375574,-2261.134100851004,239.09265173218665,39.25879466128801
2026-09-07 14:53:34.829284,-1358.0842760675341,-2262.6342639568056,239.15954343570996,39.283169402642244
2026-09-07 14:53:34.929304,-1359.0745654843533,-2264.292887695901,239.2043147159201,39.854692941460584
2026-09-07 14:53:35.020131,-1359.9030650262848,-2265.6829466002705,239.25513506519582,39.89675635266261
2026-09-07 14:53:35.128986,-1360.8955794905337,-2267.3515537453577,239.21859054129604,39.906268137821655
2026-09-07 14:53:35.228941,-1361.8081404194659,-2268.8835188846347,239.1738483565989,39.87045832668898
2026-09-07 14:53:35.329577,-1362.7272973211475,-2270.423820032992,239.15132484852438,39.86694088417825
2026-09-07 14:53:35.429260,-1363.6382693440983,-2271.9490422852286,239.19594527969005,39.86868295074388
2026-09-07 14:53:35.529551,-1364.6533957347265,-2273.6515787825892,239.17349898663088,40.46345814323374
2026-09-07 14:53:35.628986,-1365.575100366861,-2275.1961279537795,239.11786221088983,40.50168825826819
2026-09-07 14:53:35.729114,-1366.505616875373,-2276.7520083003774,239.00581315207955,40.49556380631758
2026-09-07 14:53:35.829528,-1367.4416993113173,-2278.3102691869453,238.97210241924347,40.500828331024536
2026-09-07 14:53:35.929351,-1368.3733046707057,-2279.8590122523024,238.94976087003124,40.46332129690846
2026-09-07 14:53:36.021823,-1369.2360659337812,-2281.2920403942917,238.93941271510323,40.45604908692725
2026-09-07 14:53:36.130531,-1370.2504305449572,-2282.976190049993,239.12188858227046,40.447500040700966
2026-09-07 14:53:36.230586,-1371.1789154777655,-2284.5289211741474,239.24505268658882,40.4641114334874
2026-09-07 14:53:36.329823,-1372.224488650538,-2286.284873379133,239.23394748879286,41.08797954602947
2026-09-07 14:53:36.429976,-1373.1655100653234,-2287.8655801361256,239.33481682053144,41.05297393970789
2026-09-07 14:53:36.527748,-1374.0806615434258,-2289.4090065843097,239.4770531455494,41.02563522281455
2026-09-07 14:53:36.628392,-1375.0181234053584,-2290.999044477064,239.6685181833743,41.04234440292148
2026-09-07 14:53:36.727015,-1375.9319205762845,-2292.560850269783,239.7457735967345,41.046653257763886
2026-09-07 14:53:36.827709,-1376.8628534953639,-2294.1568767644453,239.77957833045883,41.04753312519745
2026-09-07 14:53:36.928127,-1377.790315386278,-2295.749110187765,239.77957833045883,41.044900757987584
2026-09-07 14:53:37.027567,-1378.708685558479,-2297.3257352733704,239.75732250110423,41.033604928755295
2026-09-07 14:53:37.127929,-1379.635933561612,-2298.916180726343,239.65624267451943,41.04500549204381
2026-09-07 14:53:37.227205,-1380.5561776130608,-2300.4882323161746,239.55625661541305,41.03112586158569
2026-09-07 14:53:37.327180,-1381.4853480388172,-2302.06919826818,239.5115054782504,41.03112586158569
2026-09-07 14:53:37.427832,-1382.4220534186013,-2303.660138903355,239.55655965637192,41.05135437161835
2026-09-07 14:53:37.527934,-1383.3528544759624,-2305.243898519974,239.6573776233394,41.11258298790548
2026-09-07 14:53:37.627209,-1384.2745731635298,-2306.8185407708247,239.612939822471,41.14120943737029
2026-09-07 14:53:37.727403,-1385.2067051884821,-2308.408143758062,239.6353644058012,41.13595644686609
2026-09-07 14:53:37.827949,-1386.1413682096734,-2310.0034935702897,239.65786777082823,41.125413556408866
2026-09-07 14:53:37.925576,-1387.0480556692098,-2311.5524872235987,239.69064285910866,41.162095475602335
2026-09-07 14:53:38.026751,-1387.9876131941912,-2313.159744593685,239.73593114420424,41.167399898165186
2026-09-07 14:53:38.127445,-1389.1525300508963,-2315.1532803294585,239.69085816590513,41.96200916813973
2026-09-07 14:53:38.234780,-1390.1686559705267,-2316.8915346844224,239.70286957702626,42.01171769359327
2026-09-07 14:53:38.326245,-1391.0352575709383,-2318.3747161080114,239.66192771395467,42.03489519343948
2026-09-07 14:53:38.422632,-1391.9501146235195,-2319.9379208361765,239.65114144774387,42.037421891623644
2026-09-07 14:53:38.535104,-1393.018049989687,-2321.7619007860985,239.63855517642864,42.050198083351454
2026-09-07 14:53:38.633592,-1393.9538407293953,-2323.3593794306967,239.572426894405,42.00458674264369
2026-09-07 14:53:38.734065,-1394.9093348133824,-2324.9861854466003,239.35880014001955,41.96156786255187
2026-09-07 14:53:38.833857,-1395.8633923265588,-2326.5967642811484,239.23595977923662,41.966799776921945
2026-09-07 14:53:38.933194,-1396.8166537724758,-2328.198159523987,239.24707616761452,41.95117559829699
2026-09-07 14:53:39.033660,-1397.7800763079767,-2329.817339166176,239.28080435775846,41.97575610283797
2026-09-07 14:53:39.134840,-1398.7499536210898,-2331.4495528158272,239.29212698856145,41.966030847547614
2026-09-07 14:53:39.234594,-1399.705622285837,-2333.05857859939,239.26980088235229,41.93029304653987
2026-09-07 14:53:39.334844,-1400.665854360867,-2334.6738537452557,239.26980088235229,41.92416113230961
2026-09-07 14:53:39.435783,-1401.6325445460436,-2336.299992540734,239.34887051285602,41.89152682700415
2026-09-07 14:53:39.537643,-1402.6050320208508,-2337.9410350138796,239.41726287341697,41.92356884226005
2026-09-07 14:53:39.634732,-1403.530809143427,-2339.507515628779,239.37380357703302,41.925265575913635
2026-09-07 14:53:39.736506,-1404.5025439285653,-2341.1489161484583,239.31685806273455,41.883468264012016
2026-09-07 14:53:39.823808,-1405.3366671073068,-2342.5546817226823,239.27777965536694,41.84227448800763
2026-09-07 14:53:39.937802,-1406.425997088058,-2344.387702786743,239.3925889831176,41.84526273780072
2026-09-07 14:53:40.036253,-1407.363690587516,-2345.972787937147,239.45869242204935,41.92182659219574
2026-09-07 14:53:40.138005,-1408.332703404048,-2347.615136515424,239.33343937180098,41.928939490370404
2026-09-07 14:53:40.237307,-1409.2820468241223,-2349.216140813855,239.15563982501322,41.823947295180936
2026-09-07 14:53:40.336848,-1410.165792770444,-2350.6948730266777,239.1333613906831,41.66479970393889
2026-09-07 14:53:40.570816,-1412.4015501786364,-2354.4354924792287,239.05481424845,41.6668441239013
2026-09-07 14:53:40.666932,-1413.3221688618507,-2355.9709848195835,239.10859394711872,41.67944209472047
2026-09-07 14:53:40.767109,-1414.2804717071501,-2357.5727373642703,239.09738355785254,41.649680199112694
2026-09-07 14:53:40.867019,-1415.2358502557786,-2359.168893179431,239.13092508908977,41.631346845973155
2026-09-07 14:53:40.967314,-1416.1935504083497,-2360.771055348862,239.1758194657012,41.642739798435464
2026-09-07 14:53:41.066640,-1417.1410134128973,-2362.3589153233493,239.18693462311512,41.62624943613567
2026-09-07 14:53:41.167435,-1418.1017958650873,-2363.969807575106,239.10797779367732,41.60951518661381
2026-09-07 14:53:41.267438,-1419.0568463937016,-2365.566085081439,239.0744050407165,41.608641357160636
2026-09-07 14:53:41.367223,-1420.010728086271,-2367.158290698861,239.1414041738264,41.57376437467585
2026-09-07 14:53:41.467601,-1420.9676021714824,-2368.7597359180113,239.1414041738264,41.54218855092406
2026-09-07 14:53:41.567601,-1421.9201488716474,-2370.3539387317064,239.24211941125176,41.53607192825048
2026-09-07 14:53:41.666602,-1422.8602654181773,-2371.933638064021,239.15348910707093,41.50492926624037
2026-09-07 14:53:41.767301,-1423.8182717863278,-2373.5377466167743,239.14222030296702,41.53220651107584
2026-09-07 14:53:41.867139,-1424.769024181315,-2375.128997919386,239.15339275616046,41.5383132248207
2026-09-07 14:53:41.967221,-1425.721929202524,-2376.724558560808,239.13099323973375,41.57679209416124
2026-09-07 14:53:42.068301,-1426.685858453674,-2378.3371459110413,239.13099323973375,41.575908853847174
2026-09-07 14:53:42.162841,-1427.5874011473632,-2379.8453648408063,240.49575856468792,41.603996035642986
2026-09-07 14:53:42.267832,-1428.5490779624422,-2381.544829305119,240.5075076685685,41.66821506875524
2026-09-07 14:53:42.368371,-1429.4710634136927,-2383.174931417547,240.4962567693957,41.61550428644269
2026-09-07 14:53:42.476195,-1430.4589474202385,-2384.9207443527866,240.58071970086354,41.6352898481374
2026-09-07 14:53:42.563453,-1431.256701148848,-2386.335415850537,240.5904843788494,41.74889686946099
2026-09-07 14:53:42.665442,-1432.1913942897818,-2387.9935849768954,240.62472386668196,41.75691751813057
2026-09-07 14:53:42.765833,-1433.1106433477971,-2389.6266365158663,240.73706723779713,41.71305652764315
2026-09-07 14:53:42.865797,-1434.0218342261041,-2391.2528237938045,240.837746217737,41.7156769936529
2026-09-07 14:53:42.965214,-1434.9252525809877,-2392.871804190996,240.85999689942395,41.7452130985037
2026-09-07 14:53:43.064557,-1435.8280088882318,-2394.49107566196,240.89334807886243,41.77299109376139
2026-09-07 14:53:43.165500,-1436.744956674769,-2396.1380556886475,240.91594029711004,41.78269356900131
2026-09-07 14:53:43.265715,-1437.6548579273544,-2397.7738963991396,240.84865244698616,41.80896402648274
2026-09-07 14:53:43.365151,-1438.5601606644216,-2399.3969797103173,240.75963271055394,41.85327665091232
2026-09-07 14:53:43.464952,-1439.4722821407497,-2401.0263322869014,240.67028620912916,41.89426367633231
2026-09-07 14:53:43.564674,-1440.3871143021317,-2402.654564874167,240.6814456812475,41.909948409521725
2026-09-07 14:53:43.665458,-1441.3117145707745,-2404.300933695565,240.73783726174017,41.8949772939616
2026-09-07 14:53:43.765172,-1442.2245687421923,-2405.9301407702555,240.82710587671465,41.90717555222708
2026-09-07 14:53:43.864873,-1443.1350297860158,-2407.561030248819,240.88289148719548,41.979484369321185
2026-09-07 14:53:43.964749,-1444.047068761066,-2409.19849007988,240.8381846647373,42.01701131741308
2026-09-07 14:53:44.065067,-1444.9652470668827,-2410.8439507940934,240.72592298487024,41.97230563881049
2026-09-07 14:53:44.172656,-1445.9523788667084,-2412.6048653140824,240.77408232566737,41.89897657779246
2026-09-07 14:53:44.264283,-1446.7903315553147,-2414.1026138108186,240.91763264881627,41.877359306057826
2026-09-07 14:53:44.372252,-1447.7728040541544,-2415.869047543398,241.00220916469075,41.94056955954465
2026-09-07 14:53:44.464713,-1448.6131929651149,-2417.385287142962,240.8987399250509,41.92602686971265
2026-09-07 14:53:44.572675,-1449.5973265182665,-2419.1533346583233,240.7900057404218,41.94489437877224
2026-09-07 14:53:44.671869,-1450.5050243986573,-2420.7768037463957,240.75670458288457,41.912824244528096
2026-09-07 14:53:44.771008,-1451.412467554802,-2422.397604945366,240.7345161208332,41.88596957093904
2026-09-07 14:53:44.871568,-1452.3329639033957,-2424.040228027682,240.67824987485824,41.88596957093904
2026-09-07 14:53:44.963066,-1453.1719767350423,-2425.5340023330177,240.6680107161983,41.83879833416493
2026-09-07 14:53:45.073519,-1454.1839832251355,-2427.335019813386,240.6680107161983,41.810809219306634
2026-09-07 14:53:45.172260,-1455.0880753229026,-2428.94398743156,240.63486163866958,41.80045559463098
2026-09-07 14:53:45.271805,-1456.0002413798607,-2430.565126946155,240.55688398515122,41.78218921850972
2026-09-07 14:53:45.372712,-1456.9267185340193,-2432.206469805224,240.65851270977998,41.79982379119897
2026-09-07 14:53:45.462268,-1457.7467373472402,-2433.6652500935693,240.75873108536737,41.79825870474138
2026-09-07 14:53:45.575690,-1458.7820130537416,-2435.514528844604,240.7841162490546,41.81015172605938
2026-09-07 14:53:45.673323,-1459.672720380542,-2437.1072249949107,240.729487744746,41.834892215235406
2026-09-07 14:53:45.775127,-1460.6036133220841,-2438.768058966532,240.60417068436897,41.78418691621295
2026-09-07 14:53:45.874587,-1461.515512950124,-2440.3866955733893,240.68208175392482,41.80678311845436
2026-09-07 14:53:45.959602,-1462.293511922793,-2441.772058093323,240.71062277362387,41.83352621610782
2026-09-07 14:53:46.060397,-1463.215689853867,-2443.416073968416,240.67678413243624,41.86171021530252
2026-09-07 14:53:46.175881,-1464.2740829387594,-2445.300318898199,240.66386080079315,41.83446443612169
2026-09-07 14:53:46.275562,-1465.1874159486035,-2446.9254564748894,240.60808638089426,41.8449166258027
2026-09-07 14:53:46.375199,-1466.1021551476947,-2448.549392877413,240.65268622138913,41.850140413802656
2026-09-07 14:53:46.474943,-1467.0167251116584,-2450.175988574078,240.78662942994583,41.862342342041735
2026-09-07 14:53:46.575301,-1467.933363634307,-2451.8152217240145,240.76416814150687,41.851819164585585
2026-09-07 14:53:46.675444,-1468.8484494969157,-2453.4501733047064,240.76416814150687,41.877195695139335
2026-09-07 14:53:46.774670,-1469.7557057792,-2455.071136050852,240.84189590933062,41.96043153533261
2026-09-07 14:53:46.874821,-1470.6710149709777,-2456.711704771462,240.85310338904551,41.96918276215236
2026-09-07 14:53:46.974986,-1471.8345583091095,-2458.791950073227,240.8194762498565,42.25949082760863
2026-09-07 14:53:47.066742,-1472.6797121540942,-2460.3053826150785,240.78867215877247,42.20577244530504
2026-09-07 14:53:47.174831,-1473.674998952405,-2462.0854121783545,240.70400164200973,42.20010553420648
2026-09-07 14:53:47.275194,-1474.6014615545334,-2463.7366193279354,240.62538321576966,42.194843683337425
2026-09-07 14:53:47.374490,-1475.5202007379305,-2465.3688090122205,240.61427141553037,42.157534661773354
2026-09-07 14:53:47.474471,-1476.4447783707053,-2467.0106260339335,240.67021369415824,42.13045190806284
2026-09-07 14:53:47.566481,-1477.2936226161673,-2468.52140781903,240.63932433083988,42.133667853503965
2026-09-07 14:53:47.675097,-1478.2967045071423,-2470.304451691245,240.80949100550063,42.18396963019061
2026-09-07 14:53:47.775733,-1479.2222832182542,-2471.961224172678,240.89958503779874,42.19452195772282
2026-09-07 14:53:47.874262,-1480.1261575358112,-2473.585138128681,240.88855906932287,42.159223024391906
2026-09-07 14:53:47.974533,-1481.0455606365247,-2475.2362035578985,240.93344270297564,42.160975366883626
2026-09-07 14:53:48.067868,-1481.900197622819,-2476.7737944392356,240.92299797332555,42.169131009415615
2026-09-07 14:53:48.175686,-1482.8879653453087,-2478.5501402751893,240.91093251169366,42.16536254071036
2026-09-07 14:53:48.282841,-1483.8699430173053,-2480.3151983980897,240.7430547586621,42.161617245267
2026-09-07 14:53:48.375798,-1484.72621567638,-2481.843748600424,240.77426204641327,42.16324176782091
2026-09-07 14:53:48.484528,-1485.7268457796079,-2483.632278294159,240.85943468458748,42.17464280296318
2026-09-07 14:53:48.566803,-1486.4822049844947,-2484.9871327353558,240.85943468458748,42.20986996209603
2026-09-07 14:53:48.684560,-1487.8223512664347,-2487.386904633013,241.03074470100466,42.710070906037906
2026-09-07 14:53:48.774773,-1488.6566015220942,-2488.8938383699087,241.1115075784611,42.75184996418986
2026-09-07 14:53:48.873940,-1489.5722133395197,-2490.5532539577816,241.05602075651802,42.817705823005625
2026-09-07 14:53:48.973757,-1490.496865914811,-2492.2252246296557,240.93314962163475,42.84299974420116
2026-09-07 14:53:49.073925,-1491.4289162634627,-2493.902070912667,240.92194023952095,42.82461904840213
2026-09-07 14:53:49.173553,-1492.3558703978656,-2495.5689805647808,240.94423814546366,42.81330186341868
2026-09-07 14:53:49.273301,-1493.2830463767252,-2497.237817892727,240.96656290880298,42.838578299811395
2026-09-07 14:53:49.373620,-1494.2154260060145,-2498.9175626768742,240.92165778923288,42.86925897331097
2026-09-07 14:53:49.474076,-1495.1510665506676,-2500.6000732732914,240.84296651230443,42.873647912220235
2026-09-07 14:53:49.573053,-1496.0753023054435,-2502.25671441143,240.92049922828505,42.84424252833401
2026-09-07 14:53:49.672986,-1497.0055623347562,-2503.929469890101,241.03233007074755,42.862580101943195
2026-09-07 14:53:49.780072,-1498.1343711302356,-2505.966137583062,241.05629716389186,43.29797092911838
2026-09-07 14:53:49.871990,-1498.9953946181133,-2507.523070918821,241.0048663683715,43.27628500266325
2026-09-07 14:53:49.966774,-1499.8842601523,-2509.1269480400433,239.63657869584716,43.25889226375845
2026-09-07 14:53:50.067611,-1500.8699681116616,-2510.8095067659797,239.681715684275,43.26770343348039
2026-09-07 14:53:50.179966,-1501.9670136830869,-2512.6855006679184,239.69428886260934,43.23726882297294
2026-09-07 14:53:50.272699,-1502.8714916040112,-2514.232975000197,239.77730776138412,43.233217303184446
2026-09-07 14:53:50.380752,-1503.9226819760163,-2516.0374566346213,239.75312424238518,43.21716640274769
2026-09-07 14:53:50.478908,-1504.8779266939198,-2517.67564706546,239.69820310435895,43.29007007887286
2026-09-07 14:53:50.571638,-1505.7833740191334,-2519.225022907062,239.69820310435895,43.3046550782577
2026-09-07 14:53:50.680573,-1506.8474108549042,-2521.0457726315467,239.72258402522323,43.310366343608685
2026-09-07 14:53:50.780729,-1507.9817940446092,-2522.995382231281,239.82345637841894,43.775735238028425
2026-09-07 14:53:50.879551,-1508.953898762471,-2524.6671993002747,239.90086767658553,43.8033675528101
2026-09-07 14:53:50.979273,-1509.9331942513752,-2526.356631634549,239.82275137175696,43.899218700078805
2026-09-07 14:53:51.068153,-1510.8099850627057,-2527.8644859956567,239.72328947950848,43.92795424387802
2026-09-07 14:53:51.188421,-1512.1049440500378,-2530.085930230017,239.8444176812552,44.2890807411801
2026-09-07 14:53:51.278687,-1513.0027313643232,-2531.6312376061546,239.80401251849327,44.35849049757774
2026-09-07 14:53:51.388925,-1514.102211567929,-2533.5206380808604,239.77933997106373,44.37679249865707
2026-09-07 14:53:51.478961,-1515.0012383864755,-2535.064040425233,239.8095666281198,44.345322999283404
2026-09-07 14:53:51.587820,-1516.0864617603713,-2536.9293571948265,239.79738467252994,44.36910333598426
2026-09-07 14:53:51.687537,-1517.183365789919,-2538.815515933433,239.80854358511922,44.900970191238876
2026-09-07 14:53:51.787303,-1518.1904333108864,-2540.5464248100784,239.81970798109364,44.894867881462346
2026-09-07 14:53:51.886958,-1519.2771275221746,-2542.4160058435655,239.8308599555221,45.35799275481577
2026-09-07 14:53:51.986772,-1520.294253448022,-2544.1657702593425,239.84202972297584,45.32136128028329
2026-09-07 14:53:52.067381,-1521.1147376694532,-2545.577884967829,239.86007095536166,45.29741290248153
2026-09-07 14:53:52.191092,-1522.372591068441,-2547.744314866633,239.79085105126654,45.271469125079065
2026-09-07 14:53:52.289653,-1523.376236726873,-2549.468117565386,239.82393969965278,45.24735470718581
2026-09-07 14:53:52.387211,-1524.3681546663074,-2551.174042352919,239.85669162342862,45.24650224222182
2026-09-07 14:53:52.487725,-1525.4997973518466,-2553.123216208644,239.9354283341197,45.92365651633568
2026-09-07 14:53:52.587548,-1526.526465545779,-2554.896838526043,239.94659910872582,45.92627328615773
2026-09-07 14:53:52.687346,-1527.5525893532856,-2556.6703177826503,239.9354311317652,45.95505054532357
2026-09-07 14:53:52.787262,-1528.580916452943,-2558.4468061454113,239.8348004951393,45.882585798041454
2026-09-07 14:53:52.887114,-1529.6100759901021,-2560.2175523002716,239.84597451501418,45.84245033756812
2026-09-07 14:53:52.986586,-1530.6340783592746,-2561.980216331605,239.8905004976683,45.86591845563362
2026-09-07 14:53:53.072849,-1531.521368107375,-2563.510286733563,239.84223383919038,45.85536569119978
2026-09-07 14:53:53.190571,-1532.8655010829457,-2565.824100019791,239.8685813929241,46.56669710139398
2026-09-07 14:53:53.288042,-1533.8840644343554,-2567.5789953942353,239.90130410928106,46.54455277775963
2026-09-07 14:53:53.388084,-1534.9279689931661,-2569.3799197302633,239.99086636512556,46.54280443728673
2026-09-07 14:53:53.488242,-1536.0670741176973,-2571.351582421665,240.035699417348,47.09510969766371
2026-09-07 14:53:53.586376,-1537.098986153434,-2573.1414810988554,239.9807905889619,47.05480728834351
2026-09-07 14:53:53.688176,-1538.1703087450237,-2574.9956303740905,240.06053467583894,47.014778361961085
2026-09-07 14:53:53.788657,-1539.2243048768494,-2576.825667704849,240.13924553628576,47.02707044921838
2026-09-07 14:53:53.887979,-1540.2639293878244,-2578.636499289215,240.12813082649512,47.01839166068715
2026-09-07 14:53:53.988890,-1541.3203481833455,-2580.475756976181,240.10554577021998,46.97518524494415
2026-09-07 14:53:54.089056,-1542.4894790497706,-2582.508541320736,240.03829082040698,47.7869395534711
2026-09-07 14:53:54.190338,-1543.5700537063017,-2584.383043471181,240.0269567752104,47.774549477918576
2026-09-07 14:53:54.290536,-1544.6391527514884,-2586.236790954867,240.10544595022907,47.69750254140283
2026-09-07 14:53:54.385254,-1545.645753454852,-2587.987708327903,240.2220403996102,47.76123151070647
2026-09-07 14:53:54.486181,-1546.7159685206857,-2589.8580771608895,240.18815744371807,47.777105771818455
2026-09-07 14:53:54.587542,-1547.7922539083665,-2591.7364770061845,240.13144301493656,47.76116324919744
2026-09-07 14:53:54.685875,-1548.8378412380105,-2593.5571204625844,240.10943494506603,47.71734216530394
2026-09-07 14:53:54.786957,-1549.9123910301357,-2595.426532117891,240.15468160119684,47.738540352267066
2026-09-07 14:53:54.887166,-1551.114893399758,-2597.5217189385958,240.13225366069204,48.51349419977073
2026-09-07 14:53:54.979293,-1552.1098975967157,-2599.25434057573,240.01884863906858,48.51349419977073
2026-09-07 14:53:55.087502,-1553.282618795562,-2601.287097319265,239.86142882057385,48.4917469235902
2026-09-07 14:53:55.186782,-1554.36320690069,-2603.148320696995,239.8392088010814,48.48046926946528
2026-09-07 14:53:55.287258,-1555.4572884766958,-2605.0311035088607,239.9291595939307,48.46554390624276
2026-09-07 14:53:55.387469,-1556.545200041598,-2606.91005273998,239.8955170117386,48.51720707711393
2026-09-07 14:53:55.483189,-1557.5865188590099,-2608.706098065805,239.94907513688503,48.532262357402054
2026-09-07 14:53:55.587413,-1558.8459042816219,-2610.8833969668585,239.97240168111927,49.16620139536789
2026-09-07 14:53:55.686767,-1559.9386787263898,-2612.7740341042986,240.00575655344983,49.10369398551643
2026-09-07 14:53:55.787620,-1561.0454140965483,-2614.6914008517642,240.02832862864994,49.11250655332356
2026-09-07 14:53:55.887751,-1562.1436734507522,-2616.595815754996,240.03953387024842,49.133505303435406
2026-09-07 14:53:55.987615,-1563.2391009831545,-2618.496178878525,240.0283585075037,49.17539081703598
2026-09-07 14:53:56.087184,-1564.3325935382818,-2620.392330293004,240.11749731172773,49.144939516886666
2026-09-07 14:53:56.186898,-1565.4240466450574,-2622.2917674915084,240.20676592670225,49.220742978965006
2026-09-07 14:53:56.287938,-1566.528715121376,-2624.221155657874,240.22937985467883,49.29225713317939
2026-09-07 14:53:56.387456,-1567.6175732164202,-2626.124671732812,240.2182432113476,49.29312672468686
2026-09-07 14:53:56.487341,-1568.8321959923042,-2628.2458783304664,240.39708661561838,49.89159519968361
2026-09-07 14:53:56.587106,-1569.9313706094931,-2630.180546513261,240.44174375189274,49.9848724284411
2026-09-07 14:53:56.687689,-1571.0401060678835,-2632.1355890262985,240.28416222948903,49.976962350833396
2026-09-07 14:53:56.787404,-1572.1444251185449,-2634.0704235109597,240.22836878560088,49.94210983483931
2026-09-07 14:53:56.887157,-1573.2502775772102,-2636.0035695817405,240.32883525638977,49.92380529099256
2026-09-07 14:53:56.986865,-1574.3518374001812,-2637.937069899243,240.306519445516,49.97085288460835
2026-09-07 14:53:57.088738,-1575.4791465324693,-2639.913975840866,240.08991599633555,49.93346576251077
2026-09-07 14:53:57.189067,-1576.5958862388154,-2641.855254996795,239.89905021417331,49.86070148421633
2026-09-07 14:53:57.288262,-1577.7047730167753,-2643.768111986942,239.9989546939374,49.85983471509332
2026-09-07 14:53:57.387370,-1578.8093338988447,-2645.6811869507083,240.10986231339018,49.81047220698442
2026-09-07 14:53:57.485627,-1579.8996564528657,-2647.5780714826765,240.16483996385523,49.80532076989267
2026-09-07 14:53:57.585949,-1581.0109197255338,-2649.5156884306275,240.27710611995505,49.8465217635118
2026-09-07 14:53:57.685740,-1582.1134338023962,-2651.446808035142,240.29944050719484,49.93982330147541
2026-09-07 14:53:57.785608,-1583.218109003226,-2653.383465888019,240.12062754130696,50.002654088429594
2026-09-07 14:53:57.881498,-1584.28592204277,-2655.241997721744,240.04551299817695,49.885349498795556
2026-09-07 14:53:57.985909,-1585.4485415013366,-2657.259412899044,240.08056559369302,49.85432971099693
2026-09-07 14:53:58.085857,-1586.5595923497935,-2659.1900738288236,240.05819606802595,49.872670037086316
2026-09-07 14:53:58.185850,-1587.672306651065,-2661.1218802953103,240.00224707504887,49.82111925478775
2026-09-07 14:53:58.285173,-1588.77829409079,-2663.037680247492,239.93555814487024,49.812440378876204
2026-09-07 14:53:58.382401,-1589.8629462910915,-2664.911482721367,239.92467776586534,49.77930670375764
2026-09-07 14:53:58.486111,-1591.0195198308868,-2666.9086588448995,239.99431228102122,49.777494261079134
2026-09-07 14:53:58.585352,-1592.123891394298,-2668.8210480572347,240.0054179264405,49.764486694991646
2026-09-07 14:53:58.685319,-1593.2356780025866,-2670.7471395439325,239.97185725930814,49.83873546013291
2026-09-07 14:53:58.785912,-1594.3572326321591,-2672.687527462283,239.915572548873,49.87653181050144
2026-09-07 14:53:58.883503,-1595.4479919843004,-2674.5703653441665,239.9701775529595,49.86374051071563
2026-09-07 14:53:58.985914,-1596.5904470949463,-2676.5467791923566,240.06186064789256,49.91295839565042
2026-09-07 14:53:59.093566,-1597.7892247480322,-2678.6283098427275,240.1461888447539,49.9468223955162
2026-09-07 14:53:59.185351,-1598.8093911617548,-2680.405747866124,240.18727394727426,50.00216179642272
2026-09-07 14:53:59.293131,-1600.0071665021312,-2682.4961047682286,240.1631515288527,49.930586126460305
2026-09-07 14:53:59.384676,-1601.0238099019002,-2684.2686199121954,240.2041292017865,49.907388354378945
2026-09-07 14:53:59.492786,-1602.22235967705,-2686.361755567033,240.1194422348683,49.94989844505875
2026-09-07 14:53:59.591869,-1603.324604933944,-2688.280124902715,239.97529869897096,49.85985623686709
2026-09-07 14:53:59.692952,-1604.8526871070917,-2690.9272528430697,240.07710468241763,50.75781604652498
2026-09-07 14:53:59.789824,-1605.9491746987292,-2692.832341162427,240.15298846614994,50.76204839989381
2026-09-07 14:53:59.892196,-1607.105345404413,-2694.8472935803798,240.11862039853094,50.811247541749125
2026-09-07 14:53:59.992468,-1608.240081470546,-2696.822144982987,240.0288522359788,50.828771141427005
2026-09-07 14:54:00.092738,-1609.378279948735,-2698.795857212451,239.9951898464567,50.81124789127042
2026-09-07 14:54:00.193031,-1610.5175062871465,-2700.768672601569,240.14109366089258,50.77181153455458
2026-09-07 14:54:00.291821,-1611.633840853138,-2702.7132640267087,240.06370742962952,50.82101565708835
2026-09-07 14:54:00.393907,-1612.7912540880757,-2704.723120221617,240.00658734225283,50.81387941089115
2026-09-07 14:54:00.495152,-1613.940957529258,-2706.714993830043,240.07456677034034,50.76079848552653
2026-09-07 14:54:00.593580,-1615.0552085869124,-2708.65074688656,240.09659610231657,50.72553573638775
2026-09-07 14:54:00.694763,-1616.1990871640312,-2710.6397392498625,240.11924203535747,50.76090134964383
2026-09-07 14:54:00.795759,-1617.3408624055273,-2712.6268912747055,240.20965835641533,50.771491425475965
2026-09-07 14:54:00.896569,-1618.4776405085818,-2714.612593834883,240.17581467946584,50.79967961892622
2026-09-07 14:54:00.995017,-1619.5895458866419,-2716.5521911366277,240.19784848767483,50.80656155342872
2026-09-07 14:54:01.095123,-1620.7195718079317,-2718.5251558279356,240.19784848767483,50.83980127330837
2026-09-07 14:54:01.195673,-1621.8553523195837,-2720.5081677255807,240.15283996712765,50.87318842127052
2026-09-07 14:54:01.295890,-1622.9896680413729,-2722.4850198221197,240.19769942912345,50.865307126741506
2026-09-07 14:54:01.395392,-1624.1141796607972,-2724.448344994646,240.17542972344722,50.82357344519176
2026-09-07 14:54:01.495271,-1625.2427910604595,-2726.417053467254,240.22013788877524,50.87331996361013
2026-09-07 14:54:01.596162,-1626.3824001074931,-2728.4085457667848,240.11852527858446,50.88389902952146
2026-09-07 14:54:01.695370,-1627.506703845614,-2730.36523362339,240.01860770583954,50.87609708506458
2026-09-07 14:54:01.795979,-1628.6501681758648,-2732.3472582082472,240.0636426361601,50.881371833269434
2026-09-07 14:54:01.895433,-1629.7790821175774,-2734.3076200544215,240.14154900567155,50.891800220550216
2026-09-07 14:54:01.995216,-1630.9092867577156,-2736.2764085984663,240.23087939265832,50.89615975598049
2026-09-07 14:54:02.093695,-1632.0217859731915,-2738.221371627495,240.19781827310362,50.89443873059685
2026-09-07 14:54:02.196343,-1633.1825119779912,-2740.247934541158,240.09443609619126,50.81730175739535
2026-09-07 14:54:02.295956,-1634.1526156599298,-2741.9342927589837,240.01640517550288,50.403451705768695
2026-09-07 14:54:02.394685,-1635.2643626323415,-2743.8611689129802,240.00535682586315,50.3749826981715
2026-09-07 14:54:02.496053,-1636.4055628368635,-2745.838212500568,240.02804416405718,50.337780909740935
2026-09-07 14:54:02.596138,-1637.5307144738144,-2747.78923705167,240.11764491550355,50.32466272016338
2026-09-07 14:54:02.695676,-1638.646390174793,-2749.730839996016,240.12878379695115,50.337709214185175
2026-09-07 14:54:02.796636,-1639.7779148069044,-2751.7009112444416,240.02710169324652,50.350942090437854
2026-09-07 14:54:02.896962,-1640.9061028222386,-2753.6571265518332,239.95973931384697,50.348312134924925
2026-09-07 14:54:02.997558,-1642.0395731604913,-2755.6171727640904,240.03854025847838,50.284144324158554
2026-09-07 14:54:03.088312,-1643.0584151875935,-2757.3846034321955,240.06900796066935,50.31189972286448
2026-09-07 14:54:03.303183,-1645.4697508109075,-2761.5728005425476,240.11709859129343,50.32128747165374
2026-09-07 14:54:03.403824,-1646.5977325923927,-2763.535776347274,240.10583627772706,50.31601104574666
2026-09-07 14:54:03.493716,-1647.605478796614,-2765.2887138830115,240.07565796398495,50.36471075662264
2026-09-07 14:54:03.594770,-1648.7404933568966,-2767.2606255739447,240.25659445470103,50.36117870412175
2026-09-07 14:54:03.694559,-1649.8550667670631,-2769.211245672272,240.1784256660432,50.422215870119196
2026-09-07 14:54:03.794562,-1650.9760532888486,-2771.166890578531,240.13366199542875,50.42483735847874
2026-09-07 14:54:03.894773,-1651.9221287912828,-2772.814735855725,240.24580393606908,49.90149809043675
2026-09-07 14:54:03.994227,-1653.0231839374542,-2774.7408553718024,240.301451342863,49.9301761554589
2026-09-07 14:54:04.101151,-1654.205606814566,-2776.813985372091,240.1578663289101,49.95540240059357
2026-09-07 14:54:04.192877,-1655.2249304819034,-2778.590793769497,240.0449549238558,49.948188857761835
2026-09-07 14:54:04.293980,-1656.3521524413634,-2780.5467420146438,240.0336409098009,49.90401679332129
2026-09-07 14:54:04.393995,-1657.466639602983,-2782.479710528478,240.0560254308478,49.91887367658397
2026-09-07 14:54:04.500709,-1658.6553229872563,-2784.5432277459918,240.0799092660625,49.89462944648152
2026-09-07 14:54:04.592992,-1659.6820171582724,-2786.327255725734,240.10056327551877,49.8704382911878
2026-09-07 14:54:04.701719,-1660.89031508675,-2788.4285980306117,240.08839609149703,49.86283781080573
2026-09-07 14:54:04.799742,-1661.9798942061918,-2790.3225464689294,240.1761508445472,49.875685733041436
2026-09-07 14:54:04.893579,-1663.0204335584092,-2792.137678227562,240.24965718914717,49.88470519124149
2026-09-07 14:54:04.991942,-1664.1089157074234,-2794.0421005513404,240.22764240492745,49.916506657203705
2026-09-07 14:54:05.102413,-1665.3329862056798,-2796.1818412137036,240.16583066607404,49.91747195637995
2026-09-07 14:54:05.199440,-1666.4101385486135,-2798.060057033862,240.06810969265734,49.928493682274166
2026-09-07 14:54:05.299851,-1667.5284189736112,-2800.002303891886,240.06810969265734,49.92937107684457
2026-09-07 14:54:05.400142,-1668.6453825829649,-2801.942263683992,240.09055598571652,49.92236030879249
2026-09-07 14:54:05.501429,-1669.5745332012646,-2803.5570531860617,240.10189059044217,49.3524556132382
2026-09-07 14:54:05.601627,-1670.676437209764,-2805.473469318959,240.10189059044217,49.39360568160456
2026-09-07 14:54:05.702044,-1671.7816703948906,-2807.3956755095637,240.0119926171396,49.40325759858906
2026-09-07 14:54:05.809192,-1672.9644356516565,-2809.4452756483424,239.97602116294078,49.406066386672904
2026-09-07 14:54:05.899749,-1673.9652035184201,-2811.1769823295226,239.94561959708903,49.448796046630626
2026-09-07 14:54:05.998993,-1675.0639298538908,-2813.075867731193,239.9123016536789,49.45139763849041
2026-09-07 14:54:06.110739,-1676.3023735905156,-2815.213352876836,239.83727148753667,49.48166728368436
2026-09-07 14:54:06.200587,-1677.3009896842877,-2816.9317173223953,239.79705343130473,49.45497406271979
2026-09-07 14:54:06.309669,-1678.5141914511978,-2819.015960105446,239.77263961012954,49.4301918494391
2026-09-07 14:54:06.407393,-1679.601320887361,-2820.8817854914855,239.7288960729644,49.38066475175209
2026-09-07 14:54:06.508637,-1680.7279540273696,-2822.812021146843,239.81953441516788,49.34704716439973
2026-09-07 14:54:06.607762,-1681.8272672591995,-2824.702312511903,239.8417197438563,49.329724015184894
2026-09-07 14:54:06.708785,-1682.946490565045,-2826.628555536172,239.8417197438563,49.398577910390024
2026-09-07 14:54:06.807879,-1684.0458750507055,-2828.520654892424,239.79736296280106,49.392516704317856
2026-09-07 14:54:06.908133,-1685.1594739621146,-2830.4338068495013,239.83101998084388,49.40040090861166
2026-09-07 14:54:06.987850,-1686.0441999210277,-2831.955813036456,239.75073281502551,49.42547741882327
2026-09-07 14:54:07.106832,-1687.3685558716218,-2834.226790434752,239.8039919278226,49.39740636743525
2026-09-07 14:54:07.208412,-1688.4967710893181,-2836.1655689581585,239.8039919278226,49.37876657149977
2026-09-07 14:54:07.307616,-1689.5981810996777,-2838.0582841423325,239.88170246215017,49.390035592448676
2026-09-07 14:54:07.408118,-1690.7116544657251,-2839.9777134691226,240.0166635660398,49.38388826432927
2026-09-07 14:54:07.508421,-1691.8182699634372,-2841.8957157505192,240.0952349918357,49.34006572118436
2026-09-07 14:54:07.607898,-1692.912191252216,-2843.797737115377,240.05070677106522,49.36614271862866
2026-09-07 14:54:07.710065,-1694.0378061395213,-2845.751350085527,239.86777746151796,49.34382425474679
2026-09-07 14:54:07.809622,-1695.1402393664955,-2847.650684519938,239.95690552278333,49.29162831730271
2026-09-07 14:54:07.908561,-1696.231735884519,-2849.537932382236,240.2115580696049,49.275202205755086
2026-09-07 14:54:07.995612,-1697.1843767101257,-2851.2021153874803,240.18233352916118,49.35507092380884
2026-09-07 14:54:08.111351,-1698.4541472904373,-2853.417675453851,240.2341409996695,49.32574232101322
2026-09-07 14:54:08.208865,-1699.521648669962,-2855.2842160797873,240.21231623153108,49.31636943561707
2026-09-07 14:54:08.310272,-1700.6322955542882,-2857.224481862543,240.09883589729117,49.32345821682233
2026-09-07 14:54:08.408894,-1701.7163311289494,-2859.1095888747495,239.97743576440342,49.303637685522
2026-09-07 14:54:08.509827,-1702.8294066677477,-2861.0357400491876,240.03391071473146,49.23484513130425
2026-09-07 14:54:08.609792,-1703.928390811967,-2862.9418408448305,240.01153738426655,49.254062074279155
2026-09-07 14:54:08.710514,-1705.0368795283832,-2864.8626927776436,239.97772325045335,49.24614106539292
2026-09-07 14:54:08.810993,-1706.14364660523,-2866.777949489374,239.94399069598248,49.22594732399114
2026-09-07 14:54:08.910500,-1707.2403737828333,-2868.673255521928,239.92171987124806,49.24855420410814
2026-09-07 14:54:09.005462,-1708.2881917130887,-2870.4824166212893,240.0173610750119,49.24440529894865
2026-09-07 14:54:09.111043,-1709.449723363845,-2872.495657007446,240.15914261477997,49.20842506123223
2026-09-07 14:54:09.207010,-1710.500188665963,-2874.326843664059,240.3524493985799,49.23525906937468
2026-09-07 14:54:09.307486,-1711.7716323388238,-2876.556406777664,240.41991249321688,49.626249729119195
2026-09-07 14:54:09.406489,-1712.8558493947994,-2878.4665193252545,240.46422854055388,49.63749591758946
2026-09-07 14:54:09.622591,-1715.219769277411,-2882.6386537598096,240.41586239780258,49.569516891663376
2026-09-07 14:54:09.711514,-1716.192604520409,-2884.3522579341684,240.4059113966275,49.57651000015199
2026-09-07 14:54:09.811490,-1717.2868507163817,-2886.2789424052016,240.43947508521694,49.54506063320496
2026-09-07 14:54:09.911403,-1718.3785862564393,-2888.2038311972833,240.52892185425583,49.536330202902306
2026-09-07 14:54:10.004153,-1719.38908377376,-2889.991984981283,240.5393011190016,49.5266047728513
2026-09-07 14:54:10.112861,-1720.5728292080403,-2892.087600615904,240.60012640805735,49.37082215272782
2026-09-07 14:54:10.212548,-1721.6528942824539,-2894.004417215682,240.756304183863,49.37866176684233
2026-09-07 14:54:10.310085,-1722.7047159173753,-2895.8830647173245,240.87636872079668,49.36758210779336
2026-09-07 14:54:10.410684,-1723.7852523958393,-2897.822522780628,240.85385349375275,49.337694838896844
2026-09-07 14:54:10.509756,-1725.0964579326612,-2900.163590339494,240.87602696042433,49.989728674301205
2026-09-07 14:54:10.609617,-1726.1825965425826,-2902.113076334361,240.75310166312448,50.03510328423545
2026-09-07 14:54:10.710329,-1727.2832047960567,-2904.0786033578806,240.60658829769056,50.06062400106168
2026-09-07 14:54:10.809967,-1728.3776029686687,-2906.021369523228,240.595438225661,50.01883327763648
2026-09-07 14:54:10.909776,-1729.4733425721445,-2907.965632079383,240.60660743358568,50.0118562034373
2026-09-07 14:54:11.005161,-1730.5200056381138,-2909.823660747675,240.59593329700587,50.0118562034373
2026-09-07 14:54:11.110368,-1731.6748276386613,-2911.872799544957,240.61947984808097,50.033000153433385
2026-09-07 14:54:11.209299,-1732.7604268838802,-2913.8009603326145,240.63055080269623,50.04423816310534
2026-09-07 14:54:11.310436,-1733.8701015159934,-2915.77277316047,240.54000825187416,50.02302844193945
2026-09-07 14:54:11.410229,-1734.9676376443306,-2917.71582619575,240.49533858214798,49.97594074075499
2026-09-07 14:54:11.508134,-1736.0448802026874,-2919.619484587778,240.61585611383845,50.020426587938694
2026-09-07 14:54:11.609311,-1737.1549711459154,-2921.5908540524524,240.62717840892395,50.03545608229322
2026-09-07 14:54:11.709622,-1738.458033875241,-2923.9035989893823,240.5710514856941,50.6533936693289
2026-09-07 14:54:11.809542,-1739.5697474240155,-2925.8742439888088,240.6157780035765,50.63680468959554
2026-09-07 14:54:11.909348,-1740.6782925195107,-2927.842861962362,240.55993364254056,50.62197885256194
2026-09-07 14:54:12.003810,-1741.7289896064883,-2929.7045037793546,240.51765025250643,50.59639108007514
2026-09-07 14:54:12.104076,-1742.8451378661457,-2931.678707909993,240.48398920585416,50.57448789118265
2026-09-07 14:54:12.217540,-1744.1089695084856,-2933.9110670234186,240.52208105151826,50.56754772643229
2026-09-07 14:54:12.308628,-1745.12223279331,-2935.703615343751,240.55266088334025,50.592221553159206
2026-09-07 14:54:12.416572,-1746.3224537091003,-2937.8295553812322,240.52850175980996,50.62334775271629
2026-09-07 14:54:12.516006,-1747.429558958572,-2939.7886305096845,240.50624727332516,50.60770831748678
2026-09-07 14:54:12.605753,-1748.4291862673306,-2941.55591538163,240.5162904848954,50.62888204669726
2026-09-07 14:54:12.719312,-1749.6941753667425,-2943.7932600623,240.4781667460728,50.558430009058
2026-09-07 14:54:12.816150,-1750.7726674886487,-2945.697794709816,240.57569736769074,50.589738431542564
2026-09-07 14:54:12.916620,-1751.8889351233845,-2947.676887347859,240.586940545362,50.60817454394302
2026-09-07 14:54:13.016645,-1753.0002767970934,-2949.6481503741047,240.4078464720559,50.64925356336802
2026-09-07 14:54:13.104329,-1753.9806939791576,-2951.3745471735283,240.44709587151544,50.56650551509494
2026-09-07 14:54:13.219874,-1755.2689652463387,-2953.646661270727,240.4600260294136,50.53924534437476
2026-09-07 14:54:13.317947,-1756.3614076063384,-2955.574407250362,240.50392578710256,50.51953514820943
2026-09-07 14:54:13.418586,-1757.4804802187716,-2957.552677651528,240.59402250514034,50.524811469260115
2026-09-07 14:54:13.518377,-1758.587152962148,-2959.5162263604952,240.6163568923801,50.50475599848289
2026-09-07 14:54:13.604417,-1759.5402899170322,-2961.2089016434793,240.5971001389844,50.537084271679916
2026-09-07 14:54:13.720655,-1760.8295485698188,-2963.4966964009186,240.61010784761532,50.49544092390903
2026-09-07 14:54:13.819204,-1761.9212682216512,-2965.434986103927,240.6431924673921,50.4463568357262
2026-09-07 14:54:13.919071,-1763.025379908544,-2967.397927173014,240.72142235662733,50.376545549264144
2026-09-07 14:54:14.018485,-1764.120296978301,-2969.350756925881,240.7102973515013,50.3617779424784
2026-09-07 14:54:14.118290,-1765.219578713783,-2971.310479130077,240.62094726909032,50.32602187024493
2026-09-07 14:54:14.219566,-1766.3373680810616,-2973.2959325670786,240.54161365275874,50.2569955387086
2026-09-07 14:54:14.320047,-1767.4475846189243,-2975.261563324535,240.56410247002924,50.26138556987192
2026-09-07 14:54:14.419054,-1768.5408501078384,-2977.198957822065,240.56410247002924,50.265711201736515
2026-09-07 14:54:14.519571,-1769.6508850016767,-2979.1660696692747,240.60909621900828,50.270102805745665
2026-09-07 14:54:14.603926,-1770.5812234178159,-2980.817767438436,240.66573511136173,50.2177689384603
2026-09-07 14:54:14.721027,-1771.8691031014716,-2983.1095295464497,240.61331797794952,50.16660732191033
2026-09-07 14:54:14.819554,-1772.953363322148,-2985.0348276938726,240.61331797794952,50.211375792013676
2026-09-07 14:54:14.919128,-1774.050123336644,-2986.9823214631806,240.6021750678924,50.246179025505086
2026-09-07 14:54:15.018865,-1775.149819776455,-2988.9341414803275,240.51288586224717,50.2060897892231
2026-09-07 14:54:15.119708,-1776.26389542533,-2990.9042972377524,240.5693104549565,50.22635668543205
2026-09-07 14:54:15.219412,-1777.363912879589,-2992.854071064474,240.58046791277013,50.28385699301079
2026-09-07 14:54:15.319323,-1778.471820519753,-2994.818719469811,240.53574542349722,50.297761337704635
2026-09-07 14:54:15.419290,-1779.577454250013,-2996.775768279915,240.45743720018845,50.29514079305259
2026-09-07 14:54:15.516119,-1780.6509156165275,-2998.669820493679,240.38158710010777,50.294294698114214
2026-09-07 14:54:15.619862,-1781.8036927120745,-3000.6975575974625,240.39319654552577,50.32239649863821
2026-09-07 14:54:15.727930,-1783.004771282127,-3002.8112538045957,240.39319654552577,50.307287671687604
2026-09-07 14:54:15.819336,-1784.020361703181,-3004.598522077053,240.40342540885032,50.27214449378406
2026-09-07 14:54:15.927217,-1785.2177882709432,-3006.7066674810762,240.36720787375472,50.27497249680113
2026-09-07 14:54:16.016579,-1786.2108224535687,-3008.452396632482,240.3172072346058,50.271068256548574
2026-09-07 14:54:16.128931,-1787.4611505543917,-3010.6459856203182,240.40521713292412,50.253397019075415
2026-09-07 14:54:16.219877,-1788.470174866587,-3012.4225662705126,240.496813612753,50.263727977295034
2026-09-07 14:54:16.329103,-1789.6788473091283,-3014.558610398822,240.55792873788087,50.24750283175437
2026-09-07 14:54:16.428226,-1790.7733003184185,-3016.497621139778,240.56902117841344,50.26655791141726
2026-09-07 14:54:16.527803,-1791.8728057760072,-3018.446464464269,240.6024509157371,50.26307748321173
2026-09-07 14:54:16.616585,-1792.8520336464774,-3020.184487800811,240.57264524837348,50.235925183501415
2026-09-07 14:54:16.718931,-1793.981298442636,-3022.1863746027007,240.50392657044324,50.26007135540438
2026-09-07 14:54:16.817653,-1795.0734166413442,-3024.11699568305,240.52602170304124,50.24626917886537
2026-09-07 14:54:16.917209,-1796.4048778775589,-3026.4726892281715,240.47031722427948,50.75661390955947
2026-09-07 14:54:17.013035,-1797.4765418748423,-3028.3645614080465,240.4488702501872,50.73484331157048
2026-09-07 14:54:17.118413,-1798.6553029199854,-3030.4436832363435,240.47245507305254,50.70445703112018
2026-09-07 14:54:17.217517,-1799.7624143919898,-3032.398303011046,240.38373255847654,50.68194170810658
2026-09-07 14:54:17.318216,-1800.8899171433113,-3034.3817553577733,240.2710445174377,50.7461752201385
2026-09-07 14:54:17.418291,-1802.0157328165405,-3036.3532046801524,240.19265169332948,50.782028022390534
2026-09-07 14:54:17.513637,-1803.0916770927463,-3038.2313507063614,240.14997260431812,50.772030385154494
2026-09-07 14:54:17.741676,-1805.6678507252723,-3042.72050993149,240.1754914954595,50.71424463227164
2026-09-07 14:54:17.841849,-1806.797347186287,-3044.6907671958575,240.0858119623163,50.66697762666252
2026-09-07 14:54:17.942588,-1807.935263883625,-3046.6685315027617,240.063265401643,50.68370257891792
2026-09-07 14:54:18.038035,-1809.0144972184828,-3048.5425943204978,240.0419032521618,50.711225205178984
2026-09-07 14:54:18.139163,-1810.1593280306076,-3050.5288527883167,240.01926962876104,50.71741082335633
2026-09-07 14:54:18.240295,-1811.3051284456221,-3052.514979636302,240.00795236943736,50.741270580033586
2026-09-07 14:54:18.338623,-1812.4200659157432,-3054.4467271217777,239.95293499240648,50.72064994205936
2026-09-07 14:54:18.439069,-1813.5604500414238,-3056.418188664803,239.96417548433806,50.71626144005171
2026-09-07 14:54:18.535128,-1814.6505634273365,-3058.3035969856305,239.94267636213397,50.78508950563309
2026-09-07 14:54:18.634754,-1815.7834254605395,-3060.261245774925,239.8311890705369,50.799888604287574
2026-09-07 14:54:18.739873,-1816.9831157016101,-3062.3251033497386,239.7135547922823,50.822851934959886
2026-09-07 14:54:18.839592,-1818.1257109361763,-3064.2814831022433,239.65775911027777,50.820237891403934
2026-09-07 14:54:18.939696,-1819.2745704343236,-3066.244197278136,239.52333246858143,50.809741347470506
2026-09-07 14:54:19.040365,-1820.4343023634185,-3068.2148660738776,239.4106779992884,50.76575889833285
2026-09-07 14:54:19.129772,-1821.4668379305974,-3069.961531222364,239.38066250851344,50.74232166047382
2026-09-07 14:54:19.240733,-1822.5978938371572,-3071.86568081965,239.36824532689127,50.42346843962377
2026-09-07 14:54:19.339823,-1823.7359633375831,-3073.787619378232,239.44586656037495,50.36026127066238
2026-09-07 14:54:19.439877,-1824.8810372754085,-3075.727375997555,239.5578328088789,50.35501562010538
2026-09-07 14:54:19.539884,-1826.021663460774,-3077.66825216136,239.72570328803218,50.38909633191249
2026-09-07 14:54:19.638095,-1827.136970537686,-3079.5788385661062,239.69273214075625,50.437153902264136
2026-09-07 14:54:19.739932,-1828.2956992367556,-3081.5611877818546,239.6585436819773,50.40689883210822
2026-09-07 14:54:19.840072,-1829.435597784339,-3083.508654217067,239.78181241823677,50.43402465558039
2026-09-07 14:54:19.939796,-1830.567194524134,-3085.4515132315723,239.78181241823677,50.40962569240036
2026-09-07 14:54:20.040016,-1831.7038693512404,-3087.4030909065,239.84910362553524,50.376348119364394
2026-09-07 14:54:20.140592,-1832.8415293787425,-3089.36164552843,239.82659354615902,50.33416397476883
2026-09-07 14:54:20.240509,-1833.9715524495382,-3091.3052940770954,239.81541225240585,50.35424476836392
2026-09-07 14:54:20.340409,-1835.1022133713702,-3093.249166604969,239.86012981782272,50.35075305062054
2026-09-07 14:54:20.439947,-1836.227187211823,-3095.1867395617464,239.9158242250607,50.336836790330636
2026-09-07 14:54:20.540281,-1837.3589455018534,-3097.1403684327393,239.92705218354052,50.36927549478102
2026-09-07 14:54:20.640680,-1838.4917834412388,-3099.0967447672356,239.91581695118248,50.3789256816351
2026-09-07 14:54:20.741587,-1839.6309570864962,-3101.0631733683463,239.92710903169677,50.417721741551446
2026-09-07 14:54:20.841677,-1840.761392765355,-3103.015405539391,239.93830968515664,50.47544465924338
2026-09-07 14:54:20.941075,-1841.8849186883626,-3104.956579729414,239.94943289978954,50.45286254271018
2026-09-07 14:54:21.035810,-1842.9548991944175,-3106.8060687951397,239.91762870639792,50.48763003764911
2026-09-07 14:54:21.138738,-1844.1193323015216,-3108.8162465363826,239.88307397987222,50.550587211503796
2026-09-07 14:54:21.238815,-1845.2541036229654,-3110.772497622855,239.65909000618743,50.53572111835497
2026-09-07 14:54:21.338465,-1846.391304875359,-3112.7153983421113,239.69254425088553,50.53310888357173
2026-09-07 14:54:21.438280,-1847.5291937723068,-3114.662080240729,239.69254425088553,50.556657924555196
2026-09-07 14:54:21.658957,-1850.0460792755603,-3118.9679272027834,239.84071449388097,50.666570042668226
2026-09-07 14:54:21.747804,-1851.0571119344652,-3120.7078980730676,239.80094450854972,50.68986048158308
2026-09-07 14:54:21.847582,-1852.194412304718,-3122.6620498539082,239.71161859779573,50.70555402270916
2026-09-07 14:54:21.947983,-1853.3422332894327,-3124.6272247691863,239.70038314162602,50.730118624031185
2026-09-07 14:54:22.036645,-1854.3566812320835,-3126.3632710121633,239.67061776035732,50.74251432687657
2026-09-07 14:54:22.149032,-1855.6440420888591,-3128.5637338190586,239.59515720443383,50.77099352301953
2026-09-07 14:54:22.248620,-1856.7880028109337,-3130.51319012364,239.65087958812668,50.8310375417315
2026-09-07 14:54:22.350124,-1857.9534161889558,-3132.503636756834,239.60544403497283,50.8292636512519
2026-09-07 14:54:22.448617,-1859.1735543096327,-3134.584942436161,239.6495317944383,50.95533770555283
2026-09-07 14:54:22.547472,-1860.3113745114545,-3136.5281569678655,239.80440609126003,50.9397893380969
2026-09-07 14:54:22.650831,-1861.4951780854901,-3138.5624949858097,239.7812731440933,50.98585020688101
2026-09-07 14:54:22.750625,-1862.6399777288868,-3140.527979768669,239.81477573210537,50.95620209793103
2026-09-07 14:54:22.849633,-1863.773960460722,-3142.4775134373967,239.95881015982883,51.005514799255295
2026-09-07 14:54:22.949488,-1864.9137998514123,-3144.4484995356734,239.93646144864414,51.054376827820974
2026-09-07 14:54:23.049249,-1866.0544258728157,-3146.4190718343557,239.84715075708155,51.029968812039385
2026-09-07 14:54:23.151491,-1867.2260048766623,-3148.435861874286,239.8585922318647,50.975471783669434
2026-09-07 14:54:23.251978,-1868.3758484185983,-3150.4161462060474,239.813611911584,50.938593319913394
2026-09-07 14:54:23.350508,-1869.50400582332,-3152.35557437829,239.8246379919657,50.9299837365987
2026-09-07 14:54:23.451496,-1870.8227224163643,-3154.623503813288,239.84724028173704,51.35955570473067
2026-09-07 14:54:23.551615,-1871.9773808551286,-3156.6111734527212,239.8024246868224,51.34905758795141
2026-09-07 14:54:23.651216,-1873.1273764795194,-3158.5872561163587,239.6909653716802,51.287265097696064
2026-09-07 14:54:23.751107,-1874.2831810466955,-3160.5644627910438,239.635073450671,51.2139456310376
2026-09-07 14:54:23.851137,-1875.4408674498243,-3162.540461884703,239.72462496355683,51.23142693863871
2026-09-07 14:54:23.940815,-1876.4763293480091,-3164.3141921442625,239.77480241390035,51.245531905476135
2026-09-07 14:54:24.043790,-1877.6638670115863,-3166.352523681551,239.86699042789033,51.262628084299614
2026-09-07 14:54:24.150532,-1878.8918551410886,-3168.4681042819925,239.86699042789033,51.284080530529266
2026-09-07 14:54:24.251089,-1880.0491735122073,-3170.4619348701317,239.83323168745773,51.268264464713006
2026-09-07 14:54:24.351290,-1881.2032090439766,-3172.447414401446,239.81080553744607,51.270015583880195
2026-09-07 14:54:24.450573,-1882.3474807927382,-3174.414323258688,239.8219158829097,51.288233883347246
2026-09-07 14:54:24.543829,-1883.4223127524294,-3176.2626953601743,239.72799288109633,51.29719749678229
2026-09-07 14:54:24.651382,-1884.6656363935542,-3178.3927771440967,239.6798496547372,51.21919396417055
2026-09-07 14:54:24.751779,-1885.8261388979035,-3180.3771367495615,239.7135546803765,51.2139303307429
2026-09-07 14:54:24.851788,-1886.980874761737,-3182.354303978183,239.67997991311094,51.2139303307429
2026-09-07 14:54:24.951063,-1888.1282855275335,-3184.3162880707378,239.70219881354518,51.19918337192769
2026-09-07 14:54:25.043801,-1889.199123025829,-3186.148968276242,239.7540884229249,51.19026954780121
2026-09-07 14:54:25.159515,-1890.532958593102,-3188.436508971537,239.68934307301694,51.24588074520524
2026-09-07 14:54:25.252062,-1891.6029760093456,-3190.2668427075396,239.6375603336947,51.23779395836849
2026-09-07 14:54:25.359559,-1892.8475680483107,-3192.3913882570673,239.6856784931503,51.18801040816885
2026-09-07 14:54:25.459624,-1894.2500802086213,-3194.7913068739244,239.6632827815215,51.944143142553976
2026-09-07 14:54:25.542823,-1895.2258827624867,-3196.458738873775,239.6819036860516,51.92596825363185
2026-09-07 14:54:25.660828,-1896.6086560972935,-3198.8233570306024,239.78754725576164,51.87028715196869
2026-09-07 14:54:25.759324,-1897.7579496629578,-3200.7970542607586,239.82061408251315,51.89610698911973
2026-09-07 14:54:25.848556,-1898.7986325656786,-3202.586607183391,239.77068618214682,51.903124398076415
2026-09-07 14:54:25.949726,-1899.9804717566135,-3204.6148226528767,239.78200769389161,51.90047231786548
2026-09-07 14:54:26.048502,-1901.0746999628175,-3206.493642845824,239.81516852153135,51.75067285750312
2026-09-07 14:54:26.149684,-1902.2516370380044,-3208.5170551800366,239.79252281230208,51.701161488274415
2026-09-07 14:54:26.249304,-1903.4100830348118,-3210.506867345151,239.7590786391277,51.66111928008276
2026-09-07 14:54:26.349768,-1904.5786090103873,-3212.511301692894,239.77032114536405,51.64619569941883
2026-09-07 14:54:26.449814,-1905.7415453731885,-3214.5070478094244,239.6471681197218,51.626963185270206
2026-09-07 14:54:26.549110,-1906.8995872005896,-3216.484610533391,239.66939172020045,51.611345455313156
2026-09-07 14:54:26.649532,-1908.0696311364443,-3218.484447449886,239.62444049543276,51.6104679646244
2026-09-07 14:54:26.749632,-1909.2374670831452,-3220.476922451154,239.56843163284233,51.60347054828581
2026-09-07 14:54:26.849123,-1910.3999756955716,-3222.4558714509376,239.4904962797237,51.58782214783508
2026-09-07 14:54:26.944135,-1911.512381341067,-3224.3436453881995,239.54365825826955,51.54963212289323
2026-09-07 14:54:27.056788,-1912.8282765445506,-3226.5814896750067,239.59408436334365,51.51222623150208
2026-09-07 14:54:27.147838,-1913.889465124666,-3228.389814024026,239.56351728878508,51.51063503580371
2026-09-07 14:54:27.256374,-1915.155563913068,-3230.544682297353,239.68497538888727,51.4840800854637
2026-09-07 14:54:27.348419,-1916.224863317151,-3232.373467845711,239.7261768734598,51.53555478571423
2026-09-07 14:54:27.452914,-1917.4385150251392,-3234.45256383924,239.74956407064815,51.60860124128868
2026-09-07 14:54:27.554529,-1918.61956341021,-3236.4777055455575,239.77230669031698,51.64145410226029
2026-09-07 14:54:27.664709,-1919.9001038133026,-3238.67545017168,239.68599820807623,51.64049134585147
2026-09-07 14:54:27.747352,-1920.8630662482342,-3240.322438777739,239.56577118389288,51.63832493421884
2026-09-07 14:54:27.856930,-1922.1444030930322,-3242.503438267133,239.61482084738884,51.67566728263845
2026-09-07 14:54:27.944041,-1923.1622757229206,-3244.2393888324764,239.62456907521926,51.55387868430273
2026-09-07 14:54:28.056907,-1924.47759983269,-3246.483508733233,239.49826545313869,51.50358111934769
2026-09-07 14:54:28.156477,-1925.6411992974924,-3248.458771886746,239.58740515260928,51.50358111934769
2026-09-07 14:54:28.265020,-1926.9063078939807,-3250.6140116676806,239.69672449276788,51.51780790309467
2026-09-07 14:54:28.354515,-1927.9462998182798,-3252.3935109993854,239.79687460580544,51.48574548453313
2026-09-07 14:54:28.454675,-1929.106021064727,-3254.3858616144335,239.92016796134516,51.50762551763979
2026-09-07 14:54:28.565554,-1930.3856487495239,-3256.5951271601225,239.8953519506552,51.47855958883588
2026-09-07 14:54:28.655520,-1931.4241145297515,-3258.3862397345247,239.71413300965105,51.53516064802522
2026-09-07 14:54:28.765897,-1932.7065342198944,-3260.5820812546285,239.5906147234144,51.56120154865771
2026-09-07 14:54:28.863256,-1933.8424502922414,-3262.5174769013283,239.50345441407666,51.55099283551124
2026-09-07 14:54:28.942715,-1934.7717395851366,-3264.095314586173,239.4056432445696,51.54821557424826
2026-09-07 14:54:29.174960,-1937.4956145910332,-3268.7021712094847,239.7694971828161,51.51168701626128
2026-09-07 14:54:29.267045,-1938.5632507346613,-3270.534309507957,239.84163111444744,51.56640265272558
2026-09-07 14:54:29.367404,-1939.7255343480972,-3272.5346544956888,239.81916960219684,51.59183391831422
2026-09-07 14:54:29.468209,-1940.8943469335281,-3274.5444219607402,239.7514856054724,51.56188544823884
2026-09-07 14:54:29.567554,-1942.047900080844,-3276.522570070773,239.74036832184794,51.56622584737818
2026-09-07 14:54:29.668097,-1943.215850650805,-3278.524514583836,239.83037909621643,51.56183310742482
2026-09-07 14:54:29.768519,-1944.3791538500482,-3280.5257094930785,239.8079034838326,51.55920063535856
2026-09-07 14:54:29.868951,-1945.543298456959,-3282.526544991296,239.78542563333238,51.62238625633208
2026-09-07 14:54:29.969550,-1946.7115949820154,-3284.532705423318,239.75165279276655,51.6267814429345
2026-09-07 14:54:30.065016,-1947.821496405513,-3286.4360109888207,239.6768703861084,51.604258447928466
2026-09-07 14:54:30.164967,-1948.9856328984556,-3288.4263469046946,239.69924058321038,51.66976157859071
2026-09-07 14:54:30.265859,-1950.1614353826303,-3290.4384304790888,239.64278857357527,51.72442062755725
2026-09-07 14:54:30.365670,-1951.3278330375033,-3292.4299131609964,239.65395800531158,51.686045950514924
2026-09-07 14:54:30.467468,-1952.5161726310914,-3294.459766324557,239.67674158251032,51.71184186293328
2026-09-07 14:54:30.565710,-1953.662794153818,-3296.4201466066133,239.58879077046464,51.73587823272121
2026-09-07 14:54:30.666381,-1954.8413953407178,-3298.4281235413396,239.53246241675993,51.72092390292131
2026-09-07 14:54:30.766404,-1956.014031846378,-3300.4214469660656,239.58842819560988,51.75588407147446
2026-09-07 14:54:30.865776,-1957.1778874716138,-3302.4042732190323,239.64402972101783,51.78193354411673
2026-09-07 14:54:30.956115,-1958.2347294981223,-3304.2087925729616,239.73501485935554,51.8040363271451
2026-09-07 14:54:31.064754,-1959.5027497284643,-3306.381796606501,239.74717219566514,51.871435995309575
2026-09-07 14:54:31.166666,-1960.6933677777076,-3308.42315157226,239.74717219566514,51.88212211959376
2026-09-07 14:54:31.266243,-1962.0584217147084,-3310.7627180839054,239.76945868721424,52.14764156797217
2026-09-07 14:54:31.365992,-1963.229193708802,-3312.771841612532,239.78062118078975,52.1432835180074
2026-09-07 14:54:31.467289,-1964.4176380107033,-3314.8122056971174,239.83729979970906,52.13177674393517
2026-09-07 14:54:31.566798,-1965.582864479273,-3316.8172665254133,239.89297798060326,52.1952511830933
2026-09-07 14:54:31.666061,-1966.7446790403123,-3318.8209358060267,239.99295094672874,52.2178026291328
2026-09-07 14:54:31.766572,-1967.9180655933415,-3320.8527236126283,240.0379420099681,52.26786392643002
2026-09-07 14:54:31.866686,-1969.086346941515,-3322.879344423579,240.08275536676638,52.185632785201044
2026-09-07 14:54:31.958206,-1970.1512132028156,-3324.729914498945,240.17492995205802,52.19442953716955
2026-09-07 14:54:32.058181,-1971.3113981482495,-3326.753657798596,240.13017881489537,52.190061613228174
2026-09-07 14:54:32.165893,-1972.562966900853,-3328.932857927784,240.0216964183598,52.175943749054944
2026-09-07 14:54:32.266591,-1973.736573590143,-3330.96738316558,239.99915903396368,52.12138980114201
2026-09-07 14:54:32.366410,-1974.8995117774527,-3332.9815829171102,239.96564805301514,52.077778718380955
2026-09-07 14:54:32.466185,-1975.91315174734,-3334.7364459665996,239.8539940217472,51.75794466118425
2026-09-07 14:54:32.567195,-1977.0868839745149,-3336.757498349978,239.8200832013061,51.709400085335325
2026-09-07 14:54:32.668048,-1978.2588857037476,-3338.772823475926,239.78622508850592,51.68648740903679
2026-09-07 14:54:32.767754,-1979.4182215165451,-3340.7636607435966,239.80854045175641,51.67254766091581
2026-09-07 14:54:32.865020,-1980.548124814124,-3342.705694778804,239.84119434603446,51.662348699413485
2026-09-07 14:54:32.965095,-1981.7092910448646,-3344.7040816284402,239.86359229577965,51.71394175631276
2026-09-07 14:54:33.064951,-1982.8682929357117,-3346.70053985717,239.84124336078332,51.76716699902034
2026-09-07 14:54:33.164623,-1984.0271278829957,-3348.6949184559157,239.85239723761072,51.75671575304683
2026-09-07 14:54:33.264872,-1985.1920455605646,-3350.7006643279688,239.8972710235514,51.80489459855003
2026-09-07 14:54:33.365297,-1986.3585192214955,-3352.71271610766,239.8972710235514,51.87509595077801
2026-09-07 14:54:33.463608,-1987.5019854135508,-3354.6850822774245,239.84226315851515,51.89141780012314
2026-09-07 14:54:33.564760,-1988.680814165557,-3356.713953752675,239.83094366107514,51.901140364099525
2026-09-07 14:54:33.664937,-1989.848895992935,-3358.72341476121,239.77489171474423,51.94228180802792
2026-09-07 14:54:33.764724,-1991.0153118497906,-3360.725499258345,239.7972252067375,51.94315375006611
2026-09-07 14:54:33.864582,-1992.1817961684105,-3362.7294967417065,239.8195745893571,51.93704581299672
2026-09-07 14:54:33.956091,-1993.2499101837377,-3364.566143385492,239.96294004409242,51.9066606859667
2026-09-07 14:54:34.057310,-1994.4255863334054,-3366.5994358183525,239.92895905870256,51.86420685073943
2026-09-07 14:54:34.164602,-1995.6720591548908,-3368.752221321793,239.84491286450603,51.89983264764798
2026-09-07 14:54:34.265281,-1996.8454724122735,-3370.7719872648454,239.78858003456855,51.90950974764183
2026-09-07 14:54:34.364068,-1997.998997407144,-3372.753033301543,239.8659639158094,51.84994867124207
2026-09-07 14:54:34.471625,-1999.2505767341625,-3374.9091678939662,239.9983627121531,51.80859586304817
2026-09-07 14:54:34.557629,-2000.246574481316,-3376.6341727551144,240.00798706024148,51.82287447206526
2026-09-07 14:54:34.672582,-2001.5778051684006,-3378.9406744179014,240.04657878920068,51.82187000902783
2026-09-07 14:54:34.763375,-2002.627999672955,-3380.763084509857,240.13802117471624,51.783789104634494
2026-09-07 14:54:34.871579,-2003.87520062688,-3382.9353679539404,240.13802117471624,51.77244322395268
2026-09-07 14:54:34.970594,-2005.0162355730708,-3384.9227392070893,240.09369975589993,51.800994701099576
2026-09-07 14:54:35.058835,-2006.035043755309,-3386.6940501892873,240.1035744373062,51.77015259245159
2026-09-07 14:54:35.171960,-2007.3399874767265,-3388.963744528249,240.12889312893674,51.771141082365794
2026-09-07 14:54:35.271985,-2008.4929523537326,-3390.971153758306,240.1176997493551,51.71782575928229
2026-09-07 14:54:35.371765,-2009.6422995113926,-3392.971359344358,240.22935937591402,51.72392892538599
2026-09-07 14:54:35.471412,-2010.4961336503052,-3394.4697844582442,240.18475505918636,51.16704946180823
2026-09-07 14:54:35.570233,-2011.620017278895,-3396.4309857029007,240.0962858993854,51.16963996510491
2026-09-07 14:54:35.672473,-2012.7859755905667,-3398.458345224915,240.14205090327147,51.1464121778823
2026-09-07 14:54:35.772212,-2013.9213164610835,-3400.436121080095,240.10856677971958,51.185630695450634
2026-09-07 14:54:35.872054,-2015.0598589739448,-3402.416792443189,239.94097326746922,51.21093095171965
2026-09-07 14:54:35.974126,-2016.230327415321,-3404.4392885248417,239.92955081667537,51.23501247965899
2026-09-07 14:54:36.070849,-2017.340362203165,-3406.3564773122025,239.95119854980757,51.21979944293408
2026-09-07 14:54:36.174307,-2018.526563547529,-3408.407002892057,239.92804344528855,51.18363866873043
2026-09-07 14:54:36.273676,-2019.6658732456679,-3410.3746342548643,240.0170032002016,51.19666301184011
2026-09-07 14:54:36.373363,-2020.8060528372232,-3412.350837380384,240.07278097727504,51.19317873890033
2026-09-07 14:54:36.474032,-2022.03613459199,-3414.4871391506795,240.12910821192156,51.47557352304752
2026-09-07 14:54:36.575328,-2023.1970763479146,-3416.508454369775,240.19712188318982,51.52868118679126
2026-09-07 14:54:36.675192,-2024.3404181811236,-3418.504609232343,240.28652478514755,51.582783308525336
2026-09-07 14:54:36.774034,-2025.4701598161705,-3420.4841752371754,240.29758578014489,51.63633175357499
2026-09-07 14:54:36.874694,-2026.5250026150238,-3422.335085917002,240.28632134036795,51.318499684050686
2026-09-07 14:54:36.974468,-2027.6595610648765,-3424.323075686801,240.263990757926,51.3586037924638
2026-09-07 14:54:37.074732,-2028.8013615571238,-3426.3219450087263,240.2078901325637,51.37787821421577
2026-09-07 14:54:37.174492,-2029.9397964023797,-3428.310399207776,240.24138130618218,51.350855324765156
2026-09-07 14:54:37.274245,-2031.0763908172255,-3430.298332813724,240.3083589533748,51.37003151355699
2026-09-07 14:54:37.374629,-2032.218261819972,-3432.3009245928683,240.3195925071456,51.40862649387195
2026-09-07 14:54:37.475298,-2033.36384097889,-3434.310935414975,240.3421234010042,51.3813573754066
2026-09-07 14:54:37.573579,-2034.4808809202243,-3436.2726646769906,240.36411983266953,51.41399111273994
2026-09-07 14:54:37.674276,-2035.6477143257691,-3438.3233674391895,240.43173131442302,51.52556754907575
2026-09-07 14:54:37.774521,-2036.7871349176803,-3440.3316993475646,240.45416731214678,51.50892461199238
2026-09-07 14:54:37.874175,-2037.91869050025,-3442.327989399069,240.3649524119656,51.52808176934966
2026-09-07 14:54:37.967612,-2038.9829618985968,-3444.198780426656,240.38586470005293,51.564822268312284
2026-09-07 14:54:38.072730,-2040.1803677894281,-3446.3053857100736,240.44468127965115,51.55931112137913
2026-09-07 14:54:38.174995,-2041.3430462544727,-3448.3557913530444,240.54767771720418,51.59773570132444
2026-09-07 14:54:38.275039,-2042.4777108981737,-3450.3652039388367,240.44691816507435,51.57151006994916
2026-09-07 14:54:38.375275,-2043.6175122640377,-3452.375448284657,240.37961621481725,51.534723722530586
2026-09-07 14:54:38.483880,-2044.936051628929,-3454.6942188110233,240.48899799842303,51.92207843856137
2026-09-07 14:54:38.566688,-2045.8828487691972,-3456.3669275748966,240.52606478678177,51.93872075524444
2026-09-07 14:54:38.682301,-2047.2036386790944,-3458.703895753576,240.44843818181874,51.92962868399522
2026-09-07 14:54:38.782381,-2048.3495151198726,-3460.7249795488574,240.53803445703232,51.871037031122995
2026-09-07 14:54:38.882598,-2049.4925028809325,-3462.748336346698,240.4931749950365,51.91569770012074
2026-09-07 14:54:38.981350,-2050.621313866953,-3464.742948598122,240.37161483682706,51.981277961394895
2026-09-07 14:54:39.084467,-2051.8059308905113,-3466.8258483302507,240.40623301395237,51.81008042104615
2026-09-07 14:54:39.171531,-2052.801776305302,-3468.5792974020155,240.48417676000747,51.7454151366197
2026-09-07 14:54:39.273735,-2053.966537514053,-3470.636679940331,240.54136287181757,51.77310005435637
2026-09-07 14:54:39.372894,-2055.0952072909936,-3472.6349616053235,240.50807346439137,51.77916523623327
2026-09-07 14:54:39.472799,-2056.233671274664,-3474.647851623777,240.44099375909153,51.77480037060323
2026-09-07 14:54:39.572786,-2057.3753312064873,-3476.660888728444,240.36266986896806,51.81586378390238
2026-09-07 14:54:39.672773,-2058.67338535207,-3478.943034424484,240.32910248748658,52.43500853431298
2026-09-07 14:54:39.773266,-2059.839453683651,-3480.989784760517,240.36283974200185,52.39637164639468
2026-09-07 14:54:39.872299,-2060.986547204648,-3483.0059886851955,240.3960868490283,52.36521891817125
2026-09-07 14:54:39.972475,-2062.1450072022267,-3485.044922820952,240.44092795846973,52.3853517642253
2026-09-07 14:54:40.072610,-2063.3018422406985,-3487.0847120428325,240.35128244469564,52.471100085824034
2026-09-07 14:54:40.180246,-2064.550804563163,-3489.278937118665,240.38741772901403,52.42125216253976
2026-09-07 14:54:40.271459,-2065.6070240981267,-3491.137269420612,240.47928311852678,52.35988145710792
2026-09-07 14:54:40.381336,-2066.8742909956304,-3493.3752675886776,240.4915789942408,52.40116613486326
2026-09-07 14:54:40.599330,-2069.562556190324,-3498.1242990034457,240.56476338579847,52.92376003970145
2026-09-07 14:54:40.695710,-2070.683164959894,-3500.110202518479,240.61869080014878,52.9397612993762
2026-09-07 14:54:40.795830,-2071.8456678214116,-3502.174887288959,240.5962827788798,52.971255964283145
2026-09-07 14:54:40.896188,-2073.0124371553215,-3504.245255193759,240.56259084622138,52.96687130700975
2026-09-07 14:54:40.989038,-2074.0929546765897,-3506.1599407742697,240.7184476761371,52.93117294948022
2026-09-07 14:54:41.096978,-2075.3421761436657,-3508.387707640475,240.827159703414,52.94532069772422
2026-09-07 14:54:41.195925,-2076.48374719258,-3510.43258406304,240.77179597787222,52.95137291236106
2026-09-07 14:54:41.295869,-2077.777906288326,-3512.7433363395385,240.6823214561901,53.60394510643129
2026-09-07 14:54:41.396036,-2078.9532229643783,-3514.8362126601946,240.55901948390232,53.624076143712635
2026-09-07 14:54:41.497050,-2080.143464064094,-3516.9450221740285,240.4911951572804,53.5852389451398
2026-09-07 14:54:41.595583,-2081.3060632811685,-3518.9991727306265,240.46914232508212,53.5645753160462
2026-09-07 14:54:41.697076,-2082.5039399773887,-3521.1137545812476,240.52593061170438,53.62222050894002
2026-09-07 14:54:41.796064,-2083.671461691222,-3523.179523070383,240.5037759452105,53.627410271041846
2026-09-07 14:54:41.896151,-2084.852867531036,-3525.267971948742,240.42537372101344,53.66501649930162
2026-09-07 14:54:41.990290,-2085.967532455264,-3527.232161914516,240.2673531920804,53.70367821196995
2026-09-07 14:54:42.096198,-2087.228547210194,-3529.440032042373,240.18439114146184,53.63612200195519
2026-09-07 14:54:42.195741,-2088.4152846261104,-3531.510884015458,240.10641505462493,53.593501313999404
2026-09-07 14:54:42.296184,-2089.614640590844,-3533.5971684712003,240.06145442976845,53.57155945931358
2026-09-07 14:54:42.396282,-2090.8110181532247,-3535.674497602468,240.02784978364912,53.52695182143442
2026-09-07 14:54:42.496001,-2092.003086012597,-3537.741539369783,240.11712287485636,53.45550129757191
2026-09-07 14:54:42.595875,-2093.192190253611,-3539.8108858635105,240.12829935665928,53.520953966097096
2026-09-07 14:54:42.698380,-2094.613076710089,-3542.2875688224462,240.1627120747002,54.30137205609805
2026-09-07 14:54:42.796106,-2095.7933812733418,-3544.3453902115684,240.1517759665973,54.35516983216395
2026-09-07 14:54:42.897324,-2097.017479475129,-3546.4786208037544,240.1857566162697,54.3489787090262
2026-09-07 14:54:42.990422,-2098.1420850118375,-3548.4411613172624,240.22742944815337,54.37012953585378
2026-09-07 14:54:43.094138,-2099.3938503161844,-3550.629295111857,240.27385514399697,54.31212801473709
2026-09-07 14:54:43.194586,-2100.6031645978915,-3552.747202585085,240.37502158568594,54.32090519351304
2026-09-07 14:54:43.294648,-2101.804298756693,-3554.859436467547,240.3190339852012,54.352381613408355
2026-09-07 14:54:43.394255,-2103.002719218436,-3556.962113961848,240.2855941763538,54.393288965449
2026-09-07 14:54:43.493759,-2104.20202811924,-3559.0634984592057,240.2410538697548,54.37155223607355
2026-09-07 14:54:43.594600,-2105.4186204840144,-3561.1913223681804,240.16206100664317,54.36362186875463
2026-09-07 14:54:43.694885,-2106.6312443895185,-3563.3054357825763,240.16206100664317,54.34521970361001
2026-09-07 14:54:43.794063,-2107.8300767534292,-3565.3955047401905,240.1731596019958,54.347819565339385
2026-09-07 14:54:43.894077,-2109.0386639408234,-3567.5035264751546,240.2291203450839,54.32946712833711
2026-09-07 14:54:43.990833,-2110.205494324538,-3569.5433304324874,240.27243058291646,54.40809463510384
2026-09-07 14:54:44.093649,-2111.445558610331,-3571.714965893979,240.21490203929915,54.46020238832503
2026-09-07 14:54:44.194851,-2112.669473094098,-3573.85333050218,240.16960166837504,54.57516221434731
2026-09-07 14:54:44.294766,-2113.8820459090093,-3575.967999642004,240.14723952849204,54.55333570168904
2026-09-07 14:54:44.393767,-2115.2347055849887,-3578.3258756651144,240.1250819524468,55.09004749736956
2026-09-07 14:54:44.493720,-2116.460842741865,-3580.460355254977,240.02441405118307,55.03415037406963
2026-09-07 14:54:44.594073,-2117.694397213608,-3582.599038324693,240.01318396649268,55.00872062889862
2026-09-07 14:54:44.702130,-2119.022487819005,-3584.900581611542,239.98899955224718,55.011553245596794
2026-09-07 14:54:44.792698,-2120.136498778269,-3586.8292499437475,240.11062058722234,55.01234463171436
2026-09-07 14:54:44.894018,-2121.3781973268883,-3588.989556461714,240.09928228960467,55.04067542985323
2026-09-07 14:54:44.988585,-2122.5381324333907,-3591.0066869655298,240.0146215086482,55.016711874089204
2026-09-07 14:54:45.089662,-2123.7805607608157,-3593.1599047526115,239.92413267261935,55.02554401508889
2026-09-07 14:54:45.201624,-2125.1607730868745,-3595.5432090021113,239.87401587522996,55.012825756515824
2026-09-07 14:54:45.292957,-2126.288120794802,-3597.4859546948296,239.8637951810302,55.05272929213344
2026-09-07 14:54:45.401445,-2127.6286005075294,-3599.7950394335976,239.83951430396843,55.046093490527326
2026-09-07 14:54:45.501605,-2128.8669333372377,-3601.9260874614806,239.66017851409248,55.0364662759604
2026-09-07 14:54:45.601077,-2130.10316212817,-3604.038268109908,239.50433757480312,54.984314902481515
2026-09-07 14:54:45.701080,-2131.3505780550395,-3606.156326775113,239.53791032776394,54.937128112009745
2026-09-07 14:54:45.800987,-2132.5944879653953,-3608.2712654591787,239.68325259879828,54.9109383939476
2026-09-07 14:54:45.901165,-2133.8357964413885,-3610.394085645709,239.97472562927015,55.00460176509448
2026-09-07 14:54:46.000498,-2135.057991762038,-3612.5088351401255,240.07476909606186,55.09400318715682
2026-09-07 14:54:46.101588,-2136.300061015846,-3614.6666603225267,240.14264445173734,55.12138634568291
2026-09-07 14:54:46.203747,-2137.553303231799,-3616.8498739551046,240.1083478919369,55.180302476649935
2026-09-07 14:54:46.302816,-2138.771206127542,-3618.9685862843894,240.008570313372,55.11797437122313
2026-09-07 14:54:46.403318,-2140.2129071899535,-3621.4662688801063,240.12103789994669,55.68765779558105
2026-09-07 14:54:46.496953,-2141.3741434742337,-3623.4874376667535,240.27821242088538,55.68193049594064
2026-09-07 14:54:46.603539,-2142.6895429644937,-3625.791542178936,240.32592279553523,55.74153701884686
2026-09-07 14:54:46.704667,-2143.9370974052335,-3627.9810391166366,240.26933873703325,55.79190562400524
2026-09-07 14:54:46.803456,-2145.1590118597196,-3630.1206219515066,240.14773303315536,55.807443610678696
2026-09-07 14:54:46.903387,-2146.3999879500234,-3632.282912105377,240.00235584750538,55.807443610678696
2026-09-07 14:54:46.987725,-2147.451951967642,-3634.1051402596113,239.92685254355888,55.76912230553822
2026-09-07 14:54:47.089543,-2148.7239712040073,-3636.301860769301,239.8812764366959,55.76823261655625
2026-09-07 14:54:47.204918,-2150.167315537822,-3638.7898861397175,239.94583210624006,55.76520816509497
2026-09-07 14:54:47.303184,-2151.3941709244286,-3640.9102300701898,239.98981825522156,55.84334545076851
2026-09-07 14:54:47.403887,-2152.6515431742146,-3643.0871692006563,239.93347199658575,55.850385019375345
2026-09-07 14:54:47.504085,-2153.904897519199,-3645.2522330444117,239.83255734299033,55.860891419809306
2026-09-07 14:54:47.595543,-2155.0526199372653,-3647.226797583486,239.78138393085453,55.845707323447684
2026-09-07 14:54:47.704879,-2156.426430732683,-3649.5854777539216,239.6100892455346,55.79411672193551
2026-09-07 14:54:47.803542,-2157.6713415138015,-3651.708233147363,239.59904828167896,55.75790766136487
2026-09-07 14:54:47.903222,-2158.9286813424696,-3653.851235442453,239.67713168619662,55.68213004638635
2026-09-07 14:54:48.003551,-2160.189550890384,-3656.0069793981424,239.72204128199948,55.710183744042034
2026-09-07 14:54:48.103498,-2161.4445680256704,-3658.1565817529663,239.7779645366381,55.75035738971692
2026-09-07 14:54:48.203943,-2162.70463730203,-3660.3196835603303,239.6768011164062,55.70471742321504
2026-09-07 14:54:48.304247,-2163.965716448268,-3662.475757328083,239.80027173076382,55.667906119975946
2026-09-07 14:54:48.403836,-2165.212365784167,-3664.617738712563,239.76683796483064,55.70445502010234
2026-09-07 14:54:48.504121,-2166.469811075233,-3666.7753725757593,239.688280639168,55.59667090996958
2026-09-07 14:54:48.597648,-2167.6430031105097,-3668.7821077395915,239.7406117170051,55.58441228063831
2026-09-07 14:54:48.705558,-2168.9942005863622,-3671.098172171624,239.7285359600378,55.5664967802077
2026-09-07 14:54:48.812674,-2170.607766954501,-3673.8649645152614,239.76449667127798,56.28717396071148
2026-09-07 14:54:48.904171,-2171.767104602466,-3675.854069917949,239.7849747647862,56.33834220069001
2026-09-07 14:54:49.004965,-2173.044619453634,-3678.047736778253,239.87521024603998,56.38766370995092
2026-09-07 14:54:49.097062,-2174.209765035801,-3680.0557155460137,239.91643500702293,56.39490642907282
2026-09-07 14:54:49.213466,-2175.680787923896,-3682.59504169087,239.8122247270473,56.517980601686006
2026-09-07 14:54:49.312208,-2176.9352597116326,-3684.751498223165,239.91167296678583,56.429111089869394
2026-09-07 14:54:49.412020,-2178.197551961677,-3686.9300894698968,240.15740292691225,56.42823892938039
2026-09-07 14:54:49.501629,-2179.3223937478506,-3688.8907923805928,240.20754176974805,56.468955259294944
2026-09-07 14:54:49.602794,-2180.5912727937784,-3691.107056490959,240.0264065342968,56.59448085194325
2026-09-07 14:54:49.702646,-2181.8533919799547,-3693.29543965249,239.90349231567308,56.61018603212847
2026-09-07 14:54:49.802558,-2183.1213158735472,-3695.4830304517445,240.0041189236895,56.52026350002843
2026-09-07 14:54:49.902092,-2184.3786130594385,-3697.6610946451888,240.1266416957571,56.46286123317311
2026-09-07 14:54:50.002188,-2185.637043155516,-3699.851928391714,240.22745361981032,56.46023730690253
2026-09-07 14:54:50.098055,-2186.8385556713697,-3701.9522204390832,240.19526939425617,56.55489615838953
2026-09-07 14:54:50.200428,-2188.1250215240407,-3704.1980864512593,240.0921641842467,56.490489379913335
2026-09-07 14:54:50.302515,-2189.4104559243683,-3706.432818094516,240.11501244300902,56.471756550146985
2026-09-07 14:54:50.401921,-2190.6608497198886,-3708.608638611129,240.1038883331296,56.496077709886606
2026-09-07 14:54:50.501709,-2191.9170133715616,-3710.7935172620028,240.13738890683692,56.54926670723584
2026-09-07 14:54:50.608725,-2193.4417532355073,-3713.4473057730274,239.98170463569465,57.01350700354256
2026-09-07 14:54:50.698475,-2194.5861291487467,-3715.4279621430387,239.97166108840696,57.00958581150717
2026-09-07 14:54:50.810015,-2196.008676580407,-3717.8890745701656,240.09648083932274,56.89165435542942
2026-09-07 14:54:50.900794,-2197.1596921771034,-3719.8904675683666,240.19806782308092,56.909898641804794
2026-09-07 14:54:51.009220,-2198.5306586652146,-3722.2841228220905,239.9796648164193,56.91463579130484
2026-09-07 14:54:51.107951,-2199.7874429778535,-3724.4591539908215,239.92442194916242,56.87150005750585
2026-09-07 14:54:51.208441,-2201.067781027724,-3726.6700244363215,239.9469127807377,56.882915160880266
2026-09-07 14:54:51.308624,-2202.3435983334066,-3728.8750839881213,239.9581238414388,56.84089585052773
2026-09-07 14:54:51.409086,-2203.621591228416,-3731.0849011154287,239.9581238414388,56.87337593829951
2026-09-07 14:54:51.508067,-2204.8814635961317,-3733.26338547733,239.98027694125122,56.923540090976005
2026-09-07 14:54:51.617619,-2206.276184904433,-3735.677194357392,240.07835299183273,56.91683920850464
2026-09-07 14:54:51.708261,-2207.4266046873067,-3737.676087693664,240.0377795227185,56.964361172422855
2026-09-07 14:54:51.818039,-2208.8227755162475,-3740.0980131284405,240.08691871086995,56.988342265417884
2026-09-07 14:54:51.907040,-2209.953493150774,-3742.063352876194,240.03712006172498,56.98911995903871
2026-09-07 14:54:52.017687,-2211.3613557732274,-3744.505495000119,239.99997393214034,56.94271177968116
2026-09-07 14:54:52.108363,-2212.515465843448,-3746.504470178928,240.10144565290454,56.94825808845666
2026-09-07 14:54:52.217825,-2213.9045406430364,-3748.920286344708,240.2116905660951,56.93582381593631
2026-09-07 14:54:52.316071,-2215.1468385163207,-3751.090487370332,240.23367916435308,56.94870096689036
2026-09-07 14:54:52.415919,-2216.4088321287245,-3753.297059028954,240.25602630885626,56.976620168751495
2026-09-07 14:54:52.515703,-2217.669774535855,-3755.5037893889607,240.30069194997293,56.97923591622376
2026-09-07 14:54:52.615371,-2219.1632444956003,-3758.1182764345754,240.37876595440179,57.56799015812895
2026-09-07 14:54:52.717721,-2220.4651346442697,-3760.4080412625394,240.39021951501343,57.5885599232786
2026-09-07 14:54:52.816371,-2221.719967860071,-3762.6160695022995,240.34606147869334,57.60149002670895
2026-09-07 14:54:52.915741,-2222.9859574760144,-3764.8397374381875,240.33494139742342,57.57370448179127
2026-09-07 14:54:53.015590,-2224.2578694233684,-3767.072799645989,240.2902466607937,57.6173286716009
2026-09-07 14:54:53.115788,-2225.536943135561,-3769.314367869717,240.21175748577502,57.587560537038
2026-09-07 14:54:53.216457,-2226.748006527908,-3771.430361363606,240.09910301648205,57.389526232345126
2026-09-07 14:54:53.316083,-2228.022149087934,-3773.6460829164907,240.11025174564173,57.33903518987689
2026-09-07 14:54:53.415966,-2229.3673176913185,-3775.986521478185,240.27791407997097,57.454420820071704
2026-09-07 14:54:53.515726,-2230.637678461176,-3778.2117075191695,240.3560601517475,57.3750955639425
2026-09-07 14:54:53.602435,-2231.7376858140296,-3780.1446176632244,240.44338932696664,57.359942242930956
2026-09-07 14:54:53.719195,-2233.2145670094737,-3782.7489889469334,240.4564554504353,57.419116897324294
2026-09-07 14:54:53.817342,-2234.456795861537,-3784.9407327772497,240.41252256862384,57.49715955884508
2026-09-07 14:54:53.916318,-2235.7129165856154,-3787.1530308192982,240.4014465782467,57.552510310455666
2026-09-07 14:54:54.016519,-2236.9862415326993,-3789.394619856731,240.30052890319413,57.61204836214008
2026-09-07 14:54:54.114851,-2238.2409850946206,-3791.594466681318,240.2565132110763,57.585412287907346
2026-09-07 14:54:54.217590,-2239.55312158665,-3793.8908352869626,240.35998703885474,57.54232092583683
2026-09-07 14:54:54.316602,-2240.8127164749985,-3796.1045222717457,240.4043071148012,57.5345343952691
2026-09-07 14:54:54.417173,-2242.0902318027315,-3798.353749613283,240.49434295607324,57.5802316133592
2026-09-07 14:54:54.516841,-2243.353775133764,-3800.5865404869846,240.49434295607324,57.615067701852404
2026-09-07 14:54:54.618543,-2244.6438845913167,-3802.8662760149664,240.52848609299537,57.592850817597075
2026-09-07 14:54:54.718058,-2245.9044357373277,-3805.096879494601,240.69553070720175,57.593720382890446
2026-09-07 14:54:54.819015,-2247.1766688917633,-3807.3635580017585,240.7181260588123,57.578723568777065
2026-09-07 14:54:54.918926,-2248.4345082885875,-3809.606663915818,240.75166792576698,57.59094592653587
2026-09-07 14:54:55.019025,-2249.6936659203884,-3811.855205186613,240.8524828712774,57.574327228754356
2026-09-07 14:54:55.115135,-2250.8984970281404,-3814.015641170806,240.97079082256454,57.57012816728894
2026-09-07 14:54:55.214637,-2252.141138373344,-3816.254732720448,241.14894846797426,57.558825295202546
2026-09-07 14:54:55.315176,-2253.3894443385193,-3818.5206081503575,241.19395206466538,57.58518068635882
2026-09-07 14:54:55.416026,-2254.8135257228305,-3821.1026720828822,241.0359522383089,58.1594783865706
2026-09-07 14:54:55.500838,-2255.881358949161,-3823.0319482327454,240.90307884938528,58.07277085620419
2026-09-07 14:54:55.617851,-2257.3585850769737,-3825.686335403994,240.9423621563081,57.99506363900886
2026-09-07 14:54:55.716291,-2258.5981448665893,-3827.9172647668706,241.01947421831375,57.93227108968441
2026-09-07 14:54:55.816344,-2259.853601966276,-3830.1839859457486,241.0754567830366,57.96461894481203
2026-09-07 14:54:55.915211,-2261.0926796076615,-3832.426300474745,241.04226540510814,57.984488714924886
2026-09-07 14:54:56.000324,-2262.160865615738,-3834.3567159977447,240.98511756508827,58.03059936427953
2026-09-07 14:54:56.117500,-2263.6352705817235,-3837.0149843377258,240.88021615477226,58.031623251962955
2026-09-07 14:54:56.216423,-2264.847695849487,-3839.191795480132,240.85807603603484,57.89265019043145
2026-09-07 14:54:56.315687,-2266.098726344006,-3841.4355885192135,240.82475137827555,57.93168193255744
2026-09-07 14:54:56.416614,-2267.426186451783,-3843.8130543714205,240.86992865279834,58.11216410302048
2026-09-07 14:54:56.515896,-2268.681722206231,-3846.0660234891757,240.92547982058755,58.126912101661546
2026-09-07 14:54:56.617546,-2269.965292656961,-3848.3745597199804,240.8458532348209,58.105594797840865
2026-09-07 14:54:56.717088,-2271.224923055951,-3850.632644474133,240.87927122203354,58.04905771852469
2026-09-07 14:54:56.817025,-2272.487000205447,-3852.8982203506775,240.93518888138118,57.976577740852115
2026-09-07 14:54:56.916646,-2273.7413138947186,-3855.1550378624465,240.99092972953423,58.01836133404288
2026-09-07 14:54:57.009481,-2274.908980397142,-3857.2607777644193,241.08442872019805,58.04999794828601
2026-09-07 14:54:57.117208,-2276.260703891782,-3859.7078485736124,241.0723734419957,58.03305415200939
2026-09-07 14:54:57.217633,-2277.5209162612855,-3861.9881199804686,240.9262775971738,58.08044006476329
2026-09-07 14:54:57.318037,-2278.7877076794293,-3864.2665533625654,240.89257022151224,58.05412006263819
2026-09-07 14:54:57.416028,-2280.0248015407865,-3866.4884942720405,240.92546751094744,58.03528259493396
2026-09-07 14:54:57.512676,-2281.243286626787,-3868.679971602476,240.89302109005848,58.03274905487043
2026-09-07 14:54:57.626012,-2282.673557524525,-3871.248924823915,240.8042403844564,58.0961304077695
2026-09-07 14:54:57.714479,-2283.794316649578,-3873.254635703539,240.72504060748477,58.109271875465346
2026-09-07 14:54:57.815509,-2285.0776874754956,-3875.5439193935663,240.57806462339357,58.11368589252758
2026-09-07 14:54:57.914973,-2286.3470393377193,-3877.7946408418857,240.55580342255962,58.10499469599036
2026-09-07 14:54:58.009189,-2287.550064930083,-3879.9258218064356,240.5663467412366,58.10746448336956
2026-09-07 14:54:58.112308,-2288.866397878021,-3882.2587314651582,240.55480712504985,58.10025602607268
2026-09-07 14:54:58.215047,-2290.178185403692,-3884.582491712514,240.60079549295136,58.13526775775497
2026-09-07 14:54:58.315497,-2291.459694385006,-3886.8568775987633,240.65700019072568,58.16598849513305
2026-09-07 14:54:58.416065,-2292.7411512695567,-3889.1363966661925,240.53320460186865,58.16510972869157
2026-09-07 14:54:58.514724,-2294.0030930336416,-3891.36989031743,240.46696150447434,58.15562678777745
2026-09-07 14:54:58.614067,-2295.2761755422466,-3893.6170316687458,240.50031268391285,58.161703224240064
2026-09-07 14:54:58.723643,-2296.679097710335,-3896.096719781073,240.52483706803753,58.16649061742636
2026-09-07 14:54:58.814008,-2297.8352775793637,-3898.142329294768,240.45405048247133,58.149119146892396
2026-09-07 14:54:58.914746,-2299.1266059724258,-3900.420479666837,240.5104163246255,58.06373471191455
2026-09-07 14:54:59.015094,-2300.4088164307063,-3902.6877406207414,240.56656395043194,58.069872620435035
2026-09-07 14:54:59.115031,-2301.6836966928363,-3904.9472045555854,240.64484867351865,58.107422488385886
2026-09-07 14:54:59.222235,-2303.0488501633845,-3907.3744020364957,240.68083892789514,58.151449833533974
2026-09-07 14:54:59.313788,-2304.214281292522,-3909.4495494798216,240.63985767397514,58.22344921068703
2026-09-07 14:54:59.414561,-2305.5003028509323,-3911.735586971519,240.68496601451318,58.200554709495854
2026-09-07 14:54:59.521837,-2306.8668589868334,-3914.169264856651,240.67296120583535,58.18743137321722
2026-09-07 14:54:59.614010,-2308.0411958707655,-3916.259596530591,240.68327590092338,58.18098808794074
2026-09-07 14:54:59.722804,-2309.426696195898,-3918.7268413378806,240.63457717407692,58.229471008233105
2026-09-07 14:54:59.821476,-2310.686242242572,-3920.9653330357437,240.6897870291171,58.25619918132723
2026-09-07 14:54:59.921596,-2311.962668365452,-3923.23894792635,240.6449709865792,58.20983203576979
2026-09-07 14:55:00.009994,-2313.366600493496,-3925.735562204069,240.6944322396788,58.848841455428015
2026-09-07 14:55:00.111524,-2314.6739818167557,-3928.0647579404454,240.71715583535837,58.82045193771148
2026-09-07 14:55:00.224172,-2316.122803080347,-3930.648339404905,240.71715583535837,58.88147989382279
2026-09-07 14:55:00.422243,-2318.672934603393,-3935.1958103044867,240.49550285989085,58.96628668369338
2026-09-07 14:55:00.522722,-2319.977375890212,-3937.5009802907825,240.57421215365622,58.92677718964643
2026-09-07 14:55:00.620870,-2321.247609498277,-3939.7529112980387,240.61814548309098,58.955078662948594
2026-09-07 14:55:00.725567,-2322.601407949005,-3942.1572966197778,240.62986168666066,58.95782320028027
2026-09-07 14:55:00.823437,-2323.866528232451,-3944.405262045526,240.6736705768243,58.90052538786416
2026-09-07 14:55:00.924061,-2325.1642182607175,-3946.715230552761,240.69619139915918,58.87766473781047
2026-09-07 14:55:01.024292,-2326.4554341324806,-3949.0157918361697,240.66254210261792,58.93196568473356
2026-09-07 14:55:01.111390,-2327.5796752101155,-3951.016100540201,240.70152919483692,58.91826651212037
2026-09-07 14:55:01.226842,-2329.0677526835266,-3953.6679892504867,240.75320819746463,58.96870767789972
2026-09-07 14:55:01.324615,-2330.327013973237,-3955.916857440075,240.6766186237296,58.92086443400656
2026-09-07 14:55:01.424387,-2331.6140426683974,-3958.2081241932055,240.76593916300428,59.001071043034834
2026-09-07 14:55:01.524901,-2332.9088029688232,-3960.5215944631746,240.68720245231316,59.001071043034834
2026-09-07 14:55:01.625548,-2334.2084586812016,-3962.8363420941837,240.67593946731188,59.064391928749764
2026-09-07 14:55:01.725170,-2335.4967100133013,-3965.1297218125173,240.7539774380669,59.06265092822408
2026-09-07 14:55:01.824866,-2336.7827532165657,-3967.4264911664163,240.73166431293276,59.09836795019079
2026-09-07 14:55:01.924646,-2338.0715540011797,-3969.7260840546423,240.70933238762098,59.143705755532594
2026-09-07 14:55:02.020404,-2339.310214528389,-3971.934193812745,240.75219589742267,59.147889438061
2026-09-07 14:55:02.124458,-2340.654486170306,-3974.3347793527923,240.798772889934,59.22426452474229
2026-09-07 14:55:02.224600,-2341.948008325652,-3976.6491483358627,240.86601172530902,59.27676716712328
2026-09-07 14:55:02.324694,-2343.2393386381495,-3978.965975736288,240.79880511880998,59.257525425612464
2026-09-07 14:55:02.424841,-2344.5336505656765,-3981.281760837934,240.84363324717637,59.24877454831401
2026-09-07 14:55:02.518732,-2345.7452311924358,-3983.4535110601446,240.85414019646203,59.27420764888946
2026-09-07 14:55:02.624381,-2347.108675315109,-3985.898529318615,240.8304947206426,59.22620310091836
2026-09-07 14:55:02.725719,-2348.416392007195,-3988.2413399424945,240.88719628025487,59.16864594370089
2026-09-07 14:55:02.824894,-2349.692685071021,-3990.533180638815,240.84280324171417,59.135715357931154
2026-09-07 14:55:02.925262,-2350.985407802198,-3992.850298649394,240.8203397151588,59.16114890414626
2026-09-07 14:55:03.016594,-2352.163081256453,-3994.959254835889,240.78967796827706,59.182696577452894
2026-09-07 14:55:03.125774,-2353.5727565735583,-3997.4805051496537,240.71637070412973,59.17888050394718
2026-09-07 14:55:03.233844,-2354.971201854316,-3999.9741745550023,240.92196295640247,59.25914763258779
2026-09-07 14:55:03.324992,-2356.1447085174186,-4002.084453086514,240.87096299828664,59.29976679558215
2026-09-07 14:55:03.434782,-2357.5614585136896,-4004.6268175659075,240.90782141800975,59.270026989720265
2026-09-07 14:55:03.532767,-2358.823781352394,-4006.8954928170724,240.9955421516908,59.2349229494638
2026-09-07 14:55:03.633990,-2360.1234588479088,-4009.239742920661,241.05217936545694,59.15708784242639
2026-09-07 14:55:03.733716,-2361.399952058077,-4011.547551750181,241.07449920494025,59.107417528388495
2026-09-07 14:55:03.822314,-2362.5322565157912,-4013.596561768426,241.03484067780508,59.14225527710784
2026-09-07 14:55:03.933836,-2363.9601613882755,-4016.176268609071,240.9974007954446,59.121791137293734
2026-09-07 14:55:04.017261,-2365.0292087658063,-4018.104674812945,240.9974007954446,59.136370544337844
2026-09-07 14:55:04.123277,-2366.3880829092177,-4020.555886408909,241.0448560248263,59.151192484209
2026-09-07 14:55:04.223553,-2367.6717847724867,-4022.87602774664,241.13462776836465,59.17572650241765
2026-09-07 14:55:04.323213,-2368.9445140060016,-4025.184869721184,241.14578030232224,59.14350570701903
2026-09-07 14:55:04.423187,-2370.220107460023,-4027.4999734187013,241.17934331947674,59.12341345786348
2026-09-07 14:55:04.519062,-2371.4416848446544,-4029.720118057834,241.16861434904547,59.13179104641819
2026-09-07 14:55:04.630159,-2372.8578934907464,-4032.2928527390154,241.2805059563679,59.101697201697924
2026-09-07 14:55:04.722150,-2374.0257913642063,-4034.4243398705785,241.30109461282566,59.150730242295516
2026-09-07 14:55:04.822921,-2374.8755088400894,-4035.9895447215863,241.2785408901799,58.51735912011288
2026-09-07 14:55:04.922766,-2376.130665104194,-4038.280097485798,241.31206059978237,58.52084891548913
2026-09-07 14:55:05.017166,-2377.3161755441934,-4040.4465591160347,241.31206059978237,58.49115358621211
2026-09-07 14:55:05.130248,-2378.735580897454,-4043.0404521192827,241.2867515320523,58.48522490113918
2026-09-07 14:55:05.222150,-2379.8899489297132,-4045.1477915113924,241.30732026927421,58.52136182051441
2026-09-07 14:55:05.329707,-2381.2409059455435,-4047.6161136035657,241.33139277770036,58.5335796956626
2026-09-07 14:55:05.428969,-2382.6302406093014,-4050.1533060998495,241.27585280049306,58.79445543982877
2026-09-07 14:55:05.520950,-2383.792113018213,-4052.2733877847077,241.24497317298096,58.816156229677006
2026-09-07 14:55:05.631690,-2385.192834932051,-4054.8260355821035,241.40607502865018,58.826800376453576
2026-09-07 14:55:05.729291,-2386.4212565523408,-4057.079688735232,241.54806258703167,58.806332199668496
2026-09-07 14:55:05.830702,-2387.6913825348256,-4059.4236565987067,241.55941106807896,58.832030045149324
2026-09-07 14:55:05.929222,-2388.9253880352803,-4061.702042754266,241.55941106807896,58.87076923795087
2026-09-07 14:55:06.018362,-2390.0426401834757,-4063.7648632407067,241.69906505440932,58.8762215954021
2026-09-07 14:55:06.138348,-2391.5398725486275,-4066.545416801994,241.73934644933502,58.86573717985763
2026-09-07 14:55:06.228857,-2392.5741835249964,-4068.473460263151,241.789988868358,58.61019898432816
2026-09-07 14:55:06.339725,-2393.9473264877106,-4071.0332869831223,241.77758209397703,58.58307347542515
2026-09-07 14:55:06.429633,-2395.10817440267,-4073.1943536328727,241.87819437804853,58.77715725727217
2026-09-07 14:55:06.517994,-2396.202525943949,-4075.242015957887,241.97707547909457,58.757082623989916
2026-09-07 14:55:06.640441,-2397.7136172100104,-4078.08122420481,242.10039826586475,58.79774056637203
2026-09-07 14:55:06.736948,-2398.900590245564,-4080.3230638424907,242.1327973505921,58.781718221825116
2026-09-07 14:55:06.837925,-2400.140876680708,-4082.6688032729994,242.24579648980875,58.7931886456826
2026-09-07 14:55:06.936746,-2401.3503873770346,-4084.967295728719,242.17944461995802,58.77160111821023
2026-09-07 14:55:07.016390,-2402.3269687986467,-4086.8179375905006,242.1705319928808,58.7555946856203
2026-09-07 14:55:07.140945,-2403.8542755137773,-4089.711124768881,242.24022413953367,58.60322349819859
2026-09-07 14:55:07.238346,-2405.042773997932,-4091.969153770442,242.2184246621104,58.62279863933529
2026-09-07 14:55:07.336882,-2406.2463928369443,-4094.2538005190636,242.229451413927,58.528948466531965
2026-09-07 14:55:07.438100,-2407.4803420549856,-4096.5971123172,242.35404712939243,58.51037509711871
2026-09-07 14:55:07.535663,-2408.6644426919297,-4098.857670237711,242.45230793648173,58.50611255384797
2026-09-07 14:55:07.637723,-2409.898975170114,-4101.224373114399,242.4751501523298,58.461522374557525
2026-09-07 14:55:07.737133,-2411.0996179691692,-4103.528346178757,242.43065192231893,58.51972177715572
2026-09-07 14:55:07.837459,-2412.3143374806914,-4105.85492096991,242.3183812899863,58.499558784889935
2026-09-07 14:55:07.937273,-2413.526973195811,-4108.166453163018,242.19551384799507,58.49868660692487
2026-09-07 14:55:08.024322,-2414.588832256047,-4110.18006590576,242.1565486893167,58.4964046959801
2026-09-07 14:55:08.139198,-2415.991888463181,-4112.836314083524,242.1951145680316,58.45223792678719
2026-09-07 14:55:08.238028,-2417.1965156292304,-4115.120620668442,242.20617422015908,58.41164967895143
2026-09-07 14:55:08.465575,-2419.9671186073065,-4120.3769096824135,242.15524655320263,58.469310757588126
2026-09-07 14:55:08.559705,-2421.1163072056365,-4122.552419210186,242.19738133230862,58.49151855428976
2026-09-07 14:55:08.664964,-2422.400062558727,-4124.987008177836,242.10314857518725,58.63408081976097
2026-09-07 14:55:08.764161,-2423.6166145765824,-4127.284980465074,242.06984641049763,58.6297468867656
2026-09-07 14:55:08.864518,-2424.8486528288754,-4129.608937466446,242.12599907206595,58.62273150503243
2026-09-07 14:55:08.964309,-2426.0713308990294,-4131.920710550396,242.20416942740525,58.65673860765467
2026-09-07 14:55:09.074151,-2427.4144634759978,-4134.468637569942,242.2779211814671,58.69033171104027
2026-09-07 14:55:09.163554,-2428.5056250379607,-4136.545049557629,242.23790231759358,58.679394822702534
2026-09-07 14:55:09.263988,-2429.7328199104377,-4138.876368631597,242.31657636102585,58.658332529619145
2026-09-07 14:55:09.364292,-2430.954789359887,-4141.205514477492,242.40637317146772,58.628532903187505
2026-09-07 14:55:09.471506,-2432.256375984575,-4143.695894715356,242.43036891250176,58.65570124592529
2026-09-07 14:55:09.563328,-2433.370725286807,-4145.830202888465,242.33789016719308,58.67255046173932
2026-09-07 14:55:09.671553,-2434.6885779843783,-4148.344380765923,242.3257791598927,58.60540763929893
2026-09-07 14:55:09.770702,-2435.8950171481038,-4150.644823027814,242.38125591031203,58.63832959189266
2026-09-07 14:55:09.870426,-2437.106892380346,-4152.961080633595,242.42589469403205,58.62090176104979
2026-09-07 14:55:09.970130,-2438.3163604078095,-4155.277128423324,242.3924223205912,58.65313678196514
2026-09-07 14:55:10.070208,-2439.532391500539,-4157.602432282918,242.43721956295144,58.68199478055028
2026-09-07 14:55:10.170680,-2440.751984188562,-4159.938993542841,242.4709497674001,58.7004312599481
2026-09-07 14:55:10.271723,-2441.977509374723,-4162.290294031818,242.4483351679886,58.732216272195316
2026-09-07 14:55:10.371660,-2443.191194796866,-4164.61663795657,242.37005044490192,58.695539656987506
2026-09-07 14:55:10.470759,-2444.3971003662064,-4166.9203887656695,242.48094799283098,58.63492453795454
2026-09-07 14:55:10.579603,-2445.71532720098,-4169.45062439023,242.56620993184902,58.61400072520848
2026-09-07 14:55:10.670304,-2446.8102915867958,-4171.559979181503,242.6575596593462,58.61796346658789
2026-09-07 14:55:10.779005,-2448.11861263131,-4174.090204471215,242.62106683593495,58.65785644666238
2026-09-07 14:55:10.870452,-2449.2213707063197,-4176.219556359555,242.66200064178756,58.63148724067689
2026-09-07 14:55:10.958893,-2450.285929152621,-4178.278748567637,242.7510742049189,58.60598483002851
2026-09-07 14:55:11.081867,-2451.761064077626,-4181.143031932769,242.68226667376808,58.6403704554759
2026-09-07 14:55:11.178211,-2452.9201324809787,-4183.386981492067,242.66070376524695,58.61595660268868
2026-09-07 14:55:11.277940,-2454.1202984009765,-4185.708352575692,242.63838325432874,58.67782850418239
2026-09-07 14:55:11.378961,-2455.338212762482,-4188.061805053854,242.59316390321789,58.71137204544828
2026-09-07 14:55:11.580415,-2457.7720462947627,-4192.7557750870355,242.61570777815155,58.60223272765792
2026-09-07 14:55:11.679415,-2458.9649692078647,-4195.058701729928,242.57139307368436,58.635105205512254
2026-09-07 14:55:11.778859,-2460.1657041645603,-4197.372326251343,242.50462289988087,58.62728470147458
2026-09-07 14:55:11.878202,-2461.367751903455,-4199.6818934298335,242.51573995969375,58.6047150803277
2026-09-07 14:55:11.977843,-2462.572491979202,-4201.997730657882,242.54919118293472,58.616033742038624
2026-09-07 14:55:12.078923,-2463.7934947005306,-4204.348179844723,242.62837126448215,58.618683462980826
2026-09-07 14:55:12.179345,-2465.003375532984,-4206.685108112866,242.76322493878519,58.56691151234441
2026-09-07 14:55:12.279103,-2466.1987326001,-4209.007353930225,242.88602344679168,58.571269955520634
2026-09-07 14:55:12.379019,-2467.391083884031,-4211.336011727151,242.93074817418096,58.58087371720863
2026-09-07 14:55:12.480296,-2468.5980317152034,-4213.697719080852,242.91941468851348,58.577333870382844
2026-09-07 14:55:12.579283,-2469.778074206929,-4216.005652410705,242.95264635253693,58.5297615317079
2026-09-07 14:55:12.680145,-2470.978129368214,-4218.356088926698,242.90749817352716,58.52623619001588
2026-09-07 14:55:12.779823,-2472.165855762583,-4220.677859013987,242.8851890770025,58.48442868956849
2026-09-07 14:55:12.876147,-2473.3136701282665,-4222.919455901511,242.7989553478491,58.41625242877527
2026-09-07 14:55:12.965477,-2474.380025766387,-4224.994266516717,242.7989553478491,58.40376333383969
2026-09-07 14:55:13.082320,-2475.774719401118,-4227.707920382032,242.85125699445572,58.39996038225756
2026-09-07 14:55:13.180226,-2476.9410473502835,-4229.982351653283,242.81838824100453,58.403382405454586
2026-09-07 14:55:13.280279,-2478.134355039315,-4232.306111392744,242.84078126689366,58.35005215781176
2026-09-07 14:55:13.380851,-2479.331845241017,-4234.640260336248,242.86329045102332,58.31929410903536
2026-09-07 14:55:13.480058,-2480.511555841134,-4236.9419792938825,242.86329045102332,58.317560361076566
2026-09-07 14:55:13.581917,-2481.722766438287,-4239.305157511388,242.8746890658777,58.33536130590253
2026-09-07 14:55:13.677787,-2482.6709771442665,-4241.160805117887,242.89614588768205,58.04572538001731
2026-09-07 14:55:13.777791,-2483.853262412845,-4243.470809931244,242.8737638285632,58.06669749660643
2026-09-07 14:55:13.877128,-2485.0289830659717,-4245.765777565543,242.80706549829574,58.05801739737034
2026-09-07 14:55:13.972549,-2486.1607515010783,-4247.968628902071,242.79638733310645,58.07969598387826
2026-09-07 14:55:14.078853,-2487.4225292239316,-4250.423402089914,242.76069922444225,58.06669155474441
2026-09-07 14:55:14.177901,-2488.599342558477,-4252.709374955204,242.73853112925,58.05803670842192
2026-09-07 14:55:14.278712,-2489.797823973999,-4255.0352265669235,242.76109380436128,58.0809398427891
2026-09-07 14:55:14.379000,-2490.989646484889,-4257.350394101556,242.88454472329468,58.02310273648989
2026-09-07 14:55:14.477835,-2492.1581180506796,-4259.6322697218075,243.03938768648698,58.03519346452876
2026-09-07 14:55:14.578140,-2493.3379515567185,-4261.951763856526,242.99448883364278,58.05973457801973
2026-09-07 14:55:14.678688,-2494.363548888143,-4263.968120290157,242.8144583324402,57.501353088646574
2026-09-07 14:55:14.779106,-2495.5428696879085,-4266.264255411959,242.63466059534193,57.415362426457506
2026-09-07 14:55:14.877900,-2496.7084555117435,-4268.516231698924,242.7120499599679,57.38342161509275
2026-09-07 14:55:14.975862,-2497.860566810922,-4270.749558766722,242.77782506722565,57.36630171251132
2026-09-07 14:55:15.078719,-2499.067194371586,-4273.095168669108,242.86990744212218,57.35551649893983
2026-09-07 14:55:15.178465,-2500.233449905177,-4275.3712831712855,242.8810695999802,57.35551649893983
2026-09-07 14:55:15.279532,-2501.4147015864305,-4277.677771882871,242.86975961453481,57.35728275237912
2026-09-07 14:55:15.378589,-2502.5729426559737,-4279.938230641374,242.81433434079236,57.359013878928195
2026-09-07 14:55:15.478850,-2503.747509844328,-4282.225098314355,242.85921349821237,57.30382059539932
2026-09-07 14:55:15.578634,-2504.9135826918045,-4284.4998100428575,243.00437683184154,57.30556442704749
2026-09-07 14:55:15.679208,-2506.0831104915937,-4286.795571119414,242.94810275245922,57.35214182714033
2026-09-07 14:55:15.779218,-2507.24926848941,-4289.07916924801,242.8585691445045,57.364376295812036
2026-09-07 14:55:15.878561,-2508.411440118682,-4291.346207886624,242.91415444356863,57.34701504877597
2026-09-07 14:55:15.976747,-2509.5575552355876,-4293.587278248631,242.95810478268794,57.359026383052544
2026-09-07 14:55:16.078550,-2510.572806916323,-4295.578358721328,242.92392773830255,56.803829976284455
2026-09-07 14:55:16.180216,-2511.747910976804,-4297.877080128737,242.7987805509593,56.75852357543106
2026-09-07 14:55:16.280228,-2512.907907862575,-4300.134071798451,242.82116440057126,56.75502794304917
2026-09-07 14:55:16.380177,-2514.06622141944,-4302.389955511109,242.78760977635318,56.72795385746679
2026-09-07 14:55:16.478126,-2515.202109270326,-4304.5989790868825,242.78760977635318,56.73993619895188
2026-09-07 14:55:16.587865,-2516.474991344388,-4307.074422862945,242.72620761279862,56.81185391919224
2026-09-07 14:55:16.675834,-2517.4987813444936,-4309.060207771436,242.6179209395411,56.73806102593884
2026-09-07 14:55:16.778987,-2518.7021175664067,-4311.383456934131,242.54866041363357,56.70651362700642
2026-09-07 14:55:16.877033,-2519.8479089243665,-4313.589073132955,242.779070690901,56.65853679607407
2026-09-07 14:55:16.972405,-2520.9528787669774,-4315.737181477242,242.76839800909687,56.806042157730744
2026-09-07 14:55:17.077171,-2522.0183261379702,-4317.807459854756,242.68633053359827,56.26547894555595
2026-09-07 14:55:17.176989,-2523.170396307621,-4320.038248911113,242.563458167751,56.16866331174801
2026-09-07 14:55:17.277644,-2524.334941036315,-4322.2813807876255,242.6760969702293,56.148434198791115
2026-09-07 14:55:17.377118,-2525.4810487772675,-4324.499652721159,242.69836040917966,56.22927045295741
2026-09-07 14:55:17.475953,-2526.620575865743,-4326.707291002019,242.6319991392401,56.26726988393674
2026-09-07 14:55:17.570841,-2527.717790741494,-4328.82692963879,242.4302472708762,56.147874527816484
2026-09-07 14:55:17.677603,-2528.8838173438658,-4331.058541140944,242.34661624726954,55.58122044765385
2026-09-07 14:55:17.776587,-2530.0253048907093,-4333.237059283683,242.32446247602218,55.409965218815266
2026-09-07 14:55:17.876600,-2531.1283568386702,-4335.339018616143,242.24611821903957,55.031851806465255
2026-09-07 14:55:17.977127,-2532.2800205144335,-4337.527611364666,242.16737132491892,54.894820130049276
2026-09-07 14:55:18.077307,-2533.3820772922877,-4339.613527866915,242.08889625003349,54.54864554709263
2026-09-07 14:55:18.176858,-2534.518436467196,-4341.758731466439,241.99977356024743,54.53124794984183
2026-09-07 14:55:18.284379,-2535.748981849277,-4344.07302866823,241.9396124322296,54.55003838945573
2026-09-07 14:55:18.375778,-2536.797442055545,-4346.03989174353,242.031665152084,54.610735593564975
2026-09-07 14:55:18.484131,-2537.9579381909966,-4348.223484610298,242.1771691270273,54.137561463344376
2026-09-07 14:55:18.576438,-2539.000625006218,-4350.199207447448,242.1874988174951,54.251289462726426
2026-09-07 14:55:18.684914,-2540.228109145699,-4352.52610752234,242.1025251478677,54.28162120037854
2026-09-07 14:55:18.782642,-2541.337699751302,-4354.621982858167,242.14627047552594,54.21842886859614
2026-09-07 14:55:18.883291,-2542.3911565917047,-4356.614804133177,242.1913233107776,53.58556589901607
2026-09-07 14:55:18.971856,-2543.3809103328217,-4358.4913502664585,242.1516795552106,53.601817459628656
2026-09-07 14:55:19.085306,-2544.6508131049445,-4360.895019413437,241.9231566814925,53.59091283210651
2026-09-07 14:55:19.184092,-2545.764686711836,-4362.983150046277,241.82366412704948,53.590049636838756
2026-09-07 14:55:19.283533,-2546.8895760636738,-4365.08314198786,241.87930425996512,53.571802344580234
2026-09-07 14:55:19.384579,-2548.0301601197366,-4367.217410317315,241.93584243708113,53.615949505628464
2026-09-07 14:55:19.474323,-2548.9418092350716,-4368.926230574491,242.04631407146167,52.88258195831401
2026-09-07 14:55:19.586844,-2550.1887362315365,-4371.275939262852,242.14704810906466,52.9042126254523
2026-09-07 14:55:19.685784,-2551.281975085854,-4373.34481442484,242.1581200708323,52.92496160764629
2026-09-07 14:55:19.785183,-2552.380314596472,-4375.424314920805,242.0802567850613,52.94406974464186
2026-09-07 14:55:19.886100,-2553.498699455886,-4377.534817448006,241.97861798890875,52.88498807165119
2026-09-07 14:55:19.971011,-2554.4417972287506,-4379.306930658997,241.98812002393657,52.95621575821168
2026-09-07 14:55:20.087766,-2555.6359023950927,-4381.550956716432,241.975054459997,52.21080854977233
2026-09-07 14:55:20.186951,-2556.723623412863,-4383.59451551179,242.03055135346386,52.209941868029645
2026-09-07 14:55:20.286503,-2557.8133638446193,-4385.646658235043,242.13081538662553,52.242997634851406
2026-09-07 14:55:20.386849,-2558.9088674690474,-4387.718398170413,242.20942049607305,52.285085311569375
2026-09-07 14:55:20.487389,-2560.004522222139,-4389.79732077616,242.22067150715168,52.29562757288827
2026-09-07 14:55:20.587233,-2561.0924060551447,-4391.862481731804,242.2430177564083,52.299117333312395
2026-09-07 14:55:20.686155,-2562.169517710693,-4393.909128937908,242.25408770387116,52.36308172268471
2026-09-07 14:55:20.786282,-2563.2606826564543,-4395.98345149862,242.2764972918216,52.40420263223698
2026-09-07 14:55:20.886319,-2564.3509116227315,-4398.05796361566,242.310081459176,52.39196486058903
2026-09-07 14:55:20.986425,-2565.440421069713,-4400.134060806124,242.22046190755196,52.360474599650416
2026-09-07 14:55:21.086514,-2566.379766742604,-4401.91783212739,242.07485486734902,51.53742916696604
2026-09-07 14:55:21.186213,-2567.455489703791,-4403.947364934272,242.03022727421097,51.52000570513936
2026-09-07 14:55:21.286128,-2568.534762141917,-4405.979767121369,241.95195978462044,51.50603673703807
2026-09-07 14:55:21.385785,-2569.613723201707,-4408.004899615675,241.96311198286054,51.44333869827196
2026-09-07 14:55:21.486266,-2570.699884253854,-4410.044502520679,242.2104889728363,51.43016860478201
2026-09-07 14:55:21.586686,-2571.776299456672,-4412.087011870384,242.3228647966391,51.46965489935297
2026-09-07 14:55:21.687050,-2572.84893142214,-4414.132057207216,242.3116334809847,51.49684139972206
2026-09-07 14:55:21.786562,-2573.9134171304795,-4416.1606043572565,242.47867305942924,51.50814540775266
2026-09-07 14:55:21.886710,-2574.9789836688738,-4418.205679694655,242.65798736338786,51.55190023114654
2026-09-07 14:55:22.229996,-2578.612645964605,-4425.233123374346,242.50432455896657,51.58189667301975
2026-09-07 14:55:22.310873,-2579.473662218642,-4426.887425056657,242.51337516591906,51.49073161892783
2026-09-07 14:55:22.413835,-2580.5675259133454,-4428.989915847093,242.50185311894597,51.46194168961502
2026-09-07 14:55:22.513000,-2581.6208683588607,-4431.013527654554,242.69050450875469,51.48013833623781
2026-09-07 14:55:22.613024,-2582.676982125312,-4433.058878820003,242.84721025621607,51.525587009734586
2026-09-07 14:55:22.712770,-2583.7255029749235,-4435.103221350577,242.83604809835802,51.537789182638576
2026-09-07 14:55:22.813315,-2584.7830746737586,-4437.164221794202,242.80229338653493,51.51758217690363
2026-09-07 14:55:22.912991,-2585.8322978707142,-4439.205990353811,242.91383663104168,51.45835607297557
2026-09-07 14:55:23.003815,-2586.783623284436,-4441.066150809263,242.88334542862862,51.49724360261497
2026-09-07 14:55:23.112767,-2587.926878986844,-4443.298667882869,242.8711530657975,51.53532464681683
2026-09-07 14:55:23.212906,-2588.9788720420315,-4445.351892800854,242.97200829740288,51.51344920117718
2026-09-07 14:55:23.313437,-2590.030906450641,-4447.41413527824,243.0507583248865,51.51608453058003
2026-09-07 14:55:23.413528,-2591.075566771522,-4449.468894625985,243.08436062098366,51.54407167938103
2026-09-07 14:55:23.505579,-2592.0357256841585,-4451.360191571466,243.06375853582756,51.547289057859466
2026-09-07 14:55:23.612482,-2593.151661130713,-4453.556376450473,242.99198012898438,51.50899006091568
2026-09-07 14:55:23.713585,-2594.208866869926,-4455.630541760579,243.01460815709416,51.47100208549681
2026-09-07 14:55:23.813164,-2595.2485623339826,-4457.672345776403,243.03689509626656,51.44924897231063
2026-09-07 14:55:23.912482,-2596.28430258323,-4459.708340527248,242.88129542592372,51.400649713855
2026-09-07 14:55:24.007384,-2597.2783303163983,-4461.649278309283,242.83881508164754,51.325187349609074
2026-09-07 14:55:24.113798,-2598.3929122348427,-4463.82163879819,242.92217350267828,51.26102777006921
2026-09-07 14:55:24.214309,-2599.441367451244,-4465.872456655626,243.012155629157,51.28825408965191
2026-09-07 14:55:24.314892,-2600.487904893777,-4467.9274797323715,243.11345803641655,51.294406372235684
2026-09-07 14:55:24.410946,-2601.4839674883137,-4469.891969857773,243.1027090348436,51.27426262111721
2026-09-07 14:55:24.511386,-2602.525488293584,-4471.945160110583,242.9903108298769,51.227747278530416
2026-09-07 14:55:24.611402,-2603.565676674613,-4473.985791579531,242.8336176158673,51.179680410912304
2026-09-07 14:55:24.710953,-2604.317117889493,-4475.45078725201,242.82247727964403,50.4555909602062
2026-09-07 14:55:24.811776,-2605.355824452263,-4477.473843398619,242.9465867643243,50.472329858361284
2026-09-07 14:55:24.908500,-2606.3484248131995,-4479.4174498978255,242.9249388073805,50.44190347034232
2026-09-07 14:55:25.011593,-2607.4065294649677,-4481.487388895717,242.94801222065132,50.44460596026212
2026-09-07 14:55:25.239903,-2609.573435052694,-4485.732372914366,243.05020909112505,50.078257523640616
2026-09-07 14:55:25.331058,-2610.4982931790055,-4487.5514482165145,243.06040986608895,50.11011813734409
2026-09-07 14:55:25.438457,-2611.588274269417,-4489.696243964113,243.14453987774417,50.06131842842542
2026-09-07 14:55:25.530614,-2612.5199543516055,-4491.53622935044,243.12391406855437,50.06937113693585
2026-09-07 14:55:25.638961,-2613.616265545225,-4493.699413990746,243.03904144988184,50.1195483354947
2026-09-07 14:55:25.731450,-2614.555792184601,-4495.546449127942,242.9665910485934,50.05489458527101
2026-09-07 14:55:25.839470,-2615.654394520155,-4497.69947312117,242.94241491537855,50.05300682075329
2026-09-07 14:55:25.926209,-2616.537257535692,-4499.427892685265,242.92300171764734,50.04921717979555
2026-09-07 14:55:26.039830,-2617.694415364849,-4501.691417671056,242.92300171764734,50.04028176399103
2026-09-07 14:55:26.137925,-2618.693272369881,-4503.6452892442785,242.95593392169815,50.02399577553083
2026-09-07 14:55:26.237656,-2619.566628365615,-4505.356576991947,243.01173631805185,49.448004777409274
2026-09-07 14:55:26.339496,-2620.588239634858,-4507.362617726215,243.05732227262695,49.461352995689516
2026-09-07 14:55:26.439683,-2621.5919691911067,-4509.3374296721,242.94520718938324,49.456975809433814
2026-09-07 14:55:26.538657,-2622.5872737240834,-4511.2862153539545,242.88982835655582,49.49156933014785
2026-09-07 14:55:26.646568,-2623.6752643550794,-4513.411405046552,242.98643530754077,49.501941558094444
2026-09-07 14:55:26.737009,-2624.584303262859,-4515.19445065966,242.99655618174964,49.49799017615715
2026-09-07 14:55:26.846937,-2625.6887385360856,-4517.36170488711,243.02115934757117,49.52872791774627
2026-09-07 14:55:26.928328,-2626.506283768658,-4518.967693677849,243.0302674741148,49.57780052415453
2026-09-07 14:55:27.049046,-2627.719677853684,-4521.3522268952365,243.0572855675182,49.55986828165386
2026-09-07 14:55:27.145964,-2628.6925919204477,-4523.266407126505,243.0898226321208,49.57172449837943
2026-09-07 14:55:27.237988,-2629.615565900241,-4525.084887583121,243.18250482220913,49.59021899831233
2026-09-07 14:55:27.348043,-2630.7162766736988,-4527.262272243821,243.24408379695828,49.58829567000278
2026-09-07 14:55:27.425612,-2631.490400127106,-4528.797710550101,243.26144464196238,49.605240680865904
2026-09-07 14:55:27.550021,-2632.73165539347,-4531.261540200048,243.1779120954767,49.781349240083195
2026-09-07 14:55:27.646466,-2633.7001175412806,-4533.1769342561465,243.1671193387284,49.82432895631385
2026-09-07 14:55:27.746073,-2634.701567717953,-4535.156644816289,243.13367952988096,49.89134738412512
2026-09-07 14:55:27.846496,-2635.6735966170363,-4537.075676596801,243.29101038324933,49.76678811884293
2026-09-07 14:55:27.936240,-2636.5709875089674,-4538.859242584095,243.4818250244521,49.81148671963928
2026-09-07 14:55:28.047973,-2637.681851751933,-4541.085522753804,243.4943285973668,49.801723453908025
2026-09-07 14:55:28.146150,-2638.6573223017936,-4543.04152910894,243.34051651058246,49.84633289182186
2026-09-07 14:55:28.245954,-2639.655185876008,-4545.029060098972,243.1618181362536,49.89865832690597
2026-09-07 14:55:28.345816,-2640.6608815514273,-4547.016706747231,243.08359216372207,49.822742353922564
2026-09-07 14:55:28.446092,-2641.671930048357,-4549.00817854689,243.1845853752027,49.816608849370404
2026-09-07 14:55:28.546719,-2642.6828689320155,-4551.008160203435,243.34223583159113,49.82628095120972
2026-09-07 14:55:28.646797,-2643.7389083631224,-4553.110865413918,243.45422893749173,50.14204366353338
2026-09-07 14:55:28.746518,-2644.7378902951523,-4555.1105112044725,243.398432136429,50.18038373796744
2026-09-07 14:55:28.846142,-2645.7386100616945,-4557.108765821129,243.4764716738655,50.15687975901701
2026-09-07 14:55:28.946940,-2646.7478949305973,-4559.130998064615,243.38623261162547,50.235268839831924
2026-09-07 14:55:29.046660,-2647.751100937236,-4561.133152396024,243.2634808802515,50.23439748324191
2026-09-07 14:55:29.147028,-2648.765123395403,-4563.146114320005,243.24101735369612,50.19142356032673
2026-09-07 14:55:29.247940,-2649.8808907987036,-4565.358919266026,243.3991143143038,50.60592087219534
2026-09-07 14:55:29.341845,-2650.8321398765515,-4567.258446438299,243.50419947397523,50.60510032726368
2026-09-07 14:55:29.447110,-2651.894540353388,-4569.389683314301,243.610217368651,50.71179816889978
2026-09-07 14:55:29.548133,-2652.9124832760135,-4571.441234553888,243.56499712229356,50.72945301382417
2026-09-07 14:55:29.649118,-2654.0090838340057,-4573.645428112387,243.54239550395712,51.137809453360745
2026-09-07 14:55:29.748304,-2655.0193159893356,-4575.675400528755,243.62009193815146,51.04940702432756
2026-09-07 14:55:29.848842,-2656.038761971713,-4577.730870660453,243.75510138535503,51.065220101736735
2026-09-07 14:55:29.944814,-2657.007582991201,-4579.695886382194,243.94841824067873,51.10295739174433
2026-09-07 14:55:30.045031,-2658.093225403252,-4581.913433594691,243.9820628371756,51.60783664632129
2026-09-07 14:55:30.144483,-2659.0996846003595,-4583.975342184008,243.9598043220813,51.56612393604927
2026-09-07 14:55:30.245618,-2660.123162430273,-4586.070051694727,244.10693305761592,51.57761230782529
2026-09-07 14:55:30.345715,-2661.1310331873915,-4588.146318958562,244.08453018401468,51.59947857853093
2026-09-07 14:55:30.446350,-2662.223688553993,-4590.392407633375,243.9606521205688,52.151903554447976
2026-09-07 14:55:30.545904,-2663.2425806645915,-4592.477809974134,244.06091816803522,52.071002289320695
2026-09-07 14:55:30.645874,-2664.260482657861,-4594.570462434434,244.23991376422032,52.10507039214706
2026-09-07 14:55:30.745664,-2665.270681627259,-4596.663879803921,244.23991376422032,52.14692486825658
2026-09-07 14:55:30.845973,-2666.286950246222,-4598.7698752003225,244.21746344255163,52.13202431230801
2026-09-07 14:55:30.945998,-2667.3008745321467,-4600.868910800231,244.18388330380674,52.15125278948567
2026-09-07 14:55:31.046250,-2668.4090352215926,-4603.157869278632,244.16144573940147,52.78980820530676
2026-09-07 14:55:31.146126,-2669.4362979487223,-4605.279220217502,244.17262244501603,52.74268134026113
2026-09-07 14:55:31.246009,-2670.46230205283,-4607.39902609947,244.250864867703,52.80203044073312
2026-09-07 14:55:31.337078,-2671.3961776875085,-4609.335225365233,244.42411443578135,52.7861151632971
2026-09-07 14:55:31.446490,-2672.5973550861618,-4611.8423860726125,244.75469810249677,53.39829367242148
2026-09-07 14:55:31.545306,-2673.603393458206,-4613.9759460754185,244.90951129874114,53.45010111694546
2026-09-07 14:55:31.646215,-2674.625840806251,-4616.159581005556,244.95468051604493,53.46068207027179
2026-09-07 14:55:31.746436,-2675.6398077178396,-4618.32955722058,245.12291021287834,53.4422916490427
2026-09-07 14:55:31.845298,-2676.705711147539,-4620.623711193707,245.17822637844694,54.052911009323374
2026-09-07 14:55:31.938037,-2677.6464460114453,-4622.657617706338,245.19898244601046,54.053721365709265
2026-09-07 14:55:32.045130,-2678.731951726947,-4625.00675774848,245.39073172461656,54.01816164580165
2026-09-07 14:55:32.146202,-2679.748333406262,-4627.225779442152,245.62825316908115,54.000498237605505
2026-09-07 14:55:32.246553,-2680.816591932187,-4629.578688516351,245.85285038665603,54.65096695620601
2026-09-07 14:55:32.345965,-2681.8101491762077,-4631.79491884722,245.80835126139857,54.70829886442452
2026-09-07 14:55:32.447803,-2682.8307852155012,-4634.06682262628,245.62601102408442,54.70206981822619
2026-09-07 14:55:32.547006,-2683.8319369457954,-4636.276515302749,245.50389570110514,54.58678022759952
2026-09-07 14:55:32.656095,-2684.93570286707,-4638.698945033516,245.56493417074677,54.589639897245966
2026-09-07 14:55:32.864691,-2687.1192133248232,-4643.502727311644,245.65830659592888,55.33216263117442
2026-09-07 14:55:32.954635,-2688.036236838827,-4645.529775068563,245.67843710996218,55.3101564907843
2026-09-07 14:55:33.054596,-2689.0541920350247,-4647.782035539268,245.8014855036633,55.26997721781656
2026-09-07 14:55:33.155361,-2690.0747146805015,-4650.052958876408,245.8353140733272,55.35538453770125
2026-09-07 14:55:33.255831,-2691.092482894974,-4652.3213340834045,245.62169369757345,55.340460065758016
2026-09-07 14:55:33.355346,-2692.108672787254,-4654.563768732791,245.6328300051872,55.26654701582121
2026-09-07 14:55:33.455709,-2693.2178639329786,-4657.011838351683,245.81252926516444,55.921913467081296
2026-09-07 14:55:33.555980,-2694.244921285526,-4659.298481827534,245.9135174408832,56.026177845338836
2026-09-07 14:55:33.657559,-2695.2832239434074,-4661.6211064371755,245.799844628634,56.05813146665908
2026-09-07 14:55:33.755895,-2696.2934125907027,-4663.868861814778,245.50272662101025,56.027197993144405
2026-09-07 14:55:33.858037,-2697.354207068706,-4666.196856431576,245.51415690521145,55.97096922656311
2026-09-07 14:55:33.943035,-2698.235680721103,-4668.132341005209,245.65683346772278,55.95462949046568
2026-09-07 14:55:34.043873,-2699.360382594691,-4670.6179105132405,245.7358239808122,56.64852061982741
2026-09-07 14:55:34.143196,-2700.3940191988377,-4672.910983481952,245.69136469402645,56.73617726653408
2026-09-07 14:55:34.260084,-2701.6144307589825,-4675.612809682344,245.75676693109403,56.729027668623374
2026-09-07 14:55:34.359109,-2702.6455937806395,-4677.9026288474015,245.87866314247904,56.731623519595885
2026-09-07 14:55:34.458806,-2703.678894752298,-4680.210296152326,245.9009764914248,56.78215054528151
2026-09-07 14:55:34.558254,-2704.709635644544,-4682.5146516402165,245.7896883921862,56.72827379487886
2026-09-07 14:55:34.655012,-2705.801552114002,-4684.942457369585,245.8871384416142,57.26595244064116
2026-09-07 14:55:34.758399,-2706.8828328312165,-4687.358235671517,246.09539136664807,57.268662637505535
2026-09-07 14:55:34.858198,-2707.9181544007342,-4689.694064324575,246.2182403441791,57.33842638907139
2026-09-07 14:55:34.958201,-2708.951829040304,-4692.03974066176,246.18466759121827,57.360272125400904
2026-09-07 14:55:35.058696,-2709.992366541335,-4694.3972461680105,246.24089746780194,57.29089996875664
2026-09-07 14:55:35.158710,-2711.0243710084274,-4696.741644314789,246.3304346567429,57.26992575503975
2026-09-07 14:55:35.258442,-2712.049435656401,-4699.080181062021,246.4197193861554,57.27341160082536
2026-09-07 14:55:35.357958,-2713.068704732003,-4701.415386201936,246.38631012759666,57.29862924773615
2026-09-07 14:55:35.459242,-2714.107925176085,-4703.792519464429,246.40897866561306,57.21720714345018
2026-09-07 14:55:35.550405,-2715.041124943632,-4705.929442066877,246.27635695287722,57.210037876228576
2026-09-07 14:55:35.658988,-2716.1583948795014,-4708.47180305983,246.19129946579113,57.23091151519265
2026-09-07 14:55:35.757889,-2717.1798505301845,-4710.7868008870755,246.05848829650307,57.21967691335333
2026-09-07 14:55:35.858966,-2718.358307526517,-4713.4417432798955,246.09242161001387,57.98316318967075
2026-09-07 14:55:35.958432,-2719.4031705763337,-4715.7987690436485,246.11468325847108,58.04226451449627
2026-09-07 14:55:36.059564,-2720.4656851850323,-4718.1981294027155,246.09204873982375,58.06082210302302
2026-09-07 14:55:36.158630,-2721.507755436906,-4720.54881381878,246.05879055412117,58.097179063529914
2026-09-07 14:55:36.259329,-2722.636195062008,-4723.0906882056515,245.94610251308234,58.605626697039106
2026-09-07 14:55:36.367078,-2723.786806465049,-4725.6684749578935,245.8375828519089,58.61504183955991
2026-09-07 14:55:36.466887,-2724.8573222181267,-4728.054665482195,245.88225968360751,58.60544836253604
2026-09-07 14:55:36.554669,-2725.7970500989522,-4730.153709590911,245.82331978379636,58.637664124828
2026-09-07 14:55:36.667984,-2727.013570079546,-4732.863538547598,245.89940343132204,58.66142772819682
2026-09-07 14:55:36.766558,-2728.0691309445306,-4735.223208500971,245.86631041860883,58.64506221490383
2026-09-07 14:55:36.866915,-2729.2211962573965,-4737.795610734976,245.8438493539815,59.246239753698845
2026-09-07 14:55:36.955347,-2730.179666482207,-4739.932676457461,245.74488879980376,59.243921588657685
2026-09-07 14:55:37.056530,-2731.280517040632,-4742.37589203753,245.7109199002424,59.192641449436366
2026-09-07 14:55:37.156860,-2732.372577155267,-4744.7957666659495,245.48636968311163,59.21718867955
2026-09-07 14:55:37.257297,-2733.5481437854673,-4747.376547030719,245.3177774114235,59.734024332031076
2026-09-07 14:55:37.356614,-2734.655626139689,-4749.786355605143,245.28443496063892,59.814733002186436
2026-09-07 14:55:37.455871,-2735.765338099831,-4752.197316985786,245.317757268376,59.80172333897118
2026-09-07 14:55:37.556776,-2736.891804303453,-4754.648430893625,245.3629246951867,59.80965873939676
2026-09-07 14:55:37.664903,-2738.162154095541,-4757.420243835389,245.24192428988573,60.33195067995636
2026-09-07 14:55:37.755155,-2739.1815538851547,-4759.63067342027,245.14092704979558,60.31538955707026
2026-09-07 14:55:37.856789,-2740.3335834841205,-4762.117157982191,245.12955361375057,60.24434306234943
2026-09-07 14:55:37.950812,-2741.398542464916,-4764.414517881678,245.14007533460443,60.2558451266222
2026-09-07 14:55:38.056205,-2742.5920395556227,-4766.990403470211,245.16366351464436,60.19138020527846
2026-09-07 14:55:38.163206,-2743.8013740978413,-4769.60329003755,245.07984527260186,60.22223448600558
2026-09-07 14:55:38.256153,-2744.941373460173,-4772.059347245293,245.10064789298627,60.88990143708256
2026-09-07 14:55:38.363971,-2746.1770118295653,-4774.721381062521,245.2574988942012,60.89366990578782
2026-09-07 14:55:38.455410,-2747.218820289356,-4776.982016457961,245.27796400663436,60.92323279270789
2026-09-07 14:55:38.564048,-2748.4562262501295,-4779.669606747332,245.32659290424954,60.94031987523966
2026-09-07 14:55:38.662945,-2749.6559337002827,-4782.281062870591,245.30445860461475,61.46907347342951
2026-09-07 14:55:38.762355,-2750.7972283796526,-4784.762924179747,245.28220948960933,61.48123454262913
2026-09-07 14:55:38.862608,-2751.949401018955,-4787.265879705743,245.22611501906707,61.51802712900284
2026-09-07 14:55:38.952324,-2752.983286376514,-4789.506093670631,245.08555862420937,61.52821836608453
2026-09-07 14:55:39.072048,-2754.3705427301747,-4792.492710279615,245.03196737494042,61.54181834455402
2026-09-07 14:55:39.163498,-2755.4325528780473,-4794.773519908373,245.07290252366286,61.513050994316906
2026-09-07 14:55:39.271619,-2756.7789261914713,-4797.671755463475,245.08500189275804,62.15974889490051
2026-09-07 14:55:39.362204,-2757.839341013947,-4799.9546586688975,245.16609780193292,62.16370656822113
2026-09-07 14:55:39.473263,-2759.13555024844,-4802.755558760547,245.19095409871784,62.10256902844561
2026-09-07 14:55:39.563091,-2760.18195185347,-4805.019240648772,245.02006540771058,62.06646270965981
2026-09-07 14:55:39.672559,-2761.464614679159,-4807.772436864936,244.88531423913807,62.0884630130443
2026-09-07 14:55:39.770457,-2762.6179052505095,-4810.232806746684,244.77576068009955,62.1851272691791
2026-09-07 14:55:39.860955,-2763.7790792144065,-4812.700487102036,244.71499716305613,62.825858542155736
2026-09-07 14:55:39.951297,-2764.862820580788,-4814.994713753193,244.63411879879408,62.76823151563127
2026-09-07 14:55:40.295185,-2768.9966243372833,-4823.71388047924,244.3262542515254,62.645030431835636
2026-09-07 14:55:40.389859,-2770.1453027049447,-4826.1034593428485,244.30506510844094,62.63013967122137
2026-09-07 14:55:40.489794,-2771.3584570183134,-4828.624778196425,244.37216495678825,62.686026728307986
2026-09-07 14:55:40.589566,-2772.567761983117,-4831.145648779726,244.24934921528558,62.76448971540087
2026-09-07 14:55:40.677694,-2773.6420471724077,-4833.37280784313,244.20990107109083,62.75832919285255
2026-09-07 14:55:40.791269,-2775.150386438615,-4836.499026983668,244.08280403675104,63.47998979512957
2026-09-07 14:55:40.889925,-2776.37404279968,-4839.01712414724,243.9834424121167,63.4343006509814
2026-09-07 14:55:40.990134,-2777.6204973809517,-4841.570861453203,243.87130270959273,63.42379309712715
2026-09-07 14:55:41.089455,-2778.860652603209,-4844.099127207396,243.86018811170794,63.374324500567006
2026-09-07 14:55:41.190821,-2780.125855313541,-4846.677191504833,243.90556189284953,63.423040167090136
2026-09-07 14:55:41.291558,-2781.382142753962,-4849.242223442992,243.95065411894961,63.56299883095411
2026-09-07 14:55:41.399228,-2782.7256916808406,-4851.9908961766205,243.93860521937893,63.55923553516402
2026-09-07 14:55:41.491360,-2783.8757777759997,-4854.342523259874,243.85612436378364,63.59707299797495
2026-09-07 14:55:41.592477,-2785.1424916447245,-4856.9232039867975,243.81086204083815,63.55024412604794
2026-09-07 14:55:41.692687,-2786.398937483852,-4859.477861533911,243.8445042873128,63.59665295201989
2026-09-07 14:55:41.793738,-2787.6653392089215,-4862.056584008811,243.86712067721737,63.68141969548804
2026-09-07 14:55:41.892539,-2788.9041969720515,-4864.581738498702,243.75655660863004,63.691779611547005
2026-09-07 14:55:41.992376,-2790.271183433711,-4867.357660341464,243.63366085446648,64.29929550239808
2026-09-07 14:55:42.091911,-2791.5418098357472,-4869.921100937354,243.64479940019666,64.21927941742806
2026-09-07 14:55:42.193329,-2792.8343556229565,-4872.530037571879,243.67884719336064,64.09787087107314
2026-09-07 14:55:42.286629,-2794.019767865104,-4874.92630934909,243.63708394157493,64.12722017426748
2026-09-07 14:55:42.393129,-2795.3755050618197,-4877.661868465148,243.57749409276494,64.13838737966297
2026-09-07 14:55:42.492504,-2796.6434163512795,-4880.213542030514,243.48852896637254,64.13057230194342
2026-09-07 14:55:42.593675,-2797.9381168907958,-4882.809008150269,243.38663435351697,64.02714015136685
2026-09-07 14:55:42.693104,-2799.21299957158,-4885.353407358324,243.20860741410428,63.961110300850116
2026-09-07 14:55:42.792843,-2800.4984543624882,-4887.899125520469,243.23093016313885,63.846069315982994
2026-09-07 14:55:42.892275,-2801.77666047561,-4890.432941408479,243.3867084351694,63.826954835175904
2026-09-07 14:55:42.992300,-2803.055171890822,-4892.98459104915,243.40909519433262,63.97204243569823
2026-09-07 14:55:43.092678,-2804.3401089369045,-4895.551568738241,243.28553348863807,63.99309298486609
2026-09-07 14:55:43.192507,-2805.623943145761,-4898.102584126317,243.29670493467913,63.962562168622014
2026-09-07 14:55:43.292139,-2806.9041363670103,-4900.647600388108,243.20750972992212,63.95298570454722
2026-09-07 14:55:43.392921,-2808.20291781978,-4903.219588241628,243.1285630839139,63.905431340004895
2026-09-07 14:55:43.493496,-2809.5016006358064,-4905.782597838167,243.173582795043,63.95288803082115
2026-09-07 14:55:43.594040,-2810.798832136991,-4908.347740250465,243.26359446465807,63.974851949038765
2026-09-07 14:55:43.685834,-2811.979894911241,-4910.692309747465,243.1916884851808,63.931538605993396
2026-09-07 14:55:43.794472,-2813.38021268745,-4913.463468816283,243.179531260777,63.893567311478364
2026-09-07 14:55:43.900783,-2814.7502971332538,-4916.173369032851,243.04866624559347,63.894496260439865
2026-09-07 14:55:43.992816,-2815.9417460938116,-4918.516637543287,242.9765730476804,63.91299256914546
2026-09-07 14:55:44.101553,-2817.3533341660864,-4921.284237048913,243.01307795692014,63.919643601142035
2026-09-07 14:55:44.201021,-2818.643116050768,-4923.817005533456,242.94629166867864,63.951802321558546
2026-09-07 14:55:44.301289,-2819.946902156026,-4926.369911039768,242.85652708711274,63.90273819977974
2026-09-07 14:55:44.401640,-2821.2547646556386,-4928.92092369156,242.83406736535522,63.90010758891438
2026-09-07 14:55:44.501237,-2822.5537392621504,-4931.452155761325,242.85635833313714,63.927086325087316
2026-09-07 14:55:44.587055,-2823.672627502846,-4933.634554408932,242.77953006428942,63.948832858535106
2026-09-07 14:55:44.702950,-2825.1881232902774,-4936.580800712972,242.76656073935453,63.941743998687556
2026-09-07 14:55:44.790444,-2826.3326112327636,-4938.8045401431755,242.76656073935453,63.95321187977762
2026-09-07 14:55:44.891606,-2827.6561243195774,-4941.3761253283765,242.74391950635805,63.93906857045407
2026-09-07 14:55:44.992047,-2828.9709225072475,-4943.928298340804,242.8338389655779,63.86271243656504
2026-09-07 14:55:45.091678,-2830.2695902041323,-4946.458907520153,242.66659963524586,63.85226548970347
2026-09-07 14:55:45.191788,-2831.581703361959,-4948.99744817589,242.50975915317795,63.87588412911493
2026-09-07 14:55:45.291375,-2832.894354827552,-4951.52007716664,242.39831550485042,63.87588412911493
2026-09-07 14:55:45.391348,-2834.217017324291,-4954.049916018393,242.28643990006017,63.8924819080469
2026-09-07 14:55:45.491572,-2835.548296064382,-4956.584170876017,242.36494944193797,63.88022126023016
2026-09-07 14:55:45.598501,-2836.964659488326,-4959.289392213648,242.34101748722094,63.8914334490164
2026-09-07 14:55:45.689835,-2838.1756317403424,-4961.599972020324,242.1979262017431,63.92415470648217
2026-09-07 14:55:45.790979,-2839.5237482194625,-4964.156678133503,242.18660759954957,63.90294351732684
2026-09-07 14:55:45.897690,-2840.946126199334,-4966.852930227594,242.15078285387995,63.740698230971034
2026-09-07 14:55:45.996978,-2842.2677653634096,-4969.354431116178,242.1396719488872,63.65133730968882
2026-09-07 14:55:46.089864,-2843.5029061994296,-4971.69111718465,242.1396719488872,63.648090746182206
2026-09-07 14:55:46.199060,-2845.099195748286,-4974.719027934201,242.16411128458918,63.94113709730384
2026-09-07 14:55:46.296679,-2846.402130772413,-4977.1865165288245,242.12041474786818,63.9726980227104
2026-09-07 14:55:46.397735,-2847.753554351108,-4979.741112126037,242.08648848442402,64.00713621616065
2026-09-07 14:55:46.485796,-2848.933148162147,-4981.9677072821705,241.9879431008361,64.03175957201248
2026-09-07 14:55:46.607499,-2850.569302359749,-4985.043304265665,241.75641544396234,64.08280492030346
2026-09-07 14:55:46.688649,-2851.669423367689,-4987.091278980855,241.63836039982692,64.11400493875819
2026-09-07 14:55:46.806510,-2853.2741282416146,-4990.063873728067,241.41414175963894,64.07795937551161
2026-09-07 14:55:46.896163,-2854.5029227491045,-4992.318966457762,241.34391291267644,64.10302788168555
2026-09-07 14:55:47.004958,-2855.9980176040744,-4995.054788847951,241.416961674381,64.05644582422146
2026-09-07 14:55:47.096638,-2857.2540590660533,-4997.360155435215,241.4272211999001,64.09569986189146
2026-09-07 14:55:47.207256,-2858.7699866844537,-5000.143709161156,241.3529484123433,64.14112929424091
2026-09-07 14:55:47.296134,-2859.9917491950914,-5002.380208197293,241.41262420482255,64.15821490878324
2026-09-07 14:55:47.407939,-2861.526155482563,-5005.195984406542,241.36257768428771,64.21390138433631
2026-09-07 14:55:47.484800,-2862.5835994665895,-5007.132463407598,241.31957171837797,64.21390138433631
2026-09-07 14:55:47.710126,-2865.687866523007,-5012.807124163222,241.29435642772455,64.21390138433631
2026-09-07 14:55:47.810165,-2867.0671905931504,-5015.3259220979535,241.4286957828818,64.16494931908488
2026-09-07 14:55:47.909070,-2868.4240015687155,-5017.817457726385,241.4729679631376,64.16754202436573
2026-09-07 14:55:48.010214,-2869.8096146666007,-5020.366570823318,241.3258261346221,64.22498899499475
2026-09-07 14:55:48.109343,-2871.1752564699755,-5022.863638044633,241.15942945510983,64.20506656949871
2026-09-07 14:55:48.210135,-2872.570743133817,-5025.397766748981,241.21582551183525,64.20154367445576
2026-09-07 14:55:48.311187,-2873.967251476492,-5027.939668820282,241.20451720497715,64.25893839165109
2026-09-07 14:55:48.411374,-2875.3535413498116,-5030.4617917305195,241.12603664670655,64.30533656596155
2026-09-07 14:55:48.510856,-2876.734501585382,-5032.966085934631,241.12603664670655,64.3618395669514
2026-09-07 14:55:48.611933,-2878.1388356864004,-5035.512767337347,241.13734775121014,64.37332135025099
2026-09-07 14:55:48.703053,-2879.4046026697083,-5037.809237042261,241.12715089294994,64.39004174999151
2026-09-07 14:55:48.807323,-2880.853883052623,-5040.437546891015,241.0688087940258,64.38913063535412
2026-09-07 14:55:48.907052,-2882.2425860816975,-5042.949944468638,240.9683664948939,64.44315961975707
2026-09-07 14:55:49.007962,-2883.7070057155624,-5045.591340633175,240.85544233257622,64.56903485417092
2026-09-07 14:55:49.108075,-2885.1143594399136,-5048.115235341193,240.81062942340128,64.592654201363
2026-09-07 14:55:49.308389,-2887.935284393975,-5053.164885776868,240.6985479119034,64.58740315070199
2026-09-07 14:55:49.408433,-2889.348971382186,-5055.683896769902,240.7209389234878,64.6075094680897
2026-09-07 14:55:49.508182,-2890.7579466846305,-5058.196812629672,240.60931398773292,64.57438828835745
2026-09-07 14:55:49.608611,-2892.180723763164,-5060.722795190733,240.56435962960228,64.48049023987467
2026-09-07 14:55:49.692570,-2893.370094953862,-5062.830522351009,240.65831463648,64.5259757004878
2026-09-07 14:55:49.809592,-2895.1601969580333,-5066.022081498977,240.69760096485996,64.96150114548774
2026-09-07 14:55:49.907741,-2896.5551805861064,-5068.5076692203465,240.60973341074384,64.96578929119339
2026-09-07 14:55:50.008231,-2897.9874322713144,-5071.050516424847,240.6772059054697,64.92012887769572
2026-09-07 14:55:50.108494,-2899.4124576059476,-5073.587516233443,240.72208595813623,64.9157483709877
2026-09-07 14:55:50.328128,-2902.5295233512243,-5079.147082497042,240.64835098994732,64.78140654055865
2026-09-07 14:55:50.425874,-2903.9170490639176,-5081.614410049185,240.6045976050701,64.74895044742381
2026-09-07 14:55:50.526041,-2905.340158453159,-5084.140496274309,240.53734198382222,64.69993574795619
2026-09-07 14:55:50.624806,-2906.93613202109,-5086.972848364592,240.5926038750684,65.41188641052537
2026-09-07 14:55:50.719990,-2908.302799440483,-5089.397560396908,240.46478415294715,65.42768910715206
2026-09-07 14:55:50.825837,-2909.8289479772984,-5092.091154571785,240.38186988611346,65.4027169552613
2026-09-07 14:55:50.925985,-2911.276059876129,-5094.636656395814,240.49394132608757,65.34846097425289
2026-09-07 14:55:51.025815,-2912.712418226208,-5097.174784918605,240.49394132608757,65.31880216995125
2026-09-07 14:55:51.125482,-2914.145780489511,-5099.70761918227,240.4381747395961,65.3022551939396
2026-09-07 14:55:51.224606,-2915.573422967798,-5102.224627719334,240.36052687252734,65.32217661456191
2026-09-07 14:55:51.326103,-2917.039181204835,-5104.800694903056,240.21287150820683,65.3000045127226
2026-09-07 14:55:51.425683,-2918.6510898384067,-5107.622928616436,240.2908765786509,65.9867951315598
2026-09-07 14:55:51.525595,-2920.1117518085784,-5110.182794441725,240.20143070485858,65.99639850877436
2026-09-07 14:55:51.626104,-2921.5853744005344,-5112.756033529572,240.05521265888194,66.00078976326222
2026-09-07 14:55:51.722697,-2923.007983220312,-5115.225557000532,239.96873810840526,65.95858812512581
2026-09-07 14:55:51.825438,-2924.5241315722437,-5117.848297120474,240.15269516099755,65.96487240442688
2026-09-07 14:55:51.925892,-2925.9984302309285,-5120.4176464426155,240.2089020968882,66.0043720681874
2026-09-07 14:55:52.026119,-2927.467761130049,-5122.984167389661,240.08552626675964,66.04378247294703
2026-09-07 14:55:52.126725,-2928.9490761292304,-5125.5587478879925,240.11930145734766,66.00510213953169
2026-09-07 14:55:52.218642,-2930.3002762877327,-5127.910389857318,240.23244797652842,66.03642591473916
2026-09-07 14:55:52.334610,-2931.999975247525,-5130.882132754406,240.2194704824687,66.04149257544067
2026-09-07 14:55:52.426063,-2933.341000815494,-5133.22554160633,240.26040697406097,66.0502828874793
2026-09-07 14:55:52.533599,-2934.916100709513,-5135.982557115056,240.18820354891585,66.01833468373914
2026-09-07 14:55:52.626661,-2936.281542078957,-5138.365614314478,240.17778936955443,65.98906024800633
2026-09-07 14:55:52.725553,-2937.732340093898,-5140.896574913373,240.17778936955443,65.97869079001599
2026-09-07 14:55:52.835435,-2939.34411391693,-5143.708362631865,240.20238224004058,65.933563623683
2026-09-07 14:55:52.922628,-2940.6212484784296,-5145.938580297836,240.23165445236333,65.85127893579153
2026-09-07 14:55:53.024599,-2942.1116445248667,-5148.544295569055,240.23165445236333,65.8673174020082
2026-09-07 14:55:53.124868,-2943.57752127706,-5151.107142839112,240.3775233521836,65.87783124724577
2026-09-07 14:55:53.224626,-2945.0296630496905,-5153.661041364258,240.46683135800652,65.87870293588101
2026-09-07 14:55:53.324112,-2946.4738928114843,-5156.210264378533,240.41116604628155,65.88565743100449
2026-09-07 14:55:53.424775,-2947.9378688010092,-5158.788497961192,240.46748992375348,65.8724634826861
2026-09-07 14:55:53.524112,-2949.3797697080468,-5161.3336785039555,240.46748992375348,65.86638741322085
2026-09-07 14:55:53.623929,-2950.8285042892935,-5163.890921550146,240.5680208522943,65.8035887123216
2026-09-07 14:55:53.724533,-2952.2827489276556,-5166.468425209574,240.65808623670267,65.80710503636418
2026-09-07 14:55:53.824679,-2953.726415237427,-5169.036604407564,240.57963779540222,65.86748548679927
2026-09-07 14:55:53.930744,-2955.260536604131,-5171.756970248448,240.5558992139411,65.86933908561033
2026-09-07 14:55:54.022961,-2956.595378249598,-5174.121674901406,240.54557959499704,65.8773970369402
2026-09-07 14:55:54.131665,-2958.1695639031695,-5176.909210371898,240.5699088153728,65.87929675508623
2026-09-07 14:55:54.222902,-2959.4898475062473,-5179.249461631601,240.54948891289064,65.88567460997616
2026-09-07 14:55:54.331144,-2961.057350298621,-5182.025605597627,240.64639219048524,65.87243310054748
2026-09-07 14:55:54.423312,-2962.387810666854,-5184.391269047252,240.67733459716194,65.87726530236387
2026-09-07 14:55:54.531743,-2963.9516416233664,-5187.1754018000365,240.73800489665788,65.90379456288866
2026-09-07 14:55:54.622113,-2965.253056425962,-5189.498104393015,240.7582307544493,65.91484974670891
2026-09-07 14:55:54.732073,-2966.8358537386885,-5192.325344956864,240.80745141003723,65.84663052974845
2026-09-07 14:55:54.829852,-2968.2396994009587,-5194.837998272776,240.70897305803513,65.78169642849353
2026-09-07 14:55:54.930486,-2969.6875486945246,-5197.418982403717,240.58509622555326,65.78169642849353
2026-09-07 14:55:55.030799,-2971.136338733664,-5199.988607410653,240.59632183401084,65.74400528403498
2026-09-07 14:55:55.119035,-2972.4095315615295,-5202.24782154298,240.56669946837934,65.70930987786326
2026-09-07 14:55:55.240513,-2974.163068562692,-5205.3556236059885,240.67545222937446,65.71037135656205
2026-09-07 14:55:55.328607,-2975.4304473472207,-5207.6118005193,240.66559399812365,65.73192486687432
2026-09-07 14:55:55.439099,-2977.0210670680976,-5210.442267549222,240.64086460253787,65.66241011427947
2026-09-07 14:55:55.531122,-2978.345426200172,-5212.796550900303,240.54818341960194,65.7540775091155
2026-09-07 14:55:55.640514,-2979.926482353406,-5215.596549687452,240.53594181821035,65.66040216686426
2026-09-07 14:55:55.729938,-2981.217585561419,-5217.881910699525,240.52593475221977,65.63461630318315
2026-09-07 14:55:55.840559,-2982.8145972612365,-5220.707602901863,240.488797351289,65.61431749567991
2026-09-07 14:55:55.938194,-2984.2253126578707,-5223.199896794893,240.5652788240025,65.55971667696123
2026-09-07 14:55:56.037617,-2985.6572809806817,-5225.737634117993,240.66541293450786,65.52670374397425
2026-09-07 14:55:56.117956,-2986.8102200688145,-5227.789244498016,240.5934897215344,65.45720527033374
2026-09-07 14:55:56.218900,-2988.5032058762476,-5230.791984759889,240.57089727947516,65.82472670398427
2026-09-07 14:55:56.340400,-2990.2599129102314,-5233.90593813735,240.51651105126547,65.78862989217772
2026-09-07 14:55:56.437647,-2991.667550913786,-5236.395603620687,240.4838635356191,65.74869176268986
2026-09-07 14:55:56.538002,-2993.120757824367,-5238.962451122587,240.59616662063934,65.6969543534955
2026-09-07 14:55:56.638627,-2994.571684382488,-5241.537028163973,240.52860348219983,65.68200685683692
2026-09-07 14:55:56.733776,-2995.9462086612602,-5243.969324001064,240.50730802858698,65.77678817184788
2026-09-07 14:55:56.838215,-2997.2855889471293,-5246.337036394487,240.51899536045528,65.4631411690451
2026-09-07 14:55:56.938045,-2998.723356020079,-5248.88024802932,240.49665224456155,65.45267335576217
2026-09-07 14:55:57.038788,-3000.175040805741,-5251.445742432766,240.4853785166016,65.43858862620777
2026-09-07 14:55:57.138628,-3001.613904105808,-5253.987411092804,240.47420583959655,65.40630963551342
2026-09-07 14:55:57.225892,-3002.8713385800083,-5256.2075862900465,240.39608304423047,65.40783466683052
2026-09-07 14:55:57.339725,-3004.515605941957,-5259.101559617796,240.40882161936585,65.3511381096852
2026-09-07 14:55:57.438799,-3005.9448860453226,-5261.618449818031,240.46425640510296,65.31737534866268
2026-09-07 14:55:57.538843,-3007.3849557125727,-5264.160063475774,240.52023393406395,65.29289809271243
2026-09-07 14:55:57.639451,-3008.830104211564,-5266.716460826239,240.47519945136668,65.32190891948409
2026-09-07 14:55:57.739119,-3010.2643775117854,-5269.248971946997,240.43058573455016,65.34019786594301
2026-09-07 14:55:57.839324,-3011.596765907062,-5271.596750050862,240.40815868929195,64.82551666799199
2026-09-07 14:55:57.938931,-3013.022206724431,-5274.106811827382,240.38586548339367,64.80114633060607
2026-09-07 14:55:58.040162,-3014.4713355022677,-5276.65627518001,240.4311788353928,64.69499915977126
2026-09-07 14:55:58.139639,-3015.891044489858,-5279.158584532575,240.4868391113559,64.65762213010109
2026-09-07 14:55:58.241169,-3017.3367358886835,-5281.7124664898365,240.532286302715,64.69931923424726
2026-09-07 14:55:58.340552,-3018.7507839975083,-5284.215077448329,240.5767724468974,64.7349241210443
2026-09-07 14:55:58.441120,-3020.180512269983,-5286.750032948378,240.56551830245587,64.79819530483098
2026-09-07 14:55:58.536393,-3021.53675996661,-5289.1536014883995,240.44824066804756,64.7765503422717
2026-09-07 14:55:58.637197,-3022.9764649198805,-5291.692916259616,240.39183789697296,64.82940005929926
2026-09-07 14:55:58.738320,-3024.4244132341264,-5294.24092101673,240.36920539263036,64.82763282720035
2026-09-07 14:55:58.836753,-3025.8347854479375,-5296.720521086693,240.38022061814758,64.83709404536594
2026-09-07 14:55:58.937605,-3027.279540061229,-5299.261706136186,240.38022061814758,64.86617523077442
2026-09-07 14:55:59.037981,-3028.718120692819,-5301.79203174294,240.54871049601104,64.90213586908418
2026-09-07 14:55:59.137808,-3030.142215742206,-5304.3141117328705,240.57105294046983,64.91522024247638
2026-09-07 14:55:59.238727,-3031.581184548706,-5306.864855900945,240.5371726703174,64.90904740804042
2026-09-07 14:55:59.337763,-3032.9946498170307,-5309.3669335348095,240.49284185141227,64.95058563728165
2026-09-07 14:55:59.437549,-3034.421682039948,-5311.888469363513,240.43700868095823,64.98197523608712
2026-09-07 14:55:59.538196,-3035.864201856277,-5314.431586820725,240.549638530971,64.95910936069006
2026-09-07 14:55:59.638274,-3037.0826263199065,-5316.590500565541,240.62803370510142,64.27276988221989
2026-09-07 14:55:59.738055,-3038.4888042516527,-5319.088921838973,240.68386407790996,64.25969153807004
2026-09-07 14:55:59.838173,-3039.897001389883,-5321.596644542363,240.77349437249262,64.2981842484539
2026-09-07 14:55:59.938352,-3041.3029711599074,-5324.109600733836,240.8295474378817,64.3603353300825
2026-09-07 14:56:00.034912,-3042.6910471818733,-5326.595582202492,240.7863249342115,64.4868763981044
2026-09-07 14:56:00.137951,-3044.1408191090804,-5329.188190407255,240.6825489607208,64.4589652963993
2026-09-07 14:56:00.238582,-3045.5186343685464,-5331.642004691452,240.63750418268813,64.2497845753079
2026-09-07 14:56:00.338643,-3046.9278399532905,-5334.146773865888,240.62630677449698,64.24803590278978
2026-09-07 14:56:00.437936,-3048.3266770913683,-5336.631977162155,240.53741505832213,64.2419625246385
2026-09-07 14:56:00.538390,-3049.745635274267,-5339.143803016524,240.55989783267842,64.22001826699378
2026-09-07 14:56:00.638706,-3051.161176056775,-5341.651877036392,240.59357566520362,64.18583225315832
2026-09-07 14:56:00.738269,-3052.563880903828,-5344.140624582085,240.63814238157596,64.12667329227115
2026-09-07 14:56:00.838299,-3053.96992267129,-5346.6398354232215,240.6941120771296,64.08122189250827
2026-09-07 14:56:00.938244,-3055.371335707138,-5349.136522867646,240.68292765001354,64.12838131546259
2026-09-07 14:56:01.030762,-3056.6700146810385,-5351.449126682858,240.72434086039627,64.16880257949936
2026-09-07 14:56:01.139188,-3058.1909936484885,-5354.162179356181,240.7000738596561,64.17732944859944
2026-09-07 14:56:01.239461,-3059.598853515437,-5356.670963710739,240.62152593408223,64.19660560048183
2026-09-07 14:56:01.339539,-3061.007829932266,-5359.173692080749,240.52073213877173,64.18873523723133
2026-09-07 14:56:01.439839,-3062.4241685154434,-5361.679176946329,240.47583552404387,64.20100518231455
2026-09-07 14:56:01.532161,-3063.7299058481412,-5363.984790477654,240.4345100478235,64.20342532019372
2026-09-07 14:56:01.636804,-3065.211843094794,-5366.597134166977,240.46964052978984,64.18056597210685
2026-09-07 14:56:01.736699,-3066.6245074522835,-5369.090925880435,240.4361040343145,64.14565054227954
2026-09-07 14:56:01.836172,-3068.031891304641,-5371.572008444979,240.48063046459185,64.1612961116078
2026-09-07 14:56:01.936036,-3069.443215193318,-5374.064548508246,240.49180582733658,64.1569330372744
2026-09-07 14:56:02.037482,-3070.876305282079,-5376.5966816418095,240.49180582733658,64.1782075596885
2026-09-07 14:56:02.136882,-3072.280957916464,-5379.0785685131,240.5919167733374,64.17907612010816
2026-09-07 14:56:02.236605,-3073.685841222157,-5381.571012473926,240.6365551094341,64.19650377619038
2026-09-07 14:56:02.336239,-3075.087910812709,-5384.0630012992515,240.64770473384038,64.22784556048262
2026-09-07 14:56:02.436666,-3076.5013405591963,-5386.576325599401,240.62522800239833,64.24715131681874
2026-09-07 14:56:02.528557,-3077.7959239973707,-5388.8762082867715,240.5532460388697,64.23510711880235
2026-09-07 14:56:02.636410,-3079.318488706698,-5391.573177196728,240.5894541738765,64.20589200557143
2026-09-07 14:56:02.736763,-3080.732945918356,-5394.082354374001,240.6006842585669,64.15503251522941
2026-09-07 14:56:02.836581,-3082.138259119017,-5396.576453164503,240.61185447364392,64.1323549793825
2026-09-07 14:56:02.935854,-3083.534921916951,-5399.056329867821,240.64518215286031,64.08551264214758
2026-09-07 14:56:03.035475,-3084.934010269993,-5401.543896326781,240.66747849212152,64.06810281165143
2026-09-07 14:56:03.136118,-3086.346089925731,-5404.056849408659,240.59990326785353,64.06458512447578
2026-09-07 14:56:03.243506,-3087.8558843276123,-5406.736292237893,240.58788592572395,64.1011811575489
2026-09-07 14:56:03.335893,-3089.1560016769854,-5409.042488588338,240.62924049745735,64.10279571874588
2026-09-07 14:56:03.444014,-3090.6756258068367,-5411.742608014161,240.5929423901718,64.12452530914886
2026-09-07 14:56:03.530991,-3091.8998649195205,-5413.914656799487,240.50534329811637,64.1670857483713
2026-09-07 14:56:03.643812,-3093.493232125765,-5416.731536712042,240.41696601299307,64.0635732253728
2026-09-07 14:56:03.743132,-3094.897479553274,-5419.205164421695,240.49476741484597,64.04621599783165
2026-09-07 14:56:03.842757,-3096.302288012142,-5421.687625957734,240.56165911836928,64.06623810680121
2026-09-07 14:56:03.942222,-3097.702383351564,-5424.168511698815,240.55052840604648,64.08448980302805
2026-09-07 14:56:04.042746,-3096.669135260141,-5422.335198536705,240.55052840604648,58.90240542929037
2026-09-07 14:56:04.143361,-3096.737495533031,-5422.454690253783,240.55052840604648,56.097274855161096
2026-09-07 14:56:04.245268,-3097.211227382404,-5423.29277837296,240.55052840604648,54.04219098999896
2026-09-07 14:56:04.343990,-3098.3838397114073,-5425.369635019522,240.48424300825246,54.03097672156101
2026-09-07 14:56:04.430813,-3099.4170146165493,-5427.194594269221,240.47452700929801,53.94221324576746
2026-09-07 14:56:04.547963,-3100.8092009200955,-5429.6527246681135,240.59251490994183,53.94937886922957
2026-09-07 14:56:04.646347,-3101.974277136421,-5431.719770406922,240.55948568354563,53.90037696224138
2026-09-07 14:56:04.744290,-3103.134262460472,-5433.775013321481,240.52660450854847,53.84474807032176
2026-09-07 14:56:04.845757,-3104.335964377032,-5435.901317344591,240.3789927874975,53.77825142537667
2026-09-07 14:56:04.941598,-3105.4747983545267,-5437.904317379917,240.38971795313097,53.74056564607001
2026-09-07 14:56:05.046415,-3106.719007376836,-5440.09360647355,240.42490684993498,53.76895837064444
2026-09-07 14:56:05.146315,-3107.904194255176,-5442.182025991644,240.36900989316393,53.790781606540556
2026-09-07 14:56:05.246029,-3109.0896885172615,-5444.266247651367,240.31321700880488,53.7750981316278
2026-09-07 14:56:05.347269,-3110.2950338115447,-5446.380576046923,240.40385177002213,53.72998157326613
2026-09-07 14:56:05.446742,-3111.4750629528667,-5448.4581281777155,240.51516784571555,53.82733178241968
2026-09-07 14:56:05.547490,-3112.6682848701043,-5450.568444087636,240.54899070818266,53.85462230032635
2026-09-07 14:56:05.645982,-3113.8341602915325,-5452.633239313704,240.68125264370929,53.83396726945662
2026-09-07 14:56:05.746407,-3115.017599980196,-5454.740488139349,240.68125264370929,53.88486324982191
2026-09-07 14:56:05.845954,-3116.191802113107,-5456.831288447424,240.65897286650932,53.87877433544903
2026-09-07 14:56:05.944547,-3117.3554250192637,-5458.901365434963,240.67000599695763,53.877912826621525
2026-09-07 14:56:06.045978,-3118.5521135617364,-5461.031226025318,240.6473045586303,53.91425142852236
2026-09-07 14:56:06.146470,-3119.739359920136,-5463.142322350874,240.62481327943175,53.88263974388564
2026-09-07 14:56:06.246011,-3120.91550160043,-5465.231752822771,240.51342110778114,53.91830123565651
2026-09-07 14:56:06.347073,-3122.1145299199834,-5467.352186973247,240.35508914495279,53.919184318685986
2026-09-07 14:56:06.443229,-3123.260941657234,-5469.366558525443,240.32280789705322,53.87129210685931
2026-09-07 14:56:06.546845,-3124.4964190357064,-5471.53458581803,240.2880221969163,53.883062306394024
2026-09-07 14:56:06.646053,-3125.6808558929956,-5473.610116377006,240.32132805449797,53.91166943606922
2026-09-07 14:56:06.746740,-3126.882363286547,-5475.718406233791,240.17485105845532,53.98733277506014
2026-09-07 14:56:06.846887,-3128.0844685998136,-5477.815265720959,240.1188158979973,53.989958038249675
2026-09-07 14:56:06.944955,-3129.263683756184,-5479.867543047695,240.0419952387453,53.95568118382949
2026-09-07 14:56:07.047552,-3130.499450261806,-5482.0115810736115,239.98458923200016,53.939544257463844
2026-09-07 14:56:07.154909,-3131.794410069747,-5484.2531246891185,240.09271408944286,53.94142043535061
2026-09-07 14:56:07.246591,-3132.896719061911,-5486.169534805175,241.45726075042597,53.972664126491225
2026-09-07 14:56:07.355161,-3134.1483869357744,-5488.470725089322,241.37221344676942,53.941357416661006
2026-09-07 14:56:07.454257,-3135.2932841524257,-5490.5681942099545,241.28349809416585,53.95174826535464
2026-09-07 14:56:07.555312,-3136.4643505210083,-5492.705728928405,241.24957216643912,53.95528035280766
2026-09-07 14:56:07.654555,-3137.615736850325,-5494.8043919156835,241.26067803567003,54.006444477172934
2026-09-07 14:56:07.744181,-3138.656168027364,-5496.701685944649,241.22055935180563,53.99313084402489
2026-09-07 14:56:07.854849,-3139.942190048348,-5499.042940930078,241.31963449754244,54.03084464620143
2026-09-07 14:56:07.945539,-3140.993471497465,-5500.964708934841,241.3500807138161,54.04035407209173
2026-09-07 14:56:08.044770,-3142.14284521325,-5503.068446290901,241.47223050378776,54.02214531455605
2026-09-07 14:56:08.145769,-3143.307737140074,-5505.211432803872,241.49483525548715,54.09274791723143
2026-09-07 14:56:08.244335,-3144.445227059654,-5507.305978347949,241.41762449254884,54.0944704630327
2026-09-07 14:56:08.345050,-3149.4683571789324,-5516.344363360497,241.3387303303699,61.68906722800017
2026-09-07 14:56:08.440650,-3150.732858355951,-5518.657733070742,242.70809946073257,61.63643980651664
2026-09-07 14:56:08.552526,-3152.146316228261,-5521.397207638359,242.77069733796696,61.684341035992745
2026-09-07 14:56:08.643587,-3153.2952497198353,-5523.629980929559,242.8114583612345,61.695480751538334
2026-09-07 14:56:08.744322,-3154.564713577334,-5526.101305991471,242.75509419766763,61.76149767850516
2026-09-07 14:56:08.851319,-3155.917118448366,-5528.727735953658,242.71917343680494,61.755888018994824
2026-09-07 14:56:08.937889,-3157.0125656681716,-5530.851869827858,242.7385488103692,61.71882189725516
2026-09-07 14:56:09.051339,-3158.446346939812,-5533.634361876293,242.80202738640202,61.72675253545308
2026-09-07 14:56:09.143525,-3159.6090374656283,-5535.896909880017,242.79171123653833,61.73964092351679
2026-09-07 14:56:09.252049,-3160.9785555013314,-5538.560755803889,242.79171123653833,61.76619293787792
2026-09-07 14:56:09.350647,-3162.223347543758,-5540.981997526773,242.78067754656092,61.77825467312532
2026-09-07 14:56:09.450492,-3163.4846012563216,-5543.4340974191155,242.74715783695848,61.77127508237282
2026-09-07 14:56:09.550488,-3164.7490560502415,-5545.888888954782,242.75834797127135,61.80535204556403
2026-09-07 14:56:09.651303,-3166.0240867600596,-5548.365400414654,242.78091154162922,61.75513933564154
2026-09-07 14:56:09.752596,-3167.3031428595723,-5550.852136258542,242.79224681778976,61.778151975030624
2026-09-07 14:56:09.850335,-3168.5373065682006,-5553.252760022273,242.81412194354692,61.74826034585594
2026-09-07 14:56:09.950148,-3169.796113502228,-5555.703619074286,242.76944332135523,61.75523769967216
2026-09-07 14:56:10.059661,-3171.1795062349943,-5558.3918827640455,242.61012647541068,61.78298861576747
2026-09-07 14:56:10.150612,-3172.3351422676556,-5560.622295420219,242.55923674452694,61.75437823554422
2026-09-07 14:56:10.259413,-3173.7193108922033,-5563.287983881379,242.51053488431754,61.71730067572015
2026-09-07 14:56:10.351042,-3174.8862237454914,-5565.530609287818,242.46951961102843,61.72690856175944
2026-09-07 14:56:10.461091,-3176.2898650588018,-5568.223480523309,242.51878010508807,61.77210431290867
2026-09-07 14:56:10.558753,-3177.5343694449653,-5570.616065612622,242.61714062026243,61.76698407059254
2026-09-07 14:56:10.649964,-3178.6927350915066,-5572.852416705554,242.58651949519307,61.77654812666135
2026-09-07 14:56:10.760920,-3180.1035313348816,-5575.572551966153,242.54926962891386,61.79012164636876
2026-09-07 14:56:10.858694,-3181.3485511356917,-5577.9692424250725,242.54926962891386,61.7414235607668
2026-09-07 14:56:10.938397,-3182.3626612929847,-5579.921426749125,242.52251194035216,61.73863777118421
2026-09-07 14:56:11.062352,-3183.9411632611086,-5582.956611884024,242.48089808283527,61.713725946669065
2026-09-07 14:56:11.158818,-3185.1708260995097,-5585.3168506712245,242.4485127625237,61.72889856125613
2026-09-07 14:56:11.258138,-3186.438554139968,-5587.746799702708,242.39294033262883,61.71414491784614
2026-09-07 14:56:11.359175,-3187.7302862902898,-5590.2169140802525,242.44947347398295,61.7123791886888
2026-09-07 14:56:11.458864,-3189.002342870634,-5592.655259644396,242.40485035707763,61.674922503115354
2026-09-07 14:56:11.558837,-3190.2791519807497,-5595.098073865493,242.23703694989223,61.666186829993265
2026-09-07 14:56:11.658901,-3191.5640970456116,-5597.539012335275,242.0690707912634,61.7160254909632
2026-09-07 14:56:11.758752,-3192.8544839893025,-5599.972951114712,241.97967952751088,61.74220052913092
2026-09-07 14:56:11.858358,-3194.1460387874104,-5602.39993550366,241.9908260185542,61.7012935877778
2026-09-07 14:56:11.956039,-3195.4113308905553,-5604.778684930599,242.0782745972826,61.69446526984205
2026-09-07 14:56:12.057748,-3196.7248716881104,-5607.257258701961,242.05551093931973,61.72201610247168
2026-09-07 14:56:12.159102,-3198.035393944842,-5609.7277638978185,241.9420899151641,61.77781107817296
2026-09-07 14:56:12.259181,-3199.3354308767953,-5612.166827390434,241.80769684521357,61.77781107817296
2026-09-07 14:56:12.359148,-3200.639724007809,-5614.600108632884,241.77413617808122,61.80314300980939
2026-09-07 14:56:12.445232,-3201.764570552657,-5616.695666612025,241.79340277918905,61.80314300980939
2026-09-07 14:56:12.563185,-3203.304878853369,-5619.567535388256,241.75380389785562,61.7145047762341
2026-09-07 14:56:12.659641,-3204.5642790767643,-5621.911766448079,241.73221592243095,61.73726133884595
2026-09-07 14:56:12.762012,-3205.902340420833,-5624.40016692578,241.65202454799396,61.793616169020545
2026-09-07 14:56:12.859948,-3207.186935345931,-5626.781140345208,241.55338807306907,61.842394941613605
2026-09-07 14:56:12.951277,-3208.389637645776,-5629.001173028634,241.46140585388088,61.80967547544447
2026-09-07 14:56:13.050584,-3209.700581126937,-5631.411756931507,241.49474494749086,61.70120700261486
2026-09-07 14:56:13.161620,-3211.1622200798483,-5634.103172299052,241.42019150013914,61.63717141575462
2026-09-07 14:56:13.260998,-3212.4721695644757,-5636.5078055146905,241.3423446645236,61.63282957483993
2026-09-07 14:56:13.357698,-3213.749906939897,-5638.845740897487,241.26659561539782,61.62015505885702
2026-09-07 14:56:13.457488,-3215.071390489544,-5641.256142696482,241.2219272885415,61.62102702710931
2026-09-07 14:56:13.553688,-3217.0295689983764,-5644.860116828626,241.1358045699609,62.633028745330336
2026-09-07 14:56:13.657571,-3218.433685853203,-5647.407431173344,241.04280367209907,62.63212101231148
2026-09-07 14:56:13.759068,-3219.8095707580223,-5649.893972337041,240.89514830777853,62.65872753451866
2026-09-07 14:56:13.857189,-3221.146448989698,-5652.295389912354,240.71946333335342,62.63643553813691
2026-09-07 14:56:13.957983,-3222.526812573599,-5654.757127978453,240.6179484169429,62.6302703494793
2026-09-07 14:56:14.050985,-3223.804362200462,-5657.026074922966,240.75324546210226,62.60751602380374
2026-09-07 14:56:14.158414,-3225.273365610869,-5659.649517815514,240.8854866950523,62.62910653968319
2026-09-07 14:56:14.258271,-3226.6336652047316,-5662.092037661034,240.97488333028411,62.653538043295846
2026-09-07 14:56:14.358948,-3228.0018247951407,-5664.557713191061,240.90728527722897,62.71247920872567
2026-09-07 14:56:14.458089,-3229.353244623374,-5666.986462082678,240.7630573643438,62.68389139884009
2026-09-07 14:56:14.557215,-3230.7099497994705,-5669.410329029433,240.7630573643438,62.621527432528346
2026-09-07 14:56:14.658707,-3232.0976556463206,-5671.889581259956,240.7857724551811,62.63926424019656
2026-09-07 14:56:14.759081,-3233.4694912744853,-5674.34276146899,240.65098323863,62.66908466314529
2026-09-07 14:56:14.858068,-3234.8287048554685,-5676.7600037083785,240.57344268924203,62.56615542128494
2026-09-07 14:56:14.958338,-3236.20658131208,-5679.20269245363,240.5958842822568,62.518842645862165
2026-09-07 14:56:15.050242,-3237.4676636444706,-5681.440377191364,240.6267380595246,62.495553902125586
2026-09-07 14:56:15.150469,-3238.841125842378,-5683.880541809989,240.6940339668675,62.53584009365766
2026-09-07 14:56:15.257871,-3240.3107852815897,-5686.498805274105,240.60990160519006,62.57994875493518
2026-09-07 14:56:15.359014,-3241.6993961090593,-5688.964188585423,240.50803519260097,62.48096418420325
2026-09-07 14:56:15.459028,-3243.0746600618195,-5691.395754983454,240.56399593568904,62.4774684819171
2026-09-07 14:56:15.558343,-3244.437877029575,-5693.811524625398,240.51954022988951,62.50350301252398
2026-09-07 14:56:15.654388,-3245.758571729946,-5696.147703238862,240.49804424104838,62.63190739363361
2026-09-07 14:56:15.759434,-3247.206965228609,-5698.707526200545,240.39224691274254,62.47770097474492
2026-09-07 14:56:15.858591,-3248.5752423803174,-5701.115370871225,240.42553564873384,62.36593059171152
2026-09-07 14:56:15.960120,-3249.8531757318474,-5703.361165113174,240.41417396279988,62.17255969826686
2026-09-07 14:56:16.058216,-3251.1992936104193,-5705.732126602695,240.37026390977553,62.130558563021694
2026-09-07 14:56:16.151117,-3252.62004062874,-5708.2374512440265,240.40145239734903,62.454099650125784
2026-09-07 14:56:16.259329,-3254.1122824897893,-5710.864427017671,240.40145239734903,62.47679308919164
2026-09-07 14:56:16.356887,-3255.458094689458,-5713.233624757452,240.31411393394689,62.52708852206678
2026-09-07 14:56:16.456956,-3256.843363224008,-5715.663649730476,240.19093259613237,62.5471998638231
2026-09-07 14:56:16.556277,-3258.2239031178747,-5718.073323926829,240.19093259613237,62.56195365577965
2026-09-07 14:56:16.653049,-3259.5693297643156,-5720.42170942979,240.18010324618112,62.58478477128385
2026-09-07 14:56:16.756887,-3261.0139986790587,-5722.942213548044,240.09876271088513,62.58206275186165
2026-09-07 14:56:16.857049,-3262.410913858486,-5725.371402108036,240.0427191574907,62.50766915383352
2026-09-07 14:56:16.957067,-3263.8065317505198,-5727.792850822531,240.0539117537316,62.51728271959385
2026-09-07 14:56:17.056697,-3265.1964781421602,-5730.205548545351,240.1877018751274,62.52860013176614
2026-09-07 14:56:17.152398,-3266.526436148581,-5732.526630754777,240.29479686331456,62.60386159117134
2026-09-07 14:56:17.256357,-3267.9681735607182,-5735.053732246195,240.46930111943956,62.635655489997504
2026-09-07 14:56:17.356501,-3269.350284156496,-5737.49355337112,240.44688772669127,62.695159673068375
2026-09-07 14:56:17.456622,-3270.734345043264,-5739.934590213381,240.34605062382866,62.6190468060011
2026-09-07 14:56:17.557011,-3272.1247261602975,-5742.37674653707,240.35728473712854,62.623432817669524
2026-09-07 14:56:17.654625,-3273.476302740648,-5744.7518270052615,240.3026668638728,62.61319736614393
2026-09-07 14:56:17.756708,-3274.8918933735363,-5747.233890013246,240.22270109156761,62.57751718372178
2026-09-07 14:56:17.856207,-3276.274238454675,-5749.649819674645,240.27837367717086,62.57230063081264
2026-09-07 14:56:17.956577,-3277.6661996475004,-5752.088048557623,240.3008376513495,62.62141466423247
2026-09-07 14:56:18.064323,-3279.160599150842,-5754.708098793249,240.3008376513495,62.631771032650285
2026-09-07 14:56:18.155570,-3280.426372568838,-5756.9273112158,240.21914908895525,62.630973713408714
2026-09-07 14:56:18.264016,-3281.9344692359396,-5759.562638369693,240.0371130116581,62.567484201144715
2026-09-07 14:56:18.363012,-3283.3173830581827,-5761.9615024951945,239.9152524982295,62.531152930453054
2026-09-07 14:56:18.462817,-3284.715926151557,-5764.375596859134,239.94875877913364,62.556443810813306
2026-09-07 14:56:18.553149,-3285.9809598782394,-5766.562181124549,239.9790848085573,62.59906730367748
2026-09-07 14:56:18.664471,-3287.5395780144495,-5769.2595125386415,240.09120302516394,62.590312686501164
2026-09-07 14:56:18.763695,-3288.923911285987,-5771.666086764275,240.09120302516394,62.63539785785048
2026-09-07 14:56:18.863020,-3290.310651849383,-5774.076845911747,240.02451275211547,62.657963389598194
2026-09-07 14:56:18.963676,-3291.719325370343,-5776.519152490378,239.84428887765705,62.57616659848331
2026-09-07 14:56:19.051277,-3292.950365753178,-5778.638057389307,239.84428887765705,62.5585610098475
2026-09-07 14:56:19.165997,-3294.562050774645,-5781.412139649428,239.94699156243428,62.45932072933569
2026-09-07 14:56:19.264964,-3295.9459333507334,-5783.80398145861,240.0688163779065,62.38581469694765
2026-09-07 14:56:19.366576,-3297.35991089928,-5786.259869735607,240.0460744296726,62.431984922207135
2026-09-07 14:56:19.464683,-3298.727066880803,-5788.6322570887305,239.980201964352,62.46284635938278
2026-09-07 14:56:19.565932,-3300.1415205321,-5791.080208840618,239.94621090743843,62.48673371950436
2026-09-07 14:56:19.780307,-3303.1405709527594,-5796.263472827777,240.09014976759215,62.423044385915645
2026-09-07 14:56:19.867670,-3304.3562058762727,-5798.376685962028,240.12925547997963,62.42075424374436
2026-09-07 14:56:19.969133,-3305.766311709811,-5800.831835266947,239.9702952778814,62.42873352656861
2026-09-07 14:56:20.070671,-3307.1844522417746,-5803.285188446178,240.02710874331302,62.379047955926154
2026-09-07 14:56:20.169635,-3308.5631728714975,-5805.675814060574,240.1600045134005,62.40844947760207
2026-09-07 14:56:20.278279,-3310.071369892368,-5808.3050170552815,239.85605711743278,62.510028300246574
2026-09-07 14:56:20.370756,-3311.3690992695624,-5810.539765720716,239.89745197526113,62.50275569705391
2026-09-07 14:56:20.478641,-3312.880989175532,-5813.147645366284,239.90952493458292,62.47541732094382
2026-09-07 14:56:20.567797,-3314.6106539236184,-5816.140505833763,239.9693873859689,63.22932336203034
2026-09-07 14:56:20.679427,-3316.1897825423694,-5818.872265096823,240.23172036489066,63.14153497200932
2026-09-07 14:56:20.767375,-3317.3385486799825,-5820.881243255595,240.38919065290992,62.96216709355575
2026-09-07 14:56:20.878932,-3318.8900170090087,-5823.611122129055,240.30180351047636,62.92804948977589
2026-09-07 14:56:20.967358,-3320.1224238446353,-5825.771919356212,240.2127450546306,62.96513761388111
2026-09-07 14:56:21.068458,-3321.536141248576,-5828.241682843322,240.08829459291871,62.94305223701327
2026-09-07 14:56:21.168221,-3322.93596199878,-5830.674895274527,239.99898211086304,62.83844435796441
2026-09-07 14:56:21.268346,-3324.342325886562,-5833.110689046045,240.02139125119015,62.79207489682839
2026-09-07 14:56:21.368178,-3325.742590242066,-5835.538110549298,240.09959372349965,62.849649023304764
2026-09-07 14:56:21.467846,-3327.1385240371055,-5837.965673988841,240.12190058190788,62.92803022241446
2026-09-07 14:56:21.566097,-3328.515394761993,-5840.362244933261,240.06692628861748,62.92116205905101
2026-09-07 14:56:21.668253,-3329.9492231015133,-5842.852421379432,240.1469492447963,62.939907550226295
2026-09-07 14:56:21.767812,-3331.430738593091,-5845.433658752015,240.10238431891707,63.21376662423537
2026-09-07 14:56:21.867879,-3332.8402609972068,-5847.8851294081,240.10238431891707,63.246119005663765
2026-09-07 14:56:21.974835,-3334.3475914319447,-5850.50670982356,240.23404330588897,63.17228679126461
2026-09-07 14:56:22.065683,-3335.6213030423573,-5852.733803020669,240.41703886368128,63.17625595509782
2026-09-07 14:56:22.175271,-3337.1492619710107,-5855.425360551526,240.42930239861352,63.18104387256606
2026-09-07 14:56:22.266877,-3338.4261173950754,-5857.675711512014,240.44980488759035,63.175440679199696
2026-09-07 14:56:22.375535,-3339.9395636084787,-5860.345259095109,240.6078779003527,63.02922428217706
2026-09-07 14:56:22.474386,-3341.3065361005674,-5862.772024564205,240.6631879111012,62.98603612018373
2026-09-07 14:56:22.574344,-3342.685501806812,-5865.225617439888,240.70793143866814,62.91528778460414
2026-09-07 14:56:22.673762,-3344.0535734395676,-5867.664283366218,240.65230417492177,62.93700572720995
2026-09-07 14:56:22.774183,-3345.4383158821524,-5870.1270593491945,240.62982878634955,62.908926304786895
2026-09-07 14:56:22.875102,-3346.830274885925,-5872.600398486699,240.62982878634955,62.90628080431434
2026-09-07 14:56:22.974930,-3348.207128004868,-5875.046896333582,240.70802812529607,62.888834798364094
2026-09-07 14:56:23.065799,-3349.457029014103,-5877.274925176492,240.6978593553965,62.837223741118095
2026-09-07 14:56:23.184081,-3351.0831742749274,-5880.172428288076,240.83022379665366,62.75970734507411
2026-09-07 14:56:23.273069,-3352.30004230605,-5882.352456801483,240.9696396474004,62.617410200243675
2026-09-07 14:56:23.383029,-3353.7937387534066,-5885.043792267535,240.9819448112974,62.78651699158226
2026-09-07 14:56:23.474638,-3355.0410330907957,-5887.292299499098,240.94093849047385,62.74809383593623
2026-09-07 14:56:23.584384,-3356.536282033124,-5889.983254445849,240.8918136262673,62.68192531284546
2026-09-07 14:56:23.682087,-3357.868097157064,-5892.375249637521,240.82621242065284,62.67936411690941
2026-09-07 14:56:23.782182,-3359.2352672803236,-5894.824142640341,240.8710172726088,62.63125928254056
2026-09-07 14:56:23.881625,-3360.590587984894,-5897.256277387294,240.96004327576694,62.62430779330023
2026-09-07 14:56:23.982285,-3361.9585165393037,-5899.720032212767,240.97130771554387,62.68060029508978
2026-09-07 14:56:24.082277,-3363.3181070826586,-5902.1699043639255,240.87060053533753,62.654388295045045
2026-09-07 14:56:24.181920,-3364.676672854702,-5904.607820710846,240.91520306157207,62.63697461981464
2026-09-07 14:56:24.281939,-3366.038081254158,-5907.055316877467,241.13905722450642,62.58366249485099
2026-09-07 14:56:24.382670,-3367.3983814038165,-5909.523471449387,241.206691535047,62.574860587443375
2026-09-07 14:56:24.472577,-3368.6097394914987,-5911.727533333271,241.13626371953768,62.633781358305605
2026-09-07 14:56:24.585030,-3370.5674199816144,-5915.266657550058,241.06075884890973,63.684789642523945
2026-09-07 14:56:24.681202,-3371.8922803110827,-5917.662757743608,240.96389899077303,63.66714220745102
2026-09-07 14:56:24.782241,-3373.2554030485408,-5920.1186982171785,241.0091263991029,63.49343566828367
2026-09-07 14:56:24.881920,-3374.626680364026,-5922.593477555126,241.05374503977544,63.43943377178112
2026-09-07 14:56:24.977589,-3375.93982449991,-5924.9677018274,241.1072746289379,63.410175213053144
2026-09-07 14:56:25.070753,-3377.2158358178995,-5927.27988615263,241.0968490351829,63.36540136032185
2026-09-07 14:56:25.184250,-3378.769750549389,-5930.094431982834,241.31276560644412,63.4199470857463
2026-09-07 14:56:25.282707,-3380.1096909424023,-5932.543178256388,241.35683725147163,63.51888393808334
2026-09-07 14:56:25.382755,-3381.471490617721,-5935.036424719155,241.27846557756325,63.60106086855936
2026-09-07 14:56:25.483424,-3382.846950457018,-5937.546513383279,241.31226191835117,63.519253513163314
2026-09-07 14:56:25.582882,-3384.202655119902,-5940.024017200618,241.36791156326143,63.50882470645698
2026-09-07 14:56:25.683033,-3385.565158543296,-5942.519698618846,241.580853677844,63.516700810594756
2026-09-07 14:56:25.783059,-3386.916855913906,-5945.017615135272,241.71517557569342,63.49222795861283
2026-09-07 14:56:25.882867,-3388.259242979662,-5947.512281154897,241.69283738365576,63.51228684596072
2026-09-07 14:56:25.975244,-3389.502978273755,-5949.821456657934,241.59979966877935,63.572019144105184
2026-09-07 14:56:26.081653,-3390.9413048731385,-5952.481563824232,241.5878918824469,63.6073517450749
2026-09-07 14:56:26.181599,-3392.2935417183166,-5954.981210825505,241.5655228044031,63.67023160481899
2026-09-07 14:56:26.284989,-3393.694768013302,-5957.569001528013,241.58866268973065,63.69101038370343
2026-09-07 14:56:26.381013,-3394.995617843001,-5959.973735520341,241.63164526732413,63.70863066097168
2026-09-07 14:56:26.481065,-3396.3495299244964,-5962.481052500655,241.55327046005286,63.695516796720156
2026-09-07 14:56:26.581059,-3397.7058044101345,-5964.984547279889,241.63159983356147,63.67716802969147
2026-09-07 14:56:26.680865,-3399.055722593152,-5967.484463196806,241.69861306680463,63.63007419440828
2026-09-07 14:56:26.781857,-3400.417714305419,-5970.013809627268,241.70991465931354,63.66713799183133
2026-09-07 14:56:26.881740,-3401.765040778695,-5972.517104078976,241.66520470349244,63.67761136250286
2026-09-07 14:56:26.967168,-3402.9192432795007,-5974.657575643887,240.42241895975872,63.68134372565828
2026-09-07 14:56:27.081031,-3404.5192352083805,-5977.476638571719,240.40967702744877,63.676369032747694
2026-09-07 14:56:27.182364,-3405.943603406176,-5979.984966364275,240.51173479898898,63.632096480934656
2026-09-07 14:56:27.281451,-3407.3310646696864,-5982.4384681850515,240.60044209437353,63.61391414720893
2026-09-07 14:56:27.382579,-3408.7428228955114,-5984.943980610854,240.6457093411751,63.643958578356035
2026-09-07 14:56:27.482680,-3410.138943308765,-5987.426323555752,240.76893006983804,63.636086406332836
2026-09-07 14:56:27.582524,-3411.525979672797,-5989.904975761941,240.7577569452097,63.725075297147974
2026-09-07 14:56:27.681810,-3412.907674377926,-5992.372952867793,240.72442490166634,63.72681042571589
2026-09-07 14:56:27.782010,-3414.3035753334357,-5994.862905669939,240.67957304926625,63.74081923924488
2026-09-07 14:56:27.882271,-3415.7025834844208,-5997.353827603602,240.58981473442626,63.67949336865724
2026-09-07 14:56:27.981646,-3417.0917568985365,-5999.81818882652,240.63429729762245,63.63433958627759
2026-09-07 14:56:28.080421,-3418.469662999714,-6002.2670045103805,240.55692281647043,63.60326801689901
2026-09-07 14:56:28.182463,-3419.895861908763,-6004.793656236895,240.6711137526633,63.539069483210746
2026-09-07 14:56:28.281867,-3421.2788849926574,-6007.25526560467,240.94921090435855,63.54341246006964
2026-09-07 14:56:28.381965,-3422.6596104591777,-6009.740961294415,241.09483103754235,63.57839884271996
2026-09-07 14:56:28.482654,-3424.042889924518,-6012.246233506013,240.91454807681131,63.613591792456006
2026-09-07 14:56:28.582381,-3425.4215168054743,-6014.724617809708,240.99266829834355,63.68417663071154
2026-09-07 14:56:28.681991,-3426.796673963169,-6017.204718493228,240.92578666634398,63.68504702611799
2026-09-07 14:56:28.782206,-3428.1831140177064,-6019.69829993658,241.01550379984246,63.691176799530325
2026-09-07 14:56:28.883532,-3429.5811093192774,-6022.221960463118,241.02684276889508,63.70534303745087
2026-09-07 14:56:28.983134,-3430.9551331605107,-6024.7035061823735,240.8819442044345,63.765395497102126
2026-09-07 14:56:29.203317,-3434.0093290674263,-6030.186746210271,240.93122372248345,63.692284782037476
2026-09-07 14:56:29.302062,-3435.375354245212,-6032.644159522991,240.9422738626163,63.77425429783863
2026-09-07 14:56:29.402628,-3436.7678780094357,-6035.150380605695,240.77346505316768,63.77337554887321
2026-09-07 14:56:29.509670,-3438.2579065910336,-6037.813575883956,240.71357193958724,63.76682819363095
2026-09-07 14:56:29.598370,-3439.494793071906,-6040.018905541115,240.71357193958724,63.7823294630923
2026-09-07 14:56:29.711288,-3441.0697727749002,-6042.827044769855,240.80202520876185,63.79712968021493
2026-09-07 14:56:29.808504,-3442.4223208534368,-6045.247345480603,240.91081557011233,63.761451664824804
2026-09-07 14:56:29.899275,-3443.680203839542,-6047.508319410384,240.95144678262938,63.75431322538146
2026-09-07 14:56:30.019491,-3445.3438184822876,-6050.503570837514,240.80346521284542,63.830996170419944
2026-09-07 14:56:30.100385,-3446.469828423589,-6052.518614557105,240.78536019414258,63.84796067583332
2026-09-07 14:56:30.199343,-3447.8484266838195,-6054.983846379443,240.80750814628732,63.87736041495063
2026-09-07 14:56:30.299603,-3449.2448404091933,-6057.483203560678,240.85238685608405,63.91415557030586
2026-09-07 14:56:30.399951,-3450.641323896114,-6059.987290043568,240.88607543156792,63.886973404000834
2026-09-07 14:56:30.498486,-3452.010548391565,-6062.4458946497625,240.8971020714787,63.92657949699587
2026-09-07 14:56:30.599412,-3453.4133822547997,-6064.965989696303,240.9535731051031,63.9133510771397
2026-09-07 14:56:30.707136,-3454.9077446479814,-6067.656746518629,240.89329839267862,63.9133510771397
2026-09-07 14:56:30.798216,-3456.17361174799,-6069.930434951948,240.7506050442944,63.94757305671647
2026-09-07 14:56:30.899151,-3457.583473056347,-6072.447985823463,240.66024333327636,63.882307032563155
2026-09-07 14:56:30.994488,-3458.91752707079,-6074.821381761747,240.7455934540801,63.84815166300729
2026-09-07 14:56:31.099506,-3460.3823678995154,-6077.436571466972,240.910123208808,63.91881076580011
2026-09-07 14:56:31.199326,-3461.769093749815,-6079.929062304814,241.04416847547196,63.97899466293459
2026-09-07 14:56:31.298937,-3463.148390764178,-6082.421910106327,241.06646257661677,63.97029062148975
2026-09-07 14:56:31.405753,-3464.6262128890885,-6085.09528056243,240.9588825886085,63.9460232181254
2026-09-07 14:56:31.498768,-3465.916974164072,-6087.419939636571,240.9484736688206,63.93789553729706
2026-09-07 14:56:31.606266,-3467.4090131914245,-6090.105949746756,241.09282949005728,63.87308238788649
2026-09-07 14:56:31.705237,-3468.7750790115324,-6092.579841900358,241.20358379853752,63.86962314067148
2026-09-07 14:56:31.805700,-3470.1568068264573,-6095.093567893695,241.11364464389345,63.91263773912744
2026-09-07 14:56:31.905494,-3471.5341783979557,-6097.590077190626,241.0354719385319,63.9876300147068
2026-09-07 14:56:31.993865,-3472.7583378621916,-6099.801747396175,241.0552503968575,64.00075722193378
2026-09-07 14:56:32.115009,-3474.4357827354347,-6102.834832111489,241.23148773840697,63.97535177723085
2026-09-07 14:56:32.196779,-3475.5612780025754,-6104.8847681628,241.4694017484859,63.93748280507511
2026-09-07 14:56:32.314702,-3477.1982537869153,-6107.8948375619075,241.64095325766124,63.99615560119057
2026-09-07 14:56:32.405798,-3478.4361633799695,-6110.188219989352,241.5593998774968,64.05187558709788
2026-09-07 14:56:32.495096,-3479.369098990146,-6111.922909891066,241.46946318478072,63.748533155099956
2026-09-07 14:56:32.615041,-3481.001728588882,-6114.926021544974,241.3620828367542,63.717090656246384
2026-09-07 14:56:32.706529,-3482.2506905845908,-6117.213177229327,241.3825589159577,63.6931079030252
2026-09-07 14:56:32.815908,-3483.742355244294,-6119.947103284722,241.39479906257364,63.73611697904468
2026-09-07 14:56:32.905451,-3485.037572596371,-6122.320255943193,241.4148398281398,63.83749413291049
2026-09-07 14:56:32.993867,-3486.244837972747,-6124.53590250232,241.4247340930645,63.81277151301071
2026-09-07 14:56:33.113097,-3487.8138258409767,-6127.41808730642,241.63821458654402,63.62344878556854
2026-09-07 14:56:33.213112,-3489.1651406534265,-6129.921280836463,241.78371397334874,63.55528190942211
2026-09-07 14:56:33.313080,-3490.5556221169754,-6132.510456423991,241.92914498569783,63.7244911946122
2026-09-07 14:56:33.412851,-3491.893064118036,-6135.0183322014145,242.01846462972594,63.823876648794155
2026-09-07 14:56:33.513457,-3493.2398526490683,-6137.553243469976,242.0634982171767,63.844095913988546
2026-09-07 14:56:33.603564,-3494.4446902888817,-6139.82528443493,242.03324772418108,63.89133738706702
2026-09-07 14:56:33.716410,-3495.916741560098,-6142.599591840446,242.02061960008942,63.65921339747443
2026-09-07 14:56:33.812965,-3497.2058742989466,-6145.026204250658,241.97739933453562,63.64740158742947
2026-09-07 14:56:33.913552,-3498.5504963938683,-6147.552665925378,242.0674494997525,63.63158080307572
2026-09-07 14:56:34.012416,-3499.8678539334073,-6150.037306979225,242.1670206120807,63.58752308452704
2026-09-07 14:56:34.113465,-3501.2089818783766,-6152.577437403728,242.20094452550268,63.606948412098404
2026-09-07 14:56:34.213362,-3502.5337379339553,-6155.090161244849,242.21212358113945,63.594727766993934
2026-09-07 14:56:34.314139,-3503.869412588559,-6157.624793491989,242.1219033190771,63.60793665734771
2026-09-07 14:56:34.413213,-3505.186711693812,-6160.115040129225,242.0110337476029,63.543008270765974
2026-09-07 14:56:34.514946,-3506.5429248985006,-6162.666891601951,242.10210986537174,63.44700207585053
2026-09-07 14:56:34.613424,-3507.8498395350052,-6165.135443632208,242.1131301266508,63.46937517864893
2026-09-07 14:56:34.715962,-3509.210620248978,-6167.7069359922425,242.13607932446217,63.53836566677639
2026-09-07 14:56:34.814187,-3510.5145922852175,-6170.173465171108,242.21302296820966,63.54351542616594
2026-09-07 14:56:34.914205,-3511.748692388579,-6172.517365451314,242.29137114189592,63.07173964580901
2026-09-07 14:56:35.010883,-3513.016165667217,-6174.930663144797,242.26973348028747,63.059068013376795
2026-09-07 14:56:35.114182,-3514.400683525204,-6177.5637767341905,242.23505420258476,63.2082824137506
2026-09-07 14:56:35.213850,-3515.7126353502445,-6180.055809217803,242.22390077338065,63.211766022599924
2026-09-07 14:56:35.774580,-3523.0736261844067,-6194.031512742475,243.1023860746486,62.946305370708295
2026-09-07 14:56:35.875009,-3524.3521123434416,-6196.551806752069,243.25972632810576,62.92787678175373
2026-09-07 14:56:35.973953,-3525.6045039207293,-6199.037555888499,243.41474005957838,62.90972068833927
2026-09-07 14:56:36.074812,-3526.8250545733454,-6201.480240222953,243.5727539860681,62.53317194920412
2026-09-07 14:56:36.175210,-3528.0741669490535,-6203.993559148124,243.73004567239968,62.51474904870863
2026-09-07 14:56:36.275416,-3529.313634066539,-6206.504744712838,243.8870365558888,62.49636137995976
2026-09-07 14:56:36.375648,-3530.546173046881,-6209.019229629786,244.04406817309618,62.47796894024519
2026-09-07 14:56:36.475872,-3531.771357413076,-6211.536141243831,244.2010872568518,62.45957796852006
2026-09-07 14:56:36.574838,-3532.9739937431127,-6214.024034462035,244.3561354553168,62.44141783813464
2026-09-07 14:56:36.674415,-3534.112064043504,-6216.400306600071,244.51214089616062,61.94984865196347
2026-09-07 14:56:36.775918,-3535.3217060858497,-6218.937757477054,244.6711637655177,61.93122298542636
2026-09-07 14:56:36.875950,-3536.5065163009717,-6221.440981351768,244.8278820464309,61.912867245447835
2026-09-07 14:56:36.976442,-3537.6895412870226,-6223.958216314182,244.9853210008207,61.89442709607641
2026-09-07 14:56:37.076773,-3538.863410900362,-6226.473904922556,245.14250771949372,61.87601648999251
2026-09-07 14:56:37.175765,-3540.014457924695,-6228.95844843877,245.29759665167697,61.8578515886414
2026-09-07 14:56:37.275702,-3541.169360318125,-6231.469108918115,245.4541660978504,61.8395132810375
2026-09-07 14:56:37.376686,-3542.32908126247,-6234.008499069867,245.61237585952398,61.82098285031541
2026-09-07 14:56:37.477042,-3543.3961238718616,-6236.370175503661,245.76960174523379,61.28982293853654
2026-09-07 14:56:37.577206,-3544.522441977948,-6238.872794971432,245.92652682810112,61.27144297673222
2026-09-07 14:56:37.677488,-3545.6428842390424,-6241.380689446519,246.08363677938203,61.25304136208364
2026-09-07 14:56:39.684796,-3567.7970868910893,-6291.3405111286265,251.2501140477521,60.631374438271926
2026-09-07 14:56:39.783604,-3568.6579469466296,-6293.876539658896,251.27222842815104,60.748795138880375
2026-09-07 14:56:39.883969,-3569.4597155009433,-6296.285476158015,251.35084842107256,60.28481815869505
2026-09-07 14:56:39.983596,-3570.318278471825,-6298.829423179159,251.3731461032036,60.41278811978634
2026-09-07 14:56:40.083274,-3571.1681074222224,-6301.355733443331,251.22813697579352,60.425028307741755
2026-09-07 14:56:40.183595,-3572.0401590211663,-6303.921497668924,251.18323096097686,60.42327509144679
2026-09-07 14:56:40.412451,-3574.0340445547026,-6309.772883787224,251.0551793699979,60.585254933854635
2026-09-07 14:56:40.510183,-3574.854275770874,-6312.172549594853,251.13173682676273,60.18588322964388
2026-09-07 14:56:40.609091,-3575.714880024314,-6314.69071963371,251.15387358832555,60.24033169202979
2026-09-07 14:56:40.712161,-3576.611494564673,-6317.317573620018,251.08466879151604,60.26825119098402
2026-09-07 14:56:40.810559,-3577.470893510911,-6319.825482553679,251.12871402677015,60.37744641470562
2026-09-07 14:56:40.910131,-3578.3401670074713,-6322.368580776964,251.09528596803375,60.39136742848515
2026-09-07 14:56:41.008926,-3579.204328411271,-6324.891912220936,251.1173974388814,60.44575368481847
2026-09-07 14:56:41.110247,-3580.0903832439267,-6327.4824331032,251.10605902935788,60.395288952565764
2026-09-07 14:56:41.209669,-3580.9596079892517,-6330.022107181234,251.19506623233835,60.36575136224946
2026-09-07 14:56:41.311511,-3581.8455143722413,-6332.623705728826,251.22925636970456,60.417365486544824
2026-09-07 14:56:41.410783,-3582.708288389968,-6335.162336088569,251.14038345370733,60.48502595876208
2026-09-07 14:56:41.511188,-3583.5858726398415,-6337.731457326414,251.01678851198446,60.524506355161165
2026-09-07 14:56:41.611116,-3584.465374987157,-6340.288151004717,250.8825982153786,60.53323809616868
2026-09-07 14:56:41.719110,-3585.422475825427,-6343.0493807891835,250.8825982153786,60.51436499476836
2026-09-07 14:56:41.810120,-3586.228803856534,-6345.375631991269,250.84186002089825,60.54378918290029
2026-09-07 14:56:41.907595,-3587.0946023796196,-6347.867727609593,250.89640011960955,60.622149235971605
2026-09-07 14:56:42.007436,-3587.9801307484277,-6350.4244614257,250.92991848634216,60.65791820554089
2026-09-07 14:56:42.108388,-3588.8745279151594,-6353.011694801012,250.9751069514469,60.699377932299114
2026-09-07 14:56:42.208484,-3589.759922502644,-6355.5794427864785,251.05351622571055,60.771098583694965
2026-09-07 14:56:42.308790,-3590.644696660526,-6358.15683144054,250.9412679745418,60.853487428932524
2026-09-07 14:56:42.407609,-3591.5225156674073,-6360.6977388123605,250.93020955337832,60.83967169096724
2026-09-07 14:56:42.508328,-3592.4175091467587,-6363.286739740845,250.98656476447968,60.90831838994832
2026-09-07 14:56:42.605159,-3593.2764731670695,-6365.779453422003,251.04074452645264,60.97262293344555
2026-09-07 14:56:42.708305,-3594.1899080699086,-6368.438401992183,251.1100003523158,61.00236560538207
2026-09-07 14:56:42.807796,-3595.0683027538976,-6371.005444877479,251.16566846168627,61.08669309669996
2026-09-07 14:56:42.908421,-3595.9554110436825,-6373.606199128208,251.07558427710026,61.14648308333426
2026-09-07 14:56:43.008376,-3596.841539854467,-6376.1907751188555,251.18743973884304,61.16831833402492
2026-09-07 14:56:43.106032,-3597.702663466033,-6378.71849261507,251.1765114641475,61.25450378443204
2026-09-07 14:56:43.207990,-3598.603492622369,-6381.361109268779,251.02818544825152,61.284794802853206
2026-09-07 14:56:43.307978,-3599.494062419393,-6383.951650874556,251.02818544825152,61.28741589800129
2026-09-07 14:56:43.408209,-3600.386834742175,-6386.54859931631,251.0842676091536,61.32770369733133
2026-09-07 14:56:43.515426,-3601.3397388183475,-6389.329312618197,251.20424967149842,61.43919070597429
2026-09-07 14:56:43.606621,-3602.146755185769,-6391.700484098763,251.19404442030176,61.52286151668194
2026-09-07 14:56:43.715583,-3603.112816381733,-6394.537303620539,251.18185093841248,61.5276220841088
2026-09-07 14:56:43.807187,-3603.9255513080484,-6396.9222202236015,251.19210195908929,61.546832613367926
2026-09-07 14:56:43.915782,-3604.5992453485765,-6398.908915107963,251.08273024700725,60.56709909386713
2026-09-07 14:56:44.014528,-3605.4660457805776,-6401.438144101363,251.00537848273655,60.562784865134795
2026-09-07 14:56:44.114505,-3606.3470456063924,-6403.997533833156,251.09488254755496,60.54618642211236
2026-09-07 14:56:44.213795,-3607.217781143927,-6406.540003193561,251.07266028994616,60.57741999461147
2026-09-07 14:56:44.316349,-3608.1186236418407,-6409.167057656614,251.01527834295217,60.58996567704481
2026-09-07 14:56:44.417153,-3609.006863583185,-6411.7489300896805,250.9701561260925,60.550328389274135
2026-09-07 14:56:44.513546,-3609.753180087094,-6413.911875774665,250.94858225080108,60.03295264423058
2026-09-07 14:56:44.615465,-3610.6459990370604,-6416.4972708304285,250.91436626319057,59.98486178197553
2026-09-07 14:56:44.717885,-3611.572386446712,-6419.175126809084,250.83413650505753,60.11105300685349
2026-09-07 14:56:44.816336,-3612.4409406757277,-6421.674067701421,250.77905030594775,60.11449407896113
2026-09-07 14:56:44.916064,-3613.323244683732,-6424.2047199543385,250.79021044950105,60.06917990125891
2026-09-07 14:56:45.002503,-3614.0869761357085,-6426.396651997191,250.8192295308604,60.09486033184118
2026-09-07 14:56:45.119932,-3615.0983058440247,-6429.303403289013,250.80608854239858,59.91155400503753
2026-09-07 14:56:45.217107,-3615.9539610558536,-6431.761351333678,250.79521409440216,59.91070488673996
2026-09-07 14:56:45.318510,-3616.847319209726,-6434.326036706243,250.78386650860142,59.89209757007086
2026-09-07 14:56:45.418045,-3617.7244463877287,-6436.8425210649075,250.69475814276026,59.82425784585715
2026-09-07 14:56:45.518518,-3618.612781630332,-6439.3784645377145,250.7172451695377,59.77509341146649
2026-09-07 14:56:45.617451,-3619.4858027617465,-6441.873829032595,250.76152988324526,59.81658843987558
2026-09-07 14:56:45.718554,-3620.4080306076166,-6444.516859449136,250.76152988324526,60.05239254573875
2026-09-07 14:56:45.817103,-3621.2797670539285,-6447.014744090611,250.58507857776914,60.02397544205395
2026-09-07 14:56:45.917802,-3622.167926353538,-6449.534347826112,250.5738097736653,59.828014681124436
2026-09-07 14:56:46.017324,-3623.053209498432,-6452.044582564782,250.60722104652876,59.80975252547282
2026-09-07 14:56:46.118153,-3623.9483623573656,-6454.587529782029,250.62978775024956,59.86261534954896
2026-09-07 14:56:46.217899,-3624.833691339824,-6457.105735646892,250.55165264524334,59.84954159286612
2026-09-07 14:56:46.317535,-3625.721279596595,-6459.619406992349,250.58510218989704,59.836482253936715
2026-09-07 14:56:46.418029,-3626.61483588059,-6462.154693310668,250.67506909718435,59.83209165480129
2026-09-07 14:56:46.516650,-3627.487766232142,-6464.64391833974,250.7081778886181,59.85105023163446
2026-09-07 14:56:46.617814,-3628.382013208927,-6467.198655743194,250.74214040954777,59.87933740951564
2026-09-07 14:56:46.718578,-3629.2971847026947,-6469.817996866879,250.65193178569064,60.11303119253429
2026-09-07 14:56:46.817275,-3630.175900362208,-6472.3204825969715,250.58566317376952,60.10526943428838
2026-09-07 14:56:46.917890,-3631.0552951962836,-6474.815363494926,250.57440376975447,59.94237635654223
2026-09-07 14:56:47.009975,-3631.8759652584504,-6477.142463704135,250.59501346450628,59.98260844217775
2026-09-07 14:56:47.110081,-3632.7678073564116,-6479.674283277244,250.61741835241227,59.9747358769431
2026-09-07 14:56:47.217795,-3633.7262377906327,-6482.398537164482,250.60536452898555,60.0010897127296
2026-09-07 14:56:47.318636,-3634.6244438766,-6484.949894026295,250.62793391844605,60.00197086465393
2026-09-07 14:56:47.426272,-3635.582115321915,-6487.67358718999,250.5315731602637,60.060283529627974
2026-09-07 14:56:47.518797,-3636.4212437577303,-6490.047546309427,250.44874047277233,60.19460074157544
2026-09-07 14:56:47.611247,-3637.253777303819,-6492.3918809494,250.46943185877225,60.234992296302096
2026-09-07 14:56:47.727120,-3638.2968786473984,-6495.332521397984,250.5083324477929,60.281567389554375
2026-09-07 14:56:47.825774,-3639.1839580172737,-6497.838714505848,250.475212577683,60.336738067793455
2026-09-07 14:56:47.915483,-3639.992662204375,-6500.11928866862,250.475212577683,60.38533863695393
2026-09-07 14:56:48.026784,-3640.9968210562693,-6502.951051839227,250.4503021184815,60.45828001768888
2026-09-07 14:56:48.216852,-3642.7157928376673,-6507.791929944375,250.3014141115607,60.4051337667941
2026-09-07 14:56:48.335403,-3643.794859220474,-6510.805879861287,250.26161447118733,60.31708205616698
2026-09-07 14:56:48.417349,-3644.5410998086195,-6512.885657558752,250.16991212845335,60.2913043712842
2026-09-07 14:56:48.535105,-3645.6177654928106,-6515.8712912706005,250.2226224551123,60.355099627301556
2026-09-07 14:56:48.624791,-3646.4365549484464,-6518.1483870535985,250.08211306069873,60.445222732197095
2026-09-07 14:56:48.725898,-3647.367292863593,-6520.717016399452,250.08211306069873,60.46819311446154
2026-09-07 14:56:48.814142,-3648.179929460321,-6522.9597124107595,250.0129879408326,60.43734995724966
2026-09-07 14:56:48.914438,-3649.1061545033494,-6525.50629078138,249.9007508802458,60.479416662689886
2026-09-07 14:56:49.014828,-3650.0388877965283,-6528.055207802689,249.8670482046287,60.453977541610115
2026-09-07 14:56:49.135750,-3651.1637183592848,-6531.123482823016,250.01589883500583,60.36205157091957
2026-09-07 14:56:49.225757,-3651.993773805115,-6533.406011922791,249.94539268542295,60.353400246024144
2026-09-07 14:56:49.335129,-3653.005682920345,-6536.1779863593265,249.88419586904692,60.370602775439856
2026-09-07 14:56:49.433477,-3653.9185199297567,-6538.670300345631,249.74112159325358,60.41013370388026
2026-09-07 14:56:49.533986,-3654.8583871635587,-6541.2167067521195,249.7298740512554,60.38905568233857
2026-09-07 14:56:49.614677,-3655.6130726706533,-6543.2601605777445,249.76599322113577,60.37354390976229
2026-09-07 14:56:49.737611,-3656.760590201523,-6546.37331876205,249.86229243111748,60.37891491613197
2026-09-07 14:56:49.833023,-3657.647222459105,-6548.791223403342,249.85161527308054,60.401425171086785
2026-09-07 14:56:49.933292,-3658.57981027198,-6551.332986379397,249.95260143449457,60.39879670977739
2026-09-07 14:56:50.033161,-3659.50417398426,-6553.866132574836,250.03083289041126,60.37785290441322
2026-09-07 14:56:50.117975,-3660.285982921924,-6556.017736876114,250.01185053008462,60.381558441809204
2026-09-07 14:56:50.236722,-3661.3816488602038,-6559.029992671367,249.79923484477712,60.46768049779133
2026-09-07 14:56:50.333308,-3662.2832074402913,-6561.480256161821,249.74519216743286,60.450801065861306
2026-09-07 14:56:50.433460,-3663.220186409584,-6564.0193926294905,249.8460604920191,60.449925934441296
2026-09-07 14:56:50.534786,-3664.163611183025,-6566.5899209954705,249.92543327538746,60.49596620768307
2026-09-07 14:56:50.630785,-3665.0547409474,-6569.028400965662,249.92543327538746,60.537908326257465
2026-09-07 14:56:50.735635,-3666.028706662243,-6571.693552531958,249.8667666495872,60.583717461066435
2026-09-07 14:56:50.834792,-3666.9530685368077,-6574.214957459065,249.8778628949176,60.5334641105553
2026-09-07 14:56:50.934012,-3667.9548453805896,-6576.950476592391,249.91117278110875,60.833990617223144
2026-09-07 14:56:51.033982,-3668.888657468488,-6579.503780721099,249.88879833158563,60.881161836521194
2026-09-07 14:56:51.121775,-3669.6320228943587,-6581.532804258119,249.86914923638722,60.59554045430063
2026-09-07 14:56:51.237173,-3670.707874587707,-6584.467809395022,249.74001215896044,60.654024839087235
2026-09-07 14:56:51.334965,-3671.626075027142,-6586.955365119608,249.75095565284744,60.62155347187177
2026-09-07 14:56:51.434848,-3672.5629214235555,-6589.494928838445,249.7286006749369,60.563949933178364
2026-09-07 14:56:51.535081,-3673.5031506100504,-6592.040603199833,249.70616736295278,60.516654616344304
2026-09-07 14:56:51.620343,-3674.3031678508905,-6594.204046481348,249.67754342104158,60.43991733822042
2026-09-07 14:56:51.734940,-3675.378523961656,-6597.10761382463,249.7160156345857,60.45493762268882
2026-09-07 14:56:51.836980,-3676.3345489071276,-6599.694306959054,249.73885337420097,60.42818875793398
2026-09-07 14:56:51.930919,-3677.213336361252,-6602.074938224122,249.69680409114096,60.41341360148825
2026-09-07 14:56:52.031882,-3678.1594785748357,-6604.632254585465,249.6742073966606,60.37283157513154
2026-09-07 14:56:52.132913,-3679.106630539462,-6607.189200984743,249.74204313767603,60.37371438728203
2026-09-07 14:56:52.234523,-3680.056179104658,-6609.761964655933,249.8330091401186,60.43941687615327
2026-09-07 14:56:52.333993,-3680.982736739241,-6612.284758669888,249.9331905867856,60.38292069082869
2026-09-07 14:56:52.432729,-3681.897221633374,-6614.788198711711,250.05473104957082,60.38205793246255
2026-09-07 14:56:52.534065,-3682.8303217374205,-6617.359509897744,250.12277157823573,60.344867887947515
2026-09-07 14:56:52.634038,-3683.7472931494385,-6619.895764486517,250.10039645727767,60.31866086858124
2026-09-07 14:56:52.730666,-3684.634155512932,-6622.345747687023,250.02470380868485,60.24689208810298
2026-09-07 14:56:52.834113,-3685.585933821437,-6624.964249373012,250.01312748738937,60.17367430592745
2026-09-07 14:56:52.933672,-3686.501335367725,-6627.481088526733,250.0799748762082,60.08406947994711
2026-09-07 14:56:53.032814,-3687.4086249834877,-6629.984714080987,250.0688803094651,60.10745974214401
2026-09-07 14:56:53.133582,-3688.3316467134146,-6632.530212836,250.14781598870303,60.13123362143892
2026-09-07 14:56:53.232586,-3689.235421384749,-6635.03338788937,250.32508196854405,60.20995773589177
2026-09-07 14:56:53.333993,-3690.154396898842,-6637.603531576967,250.33643000196804,60.26312359493123
2026-09-07 14:56:53.433656,-3691.0578646081144,-6640.131883289752,250.48141730774336,60.40071924143378
2026-09-07 14:56:53.533471,-3691.9583509246577,-6642.67215956689,250.42556791094552,60.388508627590504
2026-09-07 14:56:53.634183,-3692.8692433603323,-6645.233859516926,250.43683816982508,60.42898976462522
2026-09-07 14:56:53.734417,-3693.7759183695525,-6647.78528857643,250.4817052414166,60.41672789348394
2026-09-07 14:56:53.833838,-3694.6730751988125,-6650.316212742347,250.52620839528356,60.47059001642036
2026-09-07 14:56:53.933450,-3695.5707852981345,-6652.854957845851,250.50391407032708,60.43229184958965
2026-09-07 14:56:54.033841,-3696.4759376762468,-6655.411584345594,250.52638274455012,60.34193820918555
2026-09-07 14:56:54.135460,-3697.389778763173,-6657.995973279335,250.5718697743809,60.358809261342515
2026-09-07 14:56:54.232782,-3698.263256603698,-6660.472466545111,250.5065243854695,60.361360469707535
2026-09-07 14:56:54.342574,-3697.7988614301225,-6659.232241905189,250.5065243854695,55.604901569894814
2026-09-07 14:56:54.432713,-3697.802504619928,-6659.2776827249345,250.5065243854695,53.005053918315255
2026-09-07 14:56:54.534712,-3698.1331079964675,-6660.232963022337,250.5065243854695,51.081621053540516
2026-09-07 14:56:54.642753,-3698.9564025230857,-6662.558716675017,250.5427956353584,51.157146314143596
2026-09-07 14:56:54.733962,-3699.6512164597225,-6664.52547807064,250.57341608899281,51.159537275732596
2026-09-07 14:56:54.831806,-3700.3954817696685,-6666.635808217811,250.49677089806562,51.172361736351334
2026-09-07 14:56:54.931927,-3701.1601470883447,-6668.794769767315,250.45195440790445,51.173236596892345
2026-09-07 14:56:55.031910,-3701.925457696171,-6670.95019444711,250.4855204465161,51.209930093978734
2026-09-07 14:56:55.131552,-3702.687445585346,-6673.100254913972,250.50782148582172,51.176844443086196
2026-09-07 14:56:55.232649,-3703.459212148461,-6675.280602322042,250.66620828250154,51.115890611703655
2026-09-07 14:56:55.331661,-3704.2082629050897,-6677.415518252705,250.76592845338115,51.115025441640576
2026-09-07 14:56:55.432141,-3705.794551539703,-6681.915010661682,250.84463853048723,56.56434836902931
2026-09-07 14:56:55.532118,-3706.624089495758,-6684.303108222427,250.95651861151026,56.5888092324308
2026-09-07 14:56:55.631580,-3707.445068492021,-6686.681539287228,251.0678223775636,56.625311523892414
2026-09-07 14:56:55.731930,-3708.269245311631,-6689.084358546349,251.13520087140114,56.66038598590924
2026-09-07 14:56:55.831983,-3709.0886722493947,-6691.482515540219,250.98964620312165,56.611427070040406
2026-09-07 14:56:55.931811,-3709.911620700241,-6693.871129092582,250.956132200716,56.56432285397473
2026-09-07 14:56:56.032136,-3710.739380915859,-6696.269153367754,251.01226695735323,56.61516815375215
2026-09-07 14:56:56.132309,-3711.564281575485,-6698.6665060919795,250.91137748256713,56.62479661785771
2026-09-07 14:56:56.230472,-3712.3769039729723,-6701.014727511398,250.9223624935131,56.61364584870115
2026-09-07 14:56:56.331997,-3713.2167269422007,-6703.443056336112,250.87691754027043,56.66155080057906
2026-09-07 14:56:56.439310,-3714.1072171748083,-6706.011292050796,250.72080120075958,56.69343275255763
2026-09-07 14:56:56.530977,-3714.8742819415843,-6708.204237108642,250.6489947055557,56.73027825645549
2026-09-07 14:56:56.639124,-3715.783082474462,-6710.791976890284,250.60058559096979,56.75484804816876
2026-09-07 14:56:56.730791,-3716.5555826294335,-6712.985681540718,250.68265015691705,56.680356051157865
2026-09-07 14:56:56.838550,-3717.4588123779245,-6715.56239924341,250.77912103042564,56.6464583923913
2026-09-07 14:56:56.937872,-3718.286828183768,-6717.937349788909,250.76800632063504,56.71328506408176
2026-09-07 14:56:57.038017,-3719.1231550569987,-6720.334642390833,250.85766078687467,56.737787031187615
2026-09-07 14:56:57.130191,-3719.8897923397117,-6722.5432790581945,250.80608675190555,56.76678212950097
2026-09-07 14:56:57.241240,-3720.816286387866,-6725.204717887027,250.6942434878971,56.718264641552466
2026-09-07 14:56:57.339552,-3721.640407053163,-6727.557279349135,250.7272485426363,56.749190565407154
2026-09-07 14:56:57.439251,-3722.475235035455,-6729.944813230127,250.6379933563601,56.763129334868495
2026-09-07 14:56:57.539549,-3723.3190265544367,-6732.345970025024,250.67166514597108,56.72281460492263
2026-09-07 14:56:57.637420,-3724.140439178006,-6734.687842925277,250.715474483758,56.7433394041576
2026-09-07 14:56:57.740268,-3725.0020525223417,-6737.150356283953,250.73849306317737,56.71727741865295
2026-09-07 14:56:57.841303,-3725.8471171281894,-6739.568689181021,250.74979946763654,56.724340195473815
2026-09-07 14:56:57.941040,-3726.6809578782722,-6741.956415543209,250.7609606183422,56.798418132081835
2026-09-07 14:56:58.041617,-3727.522449795918,-6744.3675601250025,250.63715395080908,56.828298864930126
2026-09-07 14:56:58.141102,-3728.3603975059186,-6746.7519756531,250.71508460388333,56.78831091991961
2026-09-07 14:56:58.241801,-3729.2046925308755,-6749.164940131907,250.7263534079872,56.85782389869388
2026-09-07 14:56:58.342379,-3730.0485306836003,-6751.5781212945385,250.82765077948488,56.86309702162472
2026-09-07 14:56:58.442392,-3730.8834621952246,-6753.979448772872,250.79407466934947,56.91990161580253
2026-09-07 14:56:58.540936,-3731.7083397639076,-6756.347385975129,250.72790878697052,56.9948156335638
2026-09-07 14:56:58.641657,-3733.5728838850296,-6761.681567886502,250.57011106252378,60.56048057052713
2026-09-07 14:56:58.742134,-3734.4777700934965,-6764.246859449722,250.55886710151182,60.5543347715634
2026-09-07 14:56:58.841725,-3735.3750849675407,-6766.7890963506925,250.50314303923165,60.520395825593795
2026-09-07 14:56:58.940867,-3736.270313250125,-6769.317583829526,250.59189957317676,60.54985022984174
2026-09-07 14:56:59.035820,-3737.1243789410846,-6771.741740842972,250.61315115970842,60.633650171192066
2026-09-07 14:56:59.141809,-3738.078023494184,-6774.45174657212,250.5657080161552,60.62716722398656
2026-09-07 14:56:59.243029,-3738.9908036905686,-6777.0387833088425,250.55438090911943,60.567023696561726
2026-09-07 14:56:59.341696,-3739.880176855216,-6779.5578916152635,250.51021526320366,60.531675323443544
2026-09-07 14:56:59.441336,-3740.7797559104392,-6782.099664606949,250.58826733409194,60.487271788524964
2026-09-07 14:56:59.541001,-3741.6754388820536,-6784.6414328465335,250.73325754941854,60.489013540521434
2026-09-07 14:56:59.642488,-3742.5809695369394,-6787.232042084873,250.85818439420348,60.470390809963206
2026-09-07 14:56:59.741728,-3743.460654574359,-6789.766437411778,250.92481759528408,60.458250537280676
2026-09-07 14:56:59.841729,-3744.3439372920966,-6792.320783429404,250.94719898296802,60.52203881161015
2026-09-07 14:56:59.941932,-3745.228937099867,-6794.883335559015,250.93598568415055,60.547430546340266
2026-09-07 14:57:00.034191,-3746.0445787460294,-6797.243561245585,250.89468840819666,60.540981249297495
2026-09-07 14:57:00.134245,-3746.9308845586884,-6799.802292544311,250.7715255348423,60.553221100597156
2026-09-07 14:57:00.242307,-3747.894260413964,-6802.564310684327,250.66269063497575,60.51450688109219
2026-09-07 14:57:00.349560,-3748.8550148901477,-6805.302078439795,250.61468169559984,60.5604287103049
2026-09-07 14:57:00.449740,-3749.7552356487977,-6807.860486126126,250.51378517074713,60.57793623200318
2026-09-07 14:57:00.541872,-3750.58751942833,-6810.212581329989,250.47254474294948,60.5167522495855
2026-09-07 14:57:00.641685,-3751.808343283374,-6813.666321565445,250.47254474294948,61.67100952817647
2026-09-07 14:57:00.751227,-3752.8178067225786,-6816.512623113288,250.4480279684205,61.770556408768805
2026-09-07 14:57:00.850144,-3753.731930373603,-6819.086606164072,250.34840347701646,61.8457539844192
2026-09-07 14:57:00.938954,-3754.557673051257,-6821.398969483593,250.24901991884153,61.92335645008223
2026-09-07 14:57:01.040090,-3755.503772991402,-6824.033934355491,250.12452514242517,61.961356824769055
2026-09-07 14:57:01.136538,-3756.412032829327,-6826.546334046375,250.13531823489092,61.93354555508402
2026-09-07 14:57:01.240075,-3757.386104959578,-6829.242369955769,250.14690462771017,61.81502858966985
2026-09-07 14:57:01.340327,-3758.326940171603,-6831.848061432957,250.0795919344944,61.79488046953519
2026-09-07 14:57:01.440114,-3759.2661516621897,-6834.439719913019,250.00142471251803,61.76785026635147
2026-09-07 14:57:01.539488,-3760.204585492497,-6837.018245167612,249.81237572133313,61.754825267889366
2026-09-07 14:57:01.635848,-3761.122608029388,-6839.515021412791,249.78002598707212,61.63189373491693
2026-09-07 14:57:01.738259,-3762.0978313763426,-6842.162752151202,249.94047140320492,61.576411755535894
2026-09-07 14:57:01.840659,-3763.0646613751073,-6844.8105330168,249.95193055910755,61.53793645131256
2026-09-07 14:57:01.939638,-3763.9980958272304,-6847.368443856102,249.8633199503509,61.57080195621704
2026-09-07 14:57:02.039651,-3764.9457835382673,-6849.952994141378,249.6506712528267,61.57691937405157
2026-09-07 14:57:02.139498,-3765.901563137037,-6852.529981451978,249.7177120149014,61.551617850767855
2026-09-07 14:57:02.238803,-3766.8487655448534,-6855.093037029354,249.79550166664325,61.54901465984814
2026-09-07 14:57:02.347393,-3767.880681426563,-6857.897022918601,249.73474240202094,61.57368509621849
2026-09-07 14:57:02.438671,-3768.7509313723554,-6860.254005543798,249.7551714807803,61.579268227062485
2026-09-07 14:57:02.546709,-3769.7800707072206,-6863.0443853567,249.83980204716553,61.57077187117151
2026-09-07 14:57:02.647049,-3770.731920744653,-6865.636994273292,249.74997300784767,61.5988286446146
2026-09-07 14:57:02.734217,-3771.56272646233,-6867.888988445228,249.64267233676455,61.61710888799327
2026-09-07 14:57:02.847658,-3772.649751580635,-6870.81858740509,249.5791987964936,61.58638010288735
2026-09-07 14:57:02.946585,-3773.6000547689982,-6873.371038935303,249.61241031746954,61.559582855647164
2026-09-07 14:57:03.047340,-3774.5659904093873,-6875.970084564489,249.72516102576722,61.52524723795915
2026-09-07 14:57:03.146200,-3775.5082126797342,-6878.520684069116,249.74728704437138,61.50537887466951
2026-09-07 14:57:03.246272,-3776.4606815734323,-6881.1020875602835,249.7248897660611,61.50450444229209
2026-09-07 14:57:03.355400,-3777.500429532845,-6883.916648506587,249.7126777078058,61.57030035820566
2026-09-07 14:57:03.446339,-3778.368303964423,-6886.264414336863,249.75338412103343,61.52739045011578
2026-09-07 14:57:03.554705,-3779.3997853351925,-6889.060875572918,249.71700376297065,61.55958524113001
2026-09-07 14:57:03.646270,-3780.2733034510047,-6891.424457366665,249.64527716852183,61.55718494732241
2026-09-07 14:57:03.743550,-3781.2044484465437,-6893.934299744717,249.6561633666293,61.55633491153143
2026-09-07 14:57:03.856127,-3782.2814465642414,-6896.838972186733,249.75694753803936,61.4953454202387
2026-09-07 14:57:03.945745,-3783.133887128687,-6899.150476560087,249.80709141663706,61.49769467519911
2026-09-07 14:57:04.055251,-3784.173068439288,-6901.975967748141,250.01541551377204,61.489082872424184
2026-09-07 14:57:04.153719,-3785.0981287135214,-6904.51967919628,250.2027409315271,61.44692246032459
2026-09-07 14:57:04.244908,-3785.946517811472,-6906.876524323006,250.24355925057415,61.43656389866065
2026-09-07 14:57:04.356694,-3786.984300323744,-6909.7659667036805,250.18101173095843,61.49810164905771
2026-09-07 14:57:04.453714,-3787.8886424272105,-6912.27526396256,249.99644098685275,61.480298607103975
2026-09-07 14:57:04.553669,-3788.8283931575197,-6914.856708941091,249.98525544067846,61.469817686772465
2026-09-07 14:57:04.654755,-3789.7791247948103,-6917.466732595927,249.94000699405456,61.433602684339796
2026-09-07 14:57:04.733582,-3790.5216759983155,-6919.500247701479,249.93118579403176,61.42671475554707
2026-09-07 14:57:04.858417,-3791.765755024538,-6922.90586122793,250.11279271251163,61.46625000245847
2026-09-07 14:57:04.953701,-3792.6563876106743,-6925.367924018078,250.23008388752407,61.381325345268955
2026-09-07 14:57:05.053746,-3793.7230061897776,-6928.330120101906,250.39801815299438,61.72006822507097
2026-09-07 14:57:05.154474,-3794.655390605839,-6930.9482731667795,250.49946659734817,61.69894427643103
2026-09-07 14:57:05.243032,-3795.4707678578247,-6933.250759373004,250.5192869084502,61.686563113671546
2026-09-07 14:57:05.356403,-3796.5133760603535,-6936.1981468180975,250.608095030978,61.58551788771302
2026-09-07 14:57:05.456196,-3797.427386736354,-6938.7946442041575,250.65276470070418,61.49181148020141
2026-09-07 14:57:05.554908,-3798.326356416185,-6941.354930225059,250.64171825346335,61.42367013658563
2026-09-07 14:57:05.656003,-3799.2465127888254,-6943.973940951674,250.72091008512183,61.449287906737624
2026-09-07 14:57:05.741168,-3800.0189477253507,-6946.182252138626,250.8448060534988,61.47161314259459
2026-09-07 14:57:05.850153,-3801.0016705796183,-6949.011369446097,250.9545705550068,61.36971549536224
2026-09-07 14:57:05.955384,-3801.943744293899,-6951.740319175825,250.93101863245232,61.41017401836913
2026-09-07 14:57:06.055318,-3802.8400526853184,-6954.333242403735,250.84155306323578,61.460821157048
2026-09-07 14:57:06.155077,-3803.739573342394,-6956.922358333268,250.83038945060207,61.420723077877234
2026-09-07 14:57:06.257015,-3804.658657358088,-6959.56612228691,250.92164909391465,61.36906030021752
2026-09-07 14:57:06.354008,-3805.5284167505406,-6962.080910224118,250.96506541846398,61.33515918119014
2026-09-07 14:57:06.457243,-3806.451610879454,-6964.756759460124,250.8148816540608,61.334257110416274
2026-09-07 14:57:06.552290,-3807.3080247287076,-6967.218103284063,250.7723364044094,61.28774777959576
2026-09-07 14:57:06.653433,-3808.220618241901,-6969.834646499837,250.68178848210798,61.266536800153204
2026-09-07 14:57:06.753589,-3809.128085670779,-6972.423328671361,250.73782867832782,61.23678114350056
2026-09-07 14:57:06.853173,-3810.02741555153,-6974.996857417751,250.81583688213487,61.17151852717987
2026-09-07 14:57:06.954139,-3810.934704793803,-6977.604557814925,250.90622634579609,61.109761434693745
2026-09-07 14:57:07.054275,-3811.8295500684185,-6980.1896252762235,251.00707855594433,61.12463629208906
2026-09-07 14:57:07.154288,-3812.7189665834653,-6982.77371544293,251.06303873950333,61.18056696943337
2026-09-07 14:57:07.252183,-3813.5878712292924,-6985.306245989584,251.03017367894415,61.18313319847607
2026-09-07 14:57:07.349142,-3814.449942843513,-6987.814173478567,251.0410239552836,61.169577504354734
2026-09-07 14:57:07.453912,-3815.38074331108,-6990.523715064225,251.00585083720011,61.23915426202743
2026-09-07 14:57:07.554201,-3816.2743408588044,-6993.119771939584,250.96095914632832,61.24528856174054
2026-09-07 14:57:07.654328,-3817.168614991335,-6995.711195072558,250.96095914632832,61.23128995423338
2026-09-07 14:57:07.753047,-3818.0501121882553,-6998.265593265076,251.03828976039915,61.25975607827989
2026-09-07 14:57:07.843550,-3818.855458606663,-7000.609576573414,251.14969569646556,61.2423580790796
2026-09-07 14:57:07.944080,-3819.7447139875553,-7003.214248800493,251.16094558848596,61.32229560913843
2026-09-07 14:57:08.050721,-3820.6887133042683,-7005.981045245498,251.19674683393356,61.343727756918824
2026-09-07 14:57:08.153691,-3821.598864965694,-7008.654100681064,251.1621780072746,61.33562996016126
2026-09-07 14:57:08.253538,-3822.4828594127785,-7011.245209387398,251.28508607107824,61.286771846234096
2026-09-07 14:57:08.354363,-3823.3691911743335,-7013.861521085321,251.46561253887222,61.31144018547667
2026-09-07 14:57:08.454727,-3824.153857203974,-7016.210279110772,251.4431499075634,60.994102919394585
2026-09-07 14:57:08.546422,-3824.9495438815434,-7018.580517626591,251.4431499075634,60.94763135435007
2026-09-07 14:57:08.654253,-3825.956316347076,-7021.5738163839615,251.58795290445426,61.196626987569914
2026-09-07 14:57:08.753642,-3826.815114432327,-7024.15364746763,251.84376367650617,61.18881080885828
2026-09-07 14:57:08.854960,-3827.6787197428653,-7026.787095536592,251.93446826695472,61.246356606633654
2026-09-07 14:57:08.954592,-3828.5246482113193,-7029.3804991295865,251.71148025506224,61.21066251326393
2026-09-07 14:57:09.052408,-3829.344935881611,-7031.864350127137,251.67864171618226,61.02624424274733
2026-09-07 14:57:09.154548,-3830.2208616603134,-7034.509596868698,251.71293189735098,60.90575638791332
2026-09-07 14:57:09.254190,-3831.0721366452635,-7037.08556477991,251.76868449561508,60.83784373608127
2026-09-07 14:57:09.354821,-3831.9283733067646,-7039.685034123213,251.73490091209058,60.741998189891326
2026-09-07 14:57:09.463763,-3832.855521786005,-7042.494211000069,251.6739446932262,60.665843091913516
2026-09-07 14:57:09.545246,-3833.5503437893326,-7044.591958193016,251.66482627134715,60.65231507114077
2026-09-07 14:57:09.651697,-3834.4583065946426,-7047.33174096023,251.58143886670922,60.58906335569025
2026-09-07 14:57:09.751342,-3835.311059695669,-7049.892441395099,251.59258972207948,60.3948969797088
2026-09-07 14:57:09.851883,-3836.168222095205,-7052.468054393703,251.67134758297044,60.36414841169754
2026-09-07 14:57:09.952459,-3837.0217056980555,-7055.044427858558,251.63758246390614,60.342177503054025
2026-09-07 14:57:10.053335,-3837.8789456314857,-7057.627040918353,251.7166027439435,60.23375819913267
2026-09-07 14:57:10.152775,-3838.718958549737,-7060.169476410265,251.8723935494258,60.20160853131771
2026-09-07 14:57:10.252102,-3839.5506644706684,-7062.709938141096,251.9946615119427,60.16775955212961
2026-09-07 14:57:10.351669,-3840.37847801774,-7065.256878773474,252.16179341268818,60.13208874561621
2026-09-07 14:57:10.453030,-3841.213145124386,-7067.850618809893,252.3205938132764,60.11880331009869
2026-09-07 14:57:10.551985,-3842.0208000425096,-7070.38448015958,252.35381473434114,60.06173495841316
2026-09-07 14:57:10.651825,-3842.867287554638,-7073.041590705998,252.37616008835124,60.20423043627894
2026-09-07 14:57:10.752086,-3843.684270907358,-7075.6133353474925,252.33128093093123,60.1104894626664
2026-09-07 14:57:10.852044,-3844.4995219603074,-7078.172677863423,252.34246681282298,60.12097069756708
2026-09-07 14:57:10.946327,-3845.2681507672346,-7080.587287696454,252.17365375095324,60.14568613480424
2026-09-07 14:57:11.059419,-3846.1990293245235,-7083.482060989319,252.17365375095324,60.084417638137275
2026-09-07 14:57:11.150805,-3846.9504760270324,-7085.8188511413755,252.30659987865943,60.09000737493376
2026-09-07 14:57:11.251486,-3847.772454019751,-7088.395473258083,252.26153271946288,60.03722214458525
2026-09-07 14:57:11.358729,-3848.649392877282,-7091.136929842112,252.3455405299634,60.009109360354536
2026-09-07 14:57:11.451100,-3849.400906589305,-7093.498211698668,252.28351941532193,59.96148805374606
2026-09-07 14:57:11.559174,-3850.2824669584943,-7096.257764644759,252.23514297723523,59.9539332208452
2026-09-07 14:57:11.650571,-3851.0298689048022,-7098.590564137438,252.3067379704405,59.91639761336321
2026-09-07 14:57:11.759708,-3851.918302222413,-7101.375524331629,252.3311641012558,59.892556547337236
2026-09-07 14:57:11.858443,-3852.7206641410503,-7103.894385834744,252.23172291158392,59.892556547337236
2026-09-07 14:57:11.946444,-3853.439692413947,-7106.138164136828,252.33020115168023,59.86410519056547
2026-09-07 14:57:12.046999,-3854.256499327539,-7108.702223923078,252.3864646000097,59.843896175083074
2026-09-07 14:57:12.160863,-3855.1782522376625,-7111.605577339708,252.31001233471505,59.81305280815842
2026-09-07 14:57:12.260875,-3855.990853334401,-7114.153330121613,252.25405271068513,59.79033119767613
2026-09-07 14:57:12.360596,-3856.803262024274,-7116.691912563389,252.1201403881346,59.870496807856426
2026-09-07 14:57:12.460301,-3857.622567428261,-7119.231582875794,252.0978252486957,59.87398170993455
2026-09-07 14:57:12.558314,-3858.428988391289,-7121.727986255577,252.0539523484034,59.79176339613712
2026-09-07 14:57:12.660450,-3859.2701671775185,-7124.325187372333,252.04252273563708,59.79176339613712
2026-09-07 14:57:12.761188,-3860.1003432108814,-7126.886673399334,252.06506907249877,59.78120037325326
2026-09-07 14:57:12.861597,-3860.926657232043,-7129.439668190524,252.07630542391502,59.72768037049904
2026-09-07 14:57:12.960657,-3861.74064633339,-7131.956268149215,252.12064698577882,59.768363076464944
2026-09-07 14:57:13.061604,-3862.568719849307,-7134.523195395504,252.1319435425259,59.815113218720114
2026-09-07 14:57:13.161592,-3863.389066493777,-7137.067887281972,252.14313278159224,59.84219786858366
2026-09-07 14:57:13.261833,-3864.4085531288624,-7140.23193295947,252.19922053778532,60.654533205639126
2026-09-07 14:57:13.360920,-3865.2299130344545,-7142.790049961858,252.18813212586224,60.695227000168146
2026-09-07 14:57:13.462622,-3866.0740234711984,-7145.4172763524775,252.23365630842505,60.701447727759636
2026-09-07 14:57:13.552290,-3866.8164890199637,-7147.73446137817,252.1834844533725,60.73043803763123
2026-09-07 14:57:13.662263,-3867.7300075349976,-7150.576923134464,252.2080976907178,60.71890666599782
2026-09-07 14:57:13.761805,-3868.555616190382,-7153.149642193805,252.11898305815075,60.76152692579001
2026-09-07 14:57:13.861466,-3869.386800106705,-7155.725955235833,252.1524409957409,60.752818515328975
2026-09-07 14:57:13.960937,-3870.214779003623,-7158.297472034121,252.24149206580256,60.70675193187168
2026-09-07 14:57:14.053889,-3870.9841753182122,-7160.699836763128,252.27269767496642,60.71243745497923
2026-09-07 14:57:14.160957,-3871.868990318577,-7163.4677740731895,252.35656840083817,60.68249941811452
2026-09-07 14:57:14.262105,-3872.7006432322505,-7166.082597449502,252.42448269973886,60.67012573511076
2026-09-07 14:57:14.361694,-3873.5162592596075,-7168.657562015576,252.41333811109445,60.71363633049932
2026-09-07 14:57:14.461456,-3874.3343801448464,-7171.238690457851,252.457993904499,60.789476282600916
2026-09-07 14:57:14.553732,-3875.0901923485103,-7173.629706712315,252.4476676831116,60.8459180299837
2026-09-07 14:57:14.662316,-3876.0710654833847,-7176.727105042491,252.4355165016221,61.30276168116505
2026-09-07 14:57:14.762693,-3876.901202168297,-7179.349666802666,252.49168035377232,61.33609138530226
2026-09-07 14:57:14.861300,-3877.7146168143936,-7181.928182864865,252.5137497480319,61.30162613890373
2026-09-07 14:57:14.962222,-3878.5456442198647,-7184.566072228288,252.62668733904786,61.32367263152743
2026-09-07 14:57:15.189129,-3880.4030502240894,-7190.502750898815,252.57590291154017,61.45453219876415
2026-09-07 14:57:15.286717,-3881.205854302702,-7193.0607312485,252.5649822464403,61.47670310349304
2026-09-07 14:57:15.386212,-3882.0251387800995,-7195.66948271901,252.58725038543508,61.49582969521302
2026-09-07 14:57:15.486625,-3882.851216077066,-7198.3034444584355,252.6209607825537,61.50460381567763
2026-09-07 14:57:15.586380,-3883.6704573156044,-7200.921001820392,252.6321239475641,61.54382862462929
2026-09-07 14:57:15.687612,-3884.5687553103976,-7203.790310902975,252.6434523974697,61.87678093224376
2026-09-07 14:57:15.787161,-3885.3902202527897,-7206.418592197648,252.721433184351,61.8715617579249
2026-09-07 14:57:15.886992,-3886.2103549963117,-7209.05521516878,252.79963487331975,61.86458314583203
2026-09-07 14:57:15.982467,-3886.9911737406737,-7211.5775760731,252.8957927462516,61.8795998913973
2026-09-07 14:57:16.079286,-3887.7788813057555,-7214.137390687788,252.94996579387538,61.8516816419817
2026-09-07 14:57:16.184194,-3888.6293931971313,-7216.910625793676,253.00866487236328,61.84434812596523
2026-09-07 14:57:16.284695,-3889.441358068673,-7219.567880432354,253.0873913996248,61.79077908537323
2026-09-07 14:57:16.384222,-3890.241143919114,-7222.198204465344,253.1208043510756,61.82121754061493
2026-09-07 14:57:16.484825,-3891.1374674075264,-7225.144148895238,253.1770946568017,62.3820581940682
2026-09-07 14:57:16.580192,-3891.9071726922502,-7227.689857277095,253.21978314590189,62.48872314575038
2026-09-07 14:57:16.684993,-3892.7523777829265,-7230.49280895931,253.1259604117027,62.55374171756442
2026-09-07 14:57:16.784737,-3893.5620077430312,-7233.161962314006,253.01434107123876,62.59121906858446
2026-09-07 14:57:16.884497,-3894.3774549752256,-7235.831559709229,252.89154010130423,62.61998537025769
2026-09-07 14:57:16.984528,-3895.2012311699978,-7238.507879935909,252.91392820333732,62.65057796439076
2026-09-07 14:57:17.075093,-3895.946469922452,-7240.9324133550035,252.88352395174593,62.69410275908195
2026-09-07 14:57:17.185074,-3896.9046678732643,-7244.043387140056,253.05582914661466,63.09825327366425
2026-09-07 14:57:17.285049,-3897.726539344717,-7246.74100608449,253.02226579374263,63.170760811090986
2026-09-07 14:57:17.385217,-3898.552528647283,-7249.446455217791,252.95500950105986,63.22765344094513
2026-09-07 14:57:17.484296,-3899.373417338082,-7252.12393975595,252.79978426758862,63.18176839884879
2026-09-07 14:57:17.576302,-3900.1418799483117,-7254.606408254366,252.73800822669156,63.172120981950975
2026-09-07 14:57:17.684580,-3901.049262205891,-7257.526498510902,252.7016574117651,63.15414438519789
2026-09-07 14:57:17.785019,-3901.8924310571792,-7260.23387786286,252.66793828599253,63.15589966366849
2026-09-07 14:57:17.884658,-3902.730487815657,-7262.919274756411,252.6233375502511,63.15764096128727
2026-09-07 14:57:17.984727,-3903.633790155269,-7265.80795982868,252.61213924681343,63.65087323971045
2026-09-07 14:57:18.077112,-3904.4193674499347,-7268.316602501248,252.62247766593515,63.6524877659553
2026-09-07 14:57:18.183129,-3905.3203651071503,-7271.195647153764,252.59874982743264,63.618211706696066
2026-09-07 14:57:18.284848,-3906.1855134800076,-7273.956127888886,252.5190691911552,63.5782146304417
2026-09-07 14:57:18.385112,-3907.0415313847293,-7276.674223868919,252.50784906608277,63.55455965829156
2026-09-07 14:57:18.485497,-3907.8987961759335,-7279.394419742995,252.53031639743597,63.57210300592264
2026-09-07 14:57:18.585663,-3908.8157834862664,-7282.310006203927,252.6087805055511,64.15009210834003
2026-09-07 14:57:18.678173,-3909.60874178708,-7284.841698780224,252.6398377275985,64.14039184382231
2026-09-07 14:57:18.778104,-3910.4636980831456,-7287.576529869553,252.4944605419485,64.113322634062
2026-09-07 14:57:18.885892,-3911.3929640551714,-7290.52279172506,252.53064685532053,64.113322634062
2026-09-07 14:57:18.993237,-3912.3734082706974,-7293.639371528241,252.67479721747284,64.6403379349192
2026-09-07 14:57:19.082519,-3913.1417086512547,-7296.102283818604,252.70477074356552,64.66296225614884
2026-09-07 14:57:19.182894,-3914.0043210404006,-7298.872625776936,252.7946311165128,64.69366005619192
2026-09-07 14:57:19.278451,-3914.821778581526,-7301.512528685593,252.74116419460915,64.73958396505634
2026-09-07 14:57:19.382543,-3915.715567292731,-7304.389432097859,252.7877581968051,64.67318613851955
2026-09-07 14:57:19.483350,-3916.5779978308346,-7307.173389194297,252.87800531626408,64.65909246121998
2026-09-07 14:57:19.583587,-3917.496904280558,-7310.154084159415,252.9789592488021,65.2975169222532
2026-09-07 14:57:19.682581,-3918.342783931239,-7312.917202259717,252.990037253484,65.26637646222724
2026-09-07 14:57:19.781497,-3919.1870604251044,-7315.676989820512,253.02324508156786,65.24390385071598
2026-09-07 14:57:19.882578,-3920.0478846257124,-7318.496709906076,253.2155414677248,65.21563988104883
2026-09-07 14:57:19.982989,-3920.9504496706013,-7321.484848210935,253.29419749432014,65.84544777323042
2026-09-07 14:57:20.083356,-3921.7997020201256,-7324.31451252402,253.38405070529498,65.90683848001841
2026-09-07 14:57:20.183156,-3922.640526380414,-7327.132136701989,253.39521890606727,65.8737003659794
2026-09-07 14:57:20.276445,-3923.4255866259546,-7329.764766517471,253.3430209961552,65.80115092094931
2026-09-07 14:57:20.377257,-3924.2756098556883,-7332.605790087551,253.46711694023136,65.76415318305114
2026-09-07 14:57:20.489871,-3925.217738855148,-7335.779674137939,253.65614936935498,65.72479219186467
2026-09-07 14:57:20.581521,-3926.0450659336148,-7338.593837855984,253.7997357261777,66.41171638568612
2026-09-07 14:57:20.682277,-3926.8796291904832,-7341.466373973586,253.90121237079796,66.41787925002713
2026-09-07 14:57:20.789694,-3927.7640223740223,-7344.530669391286,253.92525354559467,66.36907136231014
2026-09-07 14:57:20.881633,-3928.5193249836557,-7347.151812163056,253.92525354559467,66.3369367239109
2026-09-07 14:57:20.990354,-3929.4120635974477,-7350.249902034288,253.87658749524746,66.23148587813927
2026-09-07 14:57:21.081632,-3930.162586903884,-7352.846168767437,253.9072311133865,66.10227627860678
2026-09-07 14:57:21.190541,-3931.054678496247,-7355.938357249052,253.93160621514818,66.06801686529926
2026-09-07 14:57:21.287934,-3931.8508513098996,-7358.70248459654,253.94250505861328,65.89525915800516
2026-09-07 14:57:21.377736,-3932.582565701767,-7361.244645289516,253.94250505861328,65.79167971041657
2026-09-07 14:57:21.490636,-3933.501038574903,-7364.435652138091,253.9930417266369,65.6496202750193
2026-09-07 14:57:21.590430,-3934.452316473185,-7367.742772053232,254.09354949067315,66.8552989997556
2026-09-07 14:57:21.690384,-3935.271045003479,-7370.615713258904,254.1271057934785,66.77057907466501
2026-09-07 14:57:21.789719,-3936.0820020033634,-7373.4677201314935,254.10487346434599,66.73933134655343
2026-09-07 14:57:21.877661,-3936.800591379645,-7375.991162354345,254.05566735651453,66.64481322107808
2026-09-07 14:57:21.993341,-3937.7473404158295,-7379.305016787304,254.01683156096334,66.53665595327206
2026-09-07 14:57:22.092214,-3938.5571407777015,-7382.13226062499,254.01683156096334,66.50555355611522
2026-09-07 14:57:22.192593,-3939.378891439035,-7385.001226363655,253.91573461278813,66.4511724290069
2026-09-07 14:57:22.290891,-3940.187899988732,-7387.806993940668,253.89373437632497,66.39362404477394
2026-09-07 14:57:22.392627,-3941.025592714439,-7390.708057731302,253.80265557281646,66.27627967961647
2026-09-07 14:57:22.492990,-3941.855059899657,-7393.563596505351,253.83634918406221,66.18595123969779
2026-09-07 14:57:22.593097,-3942.6796109080974,-7396.408455012923,253.82514662820338,66.13084273255916
2026-09-07 14:57:22.691675,-3943.4914392097585,-7399.2073709107535,253.82514662820338,66.13514962134428
2026-09-07 14:57:22.793710,-3944.331791981475,-7402.104629761832,253.79089169736773,66.14317388755927
2026-09-07 14:57:22.892430,-3945.1466172460823,-7404.907613455289,253.87927043726665,66.1034934339086
2026-09-07 14:57:22.992965,-3946.185719911764,-7408.50200645451,253.81176772796962,67.64968948080747
2026-09-07 14:57:23.092021,-3947.0208924363264,-7411.378894464488,253.86719244218298,67.59256288139801
2026-09-07 14:57:23.193182,-3947.870252559439,-7414.315260078005,253.86719244218298,67.59167893330333
2026-09-07 14:57:23.284524,-3948.6371611287113,-7416.966578276545,253.82630563677452,67.5421936733154
2026-09-07 14:57:23.393080,-3949.5501780622094,-7420.114597177623,253.8141575886479,67.49855964448129
2026-09-07 14:57:23.492218,-3950.3840548000467,-7422.987469195236,253.95838113720606,67.46997269966091
2026-09-07 14:57:23.592486,-3951.219765571448,-7425.893969186223,253.9359399918146,67.40163338718328
2026-09-07 14:57:23.693104,-3952.0586852256615,-7428.8073321532565,253.95845947127964,67.23106793862163
2026-09-07 14:57:23.792511,-3952.884282071937,-7431.678671929659,254.0363290237765,67.12770196990239
2026-09-07 14:57:23.891968,-3953.7051251064277,-7434.548157352864,254.1364973774626,67.06165352485273
2026-09-07 14:57:23.992914,-3954.5323494928807,-7437.459187723861,254.15909026714513,67.00784729037147
2026-09-07 14:57:24.093135,-3955.3518349741407,-7440.347315410075,254.15909026714513,66.93078266807817
2026-09-07 14:57:24.193927,-3956.1750415526935,-7443.248557427611,254.13653184445496,66.90524167901678
2026-09-07 14:57:24.292688,-3956.982471140554,-7446.08993573889,253.9928567463175,66.85001116273189
2026-09-07 14:57:24.401053,-3957.969941270265,-7449.531456126688,253.9807300722024,67.40854118018547
2026-09-07 14:57:24.493714,-3958.7404994443373,-7452.215304789355,253.89777563117954,67.37210581331392
2026-09-07 14:57:24.601295,-3959.7115755874756,-7455.58023678365,253.8857366912268,67.81271312810688
2026-09-07 14:57:24.684416,-3960.4109592410746,-7458.001046288972,253.85783152039338,67.74226067104206
2026-09-07 14:57:24.801223,-3961.3966539847997,-7461.406701601234,253.9362598186463,67.67146460036192
2026-09-07 14:57:24.890100,-3962.140633214676,-7463.990413911723,253.97604323267586,67.67224121046671
2026-09-07 14:57:25.002867,-3963.1073274201694,-7467.356210576145,253.93818538208006,67.97145245539924
2026-09-07 14:57:25.090036,-3963.8401583176524,-7469.901528339365,253.81137404329706,67.9364149203073
2026-09-07 14:57:25.202076,-3964.7830670909702,-7473.14929443105,253.83644989929962,67.82276676204363
2026-09-07 14:57:25.290721,-3965.5312613618053,-7475.73072457713,253.78685044251313,67.77319345764134
2026-09-07 14:57:25.391525,-3966.402025563907,-7478.725806655397,253.7755698882982,67.94407248788039
2026-09-07 14:57:25.491072,-3967.2468245242844,-7481.629002721936,253.74215022249825,67.92232636512013
2026-09-07 14:57:25.591231,-3968.0940849819785,-7484.534230881195,253.75335859745968,67.8169800382528
2026-09-07 14:57:25.686308,-3968.9005131551075,-7487.301564416738,253.71079991910995,67.77710231478285
2026-09-07 14:57:25.799133,-3969.859351916325,-7490.582833102545,253.68554837097105,67.7406251801165
2026-09-07 14:57:25.889616,-3970.6290632930054,-7493.2125782912235,253.6349204997046,67.7097900881085
2026-09-07 14:57:25.990684,-3971.491020713023,-7496.147862175794,253.79326186262176,67.61529459413705
2026-09-07 14:57:26.090699,-3972.33478781187,-7499.0508532452795,253.8268386441921,67.55237132384804
2026-09-07 14:57:26.189806,-3973.168432211374,-7501.925301121837,253.98210774474452,67.51166931556858
2026-09-07 14:57:26.298972,-3974.077556773687,-7505.09206260402,253.82329570595113,67.50499204326073
2026-09-07 14:57:26.389515,-3974.8387926800033,-7507.716235768473,253.6307822225046,67.45752198325492
2026-09-07 14:57:26.498281,-3975.7631736967974,-7510.863254293064,253.48472364232055,67.4223571525071
2026-09-07 14:57:26.589705,-3976.546500628249,-7513.505134876816,253.41310749891542,67.4335412747333
2026-09-07 14:57:26.685091,-3977.3673550336007,-7516.260938796209,253.07153154737574,67.30351746534265
2026-09-07 14:57:26.915724,-3979.408533551541,-7522.969428996367,252.55534805063976,65.78761742518735
2026-09-07 14:57:27.013942,-3980.249468094385,-7525.640903594657,252.61030387947,64.92570962267254
2026-09-07 14:57:27.114059,-3981.1179325514413,-7528.413924552965,252.72234062864015,64.43843176967
2026-09-07 14:57:27.214209,-3981.955104625694,-7531.103168195253,252.7559627320673,63.744836809220565
2026-09-07 14:57:27.297754,-3982.66085621897,-7533.3768952750615,252.7559627320673,63.36741702960074
2026-09-07 14:57:27.415208,-3983.6466106492526,-7536.552662846028,252.76910651817457,62.81222484609493
2026-09-07 14:57:27.513967,-3984.4680701321968,-7539.201313186903,252.69174457047433,62.28236781079048
2026-09-07 14:57:27.613941,-3985.2745871213983,-7541.7878794856,252.73649526001373,61.433608448797905
2026-09-07 14:57:27.712910,-3986.08120289608,-7544.383446433438,252.70326963890454,60.88705843369859
2026-09-07 14:57:27.812498,-3986.8731608725325,-7546.925947313378,252.84814783650597,60.08092063322978
2026-09-07 14:57:27.913676,-3987.6745648020096,-7549.522587646313,253.04062875535902,59.61588579993746
2026-09-07 14:57:28.013285,-3988.431325536962,-7552.004448378211,253.18553750324915,58.91272119994793
2026-09-07 14:57:28.113342,-3989.193600216823,-7554.5269226011405,253.25271926665627,58.542891747116535
2026-09-07 14:57:28.213450,-3989.9277144822217,-7556.967450344324,253.230313931127,57.83969189103067
2026-09-07 14:57:28.306467,-3990.6216490541674,-7559.270275128708,253.17826821312923,57.642185000218326
2026-09-07 14:57:28.413899,-3991.392721011959,-7561.821212160142,253.0219787553159,56.85608490022191
2026-09-07 14:57:28.514064,-3992.136132700888,-7564.256142521551,252.94351543054148,56.67490918223527
2026-09-07 14:57:28.613872,-3992.854052390952,-7566.595559433274,252.92117723850382,56.07080955721069
2026-09-07 14:57:28.713601,-3993.5882102390046,-7568.98511909154,252.87653621666743,55.92876561434484
2026-09-07 14:57:28.813231,-3994.287698911918,-7571.254688875742,252.92113292379935,55.212508981715985
2026-09-07 14:57:28.913994,-3995.018115823918,-7573.632065869942,252.9549608220283,55.14119088273435
2026-09-07 14:57:29.014221,-3995.708781440063,-7575.884636599355,252.9998247602569,54.505041767184245
2026-09-07 14:57:29.114897,-3996.425995340176,-7578.230511900958,252.9998247602569,54.52087654986589
2026-09-07 14:57:29.214552,-3997.100956197305,-7580.438284574721,252.94406488811455,53.966460079421246
2026-09-07 14:57:29.307889,-3997.76141214657,-7582.59101980957,252.97539974849974,54.21195017992959
2026-09-07 14:57:29.422863,-3998.533304381875,-7585.1118740931615,253.01399852752556,53.637970795466615
2026-09-07 14:57:29.510594,-3999.1478582145496,-7587.123747014127,253.00418091808717,53.8395856275426
2026-09-07 14:57:29.611421,-3999.857201739972,-7589.444510815232,252.98161466198962,54.11799097857383
2026-09-07 14:57:29.711591,-4000.5664799593283,-7591.7617955951555,252.94798584421332,54.451475975022696
2026-09-07 14:57:29.821657,-4001.2692613395184,-7594.052527245053,253.03420502561022,53.39553842457067
2026-09-07 14:57:29.911131,-4001.8924716196666,-7596.095317161925,253.0141797030471,53.669959599829035
2026-09-07 14:57:30.012579,-4002.6035292062757,-7598.423142030214,252.98012183835937,53.981105624234004
2026-09-07 14:57:30.111596,-4003.3029294676217,-7600.707941794487,252.99120241687507,54.316808560492504
2026-09-07 14:57:30.211572,-4003.9034911311205,-7602.671226300532,252.95763872828562,52.967710077382506
2026-09-07 14:57:30.304159,-4004.5460187428275,-7604.767295481087,252.98872180057728,52.94263020302842
2026-09-07 14:57:30.412521,-4005.296333982842,-7607.219739373167,253.00084813897496,52.97671754700211
2026-09-07 14:57:30.511877,-4005.984257000203,-7609.469953309503,252.9674925952095,53.015785464582194
2026-09-07 14:57:30.611734,-4006.6774761740903,-7611.732778504211,252.87809595997766,53.00880503497858
2026-09-07 14:57:30.711792,-4007.375535658509,-7613.99877355221,252.900490104925,52.98694728385452
2026-09-07 14:57:30.811084,-4008.067086893329,-7616.246764393642,252.8449333418448,53.002564384673235
2026-09-07 14:57:30.911746,-4008.770596730378,-7618.5257629278585,252.85619800543338,52.97529716236091
2026-09-07 14:57:31.011564,-4009.330237221071,-7620.337877445445,252.8226873602023,51.49540406106195
2026-09-07 14:57:31.111527,-4010.00984971989,-7622.53643212909,252.78912803593983,51.477060982492354
2026-09-07 14:57:31.218721,-4010.739743866005,-7624.892756242506,252.74114550633726,51.51171757432417
2026-09-07 14:57:31.305310,-4011.3313284099727,-7626.796930699594,252.67331681538843,51.5563580060389
2026-09-07 14:57:31.419552,-4012.115493524957,-7629.310471534318,252.60939509231096,51.603275769969414
2026-09-07 14:57:31.510201,-4012.740507603428,-7631.3060405440665,252.57896264045306,51.60169158217302
2026-09-07 14:57:31.619493,-4013.4953175994237,-7633.71154662727,252.60342346207239,51.674271356913536
2026-09-07 14:57:31.717989,-4014.1755964372164,-7635.882773661894,252.52626753298557,51.73365698236092
2026-09-07 14:57:31.809862,-4014.6857130552153,-7637.497762148108,252.4851430396168,50.56832138443314
2026-09-07 14:57:31.920953,-4015.4415056043053,-7639.892664312951,252.43541612210203,50.59161858658507
2026-09-07 14:57:32.018858,-4016.1097282728697,-7642.003695638898,252.3915915651237,50.63781542789122
2026-09-07 14:57:32.118905,-4016.7948454021393,-7644.162359272061,252.3915915651237,50.64830599501049
2026-09-07 14:57:32.219132,-4017.4813373530483,-7646.325354686386,252.3915915651237,50.712238429398354
2026-09-07 14:57:32.306000,-4018.077079597499,-7648.2024163783135,252.41103363455628,50.71831087258017
2026-09-07 14:57:32.422173,-4018.8730394795466,-7650.71327739117,252.3200305912875,50.69800840384136
2026-09-07 14:57:32.521072,-4019.5537680279926,-7652.848859212225,252.26469372314233,50.728254797131115
2026-09-07 14:57:32.621210,-4020.213981273068,-7654.91167203496,252.29831179796,50.49154411050495
2026-09-07 14:57:32.721142,-4020.899833451102,-7657.060512322804,252.3318607149813,50.498529782927996
2026-09-07 14:57:32.818106,-4021.5641866134115,-7659.146209464223,252.27760653563845,50.50954435237368
2026-09-07 14:57:32.921246,-4022.273109961332,-7661.364566067561,252.23143867080267,50.52666792492872
2026-09-07 14:57:33.022223,-4022.9691518144064,-7663.536576551908,252.25403849864603,50.523138563741796
2026-09-07 14:57:33.121079,-4023.649687131099,-7665.663084492219,252.2872261836824,50.493769128120825
2026-09-07 14:57:33.221484,-4024.339233696015,-7667.822057478912,252.35464160644034,50.486750390983204
2026-09-07 14:57:33.306809,-4024.9229757539997,-7669.65720367621,252.36418997047736,50.487495963596956
2026-09-07 14:57:33.423250,-4025.719189060626,-7672.161753792707,252.45540294906328,50.45900693716755
2026-09-07 14:57:33.521846,-4026.3896243353834,-7674.282345960513,252.4112690844002,50.477099173041296
2026-09-07 14:57:33.621166,-4027.008571010069,-7676.234987585342,252.33346768254734,49.97923459950695
2026-09-07 14:57:33.721663,-4027.6899899581995,-7678.374469240032,252.34471388167572,49.931814713283124
2026-09-07 14:57:33.821491,-4028.365813771381,-7680.497824831133,252.38939921821657,49.93879311566322
2026-09-07 14:57:33.920884,-4029.037137489248,-7682.612747587973,252.3449085978014,49.94400411118376
2026-09-07 14:57:34.021279,-4029.7396993107113,-7684.820303934108,252.35614338253617,50.11396822928853
2026-09-07 14:57:34.121607,-4030.420958589145,-7686.962215431698,252.36737066958108,50.19374513683595
2026-09-07 14:57:34.222104,-4031.1040306581167,-7689.111284289954,252.24366247916902,50.21745507994786
2026-09-07 14:57:34.321759,-4031.7863014633444,-7691.24188598974,252.13214273488433,50.18784826693896
2026-09-07 14:57:34.421728,-4032.450130507773,-7693.300149638336,252.1545169605958,49.95260645953964
2026-09-07 14:57:34.521094,-4033.130121939416,-7695.412312871319,252.1656365942425,50.00383399580597
2026-09-07 14:57:34.622882,-4033.8269818382078,-7697.578313251842,252.06312056837197,50.08210355781385
2026-09-07 14:57:34.731174,-4034.5736582206596,-7699.884990391587,252.09947608334286,50.01302665054604
2026-09-07 14:57:34.819307,-4035.179309918524,-7701.760065515946,252.0896134877651,50.00840599649383
2026-09-07 14:57:34.921672,-4035.8830740487833,-7703.937611474654,252.1239792053619,50.01019493386521
2026-09-07 14:57:35.022049,-4036.5886805708146,-7706.125629248457,252.15767751665206,50.148076586841974
2026-09-07 14:57:35.122483,-4037.2785519041786,-7708.268886337812,252.18015581477556,50.14632139575169
2026-09-07 14:57:35.230614,-4038.02036187368,-7710.576607505994,252.20435679108232,50.13876257830807
2026-09-07 14:57:35.313136,-4038.5856575172347,-7712.337757373748,252.222826175133,50.1481366171245
2026-09-07 14:57:35.418207,-4039.3048308207613,-7714.580789712776,252.26985840051753,50.13528302390577
2026-09-07 14:57:35.530992,-4040.0746296581997,-7716.988514395963,252.3203435918643,50.13232646695617
2026-09-07 14:57:35.630115,-4040.7492757655255,-7719.105054339945,252.40908311612483,50.172168906251315
2026-09-07 14:57:35.719017,-4041.3518939540936,-7721.005792996052,252.45882637188922,50.14420307824934
2026-09-07 14:57:35.820207,-4042.0355459799457,-7723.16863945788,252.54941637077872,50.152160891728
2026-09-07 14:57:35.915225,-4042.6743887010994,-7725.200899811225,252.51751716934646,50.187032246919934
2026-09-07 14:57:36.014930,-4043.346398025621,-7727.33451542643,252.53983230878532,50.18616102140041
2026-09-07 14:57:36.119492,-4044.050259676748,-7729.572302825851,252.5632345013535,50.17062869697194
2026-09-07 14:57:36.219580,-4044.7229212774296,-7731.713951729706,252.52963321240873,50.15751011418293
2026-09-07 14:57:36.320065,-4045.3993349246007,-7733.86313697076,252.41718464982335,50.13819320811747
2026-09-07 14:57:36.420065,-4046.0764192655397,-7735.999800535542,252.39480348595103,50.11896953685763
2026-09-07 14:57:36.517934,-4046.7396373522965,-7738.0898711212385,252.38385137531594,50.117259171873506
2026-09-07 14:57:36.619463,-4047.428048710834,-7740.2578983834655,252.4633831768536,50.119033499254726
2026-09-07 14:57:36.727871,-4048.1599146018993,-7742.573918337372,252.52404060718032,50.15408258602549
2026-09-07 14:57:36.818760,-4048.7718808055915,-7744.517670614213,252.51386959916437,50.16758383346699
2026-09-07 14:57:36.925981,-4049.4944137557,-7746.811188111637,252.57386286845318,50.20412295573514
2026-09-07 14:57:37.013216,-4050.0807390809937,-7748.679167870208,252.59338707675718,50.19497580866776
2026-09-07 14:57:37.114206,-4050.758654258988,-7750.841523201722,252.61598981415182,50.190563539212015
2026-09-07 14:57:37.214135,-4051.5347953102296,-7753.317119080909,252.5824419042829,50.79359980925173
2026-09-07 14:57:37.326561,-4052.2989425132473,-7755.752899718392,252.56986078063534,50.80440601157703
2026-09-07 14:57:37.426428,-4052.978347169489,-7757.916892835369,252.48045519293794,50.769500368345994
2026-09-07 14:57:37.525644,-4053.6562108654985,-7760.064247357259,252.42494095406911,50.759096936885726
2026-09-07 14:57:37.625679,-4054.341627092349,-7762.228220937365,252.41374645542928,50.74860762804312
2026-09-07 14:57:37.724826,-4055.0212375158026,-7764.372409200363,252.43593670797375,50.76506827229475
2026-09-07 14:57:37.826808,-4055.7196528913405,-7766.57889420596,252.42452432870363,50.7980397870082
2026-09-07 14:57:37.926684,-4056.404520431883,-7768.741080873739,252.4021709174745,50.80240338562354
2026-09-07 14:57:38.026615,-4057.0906680221015,-7770.904376527336,252.37980519660528,50.7980373840493
2026-09-07 14:57:38.134166,-4057.829981407043,-7773.232140620366,252.355734031049,50.7952180316843
2026-09-07 14:57:38.213295,-4058.374609129051,-7774.944433667387,252.320314048728,50.794526599919244
2026-09-07 14:57:38.336039,-4059.221059722204,-7777.599964143324,252.22416367348603,50.81168725668374
2026-09-07 14:57:38.426194,-4059.8462579017614,-7779.550053686897,252.20398593519695,50.83059391212844
2026-09-07 14:57:38.534904,-4060.601238375689,-7781.902104693747,252.1796553719514,50.81634523961032
2026-09-07 14:57:38.633348,-4061.3841813994773,-7784.341529813072,252.22372119787627,51.35720404803351
2026-09-07 14:57:38.715498,-4061.959997324616,-7786.137540779687,252.19614200869466,51.3665358297253
2026-09-07 14:57:38.836983,-4062.8129582961596,-7788.793588676892,252.19614200869466,51.37184352905031
2026-09-07 14:57:38.932837,-4063.486030438323,-7790.88947806398,252.16396214746743,51.34420354227619
2026-09-07 14:57:39.032904,-4064.1895356787863,-7793.0759145219035,252.2759429437279,51.310976772160544
2026-09-07 14:57:39.133563,-4064.892447831863,-7795.275240715712,252.4223792060523,51.342640989848
2026-09-07 14:57:39.232139,-4065.5757286275007,-7797.432137365145,252.51062903044732,51.31335474029539
2026-09-07 14:57:39.334089,-4066.2785585125926,-7799.662671732798,252.59049061843467,51.35611517560319
2026-09-07 14:57:39.433621,-4066.9622523327557,-7801.843073128822,252.5570759883966,51.4474351287953
2026-09-07 14:57:39.533592,-4067.651462130572,-7804.036584150599,252.43401528505532,51.45092932813988
2026-09-07 14:57:39.633833,-4068.3473029725856,-7806.234679285225,252.43401528505532,51.37560114511935
2026-09-07 14:57:39.723285,-4068.9673409250977,-7808.193320291056,252.39397448764123,51.31932346303273
2026-09-07 14:57:39.836232,-4069.7511034641566,-7810.6631516351945,252.39397448764123,51.27195060489923
2026-09-07 14:57:39.933142,-4070.4229611862906,-7812.780342975981,252.41566407354986,51.23045727166842
2026-09-07 14:57:40.033531,-4071.117545259578,-7814.972028164402,252.42689818684977,51.26028215101367
2026-09-07 14:57:40.134825,-4071.8183651043764,-7817.184896137165,252.46090435104895,51.29834189189256
2026-09-07 14:57:40.235654,-4072.5151772786176,-7819.389655151414,252.46090435104895,51.286007232941465
2026-09-07 14:57:40.334646,-4073.199129760834,-7821.553725264178,252.44982657017874,51.31628206852665
2026-09-07 14:57:40.435589,-4073.8974006306535,-7823.761613998957,252.42723435193113,51.32598454376656
2026-09-07 14:57:40.535086,-4074.586657188265,-7825.938014772533,252.4049657653131,51.31033519960832
2026-09-07 14:57:40.635080,-4074.4856354224357,-7825.619000355556,252.4049657653131,47.57199974919338
2026-09-07 14:57:40.734868,-4074.6987602879044,-7826.290825064809,252.4049657653131,45.41669210902437
2026-09-07 14:57:40.836123,-4075.0389685640207,-7827.363477477551,252.4049657653131,43.79699346918784
2026-09-07 14:57:40.935838,-4076.014823524902,-7830.440868824264,252.44960052042364,46.41990335927073
2026-09-07 14:57:41.035906,-4076.6410009449605,-7832.4207754190065,252.3936095627643,46.45487925628218
2026-09-07 14:57:41.126501,-4077.2100807327547,-7834.2140482241475,252.3733333473542,46.47466980739338
2026-09-07 14:57:41.225493,-4077.832865553165,-7836.174149027329,252.3401000047435,46.46169487785687
2026-09-07 14:57:41.333644,-4078.5143237533334,-7838.314610743871,252.2795863733947,46.47587028197339
2026-09-07 14:57:41.432231,-4079.1377698666506,-7840.265725262283,252.22442407832773,46.450026589993925
2026-09-07 14:57:41.533235,-4079.778068616837,-7842.26294703789,252.30354462597924,46.420018998391384
2026-09-07 14:57:41.633630,-4080.411355360648,-7844.247720579648,252.30354462597924,46.415632724582
2026-09-07 14:57:41.731346,-4081.027684860554,-7846.179348702884,252.38008954929234,46.38147890165788
2026-09-07 14:57:41.834006,-4081.6720117392756,-7848.208078067054,252.4605073092019,46.345597045448145
2026-09-07 14:57:41.933937,-4082.710318286949,-7851.485775037823,252.4716901696365,50.018592932837
2026-09-07 14:57:42.034046,-4083.384493486816,-7853.620307495416,252.46048738996603,49.94073967690633
2026-09-07 14:57:42.133249,-4084.1551119356905,-7856.057069710109,252.44938599696792,50.926582412739975
2026-09-07 14:57:42.233566,-4084.8437993731004,-7858.234597993019,252.3932557165635,50.85032054474438
2026-09-07 14:57:42.333659,-4085.603988150883,-7860.630042080882,252.47166264080494,51.57978930701343
2026-09-07 14:57:42.433176,-4086.295095766775,-7862.818181262113,252.6275740807605,51.604137624557715
2026-09-07 14:57:42.534645,-4086.9940153610714,-7865.052203543907,252.78654368294758,51.64669631617368
2026-09-07 14:57:42.634155,-4087.673920254508,-7867.246796652533,252.8422224233709,51.676260050682906
2026-09-07 14:57:42.731944,-4088.3403515414893,-7869.405317984909,252.85316558154045,51.707021454863735
2026-09-07 14:57:42.832938,-4089.028608545672,-7871.6360426052715,252.87576921418162,51.73614358669198
2026-09-07 14:57:42.933832,-4089.7347416051134,-7873.926950039833,252.8531879627043,51.980454597898586
2026-09-07 14:57:43.033744,-4090.419224691608,-7876.145446010316,252.86436869692835,51.962993912053925
2026-09-07 14:57:43.134238,-4091.136271626364,-7878.470026747572,252.8981062871611,52.29656302514409
2026-09-07 14:57:43.231492,-4091.8048934613107,-7880.643160417908,252.85457313293637,52.31185957998258
2026-09-07 14:57:43.333856,-4092.508041836351,-7882.922411152067,252.74002186000519,52.25501603145685
2026-09-07 14:57:43.434272,-4093.20403725407,-7885.162505121239,252.66136191670614,52.22606056885842
2026-09-07 14:57:43.534060,-4093.9123126508466,-7887.431291413137,252.58319391138906,52.4525932506281
2026-09-07 14:57:43.633144,-4094.6077429377697,-7889.6481332301055,252.527753530361,52.454324849030925
2026-09-07 14:57:43.733058,-4095.3111845728927,-7891.882939115251,252.49421065625393,52.47527809147008
2026-09-07 14:57:43.834371,-4096.026087813601,-7894.149523914178,252.50554817053091,52.48590140677743
2026-09-07 14:57:43.942257,-4096.777730732322,-7896.534035992773,252.469328956848,52.372755774211875
2026-09-07 14:57:44.032654,-4097.415236745617,-7898.552179106509,252.5199087086121,52.31588355640139
2026-09-07 14:57:44.143032,-4098.1906359885925,-7901.014414231909,252.48285288702365,52.31974150255833
2026-09-07 14:57:44.226193,-4098.776080161201,-7902.869270136821,252.48285288702365,52.3299147917215
2026-09-07 14:57:44.331858,-4099.520094627424,-7905.22652244299,252.51832647223216,52.32252835818087
2026-09-07 14:57:44.432069,-4100.224222421062,-7907.462223738346,252.55196905442426,52.30063718408291
2026-09-07 14:57:44.531190,-4100.9191019437185,-7909.673090377706,252.62961457147077,52.34480943202213
2026-09-07 14:57:44.632383,-4101.626044237664,-7911.933038802859,252.65226274262807,52.35188325371594
2026-09-07 14:57:44.732063,-4102.32163056035,-7914.159773291512,252.64110797055412,52.348399225441064
2026-09-07 14:57:44.832528,-4103.023084997969,-7916.403757882508,252.59613749798547,52.36595655392397
2026-09-07 14:57:44.931507,-4103.71613143428,-7918.6147494091165,252.61829015017463,52.351253564887756
2026-09-07 14:57:45.031585,-4104.415812116621,-7920.849933390404,252.7078846348951,52.3634963521663
2026-09-07 14:57:45.132036,-4105.114754906134,-7923.095068469443,252.7303667378165,52.39158416310044
2026-09-07 14:57:45.224028,-4105.754375659712,-7925.152494262841,252.69948341741235,52.399622453857425
2026-09-07 14:57:45.332282,-4106.508486766778,-7927.573589396054,252.66314065970488,52.41475728519242
2026-09-07 14:57:45.431823,-4107.203514659365,-7929.800021336678,252.58516613954947,52.400840605476965
2026-09-07 14:57:45.531481,-4107.902206819076,-7932.027529582487,252.54055689896575,52.38081186434082
2026-09-07 14:57:45.631688,-4108.606222399311,-7934.265905270356,252.529343152525,52.38431431238797
2026-09-07 14:57:45.731008,-4109.304487143967,-7936.484479304304,252.44042726469314,52.406878708191485
2026-09-07 14:57:45.838767,-4110.066144410527,-7938.891418396148,252.38013296875027,52.36074022820368
2026-09-07 14:57:45.930604,-4110.716847436363,-7940.940229096154,252.39041006348296,52.348703107993515
2026-09-07 14:57:46.038691,-4111.482079925095,-7943.351147380113,252.3662189348883,52.35625884964974
2026-09-07 14:57:46.131089,-4112.137202357713,-7945.412138090769,252.43859805216985,52.32961541799374
2026-09-07 14:57:46.676517,-4115.987076467697,-7957.57690629167,252.86585402286875,52.17233848947504
2026-09-07 14:57:46.777809,-4116.683076326864,-7959.834500996612,252.94520017265208,52.143130427836255
2026-09-07 14:57:46.877596,-4117.365272225752,-7962.058254045756,253.02336739462845,52.11435634057617
2026-09-07 14:57:46.977678,-4118.046065593168,-7964.288281274834,253.10176570212178,52.085497188570756
2026-09-07 14:57:47.077839,-4118.723966329508,-7966.519762560318,253.18022589353325,52.056615256514895
2026-09-07 14:57:47.177885,-4119.542916282505,-7969.213242026761,253.25859600076015,52.634719026980264
2026-09-07 14:57:47.277071,-4120.215181856487,-7971.448150915764,253.3362924349545,52.60611824111658
2026-09-07 14:57:47.377148,-4120.890061042638,-7973.702828194249,253.41468682574416,52.57726053088651
2026-09-07 14:57:47.477117,-4121.560761556338,-7975.954756586639,253.4929966157344,52.54843396300388
2026-09-07 14:57:47.578819,-4122.239584685308,-7978.245396860261,253.5726639352193,52.51910767578686
2026-09-07 14:57:47.678520,-4122.901559226528,-7980.4906378965625,253.65076378989244,52.49035838706269
2026-09-07 14:57:47.778599,-4123.56260876798,-7982.744060847022,253.72915974736355,52.461500100122485
2026-09-07 14:57:47.879115,-4124.223084128553,-7985.0069850049695,253.80789802473615,52.43251580201717
2026-09-07 14:57:47.977465,-4124.8659282704075,-7987.220808062954,253.88493958607557,52.40415608099109
2026-09-07 14:57:48.078197,-4125.520937920881,-7989.487905462232,253.96384706504702,52.375109498190895
2026-09-07 14:57:48.179667,-4126.177236704621,-7991.771252661341,254.04333264948127,52.345850109349854
2026-09-07 14:57:48.279771,-4126.821214731637,-7994.023498323022,254.12174819047084,52.31698461353293
2026-09-07 14:57:48.379577,-4127.459849467303,-7996.268677132647,254.19993029592115,52.28820504752653
2026-09-07 14:57:48.479595,-4128.096419642593,-7998.518257993697,254.27827846960744,52.25936435024553
2026-09-07 14:57:53.015841,-4146.284110750283,-8063.191119956479,254.27827846960744,47.71889315813624
2026-09-07 14:57:53.142543,-4147.0164866534615,-8065.792843524819,254.37752930748064,47.72775016757612
2026-09-07 14:57:53.234059,-4147.542318352575,-8067.673313400601,254.39801165340998,47.86609303818054
2026-09-07 14:57:53.334876,-4148.122527971045,-8069.751112349527,254.31903759047603,47.98149646789321
2026-09-07 14:57:53.441833,-4148.742602931712,-8071.959916300379,254.3669140333618,48.02729156068412
2026-09-07 14:57:53.534782,-4149.280376229289,-8073.881718553928,254.41892170338096,48.09714001873597
2026-09-07 14:57:53.642003,-4149.899609508859,-8076.102394074987,254.514910934243,48.17396586555616
2026-09-07 14:57:53.733863,-4150.427782630579,-8078.008851322625,254.60742795134195,48.26787891724058
2026-09-07 14:57:53.842228,-4151.048430811343,-8080.263241852792,254.60742795134195,48.35688722396369
2026-09-07 14:57:53.941008,-4151.615225270164,-8082.3220186286235,254.57426578083238,48.45269607915562
2026-09-07 14:57:54.040777,-4152.190034601191,-8084.405195705023,254.6189247075999,48.49454174732849
2026-09-07 14:57:54.142256,-4152.773547710098,-8086.526362998735,254.76655388595867,48.49897538127344
2026-09-07 14:57:54.242249,-4153.34318096152,-8088.618134897396,254.86726207331736,48.55139990564486
2026-09-07 14:57:54.341788,-4153.907176017827,-8090.703654851749,254.85612307996394,48.62533078116774
2026-09-07 14:57:54.450639,-4154.525316730629,-8092.987630500966,254.73431247653076,48.74041915238452
2026-09-07 14:57:54.651004,-4155.674794864847,-8097.199323022868,254.8464225240126,48.78944143646424
2026-09-07 14:57:54.742018,-4156.193711981623,-8099.115389702467,254.8769775127427,48.785465020064144
2026-09-07 14:57:54.851640,-4156.817441124165,-8101.423345029722,254.88924485247276,48.83335904940156
2026-09-07 14:57:54.941658,-4157.329723730552,-8103.32053275017,254.89931839052002,48.875834380188515
2026-09-07 14:57:55.051339,-4157.954042457315,-8105.634251378612,254.80112685313293,48.92758777124413
2026-09-07 14:57:55.149216,-4158.5153025489435,-8107.70019228864,254.74636182372473,48.94896908115208
2026-09-07 14:57:55.249753,-4159.094096900512,-8109.822654297201,254.72386047300245,48.909436780840586
2026-09-07 14:57:55.349078,-4159.666274702774,-8111.917611437851,254.72386047300245,48.899021920033945
2026-09-07 14:57:55.448936,-4160.241400443782,-8114.0233620858735,254.73503516431225,48.93654210488877
2026-09-07 14:57:55.549193,-4160.818854592732,-8116.139261487766,254.69015779738533,48.96369962120443
2026-09-07 14:57:55.649801,-4161.400315834171,-8118.263292213341,254.6113474526651,48.94787553387444
2026-09-07 14:57:55.749052,-4161.976629671281,-8120.357206103315,254.55581363027784,48.960017152213965
2026-09-07 14:57:55.849933,-4162.564616707859,-8122.485467382669,254.42034357872177,48.91858658426981
2026-09-07 14:57:55.939188,-4163.744323599702,-8126.739191907271,254.42034357872177,51.50256251910002
2026-09-07 14:57:56.052079,-4164.442402784117,-8129.2428623501655,254.52140885755009,51.500589628670745
2026-09-07 14:57:56.149551,-4165.17925485394,-8131.904803581566,254.59776264572372,52.16531017604535
2026-09-07 14:57:56.249505,-4165.798334080852,-8134.15201378484,254.50827917157605,52.21160044439382
2026-09-07 14:57:56.350143,-4166.425738915323,-8136.415632639243,254.42944532663375,52.18873661369634
2026-09-07 14:57:56.449784,-4167.049737897769,-8138.654988405299,254.38484369564577,52.13562597028356
2026-09-07 14:57:56.549833,-4167.67740272962,-8140.9007374939465,254.40723582628834,52.089291705942
2026-09-07 14:57:56.650041,-4168.304628014384,-8143.148301849896,254.4296635429815,52.10505287943878
2026-09-07 14:57:56.750496,-4168.939513834628,-8145.4269071769695,254.51959553565317,52.15815824419692
2026-09-07 14:57:56.850300,-4169.560639478675,-8147.669592082701,254.53076418404873,52.19391395817106
2026-09-07 14:57:56.949859,-4170.210275059053,-8150.0169095407855,254.54190541551853,52.47004117416537
2026-09-07 14:57:57.049948,-4170.836018016284,-8152.2796910419,254.49710324930226,52.52339061052733
2026-09-07 14:57:57.150936,-4171.4698102312,-8154.564623338369,254.48580210441656,52.55251101222516
2026-09-07 14:57:57.251351,-4172.100804108194,-8156.837726289289,254.49703912726773,52.53496242177464
2026-09-07 14:57:57.584803,-4174.179487346552,-8164.331665936053,254.45972390799,52.344585952318916
2026-09-07 14:57:57.666636,-4174.692519732193,-8166.176563949011,254.47803908582165,52.30454262565912
2026-09-07 14:57:57.769313,-4175.3349967254035,-8168.489817740121,254.5584701625237,52.26506604778018
2026-09-07 14:57:57.869551,-4175.95857046394,-8170.747295408536,254.580904593566,52.267693696452554
2026-09-07 14:57:57.967390,-4176.5663879268295,-8172.951093717117,254.56995584010548,52.24888544872864
2026-09-07 14:57:58.068791,-4177.196543656453,-8175.234182887168,254.51321903016012,52.22230409205475
2026-09-07 14:57:58.292333,-4178.590017765564,-8180.263393662705,254.48820337948843,52.14807803705967
2026-09-07 14:57:58.394326,-4179.225899249826,-8182.554476364859,254.56809865112737,52.156990218436064
2026-09-07 14:57:58.499248,-4179.876865844324,-8184.912666411484,254.5446158863693,52.16707514861569
2026-09-07 14:57:58.595490,-4180.474981322978,-8187.075941118995,254.46922560730036,52.232670474257695
2026-09-07 14:57:58.697009,-4181.109690859158,-8189.359865415047,254.3783410722943,52.227348016395986
2026-09-07 14:57:58.795085,-4181.72631068597,-8191.565130633035,254.3344399717355,52.247058815485545
2026-09-07 14:57:58.893914,-4182.294305075021,-8193.588420173051,254.27914227062712,51.84883805324117
2026-09-07 14:57:58.995855,-4182.934518640356,-8195.862873765236,254.22210331496947,51.905846933878244
2026-09-07 14:57:59.097052,-4183.57300838958,-8198.122575673096,254.16548064895986,51.906731196542104
2026-09-07 14:57:59.197602,-4184.2096453862005,-8200.367240432624,254.12047212841264,51.91463867895419
2026-09-07 14:57:59.297777,-4184.861276675488,-8202.658912846942,254.1092619629581,52.068456842847866
2026-09-07 14:57:59.391606,-4185.459271695817,-8204.759479378805,254.13026198520788,52.09633279144866
2026-09-07 14:57:59.496640,-4186.128174939754,-8207.112398444802,254.04798457439216,52.10367511540178
2026-09-07 14:57:59.597268,-4186.772346012083,-8209.366011495826,253.90159341011295,52.131812418551384
2026-09-07 14:57:59.697964,-4187.423063380895,-8211.62071004369,253.84525106818086,52.09925667689516
2026-09-07 14:57:59.796842,-4188.063808927322,-8213.832689866573,253.7014057612921,52.0603767143918
2026-09-07 14:57:59.887320,-4188.654759481729,-8215.853767233792,253.6204056434986,52.003453536376405
2026-09-07 14:57:59.987177,-4189.3094044884,-8218.080988416072,253.53100900826678,51.98687501606782
2026-09-07 14:58:00.089312,-4189.982322587161,-8220.357244965515,253.46243200310386,51.969918296241296
2026-09-07 14:58:00.189712,-4190.646270661364,-8222.593311099625,253.5186087244233,51.98220047456986
2026-09-07 14:58:00.296985,-4191.353494365337,-8224.983708959593,253.61464450810624,51.95689189095597
2026-09-07 14:58:00.396951,-4192.0084911654985,-8227.211299105964,253.62583128524454,51.93680124959838
2026-09-07 14:58:00.497600,-4192.667270368292,-8229.453370286965,253.64835770287036,51.906019651824685
2026-09-07 14:58:00.596791,-4193.31525346034,-8231.661908219834,253.62615760261377,51.889551702577975
2026-09-07 14:58:00.696238,-4193.96556042416,-8233.875191818039,253.63728630063184,51.85044800275525
2026-09-07 14:58:00.797777,-4194.628608466735,-8236.133460604378,253.63728630063184,51.81229620670512
2026-09-07 14:58:00.896746,-4195.274398925045,-8238.332951954733,253.60406067952266,51.85380633443418
2026-09-07 14:58:00.997406,-4195.933047884318,-8240.571434851556,253.59279623974572,51.856445045455565
2026-09-07 14:58:01.097856,-4196.590795377626,-8242.805232158404,253.53659154197143,51.86346692828485
2026-09-07 14:58:01.197685,-4197.246742764796,-8245.024877948237,253.3801912973969,51.88789158128011
2026-09-07 14:58:01.297476,-4197.908806319977,-8247.242924784525,253.32435532929736,51.92887449982487
2026-09-07 14:58:01.398379,-4198.580963218323,-8249.486805407869,253.2227306332781,51.99147475127049
2026-09-07 14:58:01.606921,-4199.980056268852,-8254.127478126647,252.98935999946525,51.82382805019228
2026-09-07 14:58:01.694624,-4200.574470733903,-8256.070429688609,252.92065866693702,51.83149156674002
2026-09-07 14:58:01.808765,-4201.351217275653,-8258.598526838852,252.93343170906476,51.81453631490293
2026-09-07 14:58:01.906549,-4202.015951626582,-8260.763774255029,252.94437430770523,51.79830195947612
2026-09-07 14:58:02.006379,-4202.693959967515,-8262.973763516862,252.98906053949264,51.77126010849523
2026-09-07 14:58:02.107915,-4203.381442449326,-8265.220882800051,252.96633560094327,51.80142575362765
2026-09-07 14:58:02.206573,-4204.050694172442,-8267.405315276374,252.87801236633072,51.7643564512442
2026-09-07 14:58:02.307569,-4204.738759462095,-8269.638856240847,252.7875960452729,51.72817369215105
2026-09-07 14:58:02.408881,-4205.4320275039245,-8271.876728249825,252.69689682630366,51.806962502995724
2026-09-07 14:58:02.509593,-4206.318002291507,-8274.745870836041,252.65181579078555,52.58903949211562
2026-09-07 14:58:02.607871,-4207.006929106528,-8276.951226236692,252.68480943113116,52.583886954031776
2026-09-07 14:58:02.709906,-4207.720803850751,-8279.241075733276,252.63913619001698,52.62044194456674
2026-09-07 14:58:02.808579,-4208.41340292371,-8281.456463878718,252.62809410710312,52.671312208902705
2026-09-07 14:58:02.908600,-4209.116575689404,-8283.7041525612,252.63928703906146,52.7053976916755
2026-09-07 14:58:03.009146,-4209.823455075901,-8285.965239460491,252.63928703906146,52.734390640432885
2026-09-07 14:58:03.094114,-4210.421143373369,-8287.877058089072,252.62027021174248,52.690585905397995
2026-09-07 14:58:03.210737,-4211.241690385101,-8290.498676678904,252.64637179648525,52.72625284970107
2026-09-07 14:58:03.310350,-4211.94201040357,-8292.739755203236,252.70210816840552,52.74714296859424
2026-09-07 14:58:03.409660,-4212.63830218747,-8294.975580490689,252.7243349022471,52.74540742060077
2026-09-07 14:58:03.510029,-4213.341119163022,-8297.23544614044,252.71310302706362,52.747161475746836
2026-09-07 14:58:03.605831,-4214.012401653022,-8299.392423343925,252.67021982183775,52.77394934707826
2026-09-07 14:58:03.710225,-4214.746019456727,-8301.743494248281,252.61180834130562,52.72195405233394
2026-09-07 14:58:03.809653,-4215.44633103216,-8303.979806239815,252.46716290780847,52.7167412218266
2026-09-07 14:58:03.910218,-4216.16028831333,-8306.239672525719,252.3433710118435,52.68071287250384
2026-09-07 14:58:04.009270,-4216.867827733157,-8308.462494399228,252.43204697359863,52.650419687050636
2026-09-07 14:58:04.101195,-4217.632867808015,-8310.88871499682,252.5349163980467,53.184403909882676
2026-09-07 14:58:04.657938,-4221.605578664487,-8323.515369760642,252.47261361645792,53.4422403433534
2026-09-07 14:58:04.758879,-4222.331848948993,-8325.814971554804,252.46131773114575,53.488987706914266
2026-09-07 14:58:04.858919,-4223.052715857584,-8328.095898582651,252.45012267297682,53.53531780321437
2026-09-07 14:58:04.959070,-4223.775454227305,-8330.38119309753,252.43891519326195,53.58169930535904
2026-09-07 14:58:05.059094,-4224.498348296168,-8332.665425709087,252.42772192558616,53.62802199180767
2026-09-07 14:58:05.158425,-4225.217298064707,-8334.935653069539,252.41660620864315,53.67402373906463
2026-09-07 14:58:05.259705,-4225.951432799633,-8337.252268378215,252.4052723872582,53.72092809885346
2026-09-07 14:58:05.359603,-4226.676635187535,-8339.539126081765,252.39409321971564,53.7671924327218
2026-09-07 14:58:05.459679,-4227.404202771534,-8341.83188957935,252.38289413293722,53.8135392011877
2026-09-07 14:58:05.560190,-4228.136013220523,-8344.136460956865,252.3716463671274,53.86008742499038
2026-09-07 14:58:05.659333,-4228.858934419635,-8346.411490508113,252.36055168847844,53.9060021064926
2026-09-07 14:58:05.760498,-4229.597678172737,-8348.7347547609,252.3492307362627,53.952853207974016
2026-09-07 14:58:05.860771,-4230.330999998823,-8351.039390699903,252.3380096040379,53.999291210236116
2026-09-07 14:58:05.960599,-4231.06214552964,-8353.335630613346,252.32683826990268,54.04552312600428
2026-09-07 14:58:06.060479,-4231.794746529002,-8355.634890800346,252.31566111666484,54.09177912378971
2026-09-07 14:58:06.160641,-4232.524357851735,-8357.922978920793,252.30445240598596,54.11014080114945
2026-09-07 14:58:06.259894,-4233.254124044264,-8360.21025225021,252.29334541769688,54.15610642538051
2026-09-07 14:58:06.360350,-4233.993811972453,-8362.527071770075,252.28210380670708,54.202629177818764
2026-09-07 14:58:06.461298,-4234.738218357502,-8364.857092298878,252.27080713805418,54.24937978318965
2026-09-07 14:58:06.561285,-4235.476629528656,-8367.16677661218,252.2596180108937,54.295685334356776
2026-09-07 14:58:08.541774,-4250.12410880569,-8412.951958038673,252.03798976661227,54.26107418029338
2026-09-07 14:58:08.641128,-4250.867325145419,-8415.244513817597,252.10469951127334,54.234161267718434
2026-09-07 14:58:08.741027,-4251.611564651477,-8417.54937002737,252.08234095237654,54.24114463330094
2026-09-07 14:58:08.841253,-4252.359238854091,-8419.861776899887,252.0262615891199,54.24639930150737
2026-09-07 14:58:08.940370,-4253.10094980919,-8422.14809367556,252.04844512731523,54.25159582684626
2026-09-07 14:58:09.040248,-4253.847534922137,-8424.452474253894,252.1378605627247,54.29785089840026
2026-09-07 14:58:09.137987,-4254.575230906758,-8426.710564955616,252.05036005969612,54.376423180802284
2026-09-07 14:58:09.240769,-4255.345211657525,-8429.087428528157,252.1078695793242,54.35307225722721
2026-09-07 14:58:09.340186,-4256.087357022455,-8431.386234289,252.1968723060719,54.361759346889215
2026-09-07 14:58:09.447342,-4256.883551174879,-8433.86562369703,252.29280334590788,54.40763964423397
2026-09-07 14:58:09.540062,-4257.569467902769,-8436.0139531663,252.2201719929095,54.47569563474936
2026-09-07 14:58:09.634861,-4258.274429037775,-8438.212308842207,252.14591207452196,54.52125525504341
2026-09-07 14:58:09.748203,-4259.121396527448,-8440.841772853722,252.28543199768075,54.58265919121243
2026-09-07 14:58:09.846724,-4259.852866577388,-8443.131761006673,252.3515824370566,54.63431197256309
2026-09-07 14:58:09.946633,-4260.592659634914,-8445.457064622513,252.31804124153683,54.65788319067277
2026-09-07 14:58:10.047017,-4261.337658778169,-8447.793995755277,252.2843405802245,54.56841300903354
2026-09-07 14:58:10.146666,-4262.077354682641,-8450.109584126747,252.3289457921987,54.58843994139698
2026-09-07 14:58:10.246665,-4262.81811114416,-8452.434735813576,252.29537438210772,54.692421487022095
2026-09-07 14:58:10.348066,-4263.547810360871,-8454.720764835642,252.14785867624977,54.716226496506614
2026-09-07 14:58:10.455490,-4264.353340270055,-8457.221874439401,252.1117945640325,54.7265519148137
2026-09-07 14:58:10.545309,-4264.94488970263,-8459.052677240603,252.16205090797865,54.40192904476941
2026-09-07 14:58:10.646721,-4265.7003883735715,-8461.400436407826,252.25283965160332,54.34078529225286
2026-09-07 14:58:10.756329,-4266.5120104849875,-8463.93637602664,252.33870006294336,54.30247496208106
2026-09-07 14:58:10.847553,-4267.183865708958,-8466.046496414592,252.3591170558742,54.33914240235486
2026-09-07 14:58:10.955690,-4267.979929197775,-8468.549807596704,252.39542053463913,54.29945640879165
2026-09-07 14:58:11.046645,-4268.647683043131,-8470.654250821459,252.44631250363923,54.27243430576396
2026-09-07 14:58:11.144719,-4269.36532849439,-8472.922916796084,252.49021270895147,54.26043667272217
2026-09-07 14:58:11.256361,-4270.180097125542,-8475.505494401114,252.5151994879218,54.25360795283693
2026-09-07 14:58:11.354168,-4270.89282079607,-8477.76805780207,252.53708983287038,54.247625467698576
2026-09-07 14:58:11.454977,-4271.626448242578,-8480.100089597892,252.50324649163832,54.28638384921925
2026-09-07 14:58:11.555255,-4272.358103859537,-8482.421063306216,252.41347295760687,54.3354528642962
2026-09-07 14:58:11.635647,-4272.948113335918,-8484.282527439573,252.3235096313058,54.36144417659487
2026-09-07 14:58:11.757521,-4273.880445967341,-8487.208143186233,252.33714804113464,54.59350986133683
2026-09-07 14:58:11.854732,-4274.600293194891,-8489.468781998097,252.3697834709525,54.62324001167293
2026-09-07 14:58:11.954725,-4275.339819012139,-8491.795804056637,252.3474038737617,54.687896925064344
2026-09-07 14:58:12.054473,-4276.079313807085,-8494.119583565212,252.269267202074,54.68353891878974
2026-09-07 14:58:12.142478,-4276.734493475389,-8496.168737278815,252.23972238717528,54.66431415527585
2026-09-07 14:58:12.257168,-4277.589413921904,-8498.837858925883,252.2268879087527,54.69838776306262
2026-09-07 14:58:12.355116,-4278.320502426376,-8501.118609733943,252.13920029919416,54.69838776306262
2026-09-07 14:58:12.454987,-4279.069502495405,-8503.442994642739,252.04979113051056,54.68704297463485
2026-09-07 14:58:12.556074,-4279.83113457463,-8505.794006966555,251.9932300127016,54.75505718861738
2026-09-07 14:58:12.641134,-4280.474764554823,-8507.774100240038,252.02178613968624,54.68073148510091
2026-09-07 14:58:12.756975,-4281.348775349417,-8510.467513195808,252.03474942170692,54.71919593668802
2026-09-07 14:58:12.855393,-4282.09133526841,-8512.75760264879,251.9686681401274,54.792294208794544
2026-09-07 14:58:12.955373,-4282.849374373388,-8515.086273409588,251.87916138956928,54.792294208794544
2026-09-07 14:58:13.055066,-4283.608863924863,-8517.407075915655,251.84569270902048,54.83062351797269
2026-09-07 14:58:13.155740,-4284.377733369891,-8519.751906343914,251.8794907283957,54.76024810413947
2026-09-07 14:58:13.255098,-4285.134214802514,-8522.063561772706,251.92396568199615,54.71423385275816
2026-09-07 14:58:13.355202,-4285.968633899148,-8524.622792603546,251.89035902157207,55.12135227854628
2026-09-07 14:58:13.457507,-4286.75223480588,-8527.01885721302,251.84456492217294,55.090064224415215
2026-09-07 14:58:13.557050,-4287.516109577298,-8529.348300454243,251.84456492217294,55.10224156383115
2026-09-07 14:58:13.656486,-4288.279331918883,-8531.675754104604,251.84456492217294,55.1161435636522
2026-09-07 14:58:13.757034,-4289.051284141548,-8534.029829608757,251.8895725474736,55.12141511373721
2026-09-07 14:58:13.852357,-4289.781438186073,-8536.262362738134,251.8575709522166,55.148901983969736
2026-09-07 14:58:13.953096,-4290.5547807612065,-8538.622487437797,251.89139079322658,55.12953624977928
2026-09-07 14:58:14.053466,-4291.323632419654,-8540.973595670917,251.93631874158382,55.122519959290734
2026-09-07 14:58:14.154031,-4292.092032588028,-8543.329575117488,252.01509540265243,55.11373255701689
2026-09-07 14:58:14.254148,-4292.853662672538,-8545.675734560042,251.95907702806738,55.11898151055012
2026-09-07 14:58:14.354361,-4293.618391579011,-8548.023620785645,251.88057610293765,55.096214235110565
2026-09-07 14:58:14.454453,-4294.385092544264,-8550.366655210415,251.88057610293765,55.082220520901544
2026-09-07 14:58:14.554635,-4295.152287999075,-8552.711200792875,252.00389653968566,55.11198390197483
2026-09-07 14:58:14.654529,-4295.912655044979,-8555.051911566292,251.99271781976637,55.14253459724259
2026-09-07 14:58:14.754422,-4296.76874294626,-8557.685464247623,251.8697531316181,55.65653015480634
2026-09-07 14:58:14.854821,-4297.546065058551,-8560.0594395957,251.8248122021858,55.64951183709428
2026-09-07 14:58:14.954245,-4298.317584846891,-8562.409459786457,251.78030770544902,55.661674618948254
2026-09-07 14:58:15.048506,-4299.0509309104755,-8564.637363511409,251.7381142876937,55.660027307605866
2026-09-07 14:58:15.154938,-4299.880794487554,-8567.152249740728,251.6785624868623,55.67676742034745
2026-09-07 14:58:15.254104,-4300.6566724795775,-8569.495346918144,251.72295149679348,55.68543257754815
2026-09-07 14:58:15.354544,-4301.440801471661,-8571.869523758083,251.72295149679348,55.61697603562796
2026-09-07 14:58:15.454569,-4302.220730602701,-8574.230984306543,251.76772501512002,55.619598100697644
2026-09-07 14:58:15.546568,-4302.936414506239,-8576.403623731358,251.77802023859545,55.61879421045572
2026-09-07 14:58:15.655218,-4303.781157552547,-8578.969606294759,251.8023373731427,55.623541146552036
2026-09-07 14:58:15.754101,-4304.549037457196,-8581.305447445697,251.68061595864756,55.67192754653861
2026-09-07 14:58:15.854684,-4305.335848524454,-8583.681847150343,251.53429025927267,55.667533058978776
2026-09-07 14:58:15.954576,-4306.12321684031,-8586.0397316776,251.46721928262673,55.671897356636705
2026-09-07 14:58:16.046777,-4306.852567513051,-8588.21539357166,251.4775371110777,55.65820121612075
2026-09-07 14:58:16.154219,-4307.701815683137,-8590.750225749569,251.5136072662092,55.66289537450144
2026-09-07 14:58:16.255215,-4308.49868006988,-8593.133683356777,251.54751338660589,55.631125147005015
2026-09-07 14:58:16.356012,-4309.409483124616,-8595.867378542132,251.55879315748007,56.237887114973454
2026-09-07 14:58:16.454824,-4310.195310852494,-8598.224003701927,251.53667788183458,56.25688240901873
2026-09-07 14:58:16.555064,-4310.99368739668,-8600.615185579136,251.54789532116737,56.20783198847471
2026-09-07 14:58:16.648244,-4311.734751620896,-8602.83616130292,251.54789532116737,56.1744493842894
2026-09-07 14:58:16.755651,-4312.588456410308,-8605.394721749644,251.49981744780672,56.11813783358924
2026-09-07 14:58:16.852530,-4313.359643701534,-8607.69953320604,251.44561082843714,56.060573668469786
2026-09-07 14:58:16.952815,-4314.1593794875635,-8610.082172643082,251.41194340315315,56.02990339322876
2026-09-07 14:58:17.051953,-4314.950918998081,-8612.435807550217,251.38975516491342,56.00131644840839
2026-09-07 14:58:17.152591,-4315.754949598446,-8614.823523749632,251.42354109846013,56.00571333892714
2026-09-07 14:58:17.252587,-4316.552514526177,-8617.196664981586,251.49068190433735,56.010082180361906
2026-09-07 14:58:17.353064,-4317.480232389905,-8619.970247834479,251.49068190433735,56.767761178470664
2026-09-07 14:58:17.452734,-4318.283203811057,-8622.368780041397,251.5241428633846,56.797372447876086
2026-09-07 14:58:17.547867,-4319.048685762312,-8624.65977215139,251.5667266086379,56.828960906822715
2026-09-07 14:58:17.652831,-4319.891862025104,-8627.18954752129,251.57847269106134,56.802362720698426
2026-09-07 14:58:17.752241,-4320.689558255687,-8629.584506127458,251.56734813355862,56.75893033069976
2026-09-07 14:58:17.852271,-4321.4920833477045,-8631.99240317013,251.43302086422986,56.770293180640486
2026-09-07 14:58:17.952456,-4322.301665757469,-8634.402622727172,251.3769644416662,56.71251547548547
2026-09-07 14:58:18.046930,-4323.06654234755,-8636.672388419676,251.40868101280128,56.71829409359012
2026-09-07 14:58:18.160197,-4323.98215682744,-8639.39444601812,251.42135624924288,56.78361632076777
2026-09-07 14:58:18.251404,-4324.719808920457,-8641.58904046752,251.4009430611099,56.76608298692181
2026-09-07 14:58:18.352523,-4325.538240011423,-8644.021091664701,251.2538376019857,56.77050089240845
2026-09-07 14:58:18.452218,-4326.351362520977,-8646.417000541202,251.19805534867947,56.744366748232316
2026-09-07 14:58:18.559801,-4327.230932025052,-8649.000431563461,251.2341728399726,56.72368534598083
2026-09-07 14:58:18.651673,-4327.980388549853,-8651.206257239484,251.26501587428174,56.706024174720994
2026-09-07 14:58:18.760521,-4328.866645780071,-8653.819336550425,251.3015580481593,56.78591803209394
2026-09-07 14:58:18.851524,-4329.607254750678,-8656.007567438735,251.20990416064512,56.77319503750732
2026-09-07 14:58:18.960045,-4330.494404633295,-8658.615030450868,251.14918350353048,56.76371243737646
2026-09-07 14:58:19.046887,-4331.206422504565,-8660.7005044275,251.15890162869547,56.712870947381155
2026-09-07 14:58:19.159832,-4332.292821366852,-8663.890352972845,251.26001525083774,57.47291158481311
2026-09-07 14:58:19.259198,-4333.1130272641685,-8666.307989943509,251.34897232001114,57.46770200485382
2026-09-07 14:58:19.359528,-4333.9373246503865,-8668.75014310889,251.43879240686346,57.471208752012906
2026-09-07 14:58:19.460609,-4334.7639844565965,-8671.212025601266,251.42748085473656,57.50212246883635
2026-09-07 14:58:19.561189,-4335.587473313808,-8673.662861119874,251.43873634204795,57.52936747907033
2026-09-07 14:58:19.647030,-4336.29020994707,-8675.755680186625,251.45794855692756,57.52861739763187
2026-09-07 14:58:19.763665,-4337.244075415112,-8678.599545460302,251.54931350361616,57.54390480375045
2026-09-07 14:58:19.861227,-4338.038374592352,-8680.980263053227,251.6584910591016,57.537084804421525
2026-09-07 14:58:19.960741,-4338.843841757921,-8683.409864973846,251.74758062476513,57.530128351978796
2026-09-07 14:58:20.060142,-4339.64452299889,-8685.837662540333,251.84769257791828,57.5344711977672
2026-09-07 14:58:20.155254,-4340.406653426028,-8688.16221495009,251.8689797505005,57.511200629137996
2026-09-07 14:58:20.261610,-4341.257571679694,-8690.760837486405,251.94039088244458,57.47774431091144
2026-09-07 14:58:20.362728,-4342.063033700274,-8693.231047222447,251.8385496486648,57.53429294190643
2026-09-07 14:58:20.462363,-4342.861792923427,-8695.666007496797,251.73820202185607,57.450714011609364
2026-09-07 14:58:20.561840,-4343.662377391394,-8698.092176411561,251.7048058562782,57.42550624741321
2026-09-07 14:58:20.656537,-4344.425503810003,-8700.400306939331,251.72600014703033,57.37503085476098
2026-09-07 14:58:20.763079,-4345.282370013048,-8702.995180320477,251.83330417528805,57.367583115185106
2026-09-07 14:58:20.861889,-4346.072440465565,-8705.402909204953,251.92176348737695,57.35722225541864
2026-09-07 14:58:20.961962,-4346.86870007407,-8707.842205789131,252.0785460022304,57.39307434115202
2026-09-07 14:58:21.061544,-4347.654898990206,-8710.273211836498,252.12312122344503,57.48357001827264
2026-09-07 14:58:21.161845,-4348.446114826077,-8712.726247295144,252.0445513643306,57.48882861859364
2026-09-07 14:58:21.261549,-4349.236036625873,-8715.163824218598,251.94413424400804,57.474017933308204
2026-09-07 14:58:21.362267,-4350.038099665988,-8717.624155255035,251.83142494086354,57.47753824189356
2026-09-07 14:58:21.462248,-4350.839145580227,-8720.06506145715,251.70835192788215,57.4268672833384
2026-09-07 14:58:21.561743,-4351.64080612974,-8722.490244816367,251.7306200668769,57.420781549609316
2026-09-07 14:58:21.661610,-4352.4444326826415,-8724.924550197202,251.8423770514986,57.4286353193363
2026-09-07 14:58:21.763306,-4353.258051715417,-8727.40536907462,252.00170229037963,57.425969450510244
2026-09-07 14:58:21.862538,-4354.045186518079,-8729.828165824436,252.1682718643828,57.45458350070709
2026-09-07 14:58:21.962404,-4354.830649698439,-8732.269950729093,252.1682718643828,57.46767298584824
2026-09-07 14:58:22.061550,-4355.610627612146,-8734.694683476955,252.21265192184848,57.483267123117834
2026-09-07 14:58:22.163315,-4356.409497823308,-8737.184761846862,252.2354281132631,57.52861764229677
2026-09-07 14:58:22.270314,-4357.249076722807,-8739.805309981753,252.10371619483865,57.541707092485794
2026-09-07 14:58:22.363104,-4357.982552286102,-8742.076697723307,252.02064626701025,57.54819350869016
2026-09-07 14:58:22.469801,-4358.829839615146,-8744.687580848215,251.84154603888405,57.51369760053597
2026-09-07 14:58:22.554708,-4359.510174473818,-8746.76189920454,251.7560317522433,57.45434399123927
2026-09-07 14:58:22.671888,-4360.4524016737205,-8749.620304845706,251.78225800006885,57.467654985501525
2026-09-07 14:58:22.770398,-4361.243589389579,-8752.024206903026,251.79328184233418,57.4865922240596
2026-09-07 14:58:22.870398,-4362.046539091565,-8754.465427534367,251.87161591588722,57.45775671716983
2026-09-07 14:58:22.959996,-4362.7626154985055,-8756.652596299251,251.97188129191872,57.42878903880212
2026-09-07 14:58:23.068371,-4363.62369437617,-8759.298305875216,252.14167039634492,57.43447094436426
2026-09-07 14:58:23.160083,-4364.345813115298,-8761.539600476679,252.2135121418819,57.47534144812231
2026-09-07 14:58:23.260623,-4365.134921145482,-8763.999377088518,252.1797591086461,57.498183014313256
2026-09-07 14:58:23.360562,-4366.178751569797,-8767.23249669796,252.15739159728378,58.252866358800325
2026-09-07 14:58:23.460798,-4366.978550500092,-8769.717228728437,252.1237406221552,58.172286740645355
2026-09-07 14:58:23.556744,-4367.689515358656,-8771.923780807258,252.1022667906663,57.97167214801952
2026-09-07 14:58:23.656614,-4368.484917269953,-8774.386725674898,252.11344282484592,57.97516281719901
2026-09-07 14:58:23.759961,-4369.307563676675,-8776.93573258618,252.10187769413238,57.96252012513007
2026-09-07 14:58:23.860664,-4370.109490155292,-8779.418822974943,252.15822395276817,57.971319585888615
2026-09-07 14:58:23.960548,-4370.945314671555,-8782.013913595527,252.25882236051808,58.180182052491354
2026-09-07 14:58:24.060350,-4371.73628157167,-8784.48620453071,252.22531708676635,58.12349730042778
2026-09-07 14:58:24.167364,-4372.585128409984,-8787.134072084225,252.12951317194114,58.098249821874404
2026-09-07 14:58:24.254164,-4373.27692514861,-8789.279694166196,252.09065947145882,58.0921821321822
2026-09-07 14:58:24.368186,-4374.1874974545635,-8792.097309709734,252.09065947145882,58.094174788040746
2026-09-07 14:58:24.459132,-4374.913811232203,-8794.344767683124,252.0804820848112,58.08145976253967
2026-09-07 14:58:24.567907,-4375.782798358055,-8797.032073341306,252.12917230681535,58.12233037989214
2026-09-07 14:58:24.666829,-4376.571548873057,-8799.478349762217,252.27308162383275,58.115415310770814
2026-09-07 14:58:24.766674,-4377.36136078624,-8801.949149165477,252.19486896809372,58.14071632724865
2026-09-07 14:58:24.855169,-4378.064684697134,-8804.139072844755,252.18496586260932,58.153088682071484
2026-09-07 14:58:24.955946,-4378.866222738833,-8806.633322752661,252.2300759936405,58.171581128566764
2026-09-07 14:58:25.055962,-4379.660011255739,-8809.110150671258,252.19649887635273,58.16633747028115
2026-09-07 14:58:25.175671,-4380.611746872797,-8812.073837819862,252.1563104751629,58.12763468886059
2026-09-07 14:58:25.265515,-4381.3271271782,-8814.29616308453,252.19652674090176,58.14333588450303
2026-09-07 14:58:25.375605,-4382.202040360164,-8817.020631139372,252.20884645255526,58.11736269488354
2026-09-07 14:58:25.466923,-4382.926957779015,-8819.27968283562,252.2497225150051,58.104595660613676
2026-09-07 14:58:25.575901,-4383.789953895318,-8821.975636968924,252.27411305976983,58.05222172944979
2026-09-07 14:58:25.655219,-4384.416671875931,-8823.936344965587,252.29186535133005,58.07093497728555
2026-09-07 14:58:25.774955,-4385.362133526994,-8826.89741631041,252.1846721098335,58.12638660074207
2026-09-07 14:58:25.874892,-4386.156638262541,-8829.36973624984,252.07283679113823,58.08883673279122
2026-09-07 14:58:25.974154,-4386.950055435908,-8831.822227174995,252.1061607774626,57.99516243910385
2026-09-07 14:58:26.073976,-4387.745229823555,-8834.285039851062,252.13967276556352,57.95591128498453
2026-09-07 14:58:26.174788,-4388.5462930388485,-8836.771063448514,252.2637687096397,57.914509054479424
2026-09-07 14:58:26.254545,-4389.175339859779,-8838.737832829856,252.29946979937893,57.94168890520587
2026-09-07 14:58:26.360410,-4390.009065850962,-8841.35015814808,252.32316361851235,58.01569304913035
2026-09-07 14:58:26.476051,-4390.919763004627,-8844.207737559705,252.43963172622338,57.99548355305617
2026-09-07 14:58:26.574919,-4391.693131935834,-8846.651569114423,252.5502707717097,57.98857225876483
2026-09-07 14:58:26.674631,-4392.4682496404985,-8849.117470410949,252.6283792431309,57.98857225876483
2026-09-07 14:58:26.774654,-4393.242412077551,-8851.592120487008,252.6395723989009,58.04188651580838
2026-09-07 14:58:26.853985,-4393.856602379231,-8853.556758242701,252.62181719778937,58.0633756180839
2026-09-07 14:58:26.978539,-4395.006772969729,-8857.219306584748,252.71938541976263,58.793788481065306
2026-09-07 14:58:27.074261,-4395.754119146989,-8859.621621361997,252.80508021049,58.78876994944621
2026-09-07 14:58:27.174742,-4396.534781861368,-8862.144326927348,252.79383580185473,58.878326585177916
2026-09-07 14:58:27.274762,-4397.31354027504,-8864.65913107142,252.63713632111921,58.91590763916638
2026-09-07 14:58:27.373660,-4398.09085634908,-8867.145195307907,252.63713632111921,58.888254073489925
2026-09-07 14:58:27.475831,-4398.893520542,-8869.712329592881,252.69430396846914,58.83558043655307
2026-09-07 14:58:27.575417,-4399.672682215761,-8872.21305407,252.86146776237314,58.83558043655307
2026-09-07 14:58:27.675442,-4400.4479471358745,-8874.727074943656,252.9734015581895,58.883651629497216
2026-09-07 14:58:27.769734,-4401.174739247703,-8877.100363755493,253.06836796986258,58.952861459713745
2026-09-07 14:58:27.875462,-4401.986219550815,-8879.765968204867,253.05653639139314,58.99720648476743
2026-09-07 14:58:27.976649,-4402.763958283477,-8882.318843818139,253.13580029039923,58.9963223094839
2026-09-07 14:58:28.077630,-4403.5365768488155,-8884.867555308896,253.30530571357338,59.00426368672363
2026-09-07 14:58:28.177719,-4404.294995769334,-8887.396347989148,253.36130842134372,59.013884076887265
2026-09-07 14:58:28.269159,-4404.985731505292,-8889.707672804781,253.31014508073167,59.039452258705445
2026-09-07 14:58:28.373623,-4405.777550759198,-8892.348642701787,253.3569055987868,58.99381176792162
2026-09-07 14:58:28.473845,-4406.53456262636,-8894.881029926779,253.46905984906726,58.964036503124284
2026-09-07 14:58:28.573565,-4407.28247137805,-8897.40092981577,253.55833383552107,58.98669177446465
2026-09-07 14:58:28.674987,-4408.039441757617,-8899.966006119745,253.56968354753235,59.004416348887524
2026-09-07 14:58:28.774406,-4408.78118732354,-8902.4813268286,253.53630685356705,58.938393139275405
2026-09-07 14:58:29.211090,-4412.04198320697,-8913.515259848615,253.3897044111009,58.64839546009681
2026-09-07 14:58:29.311155,-4412.791944704746,-8916.02930553447,253.3561108436577,58.58194324804643
2026-09-07 14:58:29.412150,-4413.549504579156,-8918.563397880314,253.32220505897843,58.51487343186667
2026-09-07 14:58:29.512062,-4414.2995645715355,-8921.067002819818,253.2886628563063,58.44852282565694
2026-09-07 14:58:29.612521,-4415.054347737948,-8923.581018699364,253.25493701618456,58.38180896196465
2026-09-07 14:58:29.713025,-4415.810085759981,-8926.092845490419,253.22119606877726,58.31506521420158
2026-09-07 14:58:29.812578,-4416.55928033851,-8928.577619414951,253.18777438867255,58.248953016467595
2026-09-07 14:58:29.912518,-4417.311987920719,-8931.068785990767,253.1542227859116,58.18258381572493
2026-09-07 14:58:30.012712,-4418.0672094127995,-8933.562996445202,253.1205859109163,58.116045936004994
2026-09-07 14:58:30.113028,-4418.823950027349,-8936.056944247297,253.0869080783911,58.04942703724873
2026-09-07 14:58:30.213291,-4419.580887163778,-8938.546272609094,253.05324803889118,57.98284333528694
2026-09-07 14:58:30.312199,-4420.328179098785,-8940.998703740075,253.02004289654695,57.91715947590075
2026-09-07 14:58:30.412371,-4421.085601413483,-8943.479223649389,252.9864134073357,57.850636206170975
2026-09-07 14:58:30.512965,-4422.325719214183,-8947.54149294289,252.95264224535717,59.33927129120108
2026-09-07 14:58:30.613046,-4423.104020880638,-8950.079697595786,252.91904330643462,59.27280845370332
2026-09-07 14:58:30.714166,-4423.863164131348,-8952.549391369923,252.8850955570731,59.102166506159556
2026-09-07 14:58:30.813859,-4424.638318862475,-8955.066740962242,252.85162687652428,59.03596133576093
2026-09-07 14:58:30.913139,-4425.410860246442,-8957.57040283345,252.8182968472857,58.97003043472299
2026-09-07 14:58:31.013162,-4426.189779571897,-8960.08953213836,252.7847173799757,58.903606114472005
2026-09-07 14:58:33.022917,-4441.617974946125,-9009.87783080579,253.00962065996654,59.02965582524873
2026-09-07 14:58:33.123512,-4442.39366777643,-9012.416532274785,253.02087782586523,59.15007914971354
2026-09-07 14:58:33.223749,-4443.167678826406,-9014.95151171314,252.90870678971183,59.20000397642089
2026-09-07 14:58:33.324297,-4443.858912743766,-9017.19951154174,252.73992819483445,58.494352696337295
2026-09-07 14:58:33.423075,-4444.625306451564,-9019.666171485424,252.61833603156066,58.483995191975275
2026-09-07 14:58:33.521260,-4445.392164970818,-9022.115967136424,254.0796699238037,58.48914285423704
2026-09-07 14:58:33.623481,-4446.125307294035,-9024.686221536585,254.19406117141318,58.48557001260094
2026-09-07 14:58:33.731143,-4446.892020141813,-9027.394655730122,254.44706926221923,58.472399455995266
2026-09-07 14:58:33.822183,-4447.53009626489,-9029.687257383053,254.57951203754993,58.53763131444194
2026-09-07 14:58:33.930286,-4448.2823060726905,-9032.414328620673,254.53112261838822,58.64153814115208
2026-09-07 14:58:34.016772,-4448.887012837931,-9034.59943919464,254.49240947161502,58.69292692906815
2026-09-07 14:58:34.119317,-4449.606383757325,-9037.192073109663,254.45798332487573,58.72787254879737
2026-09-07 14:58:34.231473,-4450.395350617861,-9040.028915663977,254.44543241579942,58.78177380064284
2026-09-07 14:58:34.329858,-4450.970520783157,-9042.113430553218,254.3463437294585,57.85009390813537
2026-09-07 14:58:34.428473,-4451.658650446893,-9044.569152927392,254.29116576757684,57.94401932413562
2026-09-07 14:58:34.530909,-4452.377063602447,-9047.123477218964,254.19946029147994,58.004885381982795
2026-09-07 14:58:34.620378,-4453.008768339112,-9049.355794169474,254.08932717220296,58.01973925936233
2026-09-07 14:58:34.738910,-4453.851574273696,-9052.312396993913,254.0495339104613,58.100526702879684
2026-09-07 14:58:34.821615,-4454.441890563791,-9054.377812070514,254.08655459362245,58.19664300574129
2026-09-07 14:58:34.940495,-4455.289892116771,-9057.352095428925,254.09985795742816,58.26312475234114
2026-09-07 14:58:35.027701,-4455.912158332078,-9059.536557396274,254.1876876873773,58.34313568187206
2026-09-07 14:58:35.120598,-4456.572370687011,-9061.867786171098,254.3228319810932,58.42836806634828
2026-09-07 14:58:35.240284,-4457.417116090951,-9064.87766734646,254.22907706182053,58.552820663571126
2026-09-07 14:58:35.329544,-4458.052136364371,-9067.126136162284,254.1991109215119,58.58245902087696
2026-09-07 14:58:35.439159,-4458.833807221888,-9069.88833880842,254.2113774779012,58.60065758986688
2026-09-07 14:58:35.538714,-4459.543422906459,-9072.397969510528,254.2113774779012,58.596308015793525
2026-09-07 14:58:35.617615,-4460.105777699018,-9074.386796538409,254.167230072634,58.60527072921123
2026-09-07 14:58:35.741224,-4460.9893175261495,-9077.50235757158,254.20872777191036,58.701399579887344
2026-09-07 14:58:35.837850,-4461.67935252968,-9079.942308154717,254.219540783612,58.76134637925093
2026-09-07 14:58:35.937713,-4462.151512312372,-9081.619285686147,254.18601503109528,57.2147408114925
2026-09-07 14:58:36.036815,-4462.84227251949,-9084.058108238072,254.1305645785435,57.228596115268445
2026-09-07 14:58:36.117032,-4463.403446704049,-9086.032121613522,254.1664715749904,57.22509142154696
2026-09-07 14:58:36.240603,-4464.265953827548,-9089.073363195308,254.13881494698174,57.22185211934526
2026-09-07 14:58:36.337901,-4464.852940862585,-9091.1396647082,254.08437388492058,56.53856137610607
2026-09-07 14:58:36.437472,-4465.543062289106,-9093.559849460475,253.99523329020343,56.568143233294464
2026-09-07 14:58:36.537043,-4466.237311246692,-9095.9802233105,254.06208873624126,56.555092413946646
2026-09-07 14:58:36.623039,-4466.834332510721,-9098.070831572406,254.14869981181758,56.58514984728595
2026-09-07 14:58:36.740403,-4467.6452407486795,-9100.92675796739,254.25376952848592,56.57386901251725
2026-09-07 14:58:36.837521,-4468.31179459415,-9103.290774950501,254.21029725102693,56.661276896179785
2026-09-07 14:58:36.937074,-4468.660440311779,-9104.529928088441,254.21029725102693,53.66734258098665
2026-09-07 14:58:37.037230,-4469.096769710754,-9106.076559205238,254.21029725102693,51.596019666800835
2026-09-07 14:58:37.123599,-4469.482603275974,-9107.443364080065,254.21029725102693,49.940808517589616
2026-09-07 14:58:37.225312,-4469.980256917498,-9109.20484913311,254.21029725102693,48.45746779760504
2026-09-07 14:58:37.340593,-4470.659781304445,-9111.607885748075,254.27480032483598,48.49574630386288
2026-09-07 14:58:37.439207,-4471.239204773739,-9113.665775569903,254.35204868812957,48.511256765734295
2026-09-07 14:58:37.538996,-4471.8229106680665,-9115.74964033348,254.4637183862122,48.53043987504778
2026-09-07 14:58:37.639717,-4472.408199047237,-9117.85494424207,254.5764310465313,48.570044526267466
2026-09-07 14:58:37.738659,-4472.97954603767,-9119.925878611317,254.55428667537274,48.622782588717136
2026-09-07 14:58:37.838830,-4473.559429229764,-9122.02458954187,254.57670611103526,48.63153556314336
2026-09-07 14:58:37.939565,-4474.141856329278,-9124.135724989917,254.58797894374865,48.70811519842488
2026-09-07 14:58:38.039559,-4474.720496562892,-9126.23474488391,254.5432193017437,48.73694897518423
2026-09-07 14:58:38.124486,-4475.21363212346,-9128.01815710974,254.50520399966007,48.789637711441046
2026-09-07 14:58:38.238800,-4475.879717596185,-9130.420831132713,254.4796191959911,48.87753910169696
2026-09-07 14:58:38.336930,-4476.453454790593,-9132.486806598092,254.42471260572137,48.94356376182245
2026-09-07 14:58:38.437100,-4477.041933834397,-9134.598016912914,254.30140694054154,48.961069535914255
2026-09-07 14:58:38.536593,-4477.631157760163,-9136.69444540222,254.27913924917007,48.96802452036755
2026-09-07 14:58:38.636758,-4478.225266053755,-9138.80510275542,254.178257831603,49.03366789644967
2026-09-07 14:58:38.738062,-4478.830698197384,-9140.941559799625,254.06489276035703,49.11864686924852
2026-09-07 14:58:38.837984,-4479.433081480867,-9143.051335453354,254.15434758661493,49.138728667717345
2026-09-07 14:58:38.937545,-4480.030249728347,-9145.155283233134,254.2769035947109,49.138728667717345
2026-09-07 14:58:39.037273,-4480.623910373783,-9147.264034765156,254.41082531735026,49.16748574202837
2026-09-07 14:58:39.121443,-4481.121086803886,-9149.046020443091,254.5144355583225,49.18881466743213
2026-09-07 14:58:39.239413,-4481.813696229525,-9151.54593501107,254.4616294402822,49.26509576783702
2026-09-07 14:58:39.336923,-4482.388978624342,-9153.614954710145,254.37433394871468,49.26168758568329
2026-09-07 14:58:39.437580,-4482.986039545243,-9155.74969419474,254.40812626089308,49.17988998193139
2026-09-07 14:58:39.538017,-4484.278019143492,-9160.372328235522,254.46432368478912,53.615490117640924
2026-09-07 14:58:39.631206,-4484.8762572490805,-9162.524300884726,254.54775081599297,53.56418994211133
2026-09-07 14:58:39.737530,-4485.55459159839,-9164.978235364171,254.57154736466853,53.485219624857834
2026-09-07 14:58:39.837740,-4486.192017573609,-9167.28791518691,254.57154736466853,53.471209413243656
2026-09-07 14:58:39.936685,-4486.821232144877,-9169.5678414151,254.52725727948166,53.4591052286349
2026-09-07 14:58:40.037160,-4487.461820766877,-9171.882003880766,254.47103859347993,53.43101070689188
2026-09-07 14:58:40.136659,-4488.098100535737,-9174.17185932712,254.41536600787668,53.44579094013443
2026-09-07 14:58:40.237977,-4488.748457718475,-9176.50359114815,254.39268986026457,53.43693774047668
2026-09-07 14:58:40.338778,-4489.396307038777,-9178.822784238206,254.43781073425436,53.39201681792221
2026-09-07 14:58:40.437755,-4490.030106714428,-9181.098596906028,254.41565852968847,53.43266543682376
2026-09-07 14:58:40.537896,-4490.672739143529,-9183.402678550465,254.46048397231522,53.463291672381544
2026-09-07 14:58:40.631347,-4491.271100404564,-9185.554535370095,254.43956855086492,53.45185958227216
2026-09-07 14:58:40.731107,-4491.910559565747,-9187.850942401486,254.41724110178592,53.41350451337452
2026-09-07 14:58:40.837361,-4492.592108785355,-9190.294816386695,254.42913154271633,53.36429661601075
2026-09-07 14:58:40.946405,-4493.439737318639,-9193.336548991838,254.39252356821697,54.26979141333318
2026-09-07 14:58:41.038111,-4494.038325337626,-9195.479370794481,254.34121139286515,54.239340873392685
2026-09-07 14:58:41.135196,-4494.673698076917,-9197.746038489817,254.30861826344704,54.17741264654218
2026-09-07 14:58:41.235293,-4495.329362690354,-9200.079987220242,254.34222257384891,54.10481662779945
2026-09-07 14:58:41.455811,-4496.768872635105,-9205.215732074776,254.4162543162708,54.07784011982477
2026-09-07 14:58:41.545689,-4497.352587052052,-9207.308654338547,254.4061964450382,54.09747404170536
2026-09-07 14:58:41.638003,-4497.952717273472,-9209.458977078208,254.39586597122968,54.12731982242409
2026-09-07 14:58:41.746149,-4498.656613109822,-9211.979346567063,254.37166163774833,54.14621948744288
2026-09-07 14:58:41.833763,-4499.227933129411,-9214.021684467914,254.49912035169632,54.14315719156331
2026-09-07 14:58:41.934863,-4499.880475458942,-9216.37456817639,254.48780667335888,54.10590883750569
2026-09-07 14:58:42.034686,-4500.5262094595455,-9218.701087011863,254.47663589875276,54.078868882677824
2026-09-07 14:58:42.148273,-4501.261128539174,-9221.34692944506,254.48934694505658,54.15330839906617
2026-09-07 14:58:42.248116,-4501.907495114204,-9223.675970344966,254.44465489416655,54.20129212430608
2026-09-07 14:58:42.347785,-4502.555121922747,-9226.002507986195,254.36658010639698,54.24570858277456
2026-09-07 14:58:42.447437,-4503.206340629649,-9228.32966978035,254.35542846768595,54.26486535565842
2026-09-07 14:58:42.533526,-4503.769516198207,-9230.340696786023,254.4517670685161,54.316770500122566
2026-09-07 14:58:42.650409,-4504.53027442369,-9233.07496198977,254.54332628370707,54.381114128838675
2026-09-07 14:58:42.747263,-4505.157790605799,-9235.344374815439,254.4999721787933,54.46743809453526
2026-09-07 14:58:42.848455,-4505.816250149814,-9237.718698749419,254.35276052104655,54.481585598114364
2026-09-07 14:58:42.948861,-4506.475817309683,-9240.073505382457,254.3639965367454,54.47807619459342
2026-09-07 14:58:43.033553,-4507.03173384051,-9242.05975507765,254.33556395378528,54.52617888814434
2026-09-07 14:58:43.149875,-4507.797298094152,-9244.789840525662,254.30952973634572,54.590213688581656
2026-09-07 14:58:43.248840,-4508.450450081367,-9247.114987198167,254.35382877399817,54.642964010490765
2026-09-07 14:58:43.348061,-4509.104120088039,-9249.448907181792,254.36493218130104,54.66897389984631
2026-09-07 14:58:43.449201,-4509.770288396935,-9251.82922829453,254.33097771759037,54.63450708060195
2026-09-07 14:58:43.540053,-4510.369582760699,-9253.965719389886,254.38181205509352,54.626568403414225
2026-09-07 14:58:43.649205,-4511.087208949109,-9256.53282113255,254.28409410313398,54.651366519913864
2026-09-07 14:58:43.748943,-4511.747241367816,-9258.878461389306,254.2282877900766,54.674025880653396
2026-09-07 14:58:43.848343,-4512.407587301437,-9261.216479730412,254.12817684407582,54.68965996820708
2026-09-07 14:58:43.948609,-4513.0779977102475,-9263.574374125012,254.02719370411893,54.73259021843637
2026-09-07 14:58:44.047203,-4513.741834719356,-9265.89360274613,253.96099424999417,54.767912438623604
2026-09-07 14:58:44.148834,-4514.429325069899,-9268.285020891037,253.94962114966665,54.81320324208918
2026-09-07 14:58:44.249047,-4515.108252291735,-9270.644888220362,253.90476347816394,54.831592195328824
2026-09-07 14:58:44.348727,-4515.785633236676,-9272.992462066655,253.8712991619421,54.795009898442636
2026-09-07 14:58:44.449857,-4516.473799260398,-9275.372194457505,253.9165673039902,54.795009898442636
2026-09-07 14:58:44.541549,-4517.096036998064,-9277.530329606963,253.9268281723791,54.888751195362374
2026-09-07 14:58:44.649777,-4517.83129037769,-9280.082158689507,253.85416011427196,54.8830769967448
2026-09-07 14:58:44.749423,-4518.511150432561,-9282.43053579673,253.88761301610026,54.89613764637907
2026-09-07 14:58:44.858153,-4519.251668303763,-9284.99403993214,253.92411557531778,54.89518756011721
2026-09-07 14:58:44.958326,-4519.932391194272,-9287.356190780612,253.87927580874617,54.94945708507583
2026-09-07 14:58:45.041438,-4520.4992699897375,-9289.317525533732,253.85137365936987,54.96035061529684
2026-09-07 14:58:45.248054,-4521.911181883995,-9294.19367315766,253.7126444627307,54.95132352879451
2026-09-07 14:58:45.348315,-4522.601929798754,-9296.557783422368,253.80240277757073,54.90051066459332
2026-09-07 14:58:45.448261,-4523.28618144545,-9298.913361751685,253.80240277757073,54.86033742086793
2026-09-07 14:58:45.548230,-4523.970089741244,-9301.26775807443,253.75765432614776,54.83063732062522
2026-09-07 14:58:45.643457,-4524.622954791694,-9303.508750939563,253.73634141522706,54.8364619968986
2026-09-07 14:58:45.743931,-4525.312745412029,-9305.87321708387,253.74758504052159,54.80836775477262
2026-09-07 14:58:45.843858,-4525.997967953686,-9308.223740340045,253.8146795173896,54.78566545534192
2026-09-07 14:58:45.944027,-4526.681806928506,-9310.579782448498,253.93798395160542,54.86093953246589
2026-09-07 14:58:46.043400,-4527.356105287252,-9312.92177007741,254.06030853846693,54.85225628753814
2026-09-07 14:58:46.272856,-4528.901292109039,-9318.331963053904,253.98327615340472,54.93847102782984
2026-09-07 14:58:46.357446,-4529.474512842198,-9320.328821344785,253.93594558710578,54.92738377543073
2026-09-07 14:58:46.688636,-4531.724811955795,-9328.143563170283,253.75063514553412,54.95921721385346
2026-09-07 14:58:46.786537,-4532.397866522752,-9330.452804065833,253.66298961256365,54.94210797167155
2026-09-07 14:58:46.886939,-4533.091520963839,-9332.8192417598,253.67422518063918,54.91403386197219
2026-09-07 14:58:46.988250,-4533.790629799604,-9335.206021243335,253.62887601877785,54.94855895515457
2026-09-07 14:58:47.088548,-4534.485054635955,-9337.569872223921,253.52786064994498,54.961705062745615
2026-09-07 14:58:47.174453,-4535.0835396212005,-9339.59393737103,253.51824738053273,54.951196093330125
2026-09-07 14:58:47.290709,-4535.893779297044,-9342.332463071123,253.49222793466134,54.95018024463649
2026-09-07 14:58:47.389174,-4536.58106613524,-9344.651549319471,253.49222793466134,55.003524446917055
2026-09-07 14:58:47.489223,-4537.2800872450935,-9347.010230081381,253.48103186934003,55.002650215514386
2026-09-07 14:58:47.589068,-4537.9781319077765,-9349.363927719744,253.5592445250791,54.98171144325687
2026-09-07 14:58:47.689648,-4538.677811439255,-9351.73500659397,253.53673355045635,55.01598742387382
2026-09-07 14:58:47.789015,-4539.370404584232,-9354.07867852243,253.54785329600884,54.97951999716145
2026-09-07 14:58:47.888934,-4540.065926473602,-9356.433942825535,253.58139784870318,54.98737785628759
2026-09-07 14:58:47.988943,-4540.760793857616,-9358.792072733635,253.62616420505725,54.97164798242284
2026-09-07 14:58:48.089732,-4541.459023886081,-9361.16846083059,253.71639521007828,54.969886587329555
2026-09-07 14:58:48.185545,-4542.119202357664,-9363.428495622435,253.77000537143067,55.02514291576214
2026-09-07 14:58:48.283639,-4542.7936095062105,-9365.745292523969,253.6273006086529,55.06371460048275
2026-09-07 14:58:48.389275,-4543.526593962671,-9368.240148385346,253.47362392790996,54.9834091817842
2026-09-07 14:58:48.489344,-4544.22626482161,-9370.598210830323,253.41763241072152,54.960674621537905
2026-09-07 14:58:48.589177,-4544.926294643583,-9372.949056400123,253.37294483606428,54.99818541300791
2026-09-07 14:58:48.689467,-4545.631851879556,-9375.31172553057,253.36172180144052,55.005196111155726
2026-09-07 14:58:48.781146,-4546.277334582087,-9377.471682438341,253.33094356060082,54.99558298229701
2026-09-07 14:58:48.880477,-4546.977827171818,-9379.811135486289,253.3642907114298,54.99558298229701
2026-09-07 14:58:49.091300,-4548.273186703551,-9384.129983923869,253.34069839087454,54.74960139370442
2026-09-07 14:58:49.190677,-4548.970472396448,-9386.460170479108,253.42966530776005,54.77652053649645
2026-09-07 14:58:49.312017,-4549.817860543976,-9389.308062413622,253.48397991624535,54.815750631957705
2026-09-07 14:58:49.409551,-4550.49731338852,-9391.599503849897,253.50580916061654,54.804671313692
2026-09-07 14:58:49.508995,-4551.189041892391,-9393.935609886865,253.40565389991127,54.824657046232716
2026-09-07 14:58:49.609111,-4551.889810392826,-9396.287138620904,253.23760045474336,54.85177636860879
2026-09-07 14:58:49.689354,-4552.457282804928,-9398.171165475631,253.20168182009127,54.825132063149546
2026-09-07 14:58:49.795097,-4553.206281559867,-9400.652232240682,253.2490148483182,54.80480437644925
2026-09-07 14:58:49.896307,-4553.920945063925,-9403.026651150643,253.18105892045276,54.86494196201206
2026-09-07 14:58:50.012056,-4554.742391831651,-9405.744167013858,253.14219996039697,54.85179352136637
2026-09-07 14:58:50.109945,-4555.4384815274725,-9408.041349500701,253.09838256539103,54.83297566180682
2026-09-07 14:58:50.208979,-4556.144248252732,-9410.36406558411,253.0429701608178,54.82691812570826
2026-09-07 14:58:50.309166,-4556.860424901524,-9412.712872690825,253.0093356358447,54.78139538864894
2026-09-07 14:58:50.407353,-4557.5630720419695,-9415.012467975055,252.94340945573083,54.79941257356248
2026-09-07 14:58:50.509407,-4558.296383067509,-9417.402574514563,252.97767076519818,54.71647971590432
2026-09-07 14:58:50.609176,-4559.010795012192,-9419.73605775483,253.12281227719257,54.69206974280348
2026-09-07 14:58:50.712249,-4559.742429946334,-9422.147603419959,253.1574156827497,54.71368546790638
2026-09-07 14:58:50.810267,-4560.437072669753,-9424.442206170519,253.08063419053448,54.73081515708409
2026-09-07 14:58:50.896638,-4561.05207591599,-9426.463963172553,253.0323071029141,54.670438149433764
2026-09-07 14:58:50.997846,-4561.7739265376495,-9428.829800557634,252.91904946125476,54.648329179878466
2026-09-07 14:58:51.110022,-4562.578860930833,-9431.44937937194,252.88139001967664,54.6277450319275
2026-09-07 14:58:51.210956,-4563.304402498526,-9433.805066310095,252.9265704275624,54.64185646490889
2026-09-07 14:58:51.310866,-4564.020929368566,-9436.13802231831,252.93775093797478,54.659316801232265
2026-09-07 14:58:51.410776,-4564.737229794125,-9438.471863623545,252.91538991714998,54.6610628348646
2026-09-07 14:58:51.512275,-4565.465871028463,-9440.84261462246,252.91538991714998,54.59809282484033
2026-09-07 14:58:51.612132,-4566.181898848251,-9443.172325856214,252.92656449655397,54.603328147043044
2026-09-07 14:58:51.713265,-4566.90668556799,-9445.532174425103,252.8926123828655,54.659001463119345
2026-09-07 14:58:51.811323,-4567.611508431219,-9447.822186278841,252.93650542620531,54.633296443713924
2026-09-07 14:58:51.908242,-4568.483356745482,-9450.675897355655,252.91481382599193,55.15896105111533
2026-09-07 14:58:52.006432,-4569.194687284279,-9452.990242368176,252.82690956676709,55.160677025916236
2026-09-07 14:58:52.102702,-4569.895610782099,-9455.258330739796,252.77304370061742,55.12534619002907
2026-09-07 14:58:52.210031,-4570.678927623005,-9457.784610462037,252.73701148155868,55.07001337759897
2026-09-07 14:58:52.308770,-4571.400288888886,-9460.105915158936,252.70386307546488,55.036364778969656
2026-09-07 14:58:52.408617,-4572.130656310571,-9462.451411955371,252.73738345650224,55.00233859248467
2026-09-07 14:58:52.510017,-4572.870532326598,-9464.832350742809,252.83950870725153,55.00588273842239
2026-09-07 14:58:52.604791,-4573.558137704676,-9467.059079219069,252.76526837238237,55.05971172673999
2026-09-07 14:58:52.710231,-4574.32708825224,-9469.537836913056,252.77706772197584,55.031150244546005
2026-09-07 14:58:52.809017,-4575.046660920164,-9471.859111252621,252.83234136333306,55.02251829186839
2026-09-07 14:58:52.909754,-4575.778046319697,-9474.226565586132,252.75342996765795,55.05860826179558
2026-09-07 14:58:53.009830,-4576.508349856182,-9476.579024600062,252.70863362054425,55.02712743793194
2026-09-07 14:58:53.102970,-4577.189359977191,-9478.766657353226,252.63567326443695,55.02387199658441
2026-09-07 14:58:53.209459,-4577.971111849842,-9481.266684322425,252.588006309245,55.03131603123456
2026-09-07 14:58:53.309530,-4578.707802142486,-9483.61574259144,252.5320136729984,55.04793008038284
2026-09-07 14:58:53.409637,-4579.4472767412735,-9485.965633827642,252.5320136729984,55.02343741054345
2026-09-07 14:58:53.508972,-4580.180722218239,-9488.296365811373,252.68763997692622,55.030381350123804
2026-09-07 14:58:53.600433,-4580.850282686927,-9490.444444766617,252.7285800495047,55.04716432291426
2026-09-07 14:58:53.710738,-4581.656189201034,-9493.03646584608,252.74092382090936,55.11174218332665
2026-09-07 14:58:53.809297,-4582.376622703876,-9495.355343772719,252.72989449525892,55.147051864437394
2026-09-07 14:58:53.909151,-4583.250538848353,-9498.172051657883,252.75224298263197,55.7037763956439
2026-09-07 14:58:54.009297,-4583.989966117932,-9500.553725851543,252.78586374318928,55.77028239902167
2026-09-07 14:58:54.108643,-4584.722974192859,-9502.919625780114,252.78586374318928,55.75118445057186
2026-09-07 14:58:54.210160,-4585.47174413695,-9505.33639964365,252.84266545850988,55.74053974456122
2026-09-07 14:58:54.309337,-4586.20077440132,-9507.697739180501,252.8537639419567,55.79340306670521
2026-09-07 14:58:54.409887,-4586.940134095147,-9510.09418266713,252.77499903099914,55.79516028501901
2026-09-07 14:58:54.510977,-4587.686799404784,-9512.50254787504,252.7071236753236,55.85875987901507
2026-09-07 14:58:54.728759,-4589.303354557669,-9517.694982649564,252.60963938271487,55.813088210931674
2026-09-07 14:58:54.824307,-4590.015881438052,-9519.969999910356,252.6203317599432,55.768838430431046
2026-09-07 14:58:54.925082,-4590.7663441987415,-9522.36771083999,252.58649983310477,55.714242767151475
2026-09-07 14:58:55.025321,-4591.5134914031105,-9524.749893327806,252.55284785082384,55.66168926942197
2026-09-07 14:58:55.121274,-4592.229355538592,-9527.027647891358,252.49915935539786,55.65414330562398
2026-09-07 14:58:55.223924,-4592.997361963162,-9529.463328466296,252.45321082596803,55.66670073197286
2026-09-07 14:58:55.324648,-4593.75304532599,-9531.853242892477,252.37430961372246,55.693104619208896
2026-09-07 14:58:55.424875,-4594.508632323793,-9534.231454561977,252.2845817372653,55.70448984725057
2026-09-07 14:58:55.524946,-4595.26691592564,-9536.60526544389,252.19499351927072,55.678257138069064
2026-09-07 14:58:55.617017,-4595.96766385553,-9538.787184641493,252.14347711579856,55.61791818454981
2026-09-07 14:58:55.725651,-4596.749279236126,-9541.208831799207,251.98543901765186,55.38040577443277
2026-09-07 14:58:55.824399,-4597.505333084923,-9543.533715725354,252.0296409210531,55.29498231540226
2026-09-07 14:58:55.925185,-4598.27397240225,-9545.903515094775,252.08603362060393,55.2509487487751
2026-09-07 14:58:56.024821,-4599.030931824985,-9548.24515483841,252.01913453129652,55.24485439060805
2026-09-07 14:58:56.126210,-4599.80390565197,-9550.626829748178,252.01913453129652,55.21650429889365
2026-09-07 14:58:56.217833,-4600.502066567022,-9552.777992279573,252.02938767818387,55.231715788986826
2026-09-07 14:58:56.326034,-4601.326323085819,-9555.319227311997,252.01727935662313,55.235497644357714
2026-09-07 14:58:56.426558,-4602.092648932686,-9557.68015821706,251.9047871507682,55.246916609942446
2026-09-07 14:58:56.526556,-4602.859733094337,-9560.027719349959,251.81526428577212,55.33429518624434
2026-09-07 14:58:56.633735,-4603.687139621264,-9562.54655203173,251.82725823958546,55.35208932414307
2026-09-07 14:58:56.721251,-4604.362537168065,-9564.604083886084,251.84684533895995,55.356677629999375
2026-09-07 14:58:56.833493,-4605.227925153333,-9567.243447410106,251.80916374002965,55.41258176120129
2026-09-07 14:58:56.933242,-4605.999312551669,-9569.590900809279,251.78683875287865,55.43785845099694
2026-09-07 14:58:57.022515,-4606.690819909315,-9571.692505239054,251.66695673433634,55.38871401796243
2026-09-07 14:58:57.134606,-4607.563819870197,-9574.327115499613,251.61678219354417,55.34953582641357
2026-09-07 14:58:57.217290,-4608.209033791987,-9576.268598573792,251.5335068066314,55.371933185989896
2026-09-07 14:58:57.324231,-4609.047522002361,-9578.779454493426,251.5335068066314,55.393425626193796
2026-09-07 14:58:57.423425,-4609.8255704858775,-9581.109323436638,251.58900873586012,55.41856167735812
2026-09-07 14:58:57.523707,-4610.610226767451,-9583.466577350684,251.60023087523734,55.438715826735134
2026-09-07 14:58:57.623868,-4611.393759972446,-9585.821996750463,251.6114394740104,55.455344817918814
2026-09-07 14:58:57.723954,-4612.176480727449,-9588.176511576938,251.58903906233718,55.47196135740633
2026-09-07 14:58:57.823180,-4612.953621213505,-9590.511190762263,251.6667668301609,55.48843511744458
2026-09-07 14:58:57.923787,-4613.738598731457,-9592.880133440527,251.76809340907744,55.47085297294968
2026-09-07 14:58:58.023938,-4614.5156004037835,-9595.238969492411,251.82413080765178,55.46297686881191
2026-09-07 14:58:58.121831,-4615.272720936949,-9597.545037554806,251.86794999315083,55.475807751884446
2026-09-07 14:58:58.230818,-4616.113875062998,-9600.113685281603,251.88014627268555,55.45961810896939
2026-09-07 14:58:58.321779,-4616.815244668696,-9602.257012989563,251.90050440315542,55.4914109155415
2026-09-07 14:58:58.430296,-4617.651553222076,-9604.815778506978,251.92479177075472,55.52933991797976
2026-09-07 14:58:58.522685,-4618.363130560709,-9606.996046338829,251.97648610447968,55.53337640835255
2026-09-07 14:58:58.619485,-4619.1066739980315,-9609.281246231027,252.0956434209358,55.553676605202945
2026-09-07 14:58:58.731690,-4619.963349198846,-9611.93287433236,252.17098177570455,55.60662095512129
2026-09-07 14:58:58.829445,-4620.707370073233,-9614.246202046548,252.13816371558949,55.66385144099784
2026-09-07 14:58:58.929482,-4621.470900287761,-9616.615531769285,252.14935843804096,55.64549478352591
2026-09-07 14:58:59.029026,-4622.229956624653,-9618.972555870023,252.19391664957104,55.635926777866466
2026-09-07 14:58:59.579163,-4626.414084293495,-9631.999835371978,252.13235311782495,55.47729198532832
2026-09-07 14:58:59.679513,-4627.1776766906305,-9634.368535185058,252.12112336885204,55.448355554164436
2026-09-07 14:58:59.778594,-4627.931677782401,-9636.705913432272,252.1100356283639,55.41978504558299
2026-09-07 14:58:59.878684,-4628.693421524783,-9639.06573057775,252.09883497490398,55.39092358673703
2026-09-07 14:58:59.978821,-4629.455587356697,-9641.425277370341,252.0876290618706,55.36204857520283
2026-09-07 14:59:00.079827,-4630.224431814895,-9643.803909552518,252.07632590268017,55.332922983113754
2026-09-07 14:59:00.179994,-4630.986953883693,-9646.161392405835,252.06511663247215,55.30403932092749
2026-09-07 14:59:00.280533,-4631.752370963739,-9648.526245603247,252.0538657332994,55.275048390655584
2026-09-07 14:59:00.380151,-4632.510838647019,-9650.868058054166,252.04271789938622,55.24632303540214
2026-09-07 14:59:00.480080,-4633.498240318475,-9653.914379334929,252.03153526276327,55.79456227462576
2026-09-07 14:59:00.579971,-4634.266858451629,-9656.284380390462,252.02035687856142,55.765758198438505
2026-09-07 14:59:00.679771,-4635.034841651539,-9658.650850199387,252.00918867778915,55.73698036256253
2026-09-07 14:59:00.779947,-4635.805783206404,-9661.024859723877,251.9979784004288,55.708094105180635
2026-09-07 14:59:00.879882,-4636.574934586798,-9663.391780098698,251.98679509237093,55.67927734137035
2026-09-07 14:59:00.979719,-4637.3433955132205,-9665.755006272042,251.97562275108334,55.650488836356814
2026-09-07 14:59:01.080219,-4638.1170233098555,-9668.1325454074,251.9643762162375,55.62150915193261
2026-09-07 14:59:01.180492,-4638.888967129416,-9670.503327607401,251.95315508401268,55.59259492410904
2026-09-07 14:59:01.280335,-4639.657663123441,-9672.862565558253,251.94198207129017,55.56380468896509
2026-09-07 14:59:01.380407,-4640.428184061768,-9675.225839846344,251.930783432135,55.53494842051037
2026-09-07 14:59:01.482038,-4641.210771232531,-9677.624531705998,251.91941033180748,55.50564260650323
2026-09-07 14:59:03.478240,-4656.583321255799,-9724.710919610558,252.14279695222854,55.819614405727016
2026-09-07 14:59:03.577287,-4657.341220509411,-9727.06342737159,252.17604875929942,55.81442155036172
2026-09-07 14:59:03.676096,-4658.095866263789,-9729.410502323046,252.2092206656153,55.79888041799661
2026-09-07 14:59:03.777070,-4658.86544392436,-9731.80878204872,252.3448156040658,55.786528020839754
2026-09-07 14:59:03.877249,-4659.623161520136,-9734.189452492481,252.40086866945484,55.779525082064694
2026-09-07 14:59:03.977104,-4660.37601211608,-9736.562863122208,252.42321738063953,55.76207435757696
2026-09-07 14:59:04.084309,-4661.183031052536,-9739.110490544563,252.3632330638163,55.71804660174135
2026-09-07 14:59:04.169953,-4661.829362539038,-9741.14345828672,252.3728171258097,55.71654988164919
2026-09-07 14:59:04.276839,-4662.635555427119,-9743.680723075093,252.34889479499316,55.672653135133224
2026-09-07 14:59:04.384268,-4663.4462693665855,-9746.228530192038,252.3128290041886,55.648246465008626
2026-09-07 14:59:04.475957,-4664.139265957981,-9748.40165531287,252.28204740617429,55.627415747259654
2026-09-07 14:59:04.583807,-4664.955476856782,-9750.956418047981,252.3906687897375,55.610452604979315
2026-09-07 14:59:04.670766,-4665.609478437832,-9753.016927873397,252.49771218934194,55.610452604979315
2026-09-07 14:59:04.784092,-4666.45676276704,-9755.703796347772,252.52307586711186,55.53222315054012
2026-09-07 14:59:04.882767,-4667.192436489578,-9758.040336196116,252.50099125366086,55.52187644638612
2026-09-07 14:59:04.983140,-4667.941546150366,-9760.4163518362,252.5459205448879,55.42364544356759
2026-09-07 14:59:05.092706,-4668.7557883290665,-9763.006033452768,252.50913732587543,55.32790631787413
2026-09-07 14:59:05.171425,-4669.3409720934305,-9764.863031820998,252.4298552981266,55.26875128910154
2026-09-07 14:59:05.293329,-4670.250191098388,-9767.734443723995,252.4707805991369,55.2080348263689
2026-09-07 14:59:05.382640,-4670.914082811194,-9769.836301047368,252.5407415435679,55.157308669663124
2026-09-07 14:59:05.492791,-4671.728972919568,-9772.427224879979,252.57772115729335,55.03122077589243
2026-09-07 14:59:05.582212,-4672.387637012607,-9774.526164105215,252.52768750592773,55.06013122888601
2026-09-07 14:59:05.801426,-4674.079422980703,-9779.897014102087,252.5031561836422,55.27214353511284
2026-09-07 14:59:05.895282,-4674.888133306925,-9782.457092550194,252.55567134655217,55.598877660823675
2026-09-07 14:59:05.994250,-4675.625542217426,-9784.803803121133,252.6774973929884,55.64038736912718
2026-09-07 14:59:06.095964,-4676.3300380208875,-9787.066294972468,252.6774973929884,55.53942002592049
2026-09-07 14:59:06.195146,-4677.06325431217,-9789.417129189553,252.59980409215706,55.570619624949664
2026-09-07 14:59:06.296299,-4677.814713786638,-9791.815010556398,252.69036096692403,55.52465795904728
2026-09-07 14:59:06.395511,-4678.5474290856055,-9794.166095375127,252.7236681673755,55.48651358158666
2026-09-07 14:59:06.496784,-4679.323144796324,-9796.658164896735,252.67833601519874,55.70270870372847
2026-09-07 14:59:06.591497,-4680.0253490087,-9798.909684287173,252.60414346411443,55.6985706774193
2026-09-07 14:59:06.697861,-4680.817148646381,-9801.436960468898,252.6517544663967,55.7087942102687
2026-09-07 14:59:06.797764,-4681.5590143888085,-9803.811772180923,252.6517544663967,55.690462141619925
2026-09-07 14:59:06.893348,-4682.268574268276,-9806.083168493993,252.68384368391025,55.687956493355784
2026-09-07 14:59:06.992478,-4683.003105101391,-9808.439135421828,252.77258947489668,55.65330844731964
2026-09-07 14:59:07.090030,-4683.695816941346,-9810.674591585379,252.71800629244493,55.48903359347171
2026-09-07 14:59:07.194162,-4684.463184755902,-9813.141055816457,252.74131224600842,55.5126912219837
2026-09-07 14:59:07.294584,-4685.202560406991,-9815.52096026862,252.73007443981652,55.47846908512235
2026-09-07 14:59:07.394986,-4685.941799480961,-9817.89877893662,252.7525455759676,55.49952466739686
2026-09-07 14:59:07.494312,-4686.672470763456,-9820.25229423898,252.77477589079535,55.50993963305989
2026-09-07 14:59:07.594731,-4687.410397678412,-9822.632441025928,252.7972508317443,55.48800302119351
2026-09-07 14:59:07.694948,-4688.145617719897,-9825.007149856114,252.80846569724326,55.51427400295689
2026-09-07 14:59:07.793720,-4688.870121563642,-9827.348868404337,252.7753062124733,55.56519530614005
2026-09-07 14:59:07.895044,-4689.615417767816,-9829.752863137355,252.8546774291602,55.59883945711088
2026-09-07 14:59:07.994417,-4690.343537044387,-9832.113007286745,252.7434732592861,55.62836248986521
2026-09-07 14:59:08.086345,-4691.021702017925,-9834.29617725707,252.72289870296157,55.59542842635859
2026-09-07 14:59:08.195040,-4691.8240109825065,-9836.875725383166,252.74722590903258,55.620122717557365
2026-09-07 14:59:08.294080,-4692.55437986494,-9839.227495515855,252.80264167078036,55.64954681830898
2026-09-07 14:59:08.394232,-4693.291038187101,-9841.607642521833,252.78022648753898,55.688927732209294
2026-09-07 14:59:08.495109,-4694.059938453325,-9844.088148220337,252.80280393421845,55.810353963395634
2026-09-07 14:59:08.594776,-4694.795141046419,-9846.463615576236,252.75819066502527,55.76245482230927
2026-09-07 14:59:08.694609,-4695.532787037423,-9848.840423600186,252.713503090368,55.77641232611206
2026-09-07 14:59:08.794644,-4696.273968345443,-9851.222059576923,252.73589208764764,55.75106316307575
2026-09-07 14:59:08.893994,-4697.0088158782255,-9853.586599396242,252.75812777395478,55.75279941011181
2026-09-07 14:59:08.993305,-4697.742480453416,-9855.950569524226,252.85814908339427,55.73804710362078
2026-09-07 14:59:09.087107,-4698.431365791808,-9858.184020197858,252.97361596973946,55.720834560419945
2026-09-07 14:59:09.194967,-4699.218073389239,-9860.752993174121,253.1184579098554,55.74156921224081
2026-09-07 14:59:09.294382,-4699.937464456338,-9863.123533279375,253.14070814391908,55.808458456981214
2026-09-07 14:59:09.395113,-4700.666319171685,-9865.528618765862,253.05052906319827,55.82606227179644
2026-09-07 14:59:09.495664,-4701.397879904296,-9867.929015356189,253.0055200950278,55.80409682442316
2026-09-07 14:59:09.591586,-4702.097285579604,-9870.217456772567,253.02698855503738,55.82421289345502
2026-09-07 14:59:09.696834,-4702.8640262548715,-9872.729584116802,252.95632137298043,55.818694930856594
2026-09-07 14:59:09.792901,-4703.566640686086,-9875.021481919357,252.88106817854023,55.83212591577964
2026-09-07 14:59:09.893069,-4704.302564113593,-9877.410828949154,252.80260250374363,55.80324196523831
2026-09-07 14:59:09.992788,-4705.038064907043,-9879.787230222104,252.76912509454087,55.740504919895606
2026-09-07 14:59:10.088196,-4705.742304638885,-9882.057928877408,252.85453877785002,55.66464020421021
2026-09-07 14:59:10.193004,-4706.511161772069,-9884.550100331415,252.8428101527344,55.645408074535005
2026-09-07 14:59:10.293123,-4707.245854435552,-9886.929801781445,252.68595557053322,55.61566341032711
2026-09-07 14:59:10.392737,-4707.982926238142,-9889.294225428586,252.67480818424337,55.58780963885252
2026-09-07 14:59:10.492482,-4708.721058095363,-9891.660429185711,252.74178045995663,55.558176087464496
2026-09-07 14:59:10.593048,-4709.462081164445,-9894.045705148625,252.820557904366,55.52478362677866
2026-09-07 14:59:10.692597,-4710.191924413782,-9896.406445956794,252.79827767954276,55.540441149735216
2026-09-07 14:59:10.792380,-4710.924609894401,-9898.773118463543,252.76477878442273,55.51515584423962
2026-09-07 14:59:10.892672,-4711.662087603355,-9901.150349813039,252.77600204285812,55.499381458837874
2026-09-07 14:59:10.992892,-4712.398361267356,-9903.525343813404,252.85450845137296,55.50726298929376
2026-09-07 14:59:11.092538,-4713.1272852447155,-9905.888071603527,252.86565941864907,55.45589110073232
2026-09-07 14:59:11.192008,-4713.853789718334,-9908.244584818673,252.9213157779085,55.45762944489616
2026-09-07 14:59:11.292958,-4714.5888032960265,-9910.63695033757,252.9213157779085,55.49203151532051
2026-09-07 14:59:11.399613,-4715.365836506875,-9913.166083835358,252.9690570385645,55.49016760563122
2026-09-07 14:59:11.491037,-4716.030075546739,-9915.334522682302,252.9588261609352,55.49735739849092
2026-09-07 14:59:11.587968,-4716.734827388751,-9917.633751310954,253.0022147328413,55.50667424688536
2026-09-07 14:59:11.699952,-4717.54714897576,-9920.29110287701,252.91449310391368,55.55462171802889
2026-09-07 14:59:11.799167,-4718.271073947121,-9922.646377479537,252.88118489630983,55.552887830261575
2026-09-07 14:59:11.899245,-4719.0026539846585,-9925.02163988107,252.8923842068999,55.51965740764838
2026-09-07 14:59:11.998340,-4719.726155421092,-9927.37230624517,252.92565212840879,55.490216966776195
2026-09-07 14:59:12.087159,-4720.373064193962,-9929.478470843644,253.00516703216772,55.453740111726866
2026-09-07 14:59:12.200466,-4721.194060462324,-9932.16469503522,253.06856559553967,55.532946530615554
2026-09-07 14:59:12.299850,-4721.9125911893825,-9934.525001758771,253.01295735578256,55.506893912281626
2026-09-07 14:59:12.399319,-4722.633690407732,-9936.885520172735,253.09087547540503,55.492987298779475
2026-09-07 14:59:12.498689,-4723.350684642591,-9939.244075627108,253.14647588175478,55.52858752820525
2026-09-07 14:59:12.600291,-4724.0819119297485,-9941.657865581421,253.13510602669604,55.478870640454716
2026-09-07 14:59:12.686825,-4724.7045451424265,-9943.711716260512,253.09637139400553,55.45769880739727
2026-09-07 14:59:12.803477,-4725.5454352521365,-9946.478781466356,253.01804716816457,55.46891120589629
2026-09-07 14:59:12.899565,-4726.241344856945,-9948.75756616271,252.99654155542297,55.46387348555807
2026-09-07 14:59:13.000767,-4726.975126344763,-9951.1571392173,252.9625662772299,55.54169244471161
2026-09-07 14:59:13.102348,-4727.714119328905,-9953.568640198666,252.8261562167912,55.49908677743352
2026-09-07 14:59:13.203328,-4728.453877448032,-9955.962280293019,252.79225546787382,55.479674714195326
2026-09-07 14:59:13.302655,-4729.182663997083,-9958.315483187796,252.84783181447239,55.531750066792405
2026-09-07 14:59:13.401903,-4729.909271175001,-9960.669727415327,252.7589803843925,55.61934052290372
2026-09-07 14:59:13.502568,-4730.651122753205,-9963.060202873336,252.68012538925032,55.558647154790684
2026-09-07 14:59:13.602719,-4731.391649900627,-9965.43486029989,252.75857774725444,55.52889298360355
2026-09-07 14:59:13.802725,-4732.863232235731,-9970.176636461722,252.48999572356786,55.59355636313894
2026-09-07 14:59:13.901922,-4733.60497209239,-9972.52770323821,252.37898850793584,55.562352045572275
2026-09-07 14:59:14.001942,-4734.35703495802,-9974.895492706162,252.33421722772567,55.5824535395661
2026-09-07 14:59:14.102014,-4735.433545053995,-9978.30793083065,252.35661450603598,56.37693345274393
2026-09-07 14:59:14.202507,-4736.201184909437,-9980.721495669703,252.2778942455003,56.40064245214835
2026-09-07 14:59:14.296614,-4736.9234520509135,-9982.98164669358,252.26736312455768,56.42448944256027
2026-09-07 14:59:14.401730,-4737.731018101708,-9985.507117931942,252.29088930877367,56.45480017398252
2026-09-07 14:59:14.502445,-4738.504194441099,-9987.928470198358,252.3923246601466,56.426638544150734
2026-09-07 14:59:14.602421,-4739.267060374323,-9990.332211040808,252.44826414112902,56.42751213767704
2026-09-07 14:59:14.703008,-4740.0322388357345,-9992.751427925643,252.41449532917267,56.40641775853871
2026-09-07 14:59:14.802198,-4740.787913431828,-9995.135708796108,252.44779514384007,56.44455367758398
2026-09-07 14:59:14.902624,-4741.552117641911,-9997.55177666883,252.33541260568808,56.47000192116956
2026-09-07 14:59:15.002647,-4742.31831896294,-9999.95773578004,252.27944682683813,56.45077382846533
2026-09-07 14:59:15.103034,-4743.089404265758,-10002.370876320927,252.1895757109322,56.444633534462
2026-09-07 14:59:15.201702,-4743.850922244654,-10004.74124534301,252.1674926641627,56.4403227135623
2026-09-07 14:59:15.302875,-4744.632650793099,-10007.171306955835,252.21278005401172,56.389931695350846
2026-09-07 14:59:15.411229,-4745.467061438318,-10009.772184851,252.18852916770953,56.37288928164066
2026-09-07 14:59:15.511140,-4746.237236531041,-10012.169350421349,252.12144543380015,56.38074651162847
2026-09-07 14:59:15.610666,-4747.165818207102,-10015.061866340971,252.0991703566446,56.96754639431334
2026-09-07 14:59:15.700512,-4747.869108598228,-10017.239187505427,252.11927893713732,56.97461208963702
2026-09-07 14:59:15.812032,-4748.741216853404,-10019.942396187917,252.13175867411252,57.00287158543158
2026-09-07 14:59:15.899631,-4749.426135239737,-10022.066970007278,252.11215299837204,56.99521715643753
2026-09-07 14:59:16.011507,-4750.3016812819715,-10024.779679888488,252.1497117247127,57.053871723142976
2026-09-07 14:59:16.100173,-4750.994888117029,-10026.932273400553,252.12986724195366,57.10035770594093
2026-09-07 14:59:16.196981,-4751.753181887612,-10029.284187184443,252.14070062051442,57.15787968384
2026-09-07 14:59:16.300622,-4752.565339547977,-10031.804796238846,252.15229865153887,57.16421901274513
2026-09-07 14:59:16.400430,-4753.347056142383,-10034.23261202392,252.07411497940706,57.135438870028594
2026-09-07 14:59:16.500948,-4754.137271295218,-10036.675391423656,251.97287803705183,57.11875060877121
2026-09-07 14:59:16.601095,-4754.928637675036,-10039.10704947214,251.88322178031908,57.220260785433254
2026-09-07 14:59:16.708718,-4755.784686472248,-10041.723539186616,251.9193527003105,57.181703841773285
2026-09-07 14:59:16.799253,-4756.502942417412,-10043.923562129676,251.98014106044587,57.21018336122344
2026-09-07 14:59:16.900252,-4757.302007525228,-10046.379934394623,252.00274581214524,57.23312920709294
2026-09-07 14:59:17.000107,-4758.09138003039,-10048.809769372183,251.9468740341835,57.31253000351216
2026-09-07 14:59:17.108276,-4758.950232439213,-10051.444729558249,251.86214085016195,57.3096944508351
2026-09-07 14:59:17.193626,-4759.630944280217,-10053.522719359156,251.87169201184443,57.26643856909074
2026-09-07 14:59:17.307653,-4760.6305658033125,-10056.58177915517,251.7313288783368,57.63517417595783
2026-09-07 14:59:17.399538,-4761.372694336097,-10058.829891234216,251.70048147970067,57.61510182330203
2026-09-07 14:59:17.508282,-4762.252114057116,-10061.489085776597,251.5422833562323,57.62175328346219
2026-09-07 14:59:17.598917,-4762.991287203328,-10063.703671434761,251.45100010079182,57.58057076204352
2026-09-07 14:59:17.697663,-4763.799874229261,-10066.113432573411,251.43994984875314,57.528800017255584
2026-09-07 14:59:17.808506,-4764.707223342125,-10068.81579747297,251.46475780222414,57.468749934349134
2026-09-07 14:59:17.906990,-4765.511522873743,-10071.214690742361,251.40965313865416,57.42572211525017
2026-09-07 14:59:18.006278,-4766.324105279896,-10073.63057686239,251.47631856861074,57.46910120325124
2026-09-07 14:59:18.107547,-4767.150656675376,-10076.097489631127,251.43098820692705,57.539007655624076
2026-09-07 14:59:18.195109,-4767.86789110782,-10078.232527739858,251.2840077466031,57.623935930358996
2026-09-07 14:59:18.316876,-4768.874400859484,-10081.2034019392,251.24312843888453,57.60052784257602
2026-09-07 14:59:18.407093,-4769.621389220111,-10083.403091937189,251.24312843888453,57.57530163239349
2026-09-07 14:59:18.515343,-4770.517296606363,-10086.04131044304,251.09776277953392,57.609353744620584
2026-09-07 14:59:18.613922,-4771.339743046127,-10088.443173881888,251.0315733969329,57.61193790410576
2026-09-07 14:59:18.706571,-4772.115357434857,-10090.699760463665,251.07304524596503,57.62246231362448
2026-09-07 14:59:18.816398,-4773.150293631461,-10093.729254412987,251.2328188914642,58.14917138831001
2026-09-07 14:59:18.914063,-4773.967085723321,-10096.133077906825,251.32025314624772,58.21488318318575
2026-09-07 14:59:19.014152,-4774.801331605889,-10098.60062300494,251.38745639557214,58.219256087805576
2026-09-07 14:59:19.105125,-4775.557020872788,-10100.844483088356,251.36709557936263,58.23674443826079
2026-09-07 14:59:19.215949,-4776.4788554285515,-10103.578464188011,251.47871223408686,58.275479786328084
2026-09-07 14:59:19.314670,-4777.295814285782,-10106.017085409701,251.47871223408686,58.25908986771062
2026-09-07 14:59:19.415061,-4778.126359457661,-10108.49626176453,251.44500922275233,58.30470529781754
2026-09-07 14:59:19.515080,-4778.955928834238,-10110.96769789526,251.38904568201872,58.29159575889206
2026-09-07 14:59:19.615275,-4779.789188400325,-10113.442113554478,251.3329836641641,58.30823039484466
2026-09-07 14:59:19.715342,-4780.624039284627,-10115.913257655327,251.4001721419204,58.21292202793398
2026-09-07 14:59:19.814560,-4781.447584896275,-10118.360398245493,251.37796599874957,58.12709198825632
2026-09-07 14:59:19.914420,-4782.2761903432165,-10120.81942089679,251.32209142314238,58.07473719338338
2026-09-07 14:59:20.013950,-4783.103701261289,-10123.267304065259,251.19957357493087,58.1112644406655
2026-09-07 14:59:20.103605,-4783.854294757667,-10125.472104186429,251.17950774246114,58.070527209377474
2026-09-07 14:59:20.218058,-4784.8128108741685,-10128.284429297704,251.32039526663831,57.95951677302111
2026-09-07 14:59:20.314933,-4785.616720032912,-10130.662263414622,251.4396449053954,57.955284288581794
2026-09-07 14:59:20.415793,-4786.448483268797,-10133.139466616722,251.46221854727702,57.93853924758994
2026-09-07 14:59:20.515711,-4787.271273377556,-10135.593148839123,251.2833160567336,57.92718912022438
2026-09-07 14:59:20.614709,-4788.093913358481,-10138.021205608726,251.30547296134392,57.77667081509508
2026-09-07 14:59:20.716560,-4788.937098084678,-10140.513071333555,251.36246155938284,57.67076351198742
2026-09-07 14:59:20.815446,-4789.751833782568,-10142.928772803845,251.3735274782362,57.65261806149641
2026-09-07 14:59:20.915193,-4790.57293431128,-10145.36489971614,251.25074251083387,57.67353628190175
2026-09-07 14:59:21.012112,-4791.376117309603,-10147.731101272997,251.17482191008702,57.68285197687592
2026-09-07 14:59:21.106944,-4792.165199609697,-10150.045680774745,251.21727092073377,57.57927134091492
2026-09-07 14:59:21.217547,-4793.3679787874935,-10153.590403900313,251.50194466552705,58.63208242291294
2026-09-07 14:59:21.318035,-4794.203636248363,-10156.08820252323,251.580661009359,58.67949806245303
2026-09-07 14:59:21.413467,-4794.959116140645,-10158.35780968443,251.5593022170524,58.56715768192749
2026-09-07 14:59:21.513644,-4795.788774438628,-10160.845952364012,251.48082949218917,58.73960160647843
2026-09-07 14:59:21.714416,-4797.463297049061,-10165.84501367427,251.16628371988133,58.704514561694964
2026-09-07 14:59:21.812880,-4798.323719171684,-10168.368658056563,251.06711546850286,58.817417492513016
2026-09-07 14:59:21.913819,-4799.184857630818,-10170.879134987814,250.9654545149981,58.768907038680595
2026-09-07 14:59:22.014212,-4800.0450569069,-10173.372450537,250.95421995407494,58.73732649639131
2026-09-07 14:59:22.109284,-4800.8596891252155,-10175.732187612097,251.02869372448328,58.74646466076139
2026-09-07 14:59:22.214286,-4801.756158473117,-10178.339965422869,251.14619707292923,58.78683513935391
2026-09-07 14:59:22.313920,-4802.6023023754615,-10180.817867181277,251.11274819971044,58.819047528765374
2026-09-07 14:59:22.414611,-4803.4593540218975,-10183.32292883687,251.1690877439971,58.857760542421865
2026-09-07 14:59:22.514790,-4804.310156142831,-10185.817730780494,251.2475620355418,58.91028258323477
2026-09-07 14:59:22.604765,-4805.07190704566,-10188.061462913203,251.2676994877359,58.92915149037954
2026-09-07 14:59:22.714965,-4806.004220477331,-10190.810759671269,251.23070342385498,58.86367217085556
2026-09-07 14:59:22.814488,-4806.923900051521,-10193.517185537057,251.27525223529625,59.33207792889341
2026-09-07 14:59:22.914084,-4807.77193305866,-10196.019032278336,251.520450418969,59.27986154445354
2026-09-07 14:59:23.014760,-4808.617586473698,-10198.54942503857,251.5767815703192,59.35111806652092
2026-09-07 14:59:23.106107,-4809.383540568843,-10200.84885645613,251.48478122238828,59.326374082131935
2026-09-07 14:59:23.213987,-4810.292105950282,-10203.561877092512,251.44856402301014,59.27829847648144
2026-09-07 14:59:23.314671,-4811.140978533952,-10206.09134114875,251.68517365885856,59.251025294831024
2026-09-07 14:59:23.414925,-4811.975433379756,-10208.612311062356,251.9432107971867,59.1932077966765
2026-09-07 14:59:23.513931,-4812.7874870115,-10211.103152037738,252.15371840066908,59.252900913483714
2026-09-07 14:59:23.614580,-4813.604530854413,-10213.640900947574,252.14245519185616,59.20628877971213
2026-09-07 14:59:23.707801,-4814.361142390392,-10215.989363658304,252.24677491572317,59.12971937666654
2026-09-07 14:59:23.814929,-4815.224594251369,-10218.686263667909,252.33069264203905,59.14844113534586
2026-09-07 14:59:23.914696,-4816.0252904394865,-10221.199824410765,252.29719911839834,59.14844113534586
2026-09-07 14:59:24.014887,-4816.9491245995305,-10224.081927677049,252.27477520650302,59.870264121742956
2026-09-07 14:59:24.115469,-4817.768715811795,-10226.646148160376,252.33105376211813,59.805226352471756
2026-09-07 14:59:24.213610,-4818.56509255552,-10229.146203705635,252.3420363111361,59.812086826366716
2026-09-07 14:59:24.323315,-4819.454873105028,-10231.941333155846,252.35431293904915,59.79579052702829
2026-09-07 14:59:24.413542,-4820.177825022192,-10234.214734864761,252.3038283072315,59.75774974311794
2026-09-07 14:59:24.512737,-4820.983315252271,-10236.739251675457,252.40373278699556,59.771618049086086
2026-09-07 14:59:24.612974,-4821.793005290278,-10239.292295167754,252.3812985797649,59.853074345292804
2026-09-07 14:59:24.712142,-4822.596142149918,-10241.821239041692,252.37020110347044,59.84180941374305
2026-09-07 14:59:24.812539,-4823.434932501172,-10244.459273659682,252.41514113765618,60.058150308378345
2026-09-07 14:59:24.912479,-4824.245584140073,-10247.017116480487,252.51579594593906,60.02409242904987
2026-09-07 14:59:25.012717,-4825.053686289812,-10249.58255501581,252.5606648080237,59.99518829365372
2026-09-07 14:59:25.112747,-4825.857719118515,-10252.142067735644,252.63902238179878,59.94536656699055
2026-09-07 14:59:25.208638,-4826.624489465884,-10254.594687377465,252.74632999104273,59.928608593710756
2026-09-07 14:59:25.313082,-4827.454415224129,-10257.266880719968,252.78139366523487,59.97332771140716
2026-09-07 14:59:25.413332,-4828.250038361635,-10259.834172150482,252.7701751068439,59.937412213772724
2026-09-07 14:59:25.512308,-4829.035576104912,-10262.367166187712,252.9141629817465,59.93222308080922
2026-09-07 14:59:25.612527,-4829.824462778191,-10264.933739657834,252.79079699933004,60.01103759894518
2026-09-07 14:59:25.707371,-4830.577256200564,-10267.364240204755,252.84386497698762,59.91324510554414
2026-09-07 14:59:25.819997,-4831.467062493859,-10270.24654969677,253.02031404434732,59.88470534609868
2026-09-07 14:59:25.910838,-4832.177254189276,-10272.572431116656,253.1219704097135,59.88946797570118
2026-09-07 14:59:26.012521,-4832.967650668689,-10275.177523232613,253.13334932914364,59.908126672000726
2026-09-07 14:59:26.119657,-4833.800148249533,-10277.923340331094,253.07340361982807,59.86599956928062
2026-09-07 14:59:26.206129,-4834.473920959081,-10280.137292112422,253.1604940999345,59.86751075955441
2026-09-07 14:59:26.319565,-4835.353398398,-10283.043019532663,253.24935313961012,59.87345800420813
2026-09-07 14:59:26.418870,-4836.119447284387,-10285.588217189601,253.23824033221842,59.885606228500144
2026-09-07 14:59:26.518983,-4836.8923836168815,-10288.15449472356,253.31666292327458,59.86111209067131
2026-09-07 14:59:26.618782,-4837.659079698903,-10290.71272868427,253.32783101214105,59.830590449361246
2026-09-07 14:59:26.707899,-4838.342918217811,-10292.996110286906,253.29791287942894,59.79399120943026
2026-09-07 14:59:26.820994,-4839.2117329188395,-10295.891637283456,253.39916078855444,59.79992057606971
2026-09-07 14:59:26.919609,-4839.964921739433,-10298.418023788807,253.4433031580598,59.77837804946415
2026-09-07 14:59:27.019364,-4840.724574615481,-10300.973280976063,253.532608478143,59.801912934835144
2026-09-07 14:59:27.119135,-4841.480662523278,-10303.531135780177,253.61076316666762,59.79493851699781
2026-09-07 14:59:27.206974,-4842.143177270021,-10305.783729997935,253.7680382909379,59.76039921577476
2026-09-07 14:59:27.322302,-4843.004405010529,-10308.741934886071,253.92290878296177,59.82590230274685
2026-09-07 14:59:27.422109,-4843.743614274457,-10311.306834061386,254.01226065586587,59.87561296028029
2026-09-07 14:59:27.521672,-4844.477634750778,-10313.868736609851,254.06796905133132,59.943471768356744
2026-09-07 14:59:27.620388,-4845.203762718491,-10316.412430594017,254.24471936915674,59.954685355228165
2026-09-07 14:59:27.723062,-4845.950979227896,-10319.06092611836,254.34812773203083,59.96634854881823
2026-09-07 14:59:27.822235,-4846.66823826275,-10321.62090901866,254.38142183950146,60.01314370067824
2026-09-07 14:59:27.922222,-4847.39044769774,-10324.204338152502,254.31428707653845,59.98780670098302
2026-09-07 14:59:28.021436,-4848.1097730746815,-10326.765871423559,254.16995296503075,59.96266558175991
2026-09-07 14:59:28.121977,-4848.844948036466,-10329.35873386976,254.21495745696848,59.90468256779583
2026-09-07 14:59:28.222739,-4849.5789871638335,-10331.955360308748,254.271336727821,59.917889492092314
2026-09-07 14:59:28.322930,-4850.306486013321,-10334.53855847116,254.3498204194545,59.97917254632124
2026-09-07 14:59:28.422578,-4851.027258553811,-10337.111374068978,254.5059370946828,60.007035824775066
2026-09-07 14:59:28.522102,-4851.740461123619,-10339.684134664902,254.55048635374732,60.00964475658206
2026-09-07 14:59:28.621875,-4852.453473437267,-10342.263999379093,254.49466045717153,59.96431013188405
2026-09-07 14:59:28.723561,-4853.182167328312,-10344.890634096146,254.56293598805706,59.93232285166304
2026-09-07 14:59:28.822026,-4853.8843730300105,-10347.433549490921,254.66210524658794,59.924579338428764
2026-09-07 14:59:28.921943,-4854.592374895176,-10350.014859519088,254.66210524658794,59.92370626044637
2026-09-07 14:59:29.022288,-4855.30339916602,-10352.607188961847,254.6845636254756,59.90529308538094
2026-09-07 14:59:29.117581,-4855.977453790655,-10355.068512136106,254.7805381966753,59.852001992861254
2026-09-07 14:59:29.222745,-4856.716122185948,-10357.783618155505,254.95706515048528,59.8400559491627
2026-09-07 14:59:29.322990,-4857.4121235163475,-10360.373366364518,255.17020712886125,59.87334182332944
2026-09-07 14:59:29.422852,-4858.096244098632,-10362.95721793745,255.25960824032586,59.88381299201681
2026-09-07 14:59:29.522498,-4858.774979815316,-10365.536993788377,255.28191017487808,59.858562402723905
2026-09-07 14:59:29.617780,-4859.422756791651,-10368.00300044828,255.36721105712127,59.846073744689946
2026-09-07 14:59:29.731623,-4860.192173231787,-10370.94992095963,255.41816983389555,59.807277955652616
2026-09-07 14:59:29.822107,-4860.801237595247,-10373.291198613531,255.55992944012303,59.79541817380983
2026-09-07 14:59:29.929875,-4861.519599800038,-10376.08093348949,255.58404917280492,59.801068255458006
2026-09-07 14:59:30.023012,-4862.139477937377,-10378.492412159541,255.64658460659217,59.732706189144025
2026-09-07 14:59:30.120623,-4862.785634683339,-10381.01754808625,255.76674023486277,59.78814651432466
2026-09-07 14:59:30.232010,-4863.517618871691,-10383.903276418561,255.79166994186522,59.81150579145869
2026-09-07 14:59:30.330449,-4864.163657359406,-10386.454835704664,255.81370173576948,59.764196817080006
2026-09-07 14:59:30.431376,-4864.824495063483,-10389.069069559653,255.77981877987736,59.744794942387585
2026-09-07 14:59:30.531242,-4865.479702513763,-10391.6545943725,255.89157464544093,59.7090170163351
2026-09-07 14:59:30.748603,-4866.893952379846,-10397.281456985766,256.30508197907886,59.701419786501084
2026-09-07 14:59:30.845567,-4867.908057680512,-10401.258349361015,256.3918886660274,60.73959534898572
2026-09-07 14:59:30.945983,-4868.549570994118,-10403.908406004666,256.40312580078444,60.74749229333075
2026-09-07 14:59:31.041869,-4869.091348983926,-10406.181087024228,256.4353164049703,60.49984294187327
2026-09-07 14:59:31.145998,-4869.751882316209,-10408.918786944847,256.5518428156132,60.474366229778155
2026-09-07 14:59:31.246185,-4870.381786164958,-10411.553023377342,256.5406313072889,60.48049429053614
2026-09-07 14:59:31.346229,-4871.011369437342,-10414.183643292328,256.55182681308105,60.47962010282364
2026-09-07 14:59:31.446304,-4871.682797585363,-10416.972932520255,256.63021963718927,60.68785457053874
2026-09-07 14:59:31.661798,-4873.034672602597,-10422.6608154732,256.7507948003767,60.552279034792505
2026-09-07 14:59:31.750056,-4873.582218750403,-10424.986305417779,256.8001777194027,60.51680377670598
2026-09-07 14:59:31.859269,-4874.246190356025,-10427.821741825446,256.8857287111522,60.38281051884908
2026-09-07 14:59:31.958461,-4874.8537083889305,-10430.42945252233,256.9634298453909,60.2970029708668
2026-09-07 14:59:32.046121,-4875.386712473436,-10432.731442458948,256.9438105171405,60.22653318628376
2026-09-07 14:59:32.147448,-4876.003006793879,-10435.38901310216,256.9551495980989,60.195544235001435
2026-09-07 14:59:32.257005,-4876.702912311561,-10438.397764233983,256.9551495980989,60.53029684033098
2026-09-07 14:59:32.358782,-4877.3245348782575,-10441.080723877576,257.03487566813897,60.5160675487687
2026-09-07 14:59:32.458509,-4877.929835667085,-10443.709869957453,257.03487566813897,60.522167473062396
2026-09-07 14:59:32.560135,-4878.546724759404,-10446.389350256713,257.194091239317,60.51151133770538
2026-09-07 14:59:32.664096,-4879.161764271053,-10449.09767867822,257.25226044375023,60.41055424148414
2026-09-07 14:59:32.746128,-4879.650601262729,-10451.258423347484,257.2614403019241,60.41557182939574
2026-09-07 14:59:32.861812,-4880.339542927304,-10454.30593414622,257.2614403019241,60.41658267993485
2026-09-07 14:59:32.961632,-4880.9340184606035,-10456.935577119591,257.25026986303544,60.449727434878476
2026-09-07 14:59:33.061235,-4881.528038910731,-10459.560827212366,257.32829295031644,60.42883941311309
2026-09-07 14:59:33.160412,-4882.115755378355,-10462.174748657246,257.3615884006569,60.408040728990855
2026-09-07 14:59:33.255186,-4882.675735502455,-10464.672090186203,257.43582873552606,60.36829009146402
2026-09-07 14:59:33.361327,-4883.298843667834,-10467.467927051383,257.35268416651616,60.28574584032038
2026-09-07 14:59:33.461793,-4883.8916642722525,-10470.109804019065,257.38641235666006,60.34368560102412
2026-09-07 14:59:33.561310,-4884.477907393174,-10472.72958650747,257.28618357383147,60.36368600472122
2026-09-07 14:59:33.662172,-4885.0769160946675,-10475.384612330334,257.22974835006926,60.28172181038178
2026-09-07 14:59:33.752864,-4885.61714290735,-10477.768157123895,257.15870561208254,60.2650799480764
2026-09-07 14:59:33.851659,-4886.208692697166,-10480.363214668907,257.23609576004924,60.274575961086974
2026-09-07 14:59:33.945651,-4886.768236679408,-10482.833258423878,257.34127827778354,60.23679592462492
2026-09-07 14:59:34.053673,-4887.405690489064,-10485.67139641341,257.4863377628123,60.29059820951553
2026-09-07 14:59:34.263894,-4888.633343637953,-10491.20273975722,257.6980623420802,60.21344765741169
2026-09-07 14:59:34.362453,-4889.198599504236,-10493.794816089363,257.77526762163336,60.19622342272353
2026-09-07 14:59:34.473494,-4889.79176730615,-10496.540285253901,257.8746766943351,59.845582550449215
2026-09-07 14:59:34.572351,-4890.347300533145,-10499.126039837596,257.88573936791977,59.81794044907126
2026-09-07 14:59:34.672127,-4890.907235481875,-10501.73473498118,257.8410773077893,59.79178507147642
2026-09-07 14:59:34.761536,-4891.410593505894,-10504.070965753737,257.70100188414324,59.7792849316679
2026-09-07 14:59:34.856651,-4891.952036621322,-10506.554456751606,257.5413430540147,59.78260940347132
2026-09-07 14:59:34.962604,-4892.562915766149,-10509.319394627688,257.3634916948326,59.75390896034823
2026-09-07 14:59:35.062787,-4893.148358825361,-10511.930699426006,257.44196911974024,59.77316781092647
2026-09-07 14:59:35.161840,-4893.723847008061,-10514.51417318157,257.3422076556133,59.82596503859346
2026-09-07 14:59:35.262169,-4894.257085055509,-10516.887069485894,257.35343505456405,59.33824896753177
2026-09-07 14:59:35.358001,-4894.813641804122,-10519.367490456607,257.3963316884882,59.32233868825026
2026-09-07 14:59:35.458351,-4895.394336905597,-10521.964589943793,257.38510193951527,59.295155980187225
2026-09-07 14:59:35.557991,-4895.971164425297,-10524.542019706789,257.40740253119765,59.32214636415735
2026-09-07 14:59:35.661833,-4896.571545436187,-10527.229600942199,257.4538846275742,59.294017746611935
2026-09-07 14:59:35.761685,-4897.146488048358,-10529.813157087652,257.55445080644813,59.30797790677657
2026-09-07 14:59:35.868983,-4897.780869589185,-10532.686562636673,257.566458077054,59.51533632029794
2026-09-07 14:59:35.960584,-4898.305596990596,-10535.066515607965,257.51520465225735,59.49612642017715
2026-09-07 14:59:36.058664,-4898.851136326215,-10537.530864190032,257.4493503156795,59.29121961691383
2026-09-07 14:59:36.168851,-4899.485782998295,-10540.381641869177,257.5603254143414,59.24885564361166
2026-09-07 14:59:36.261005,-4900.011569674809,-10542.765185874094,257.5087625699542,59.34629024468203
2026-09-07 14:59:36.369174,-4900.632266923408,-10545.566997983784,257.4966578293796,59.35101616581046
2026-09-07 14:59:36.468169,-4901.200908760301,-10548.131267677243,257.518814062555,59.36572153159149
2026-09-07 14:59:36.556319,-4901.706497552829,-10550.415380519944,257.4793560706482,59.384207712917544
2026-09-07 14:59:36.677149,-4902.40189662023,-10553.546783205391,257.4387913301878,59.337751788951
2026-09-07 14:59:36.759486,-4902.876900053254,-10555.67860505063,257.4756472879829,59.34134910581583
2026-09-07 14:59:36.877587,-4903.556300647813,-10558.737030679298,257.4095663421208,59.372308216717535
2026-09-07 14:59:36.959072,-4904.027739340828,-10560.847781500313,257.34573582228614,59.28188185840787
2026-09-07 14:59:37.077561,-4904.73852351164,-10564.014441236302,257.62418760352296,59.514853995418754
2026-09-07 14:59:37.154980,-4905.179980198189,-10566.026350750344,257.70216033318525,59.54056060514608
2026-09-07 14:59:37.277895,-4905.857296641862,-10569.134899394749,257.60587600667753,59.31081979454653
2026-09-07 14:59:37.367928,-4906.369665711864,-10571.466427656134,257.5252742736009,59.3084596607358
2026-09-07 14:59:37.478081,-4907.000522912203,-10574.317992809769,257.48829398844055,59.25070843181892
2026-09-07 14:59:37.568109,-4907.517122822712,-10576.645973462619,257.3774727602803,59.26644178342057
2026-09-07 14:59:37.656706,-4908.030077766257,-10578.936571208465,257.3873872801583,59.23315275482413
2026-09-07 14:59:37.779364,-4908.739290224211,-10582.106127790488,257.23639969625464,59.26101928382601
2026-09-07 14:59:37.876093,-4909.305431500825,-10584.605356084332,257.12815431624443,59.23481742863688
2026-09-07 14:59:37.975309,-4909.890711944196,-10587.166607463883,257.16146285956575,59.22874876028505
2026-09-07 14:59:38.075942,-4910.482780348345,-10589.764517044223,257.37542980764204,59.20588606553178
2026-09-07 14:59:38.155169,-4910.941089563258,-10591.810752412079,257.45522346879704,59.224577844021965
2026-09-07 14:59:38.279088,-4911.6536982629505,-10595.013276382211,257.6909668416978,59.24948243344629
2026-09-07 14:59:38.376261,-4912.202394554135,-10597.527919995566,257.65834416914333,59.281748264663854
2026-09-07 14:59:38.476051,-4912.767645869771,-10600.111371228297,257.63601000571515,59.2939558201958
2026-09-07 14:59:38.575623,-4913.332783494565,-10602.68948942132,257.4800123982787,59.29134563011213
2026-09-07 14:59:38.674059,-4913.898385868565,-10605.236551598526,257.3918879084014,59.26812193228868
2026-09-07 14:59:38.775750,-4914.486507052648,-10607.865905815606,257.31222920566455,59.22013865268842
2026-09-07 14:59:38.876363,-4915.071535987735,-10610.464469919834,257.25593330464744,59.16914739281793
2026-09-07 14:59:38.975279,-4915.6487099416945,-10613.016439448766,257.2337947525915,59.0835786028327
2026-09-07 14:59:39.077293,-4916.244115286896,-10615.644299357835,257.1767149513098,58.99265563592817
2026-09-07 14:59:39.161742,-4916.738407511947,-10617.815849406556,257.1861652858491,58.97642143778595
2026-09-07 14:59:39.279151,-4917.424932435479,-10620.834226455114,257.1073327837766,58.93230672105199
2026-09-07 14:59:39.503981,-4918.693589691017,-10626.372349385092,256.93121428620725,58.546203683309834
2026-09-07 14:59:39.603580,-4919.283030696647,-10628.911586943994,257.02037994782796,58.54098188758126
2026-09-07 14:59:39.700973,-4919.855500396908,-10631.395255838737,257.1402672259438,58.5707676991837
2026-09-07 14:59:39.802281,-4920.44587534138,-10633.981318631259,257.19695199968317,58.60529177001629
2026-09-07 14:59:39.902271,-4921.026386099054,-10636.535817255772,257.24170985119497,58.662083300835675
2026-09-07 14:59:40.002573,-4921.607268684925,-10639.101224429125,257.17436358623337,58.7663799136947
2026-09-07 14:59:40.109546,-4922.231107982283,-10641.841387705545,257.19830538866245,58.770118847850476
2026-09-07 14:59:40.201794,-4922.768121546047,-10644.204738186516,257.20862847668695,58.771730979874455
2026-09-07 14:59:40.302173,-4923.352021672146,-10646.77657686055,257.2647934478954,58.82260364716933
2026-09-07 14:59:40.409316,-4923.973113571522,-10649.52470422806,257.24081359748766,58.84788156028953
2026-09-07 14:59:40.501253,-4924.5072749023275,-10651.883600548808,257.1687956002852,58.845471514837776
2026-09-07 14:59:40.609593,-4925.140206579243,-10654.662453689194,257.1081762179371,58.821804554107196
2026-09-07 14:59:40.708419,-4925.720004902041,-10657.195647198529,257.00864337739915,58.7855356729668
2026-09-07 14:59:40.801235,-4926.268337251564,-10659.572371274975,257.0398033289887,58.75471656282006
2026-09-07 14:59:40.909650,-4926.822587908329,-10661.975694880904,257.0519355983948,58.08930625280188
2026-09-07 14:59:41.008614,-4927.398424372105,-10664.480272206554,257.173756720975,58.03482696263769
2026-09-07 14:59:41.108643,-4927.974533080745,-10667.010658936893,257.15136906656517,58.0199679997233
2026-09-07 14:59:41.199468,-4928.498395658692,-10669.307423619479,257.1208775284346,58.03266610839366
2026-09-07 14:59:41.318217,-4929.185067173193,-10672.310617107032,257.1607436408647,57.990123171450094
2026-09-07 14:59:41.400466,-4929.658880732958,-10674.389521269615,257.1239270739181,58.015996170790196
2026-09-07 14:59:41.518884,-4930.34328217418,-10677.383519845689,256.9781587774294,58.07497636901072
2026-09-07 14:59:41.608506,-4930.8675516334815,-10679.65043745516,256.9681295540866,58.08750628803362
2026-09-07 14:59:41.697140,-4931.38654588152,-10681.892757279194,256.9681295540866,58.06349719838281
2026-09-07 14:59:41.819219,-4932.101081061697,-10684.97991365046,257.06375900773946,58.07416450094523
2026-09-07 14:59:41.908050,-4932.617358648106,-10687.22756595939,257.09358112525854,58.09124108036205
2026-09-07 14:59:42.018046,-4933.255384103023,-10690.011897947952,257.08127193275203,58.09893026924896
2026-09-07 14:59:42.116472,-4933.754105332309,-10692.185084085666,257.0922863749285,57.500878281712964
2026-09-07 14:59:42.195979,-4934.210639335229,-10694.177183765192,257.11008096688846,57.53908869248437
2026-09-07 14:59:42.319932,-4934.921892693884,-10697.285191786961,256.99911247066996,57.6051581175498
2026-09-07 14:59:42.416866,-4935.483459027031,-10699.717430918688,257.0858923002219,57.55518438407517
2026-09-07 14:59:42.516026,-4936.064879797875,-10702.253269404147,257.09698888126974,57.70313259269836
2026-09-07 14:59:42.616576,-4936.64406730499,-10704.781524280304,256.9844675799018,57.69083206450178
2026-09-07 14:59:42.697709,-4937.115314090396,-10706.8201967448,257.04802236379754,57.673817437734606
2026-09-07 14:59:42.819485,-4937.819026366847,-10709.880007707834,257.034394920739,57.59933165346474
2026-09-07 14:59:42.916996,-4938.382371657533,-10712.326824648433,256.92527443722145,57.72543568638125
2026-09-07 14:59:43.016364,-4938.962460223154,-10714.824597439094,257.04759286926287,57.845258437141815
2026-09-07 14:59:43.116539,-4939.543085577508,-10717.349127587353,256.94670138017204,57.84438310474707
2026-09-07 14:59:43.216508,-4940.1269434722335,-10719.867403961149,256.9131400416048,57.82778598990555
2026-09-07 14:59:43.316520,-4940.712360113,-10722.38569817813,256.94671581602273,57.81118173609157
2026-09-07 14:59:43.416738,-4941.297335673053,-10724.90879811797,257.0252206578561,57.796294697879105
2026-09-07 14:59:43.516791,-4941.877746695978,-10727.427892966449,256.94684506724406,57.7936718988147
2026-09-07 14:59:43.616735,-4942.460940542241,-10729.94333385968,256.98039801287484,57.798911782270324
2026-09-07 14:59:43.717995,-4943.050374392807,-10732.492473184635,256.9917295961434,57.74759261899634
2026-09-07 14:59:43.933845,-4944.304646600477,-10737.921747396527,257.0400393383618,57.685351177374784
2026-09-07 14:59:44.023067,-4944.820653181318,-10740.163965049629,257.0001014943015,57.70873991915404
2026-09-07 14:59:44.133750,-4945.462976366699,-10742.94619491596,256.9010129198664,57.660382337198286
2026-09-07 14:59:44.224160,-4945.991136486393,-10745.216009587928,256.83019108396707,57.65643230965601
2026-09-07 14:59:44.315714,-4946.528783580356,-10747.513725008626,256.77896395703794,57.63483226058322
2026-09-07 14:59:44.422021,-4947.155217421201,-10750.180135473274,256.6124147498939,57.513144525355386
2026-09-07 14:59:44.521613,-4947.748086194033,-10752.671132172536,256.5901249011702,57.45657904743395
2026-09-07 14:59:44.622109,-4948.3467249292735,-10755.18203484525,256.61261707561533,57.39423129891033
2026-09-07 14:59:44.722451,-4948.942814552877,-10757.68660353208,256.60138822188895,57.38546338244872
2026-09-07 14:59:44.818383,-4949.5130883520815,-10760.080619681406,256.61212357095195,57.40977283322493
2026-09-07 14:59:44.921544,-4950.1261126009895,-10762.656243492089,256.462047459947,57.39895574331128
2026-09-07 14:59:45.021711,-4950.727780449631,-10765.15507741417,256.462047459947,57.30967896928099
2026-09-07 14:59:45.122591,-4951.3327885588,-10767.667784034176,256.6313833458048,57.23034462559809
2026-09-07 14:59:45.222081,-4951.921318080751,-10770.144188462216,256.6536503657413,57.30510845405863
2026-09-07 14:59:45.314459,-4952.467595874643,-10772.446784490254,256.57094927949356,57.32205969513885
2026-09-07 14:59:45.414412,-4953.062439876508,-10774.938074461983,256.5933199242188,57.40765216519186
2026-09-07 14:59:45.521880,-4953.701914972021,-10777.620922436556,256.4610306836723,57.460239461630664
2026-09-07 14:59:45.621725,-4954.302333252991,-10780.114372252112,256.438684210604,57.43755579168502
2026-09-07 14:59:45.729270,-4954.949847234899,-10782.798803164538,256.4627540332904,57.39996652394611
2026-09-07 14:59:45.820893,-4955.500175792015,-10785.084539704736,256.4627540332904,57.361537496342315
2026-09-07 14:59:46.163572,-4957.557080522182,-10793.627694953808,256.6544929046553,57.259729929485886
2026-09-07 14:59:46.258972,-4958.120747253805,-10796.003742035455,256.72922361082493,57.2822373533182
2026-09-07 14:59:46.358668,-4958.706787855136,-10798.488528463387,256.71806704825786,57.29443340959952
2026-09-07 14:59:46.458819,-4959.296114551355,-10800.985071892785,256.6396146902538,57.27868120132398
2026-09-07 14:59:46.538906,-4959.76997981983,-10802.98026822969,256.6037658848329,57.27728159572381
2026-09-07 14:59:46.662393,-4960.502544540717,-10806.056149833574,256.63140371266394,57.26649126166533
2026-09-07 14:59:46.758948,-4961.074072069703,-10808.461017367435,256.6530138454408,57.243711342292904
2026-09-07 14:59:46.859262,-4961.666671623219,-10810.95873904732,256.6866910065311,57.254229906067955
2026-09-07 14:59:46.958674,-4962.252595299598,-10813.434801449956,256.7200653504742,57.266391219932494
2026-09-07 14:59:47.044068,-4962.754766032207,-10815.56246108555,256.64361666616577,57.24624448040695
2026-09-07 14:59:47.146314,-4963.359223056103,-10818.108301252454,256.5864070541336,57.27304734620196
2026-09-07 14:59:47.246765,-4963.955844712003,-10820.610023982734,256.55268389975157,57.22828239752567
2026-09-07 14:59:47.346214,-4964.547509922506,-10823.084508326941,256.61945743072965,57.2195925116933
2026-09-07 14:59:47.447169,-4965.145116335388,-10825.596781613849,256.64205233471694,57.23017828841351
2026-09-07 14:59:47.556165,-4965.789371186912,-10828.309911904691,256.50788218115855,57.22636864609963
2026-09-07 14:59:47.659955,-4966.408861333472,-10830.891838789643,256.42657924621784,57.24269321297284
2026-09-07 14:59:47.759683,-4967.007797250331,-10833.372577837656,256.41541910266454,57.26970743429531
2026-09-07 14:59:47.860011,-4967.611107263512,-10835.869302214596,256.44910096379925,57.28724082056947
2026-09-07 14:59:47.959665,-4968.209089313857,-10838.35036489104,256.40449351370864,57.331650594443175
2026-09-07 14:59:48.045787,-4968.727942563371,-10840.495783358994,256.3948559607336,57.32111507888528
2026-09-07 14:59:48.156204,-4969.393504555583,-10843.245806590108,256.4319248753029,57.27769784937282
2026-09-07 14:59:48.261866,-4970.028220939984,-10845.875820686282,256.3373313338199,57.357099755522164
2026-09-07 14:59:48.362595,-4970.6382876412545,-10848.38552024926,256.4162364627692,57.332454904110655
2026-09-07 14:59:48.462716,-4971.240976954588,-10850.879831789385,256.32660348244684,57.339453788438675
2026-09-07 14:59:48.556666,-4971.810249621873,-10853.219803412685,256.3055763789888,57.295944066853366
2026-09-07 14:59:48.651678,-4972.38638819029,-10855.584218863332,256.26304679615214,57.26522600331319
2026-09-07 14:59:48.751237,-4972.991613320801,-10858.060011546819,256.2853292590917,57.21041916800483
2026-09-07 14:59:48.858538,-4973.642241475967,-10860.72602860014,256.27332165276846,57.20854396877769
2026-09-07 14:59:48.958487,-4974.2487907398045,-10863.20916827862,256.3292460264652,57.149155652016326
2026-09-07 14:59:49.058163,-4974.854669193418,-10865.70039945258,256.3292460264652,57.198445510541994
2026-09-07 14:59:49.158513,-4975.461111174698,-10868.193654633407,256.34047577543816,57.27823991163026
2026-09-07 14:59:49.242989,-4975.971922548472,-10870.29553903925,256.2459422154744,57.3276962312549
2026-09-07 14:59:49.350970,-4976.629864078647,-10872.983499589625,256.2338585131939,57.25598707910967
2026-09-07 14:59:49.448698,-4977.301101435138,-10875.730274045336,256.19011318553567,57.5912384845366
2026-09-07 14:59:49.558853,-4977.978058790219,-10878.484299104819,256.04218935915446,57.58931340862058
2026-09-07 14:59:49.659211,-4978.601263658642,-10880.991701342431,256.01972807071553,57.575282505345704
2026-09-07 14:59:49.758559,-4979.219019086955,-10883.473022424148,255.93078711598008,57.57007386909391
2026-09-07 14:59:49.858975,-4979.847251041893,-10885.979818850974,255.93078711598008,57.51655013519986
2026-09-07 14:59:49.949727,-4980.414494312642,-10888.243255775944,255.92063143906142,57.508620196044525
2026-09-07 14:59:50.049820,-4981.040479448114,-10890.739210583271,255.81982253646527,57.51911558655768
2026-09-07 14:59:50.150428,-4981.674214167785,-10893.247354332912,255.80856391579096,57.43823691798217
2026-09-07 14:59:50.259276,-4982.359421414509,-10895.956969976392,255.7598410172875,57.424921275086675
2026-09-07 14:59:50.359478,-4982.992175581956,-10898.450240348166,255.9056124471391,57.442432641519204
2026-09-07 14:59:50.458558,-4983.611759093954,-10900.91792873841,255.99431347579778,57.469271333247015
2026-09-07 14:59:50.559008,-4984.236327531606,-10903.421877199879,256.00555441535266,57.47892642213727
2026-09-07 14:59:50.651254,-4984.809531062035,-10905.721820814713,255.97458582271418,57.5023018296791
2026-09-07 14:59:50.758811,-4985.479596725377,-10908.40423809524,255.9144045516489,57.56433104196994
2026-09-07 14:59:50.858585,-4986.104461960552,-10910.894580532005,255.83624751310208,57.6201280623708
2026-09-07 14:59:50.958623,-4986.734996635975,-10913.393074851094,255.76907850695835,57.68481407341008
2026-09-07 14:59:51.059470,-4987.468938613018,-10916.298207724849,255.8029346054538,58.157953339319626
2026-09-07 14:59:51.152563,-4988.062540445525,-10918.644604672101,255.84460519922106,58.163647486865145
2026-09-07 14:59:51.256844,-4988.725635019,-10921.273734000913,255.8095962469746,58.13084389965819
2026-09-07 14:59:51.360101,-4989.383437609503,-10923.875176591358,255.77493106940517,58.110994113425406
2026-09-07 14:59:51.468094,-4990.072821575734,-10926.594591666042,255.75076097910454,58.09212118678574
2026-09-07 14:59:51.555614,-4990.632262027008,-10928.797516347313,255.78014297103607,58.05235405185374
2026-09-07 14:59:51.657155,-4991.279572556423,-10931.351939689439,255.73469085582093,58.07098669134069
2026-09-07 14:59:51.756847,-4991.9172898681145,-10933.860148372662,255.57850524660796,58.00565329695765
2026-09-07 14:59:51.856883,-4992.563338508355,-10936.372428564138,255.50014297278844,57.89201798188517
2026-09-07 14:59:51.957582,-4993.2158462703255,-10938.89551484483,255.44379895226902,57.899937181998695
2026-09-07 14:59:52.057729,-4993.867333557305,-10941.404474161898,255.4550059843606,57.92356455070452
2026-09-07 14:59:52.155733,-4994.504659671666,-10943.860872038533,255.44403876643992,57.896160962658705
2026-09-07 14:59:52.258260,-4995.17157534675,-10946.42929220671,255.4096186626149,57.86390912976903
2026-09-07 14:59:52.356933,-4995.814548067203,-10948.899402402149,255.3323240822179,57.81821211265367
2026-09-07 14:59:52.457187,-4996.470689395719,-10951.406225369907,255.41085712431777,57.75689052370189
2026-09-07 14:59:52.557488,-4997.123007522032,-10953.912460054591,255.38840859314223,57.71657458790755
2026-09-07 14:59:52.657352,-4997.773007154417,-10956.405779081704,255.27665496569506,57.71570197304088
2026-09-07 14:59:52.750234,-4998.382074780072,-10958.723558879637,255.16232056624176,57.65888955832408
2026-09-07 14:59:52.850613,-4999.044647809617,-10961.224636157738,255.18478655472515,57.49925463681258
2026-09-07 14:59:52.956690,-4999.741859630781,-10963.860642749847,255.22039845552638,57.527061764670265
2026-09-07 14:59:53.063998,-5000.445845183069,-10966.528967275288,255.2564236245185,57.5645681958621
2026-09-07 14:59:53.156130,-5001.04922235705,-10968.821798335011,255.23580341061967,57.66922500789235
2026-09-07 14:59:53.264443,-5001.760831183712,-10971.521960482509,255.16307828054465,57.715600690507436
2026-09-07 14:59:53.351197,-5002.334004101873,-10973.685686271665,255.23103622271486,57.72014904607965
2026-09-07 14:59:53.452388,-5002.999619018198,-10976.210474471289,255.17441691387984,57.76878060904101
2026-09-07 14:59:53.564229,-5003.7386669448815,-10979.002609989224,255.03674466770457,57.756076095392906
2026-09-07 14:59:53.662992,-5004.596808660565,-10982.238473785383,255.04779682214215,58.711919660448935
2026-09-07 14:59:53.762931,-5005.273591808523,-10984.772717376254,255.170818134635,58.690087904971236
2026-09-07 14:59:53.863700,-5005.950255875048,-10987.32851662849,255.31741442228108,58.77990122914245
2026-09-07 14:59:53.951970,-5006.538157348623,-10989.572241903305,255.31741442228108,58.78838559645299
2026-09-07 14:59:54.052356,-5007.206851082937,-10992.12431074516,255.14890775854474,58.7357550292778
2026-09-07 14:59:54.165880,-5007.970860035289,-10995.005562894428,255.17431575101912,58.69805992649057
2026-09-07 14:59:54.267260,-5008.65156245134,-10997.577249733775,255.24238582282032,58.79284713093537
2026-09-07 14:59:54.364327,-5009.30142777221,-11000.044279503765,255.06858802813292,58.87342371699311
2026-09-07 14:59:54.466638,-5009.995235812586,-11002.646060604773,255.04568963556355,58.817995913412894
2026-09-07 14:59:54.552850,-5010.580195588641,-11004.836144513045,255.1132230070551,58.84888216660053
2026-09-07 14:59:54.667593,-5011.456831225416,-11008.140074257237,255.0875421881931,59.36503481547795
2026-09-07 14:59:54.765895,-5012.128185357181,-11010.661002593595,255.06554105648337,59.3624579172977
2026-09-07 14:59:54.866348,-5012.815189082434,-11013.23671730986,255.05429978121106,59.336125070265
2026-09-07 14:59:54.966532,-5013.500552924866,-11015.80426066912,255.14398916206633,59.3019840398203
2026-09-07 14:59:55.067329,-5014.18567129507,-11018.387103432182,255.1665487038147,59.316076319034686
2026-09-07 14:59:55.167486,-5014.86559055302,-11020.95442449374,254.99842643656785,59.27144238841606
2026-09-07 14:59:55.265823,-5015.540040270804,-11023.471228620969,254.94340402377514,59.25339767870049
2026-09-07 14:59:55.366929,-5016.235754138137,-11026.057446890616,254.8981466246857,59.24191260116268
2026-09-07 14:59:55.467069,-5016.926710068881,-11028.617914102097,254.80849663467882,59.24628773398077
2026-09-07 14:59:55.561674,-5017.583307633657,-11031.036011820883,254.86143088488228,59.271087580610825
2026-09-07 14:59:55.667212,-5018.313597761928,-11033.735361329589,254.86143088488228,59.28307610862286
2026-09-07 14:59:55.766303,-5018.999415345344,-11036.27032830393,254.78380886805783,59.22766104509387
2026-09-07 14:59:55.866532,-5019.6716288878715,-11038.739717548,254.78380886805783,59.0885475869488
2026-09-07 14:59:55.966406,-5020.364046910626,-11041.285395828543,254.82851479526948,59.07982056447877
2026-09-07 14:59:56.058518,-5021.000725466287,-11043.63338000869,254.8388226641025,59.093503484351714
2026-09-07 14:59:56.165866,-5021.742394753386,-11046.370505200734,254.80278406641204,59.17229634964341
2026-09-07 14:59:56.266825,-5022.442473563151,-11048.947718227282,254.7575924679444,59.21199458519001
2026-09-07 14:59:56.366575,-5023.136642417364,-11051.49523031909,254.67945422957524,59.1126300498576
2026-09-07 14:59:56.466032,-5023.831068343599,-11054.030052352748,254.69058404665145,59.045712546320445
2026-09-07 14:59:56.559157,-5024.480086552749,-11056.400932457389,254.64889912893932,59.03920271218927
2026-09-07 14:59:56.657764,-5025.16906088875,-11058.910602061493,254.56062155190108,58.94786980923317
2026-09-07 14:59:56.766069,-5025.928864761079,-11061.661666056401,254.5363816323692,58.92421049428093
2026-09-07 14:59:56.867577,-5026.641789420189,-11064.238742653422,254.52502229645745,58.88607034602797
2026-09-07 14:59:56.975077,-5027.3968499233415,-11066.966027458595,254.4889326697134,58.916129177452454
2026-09-07 14:59:57.066007,-5027.987617767341,-11069.090647393554,254.60086422741333,58.586303918516826
2026-09-07 14:59:57.294156,-5029.57431323685,-11074.851448364534,254.62639542819483,58.51254170449515
2026-09-07 14:59:57.390948,-5030.245532025131,-11077.292685031694,254.57223748785663,58.4913974137158
2026-09-07 14:59:57.491154,-5030.942562361816,-11079.81845678472,254.61709202599639,58.47826336460946
2026-09-07 14:59:57.590025,-5031.628201288973,-11082.310556728042,254.67241322732684,58.492086372617685
2026-09-07 14:59:57.691755,-5032.33135652036,-11084.876005628208,254.5585714372904,58.57920053605944
2026-09-07 14:59:57.788798,-5033.007982697452,-11087.32556196842,254.4825537022923,58.52577874878928
2026-09-07 14:59:57.891206,-5033.724790719204,-11089.907235316152,254.47109365114315,58.48551074984064
2026-09-07 14:59:57.991582,-5034.427398054028,-11092.435801057989,254.48232630966737,58.45919808766276
2026-09-07 14:59:58.091697,-5035.127368952066,-11094.956794595133,254.471122858562,58.48106829048298
2026-09-07 14:59:58.187846,-5035.8003359695795,-11097.37869460149,254.51416138906515,58.56004267965956
2026-09-07 14:59:58.392963,-5037.234044939273,-11102.5534484416,254.3305311014654,58.558250360669646
2026-09-07 14:59:58.492429,-5037.937301003271,-11105.060489008642,254.37505439837983,58.55738122353986
2026-09-07 14:59:58.592426,-5038.642342160619,-11107.58142465521,254.34148365972376,58.56524521676474
2026-09-07 14:59:58.706354,-5039.447396353643,-11110.453476893688,254.25223921640625,58.599092439608334
2026-09-07 14:59:58.802828,-5040.13329814992,-11112.885865083897,254.2738312204404,58.545140891648416
2026-09-07 14:59:58.903582,-5040.848013485079,-11115.42409513202,254.3189310561362,58.57243303482912
2026-09-07 14:59:59.003772,-5041.557071401497,-11117.949852235162,254.28529552401073,58.66785855254006
2026-09-07 14:59:59.105788,-5042.281740510925,-11120.52540715674,254.2282146036708,58.70886383170971
2026-09-07 14:59:59.190911,-5042.888975279893,-11122.675369808076,254.2091630855478,58.72002094467779
2026-09-07 14:59:59.307349,-5043.720735097494,-11125.61654195934,254.19613299575298,58.702724481413874
2026-09-07 14:59:59.405056,-5044.4190479384615,-11128.083691646898,254.20706697764533,58.684795375866834
2026-09-07 14:59:59.506339,-5045.142209487174,-11130.640494039098,254.26373776315728,58.619304329903386
2026-09-07 14:59:59.606028,-5045.8507088471315,-11133.154950836632,254.28604932160994,58.59752718712813
2026-09-07 14:59:59.706426,-5046.562996251693,-11135.686627545889,254.3646951647757,58.62560017835934
2026-09-07 14:59:59.805704,-5047.264236503958,-11138.192226132478,254.34247559290657,58.65509498726906
2026-09-07 14:59:59.906053,-5048.033980793684,-11140.939508903246,254.4210830523763,58.92374948253568
2026-09-07 15:00:00.006365,-5048.743623413722,-11143.4847787399,254.38740656272094,59.051722790293375
2026-09-07 15:00:00.090763,-5049.343242801947,-11145.630553063076,254.2362925252414,59.03771081359666
2026-09-07 15:00:00.207652,-5050.1813360454325,-11148.599488546564,254.21013140660273,59.03362529412413
2026-09-07 15:00:00.306415,-5050.890562243799,-11151.107533460929,254.21013140660273,59.04052924846826
2026-09-07 15:00:00.406854,-5051.611908303726,-11153.658437983724,254.26632994955696,59.044039805409476
2026-09-07 15:00:00.506337,-5052.323952190526,-11156.185912305782,254.25519722292944,59.07446480408129
2026-09-07 15:00:00.591056,-5052.931054467379,-11158.33928226032,254.29311941937135,59.11221894975338
2026-09-07 15:00:00.708367,-5053.840001415603,-11161.572595646814,254.38501390439717,59.45425480539629
2026-09-07 15:00:00.806769,-5054.543985272905,-11164.091438734284,254.36299039152357,59.45081544594299
2026-09-07 15:00:00.905965,-5055.254584385079,-11166.630186377335,254.42959404946785,59.419611442945495
2026-09-07 15:00:01.006453,-5055.971072490528,-11169.201485244941,254.44083924144385,59.412586903754374
2026-09-07 15:00:01.106759,-5056.685674673258,-11171.76796394987,254.40716476609322,59.38191020605954
2026-09-07 15:00:01.205990,-5057.3937446384125,-11174.305210502984,254.42937381881535,59.37844187129084
2026-09-07 15:00:01.306576,-5058.110444467235,-11176.877230959532,254.44062997756163,59.4118409728813
2026-09-07 15:00:01.407929,-5058.832506115926,-11179.470463526053,254.36123604399342,59.457893514320546
2026-09-07 15:00:01.506250,-5059.505581294406,-11181.874706308108,254.31722527573166,59.15540416098833
2026-09-07 15:00:01.606963,-5060.225510980487,-11184.438896712169,254.35103638808772,59.10788235435469
2026-09-07 15:00:01.715734,-5061.035365317637,-11187.330127010773,254.38755271172104,59.35416434197228
2026-09-07 15:00:01.805753,-5061.678189719144,-11189.630535730723,254.41777366158033,59.325847140211806
2026-09-07 15:00:01.907212,-5062.40099432953,-11192.222434875213,254.44048136663352,59.36662853351554
2026-09-07 15:00:01.998837,-5063.053260837935,-11194.564979693516,254.4199746252355,59.36582791129772
2026-09-07 15:00:02.115845,-5063.887285024083,-11197.55614427288,254.44616237745925,59.36889517037968
2026-09-07 15:00:02.207543,-5064.539863667673,-11199.900709683636,254.37433159869255,59.40895817508843
2026-09-07 15:00:02.315941,-5065.315286612782,-11202.673166661636,254.48350490175687,59.4402152878468
2026-09-07 15:00:02.414439,-5066.015456757773,-11205.195079040053,254.56066239752516,59.42300171355814
2026-09-07 15:00:02.515236,-5066.703406227389,-11207.686842288756,254.5381028557768,59.18904170618056
2026-09-07 15:00:02.615301,-5067.409278199783,-11210.238723187336,254.52690499996237,59.147071888043484
2026-09-07 15:00:02.704307,-5068.037136586631,-11212.506842722873,254.53686528932047,59.13851677762272
2026-09-07 15:00:02.805553,-5068.750785556683,-11215.086622299048,254.55952532249464,59.165057502446
2026-09-07 15:00:02.904974,-5069.4767579556,-11217.714384364112,254.58177689942812,59.41629817436932
2026-09-07 15:00:03.003391,-5070.171749578233,-11220.234404664448,254.680897814645,59.37157968581125
2026-09-07 15:00:03.100902,-5070.841585767968,-11222.68033422622,254.680897814645,59.23466796112277
2026-09-07 15:00:03.200676,-5071.5395990516345,-11225.228502918388,254.70322839708695,59.23553978956654
2026-09-07 15:00:03.304996,-5072.268388187392,-11227.893097205682,254.6565323367838,59.27200185112702
2026-09-07 15:00:03.405116,-5072.970351539121,-11230.451415854415,254.61171629424592,59.291248590792385
2026-09-07 15:00:03.504483,-5073.6692481348555,-11232.990772048171,254.52275832982596,59.266068700919554
2026-09-07 15:00:03.604318,-5074.375096864104,-11235.539911804135,254.50041409487406,59.333240533627475
2026-09-07 15:00:03.704523,-5075.085363395876,-11238.101122058568,254.46677352698669,59.33936969537754
2026-09-07 15:00:03.811818,-5075.84757358561,-11240.843386866753,254.40673885254475,59.388122149017036
2026-09-07 15:00:03.903686,-5076.5031903709105,-11243.19260905006,254.45814167161024,59.423442953643026
2026-09-07 15:00:04.012164,-5077.2753145381075,-11245.968921027694,254.30033051846522,59.46041044047306
2026-09-07 15:00:04.103184,-5077.929997009814,-11248.298079675295,254.21884517703896,59.45961510476485
2026-09-07 15:00:04.212183,-5078.717953089122,-11251.086157299324,254.27983328906186,59.33770319531604
2026-09-07 15:00:04.310733,-5079.426234275902,-11253.602547568351,254.33497488155223,59.26795141485456
2026-09-07 15:00:04.410629,-5080.140892934146,-11256.150997338817,254.3237959378213,59.27318878175685
2026-09-07 15:00:04.511619,-5080.863944644386,-11258.727442816731,254.312494569124,59.282895774559506
2026-09-07 15:00:04.610609,-5081.5732913455695,-11261.253138234477,254.32357212618257,59.33998431109986
2026-09-07 15:00:04.711659,-5082.297598013631,-11263.834016742601,254.24441554485722,59.363824721773405
2026-09-07 15:00:04.819891,-5083.077515341812,-11266.598363640134,254.25652733549836,59.44894084672867
2026-09-07 15:00:04.910177,-5083.728558856177,-11268.907796862442,254.27673439311212,59.44736300274379
2026-09-07 15:00:05.019580,-5084.516445277612,-11271.706429214992,254.2522487284009,59.43589139925193
2026-09-07 15:00:05.099765,-5085.094677678036,-11273.756994709225,254.2791682327774,59.4520065591789
2026-09-07 15:00:05.221709,-5085.972816563563,-11276.87671869,254.3610456921947,59.40299123057295
2026-09-07 15:00:05.318711,-5086.66722397551,-11279.35729410038,254.44788639851234,59.39790559086509
2026-09-07 15:00:05.410765,-5087.322585393308,-11281.712131672273,254.4169822636258,59.49282134924242
2026-09-07 15:00:05.520475,-5088.106409612241,-11284.522690498385,254.3924278887415,59.47940025577204
2026-09-07 15:00:05.607349,-5088.727895272019,-11286.747466800802,254.47992324410242,59.43764932534635
2026-09-07 15:00:05.720944,-5089.535528943492,-11289.655742070438,254.6070426596061,59.3989380505583
2026-09-07 15:00:05.818794,-5090.225210092004,-11292.160816351005,254.58514269075704,59.36388237531112
2026-09-07 15:00:05.917707,-5090.922939470064,-11294.691343677927,254.60728057137806,59.29473797548113
2026-09-07 15:00:06.017551,-5091.625429913206,-11297.242985547564,254.65197306989137,59.27292697283035
2026-09-07 15:00:06.119018,-5092.191709974435,-11299.314206137855,254.53842559215985,58.604559010212405
2026-09-07 15:00:06.218933,-5092.889549687112,-11301.83710397506,254.41543382280332,58.577494134516165
2026-09-07 15:00:06.318396,-5093.589298748777,-11304.345932446073,254.42656431131445,58.56098102711805
2026-09-07 15:00:06.418716,-5094.294386628286,-11306.875801342348,254.4602434867095,58.62146638637003
2026-09-07 15:00:06.518503,-5094.994971928963,-11309.395240417536,254.44907674071288,58.65285629974467
2026-09-07 15:00:06.603894,-5095.595227111624,-11311.552244350878,254.46818824035506,58.649125553125245
2026-09-07 15:00:06.719334,-5096.405687166525,-11314.468380637829,254.3260857546971,58.68140454381959
2026-09-07 15:00:06.819153,-5097.11311893265,-11316.98955497394,254.33725608167993,58.690126760371804
2026-09-07 15:00:06.918732,-5097.728770643188,-11319.183426947331,254.28153873374896,58.13402934922944
2026-09-07 15:00:07.018401,-5098.430489168856,-11321.676785875783,254.14769624042967,58.0887419798106
2026-09-07 15:00:07.119902,-5099.150474123828,-11324.212321807387,254.12497913528765,58.014240781651594
2026-09-07 15:00:07.206848,-5099.767283965621,-11326.381237969057,254.13470889865783,57.977773407367415
2026-09-07 15:00:07.321295,-5100.578195737418,-11329.234524966878,254.083479757424,57.962772783471905
2026-09-07 15:00:07.420623,-5101.284013363157,-11331.709608204985,254.07236437619844,57.95496140194005
2026-09-07 15:00:07.520405,-5101.993443808127,-11334.195531680563,254.05003200326337,58.01250669290953
2026-09-07 15:00:07.619440,-5102.699224966227,-11336.665019702094,253.98353644634062,58.04279467923347
2026-09-07 15:00:07.710390,-5103.28224037915,-11338.691484199164,253.97335861206966,57.54541957999644
2026-09-07 15:00:07.820698,-5104.065680585584,-11341.418877925673,254.05976736192457,57.557949953397035
2026-09-07 15:00:08.257845,-5107.154796909926,-11352.234474741228,254.40220241443947,57.554130148751476
2026-09-07 15:00:08.357930,-5107.847193451073,-11354.714728569435,254.48060307195504,57.55325560277964
2026-09-07 15:00:08.458488,-5108.539441183579,-11357.207615739253,254.5593742496385,57.552376923718484
2026-09-07 15:00:08.558178,-5109.222304796602,-11359.679888137209,254.63746548756353,57.55150582926944
2026-09-07 15:00:08.658342,-5109.905018675415,-11362.164810761513,254.7159280289972,57.55063059299304
2026-09-07 15:00:08.758429,-5110.583796452881,-11364.6487172341,254.79433025319423,57.54975602954514
2026-09-07 15:00:08.858985,-5111.262329134637,-11367.14515600384,254.8730998641962,57.548877367960046
2026-09-07 15:00:08.959231,-5111.935337585768,-11369.63478820345,254.9516266395702,57.54800141516499
2026-09-07 15:00:09.059574,-5112.510110529069,-11371.784327462816,255.03022939899554,56.85700811653106
2026-09-07 15:00:09.158401,-5113.158963329576,-11374.210999631154,255.1076446138658,56.85614456300397
2026-09-07 15:00:09.259196,-5113.81738242129,-11376.686849837566,255.18660144330357,56.85526381302914
2026-09-07 15:00:09.359620,-5114.469968010031,-11379.154450518516,255.26526765332852,56.85438630486432
2026-09-07 15:00:09.459755,-5115.117286758741,-11381.615803045483,255.34370747788086,56.853511321990865
2026-09-07 15:00:09.559709,-5115.760061360803,-11384.073551001818,255.42200551776006,56.85263792070127
2026-09-07 15:00:09.658877,-5116.394438843924,-11386.512803900474,255.49968785182114,56.85177138750514
2026-09-07 15:00:09.759523,-5117.034904277559,-11388.989244321814,255.5785279634893,56.85089193949713
2026-09-07 15:00:09.859140,-5117.6654384785525,-11391.441197763694,255.65656201754064,56.850021482924454
2026-09-07 15:00:09.959485,-5118.297206510153,-11393.911894967472,255.73516634364745,56.849144665064195
2026-09-07 15:00:10.059577,-5118.923990390825,-11396.377186995525,255.81357248454816,56.848270057926136
2026-09-07 15:00:10.160591,-5119.553132943116,-11398.866013123798,255.89270086560703,56.84738739432221
2026-09-07 15:00:12.186163,-5132.325301412519,-11449.668175329954,254.75933439392855,56.837839051821135
2026-09-07 15:00:12.263861,-5132.844270474366,-11451.572954593115,254.73324981887032,56.8113608738337
2026-09-07 15:00:12.367140,-5133.5349336840245,-11454.10336261451,254.68701973439897,56.85558118095108
2026-09-07 15:00:12.461962,-5134.1714112849095,-11456.42786371682,254.665797467192,56.80503916080187
2026-09-07 15:00:12.562416,-5134.8460046584605,-11458.887990913378,254.58710775694502,56.84629436517396
2026-09-07 15:00:12.667185,-5135.553611907098,-11461.454686870507,254.5284864530016,56.89847643536063
2026-09-07 15:00:12.766063,-5136.2245248522295,-11463.878599908861,254.53955147660844,56.958092377865775
2026-09-07 15:00:12.866525,-5136.906423747404,-11466.344055506446,254.64073201843067,56.89752140337244
2026-09-07 15:00:12.966665,-5137.58107788052,-11468.80019063172,254.69676326218496,56.86164531426408
2026-09-07 15:00:13.062261,-5138.222420697954,-11471.144024902555,254.66467001606193,56.89923475676363
2026-09-07 15:00:13.166205,-5138.921658643208,-11473.693829919977,254.68793389303735,56.9119504813073
2026-09-07 15:00:13.266029,-5139.592336612922,-11476.143388768154,254.71027566606125,56.91543954268883
2026-09-07 15:00:13.373140,-5140.310992152764,-11478.772203248778,254.68630297762599,56.87519414902998
2026-09-07 15:00:13.465982,-5140.9344227753245,-11481.048943228676,254.65513429738252,56.85004520052985
2026-09-07 15:00:13.573288,-5141.656090764984,-11483.678824323038,254.69115879493972,56.83879348088507
2026-09-07 15:00:13.665090,-5142.271952621317,-11485.928672045697,254.74252468508485,56.78825684336382
2026-09-07 15:00:13.773801,-5142.998214892193,-11488.59120229155,254.79118625919926,56.74741027307648
2026-09-07 15:00:13.864960,-5143.604884952397,-11490.822762268026,254.79118625919926,56.752189574844785
2026-09-07 15:00:13.974512,-5144.334023226173,-11493.50480625834,254.69311020861775,56.73687327205309
2026-09-07 15:00:14.061719,-5144.917937402272,-11495.638229023007,254.70286917940683,56.7383973072345
2026-09-07 15:00:14.161979,-5145.588851133663,-11498.09115918435,254.61311175981336,56.74365375799953
2026-09-07 15:00:14.281341,-5146.3922386907525,-11501.010448542269,254.5997544574027,56.809362066400354
2026-09-07 15:00:14.371550,-5147.000624720444,-11503.219143121916,254.5997544574027,56.818821056367696
2026-09-07 15:00:14.473543,-5147.688598737334,-11505.716775230292,254.4742047448272,56.77693380389867
2026-09-07 15:00:14.581545,-5148.422357608456,-11508.3580060884,254.52254895403792,56.82695122753526
2026-09-07 15:00:14.672591,-5149.039582814495,-11510.587054451817,254.53273753126751,56.808653280902966
2026-09-07 15:00:14.782028,-5149.780770339924,-11513.265632557293,254.49599761980713,56.7971781122939
2026-09-07 15:00:14.872281,-5150.393322383142,-11515.473824861498,254.49599761980713,56.76642140043646
2026-09-07 15:00:14.982245,-5151.139249908274,-11518.162823190258,254.55752567740848,56.70300404684394
2026-09-07 15:00:15.070269,-5151.733373783173,-11520.313547562859,254.60677766662582,56.731462839681264
2026-09-07 15:00:15.182238,-5152.487142175026,-11523.051351389375,254.68195756275435,56.729506062183724
2026-09-07 15:00:15.279640,-5153.13969833983,-11525.433747165904,254.7146571146067,56.72269724753627
2026-09-07 15:00:15.380808,-5153.815991734963,-11527.908346469916,254.77126355427254,56.68998890488237
2026-09-07 15:00:15.479831,-5154.4751724765065,-11530.329734180745,254.74910105437124,56.64932139435479
2026-09-07 15:00:15.560456,-5155.012257579141,-11532.29961773672,254.7400786476852,56.637344828709104
2026-09-07 15:00:15.684319,-5155.8376755122545,-11535.32515107984,254.6430517141602,56.60812221824639
2026-09-07 15:00:15.781123,-5156.486441815778,-11537.687413832977,254.58888705947288,56.61488923014689
2026-09-07 15:00:15.880113,-5157.152221252238,-11540.102680970713,254.62211973064865,56.5560707379538
2026-09-07 15:00:15.979905,-5157.8212865246915,-11542.535375063093,254.61095242512295,56.53775903765853
2026-09-07 15:00:16.064548,-5158.389002121633,-11544.597993491754,254.6298965136594,56.50151798715131
2026-09-07 15:00:16.168016,-5159.081702328577,-11547.117960894544,254.7804192407894,56.50151798715131
2026-09-07 15:00:16.282087,-5159.838086476302,-11549.898161500789,254.85701049311172,56.566307133186896
2026-09-07 15:00:16.381324,-5160.493626113226,-11552.32047166705,254.83480009751975,56.631342342214616
2026-09-07 15:00:16.481793,-5161.1590188311675,-11554.775415939186,254.74485557139633,56.69542914268269
2026-09-07 15:00:16.581031,-5161.820812682761,-11557.20198910298,254.6115918549748,56.670281941789035
2026-09-07 15:00:16.667980,-5162.4053382914,-11559.325774128523,254.63105205315009,56.68547720535606
2026-09-07 15:00:16.768186,-5163.07833480694,-11561.774254877577,254.76561566756934,56.66708953660718
2026-09-07 15:00:16.867919,-5163.742214026948,-11564.211953524271,254.88838340147552,56.63658808015194
2026-09-07 15:00:16.982940,-5164.824850597928,-11568.209256785176,255.01709859396328,57.630569987852226
2026-09-07 15:00:17.081965,-5165.48441377196,-11570.67372167544,255.16115775287284,57.62364771859221
2026-09-07 15:00:17.298282,-5166.9114969349885,-11576.060226271273,254.91908644160463,57.75785085023311
2026-09-07 15:00:17.377701,-5167.445029007572,-11578.040206258,254.88353664853315,57.78630344780548
2026-09-07 15:00:17.487167,-5168.182471264108,-11580.770169653295,254.7610378243109,57.80734683178678
2026-09-07 15:00:17.595399,-5168.917637238372,-11583.468775737449,254.7610378243109,57.81680417900403
2026-09-07 15:00:17.682393,-5169.5086407482395,-11585.638198321352,254.80971349855858,57.82136511734288
2026-09-07 15:00:17.784208,-5170.198229502621,-11588.178008297422,254.8552882625517,57.84182736100396
2026-09-07 15:00:17.879343,-5170.840914355175,-11590.552535188368,254.82334978217688,57.89419880182861
2026-09-07 15:00:17.979085,-5171.516720782204,-11593.043928472092,254.7452178105336,57.931675401377866
2026-09-07 15:00:18.084651,-5172.236048449631,-11595.681524278943,254.69796401162674,57.980564675128534
2026-09-07 15:00:18.184032,-5172.985819548067,-11598.423426768048,254.66460007492486,58.255613659473006
2026-09-07 15:00:18.284881,-5173.680412620853,-11600.956281910632,254.68717125487842,58.309368191016596
2026-09-07 15:00:18.384785,-5174.368142555327,-11603.467989449338,254.7207107718109,58.327700443164055
2026-09-07 15:00:18.485265,-5175.058575735954,-11605.99537714542,254.7769322554581,58.310140493271426
2026-09-07 15:00:18.584741,-5175.739449490855,-11608.497427114475,254.7880641987449,58.3318711060242
2026-09-07 15:00:18.684380,-5176.421205963279,-11611.00464338747,254.77691401480953,58.34841343340262
2026-09-07 15:00:18.784402,-5177.106267030057,-11613.522077573814,254.76572097094538,58.35802738363638
2026-09-07 15:00:18.884659,-5177.793543795685,-11616.045707981246,254.7320629457502,58.33349801406096
2026-09-07 15:00:18.976903,-5178.426987773684,-11618.36629057484,254.71141766494782,58.32060151710319
2026-09-07 15:00:19.083076,-5179.156883848005,-11621.036431726536,254.6757735352706,58.29091373748615
2026-09-07 15:00:19.184485,-5179.855260124729,-11623.585031000906,254.69847004974187,58.25458301729053
2026-09-07 15:00:19.284383,-5180.541807800814,-11626.094363369917,254.74318671991216,58.21879362693955
2026-09-07 15:00:19.383961,-5181.305535687346,-11628.894658548012,254.70975664687103,58.753439950533675
2026-09-07 15:00:19.484073,-5181.9989462245,-11631.43103744752,254.72095976225893,58.78405731698858
2026-09-07 15:00:19.592041,-5182.74662470166,-11634.16802306936,254.78137099978306,58.76896247088979
2026-09-07 15:00:19.683100,-5183.374612833398,-11636.476436709798,254.7711809677778,58.84057335512275
2026-09-07 15:00:19.791743,-5184.125272365753,-11639.233840430768,254.8076543195765,58.7940563785239
2026-09-07 15:00:19.889922,-5184.8015103718635,-11641.724124606808,254.84061472389376,58.7854774657029
2026-09-07 15:00:19.989557,-5185.4862231623565,-11644.251365388462,254.89636340545417,58.76806518855768
2026-09-07 15:00:20.079575,-5186.102441372525,-11646.534595404944,254.8661427913123,58.73502882016783
2026-09-07 15:00:20.193999,-5186.962112312592,-11649.711594774642,254.9045569257362,59.342957100669935
2026-09-07 15:00:20.291547,-5187.636052178899,-11652.210117034865,254.80631122593252,59.39409975568962
2026-09-07 15:00:20.391931,-5188.33459468213,-11654.78230034892,254.7950776721617,59.46427244717137
2026-09-07 15:00:20.491456,-5189.028478478369,-11657.33535010066,254.80621509883366,59.480795847971635
2026-09-07 15:00:20.579291,-5189.640592170813,-11659.589269045744,254.79638585119005,59.48616838349698
2026-09-07 15:00:20.679822,-5190.341688935674,-11662.169090652304,254.76263583941136,59.56171449304534
2026-09-07 15:00:20.795025,-5191.1478711105,-11665.128704516354,254.58214943390072,59.549634722499086
2026-09-07 15:00:20.893822,-5191.847095352736,-11667.664136499103,254.62637327084258,59.61351828507179
2026-09-07 15:00:20.993611,-5192.596809774885,-11670.392352606226,254.60403933122603,60.043781307305
2026-09-07 15:00:21.093531,-5193.308862221457,-11672.978154738494,254.54813118387304,60.14069587311567
2026-09-07 15:00:21.179089,-5193.921715627147,-11675.195263429869,254.55770562196597,60.142938698841554
2026-09-07 15:00:21.295245,-5194.753271035198,-11678.205525167545,254.54470708961222,60.19165749358028
2026-09-07 15:00:21.394492,-5195.499950825702,-11680.907461024315,254.56691972332055,60.57516590367396
2026-09-07 15:00:21.494160,-5196.218178849834,-11683.509103464246,254.52230600650407,60.59519665455755
2026-09-07 15:00:21.593795,-5196.938432057437,-11686.110184476995,254.54460547912822,60.594326040700295
2026-09-07 15:00:21.684629,-5197.594131173907,-11688.481727033426,254.57510003871587,60.67925305715855
2026-09-07 15:00:21.793915,-5198.382613714596,-11691.339443401775,254.6117892568401,60.67447833411922
2026-09-07 15:00:21.893728,-5199.101021948794,-11693.949705764635,254.68997684567557,60.70064341093002
2026-09-07 15:00:21.993703,-5199.857639482293,-11696.713098186463,254.8130424728729,61.12468989106767
2026-09-07 15:00:22.093905,-5200.574921885173,-11699.355513195045,254.93638752890115,61.159712623932734
2026-09-07 15:00:22.187255,-5201.238233935448,-11701.820079098165,254.88415548771417,61.21273281997224
2026-09-07 15:00:22.293892,-5201.999184037221,-11704.637187869104,254.82448898341792,61.211801022412175
2026-09-07 15:00:22.394484,-5202.719753683205,-11707.293811992795,254.83574581359915,61.21092204625792
2026-09-07 15:00:22.494159,-5203.433227147784,-11709.926320668863,254.79112896341974,61.16737387733008
2026-09-07 15:00:22.593802,-5204.1480117535675,-11712.555556099725,254.82458085809563,61.176080714945286
2026-09-07 15:00:22.693464,-5204.861498719194,-11715.186084218232,254.71305328040359,61.191756011059724
2026-09-07 15:00:22.794449,-5205.645905661418,-11718.05650405707,254.56614276121672,61.6787060434682
2026-09-07 15:00:22.894768,-5206.382031007425,-11720.72283513864,254.57736904110925,61.637506281911634
2026-09-07 15:00:22.994166,-5207.110393698328,-11723.363065473039,254.55512261184344,61.63142648130654
2026-09-07 15:00:23.094689,-5207.847964015314,-11726.032628738923,254.65636458996056,61.578724087505094
2026-09-07 15:00:23.188912,-5208.534299179671,-11728.533961465515,254.8039820182083,61.57543079300124
2026-09-07 15:00:23.302782,-5209.355911265865,-11731.558827184337,254.7912393025576,61.54856579979594
2026-09-07 15:00:23.401696,-5210.0698832763055,-11734.185093575305,254.78017025034129,61.59437442779902
2026-09-07 15:00:23.494225,-5210.738739708732,-11736.643531081314,254.78017025034129,61.548288708050784
2026-09-07 15:00:23.603513,-5211.528149395611,-11739.545072111261,254.7190204344094,61.53873908721148
2026-09-07 15:00:23.691642,-5212.167120924557,-11741.883808758768,254.7091582864549,61.56184130890865
2026-09-07 15:00:23.803187,-5213.063150117294,-11745.16156079932,254.72164082107557,62.31675946166907
2026-09-07 15:00:23.891183,-5213.709115372522,-11747.526320980794,254.80041893691984,62.27139365967149
2026-09-07 15:00:23.992669,-5214.449818503665,-11750.252640197165,254.9480582987082,62.22616747395545
2026-09-07 15:00:24.089935,-5215.152475568226,-11752.865514912679,254.96982756156024,62.208319291326376
2026-09-07 15:00:24.192559,-5215.892579404107,-11755.621813251799,254.88943800191714,62.16258596768644
2026-09-07 15:00:24.292429,-5216.6160524457055,-11758.301159649485,254.78885369430046,62.1800393135839
2026-09-07 15:00:24.393105,-5217.350310870298,-11761.001603190482,254.67619139160007,62.1668436613492
2026-09-07 15:00:24.492344,-5218.079166904519,-11763.661508993939,254.57624259713157,62.114814445563134
2026-09-07 15:00:24.588184,-5218.786946327388,-11766.226930625551,254.55479248967634,62.11062718044145
2026-09-07 15:00:24.690418,-5219.542918995866,-11768.963037979463,254.56623306921296,62.011468216059065
2026-09-07 15:00:24.792321,-5220.294697367977,-11771.6860828617,254.64605784018568,61.99989260376766
2026-09-07 15:00:24.892394,-5221.029111648965,-11774.360753216855,254.45567907214934,62.05148462957911
2026-09-07 15:00:24.991930,-5221.885265067993,-11777.445512742761,254.48909504505724,62.89866779591484
2026-09-07 15:00:25.098863,-5222.689339684281,-11780.342770720734,254.39336364520295,62.83139214664408
2026-09-07 15:00:25.188556,-5223.367113136302,-11782.769197356192,254.28295478998706,62.84158077105408
2026-09-07 15:00:25.299099,-5224.20833901252,-11785.758539626659,254.24584357501806,62.70055523712536
2026-09-07 15:00:25.390835,-5224.9064811163125,-11788.23327760789,254.19451461379333,62.63402308955467
2026-09-07 15:00:25.499476,-5225.73502113813,-11791.160206376106,254.3039326548846,62.57136872347445
2026-09-07 15:00:25.598486,-5226.484265606351,-11793.82643094648,254.32609224523455,62.554930824321126
2026-09-07 15:00:25.687008,-5227.153045846122,-11796.20985842607,254.31618611829305,62.56343941345745
2026-09-07 15:00:25.800309,-5228.009674378753,-11799.260719693755,254.35422324201147,62.46740671608976
2026-09-07 15:00:25.899343,-5228.755518087962,-11801.92381524398,254.38747068475539,62.40077381900561
2026-09-07 15:00:25.999562,-5229.507918873718,-11804.616338683536,254.3762555954448,62.39114093345566
2026-09-07 15:00:26.099897,-5230.261601802983,-11807.31141502139,254.45485208814426,62.3315232608201
2026-09-07 15:00:26.197698,-5230.9919472868405,-11809.936920244712,254.46579658918364,62.29050302213899
2026-09-07 15:00:26.307135,-5231.808087910438,-11812.873020874815,254.58826296071825,62.2618151006163
2026-09-07 15:00:26.398909,-5232.66486784031,-11815.975882754652,254.70123345204513,63.41116306148512
2026-09-07 15:00:26.509001,-5233.488301706252,-11818.986104633554,254.7381932584406,63.368835613158346
2026-09-07 15:00:26.597981,-5234.158615500508,-11821.44240135009,254.82780967670166,63.34137823995341
2026-09-07 15:00:26.707162,-5234.967747038748,-11824.426223366378,254.8766816337565,63.28795272154342
2026-09-07 15:00:26.806098,-5235.730102409239,-11827.244570299421,254.9209676903339,63.56991823489492
2026-09-07 15:00:26.898168,-5236.410780804412,-11829.770952188906,254.86945184639083,63.6020986605839
2026-09-07 15:00:27.007767,-5237.224167237158,-11832.779118516999,255.07795286662622,63.55804539843174
2026-09-07 15:00:27.106591,-5237.947210675698,-11835.492313572406,255.2106606349372,63.53300310635496
2026-09-07 15:00:27.185673,-5238.520555839178,-11837.663973925364,255.18411142691696,63.50674430540874
2026-09-07 15:00:27.309715,-5239.421067320721,-11841.068450135373,255.29515960007888,63.465556750883415
2026-09-07 15:00:27.406491,-5240.118033369029,-11843.724212600906,255.40345757582412,63.40805378694283
2026-09-07 15:00:27.505937,-5240.828424541897,-11846.452121166918,255.38120040359968,63.40023312562058
2026-09-07 15:00:27.606376,-5241.5468907845025,-11849.20665006494,255.36996069500884,63.37478158779678
2026-09-07 15:00:27.706084,-5242.2603778646335,-11851.93989371699,255.459223938504,63.315536469910235
2026-09-07 15:00:27.806038,-5242.970691019475,-11854.678429343337,255.55989284692012,63.275360010588926
2026-09-07 15:00:27.905833,-5243.674622242099,-11857.412114767338,255.53755756443377,63.26227983145227
2026-09-07 15:00:28.005698,-5244.379967741504,-11860.146877449699,255.45932924188003,63.268388196685244
2026-09-07 15:00:28.107076,-5245.099858835341,-11862.922360774617,255.4479844537248,63.2418128692537
2026-09-07 15:00:28.207579,-5245.813781299572,-11865.672591664968,255.50421880654125,63.2084413274174
2026-09-07 15:00:28.307442,-5246.520102184195,-11868.404561716914,255.5824455624135,63.149104110669455
2026-09-07 15:00:28.408272,-5247.228829835068,-11871.161366883332,255.7065636638419,63.12531560390831
2026-09-07 15:00:28.507694,-5247.921509485414,-11873.880158663942,255.8178226675675,63.158328204850065
2026-09-07 15:00:28.607886,-5248.614594400967,-11876.622790730913,255.96357954966257,63.19684936626739
2026-09-07 15:00:28.708954,-5249.307120888459,-11879.392860315562,256.06537042582363,63.2427724100666
2026-09-07 15:00:28.808002,-5249.981471861507,-11882.110740800328,256.1207906638042,63.18218848580926
2026-09-07 15:00:28.907196,-5250.653539317237,-11884.830671416727,256.0541883487297,63.15358539310503
2026-09-07 15:00:29.008641,-5251.343778329201,-11887.610265406149,256.0201314911944,63.16067683067214
2026-09-07 15:00:29.097766,-5251.95171088266,-11890.052204561147,256.0201314911944,63.182482590503476
2026-09-07 15:00:29.209111,-5252.711470991796,-11893.104003561457,255.97029087736712,63.203887187267746
2026-09-07 15:00:29.304837,-5253.367159329049,-11895.728028725618,255.98100317383134,63.17126536861058
2026-09-07 15:00:29.404949,-5254.052023416894,-11898.470993875773,256.00340940460717,63.14414712975052
2026-09-07 15:00:29.504444,-5254.731308779162,-11901.196149469735,256.0256775436019,63.08502857352513
2026-09-07 15:00:29.601697,-5255.393631263102,-11903.85766065137,256.0039111903012,63.06038437746605
2026-09-07 15:00:29.707182,-5256.11283172874,-11906.743055249188,255.9803024195905,63.0594626461193
2026-09-07 15:00:29.806827,-5256.79332796917,-11909.468384809874,256.00260413033106,63.00896197433937
2026-09-07 15:00:29.905685,-5257.466857325989,-11912.170286661425,256.06898084327366,62.94158367066409
2026-09-07 15:00:30.006078,-5258.146937578222,-11914.911997393254,256.1925610134284,62.89596733180179
2026-09-07 15:00:30.090441,-5258.713046506599,-11917.215488984337,256.17367959215085,62.90776199782721
2026-09-07 15:00:30.198682,-5259.440496516624,-11920.171272672278,256.0646644120093,62.804668341149394
2026-09-07 15:00:30.306280,-5260.168020091879,-11923.103303567194,256.0526235696576,62.67304106786288
2026-09-07 15:00:30.406647,-5260.983215482382,-11926.376171359401,256.1424767806325,63.245582131786364
2026-09-07 15:00:30.505608,-5261.653348891718,-11929.092689502142,256.0981795334731,63.17813362675884
2026-09-07 15:00:30.606464,-5262.419427141343,-11932.181729587073,256.1771841466958,63.58332591919506
2026-09-07 15:00:30.705241,-5263.090235162097,-11934.908083471186,256.2656139156484,63.57210540306395
2026-09-07 15:00:30.806512,-5263.7626049222645,-11937.660325419478,256.2316154729507,63.49967493677626
2026-09-07 15:00:30.905714,-5264.432814778303,-11940.395445452199,256.242716754043,63.430328513637384
2026-09-07 15:00:31.006052,-5265.109423726274,-11943.15899637514,256.2202599418368,63.42769824355529
2026-09-07 15:00:31.106533,-5265.78805347624,-11945.92610533066,256.23150435047205,63.4057480877387
2026-09-07 15:00:31.206713,-5266.463874932444,-11948.684103110185,256.25392580043933,63.46965054193743
2026-09-07 15:00:31.306188,-5267.134543912274,-11951.42571464533,256.1314756552485,63.51832662517383
2026-09-07 15:00:31.405902,-5267.813216133722,-11954.174576708601,256.14263423212026,63.48957358783377
2026-09-07 15:00:31.506378,-5268.496225894526,-11956.94332440552,256.1763657794388,63.50010913834379
2026-09-07 15:00:31.603172,-5269.152744885252,-11959.6114393586,256.28468389823155,63.44936179190947
2026-09-07 15:00:31.706166,-5269.845393836631,-11962.449502238349,256.4690939455806,63.39356396760963
2026-09-07 15:00:31.806874,-5270.513146146331,-11965.224296139057,256.5141731906057,63.40412384480183
2026-09-07 15:00:31.906163,-5271.169446372809,-11967.960965439106,256.5475062413014,63.40585902579794
2026-09-07 15:00:32.006213,-5271.829190432773,-11970.71906968159,256.53631006407426,63.39799086453161
2026-09-07 15:00:32.107037,-5272.49449890847,-11973.498036120916,256.6040068180621,63.429706986131464
2026-09-07 15:00:32.205048,-5273.138374881739,-11976.20158320269,256.61497481932355,63.42628129296083
2026-09-07 15:00:32.314756,-5273.858475221747,-11979.227756188318,256.57814392843204,63.42628129296083
2026-09-07 15:00:32.402201,-5274.43399630223,-11981.639459657466,256.5879295328061,63.372794485991655
2026-09-07 15:00:32.503842,-5275.101906158058,-11984.440434176508,256.6902975072776,63.31950594497743
2026-09-07 15:00:32.604366,-5275.756974179267,-11987.209472357095,256.791540492547,63.29754639577602
2026-09-07 15:00:32.714803,-5276.4710162918045,-11990.251785898243,256.9274844652481,63.212626212459085
2026-09-07 15:00:32.804051,-5277.041457283772,-11992.708447730867,256.89752235354894,63.15647687459223
2026-09-07 15:00:32.904215,-5277.6825411734135,-11995.462802065298,256.8414776810963,63.11359029704884
2026-09-07 15:00:33.003928,-5278.287675300873,-11998.05552039577,256.9865377256542,62.888817843832804
2026-09-07 15:00:33.104196,-5278.922438818026,-12000.802038902799,257.06508173452437,62.89407471402339
2026-09-07 15:00:33.195231,-5279.495380246669,-12003.29664535223,257.1058311195867,62.8773699116707
2026-09-07 15:00:33.303991,-5280.177575377534,-12006.276659340314,257.05714761193167,62.85741259521132
2026-09-07 15:00:33.404341,-5280.809154465324,-12009.024831731189,257.03468811398585,62.80743148683735
2026-09-07 15:00:33.504406,-5281.439512356632,-12011.762773258395,257.0010945465426,62.71824562329606
2026-09-07 15:00:33.604075,-5282.068080667338,-12014.485639045883,257.15724412208175,62.679054630529755
2026-09-07 15:00:33.703857,-5282.689541608497,-12017.211592316982,257.2577398002895,62.65551337513315
2026-09-07 15:00:33.811662,-5283.355554316838,-12020.156793191183,257.3301238414271,62.63949931424094
2026-09-07 15:00:33.902741,-5283.914947851509,-12022.645117387585,257.2893547609406,62.61164452041657
2026-09-07 15:00:34.003886,-5284.537854230755,-12025.40677843568,257.1648489058481,62.60545786241337
2026-09-07 15:00:34.110984,-5285.2037094854395,-12028.329251108802,257.1049244586382,62.59142047551846
2026-09-07 15:00:34.197769,-5285.705878437034,-12030.525907330239,257.09521271210497,62.25236165440675
2026-09-07 15:00:34.310907,-5286.409049214162,-12033.59493378747,257.17117751565047,62.24939584388084
2026-09-07 15:00:34.411104,-5287.028155961631,-12036.313611257347,257.1263270061202,62.25027136851231
2026-09-07 15:00:34.503223,-5287.599314030341,-12038.812694575956,257.14694431046775,62.20519479538686
2026-09-07 15:00:34.612117,-5288.272929587329,-12041.764967912106,257.220059544229,62.15190971463346
2026-09-07 15:00:35.151225,-5291.586343260632,-12056.372683099868,257.582035479015,61.88810809732852
2026-09-07 15:00:35.252127,-5292.186653473844,-12059.098974449562,257.6497846049263,61.8387337404477
2026-09-07 15:00:35.352332,-5292.779142025431,-12061.804975881698,257.717065740701,61.78970044644717
2026-09-07 15:00:35.452610,-5293.3684142719485,-12064.511495277313,257.7843958912246,61.74063143137022
2026-09-07 15:00:35.552989,-5293.954630002637,-12067.219279938734,257.8517938566747,61.69151299398206
2026-09-07 15:00:35.653287,-5294.524531037796,-12069.869451428338,257.91913743589663,61.54575944484646
2026-09-07 15:00:35.752988,-5295.098642979148,-12072.551815317429,257.9860801684736,61.49697277307212
2026-09-07 15:00:35.852848,-5295.670077780196,-12075.236996763708,258.0531296592022,61.448108297857374
2026-09-07 15:00:35.952903,-5296.239027185033,-12077.925951532798,258.1203100797395,61.39914840332892
2026-09-07 15:00:36.053122,-5296.8052991958775,-12080.617833593651,258.18760061560306,61.35010825871099
2026-09-07 15:00:36.152276,-5297.3619803584215,-12083.279638195818,258.25417607328086,61.30158925034485
2026-09-07 15:00:36.252898,-5297.923319951811,-12085.979369297462,258.3217371974156,61.25235190581192
2026-09-07 15:00:36.353676,-5298.481892065465,-12088.681774690489,258.3894030653973,61.203038225828024
2026-09-07 15:00:36.453659,-5299.03244747966,-12091.361355369427,258.4565351426206,61.154113563046174
2026-09-07 15:00:36.553998,-5299.581372894542,-12094.048972346964,258.5239062506741,61.105014698850574
2026-09-07 15:00:36.654435,-5300.127232138349,-12096.737698079174,258.5913431593493,61.05586788033322
2026-09-07 15:00:36.753363,-5300.653490462386,-12099.347924780206,258.6577668727361,60.93867105337
2026-09-07 15:00:36.853305,-5301.1889456223735,-12102.017374167834,258.7248714211279,60.88976645311052
2026-09-07 15:00:36.953694,-5301.723225742135,-12104.697238630853,258.79227610092715,60.840643122424225
2026-09-07 15:00:38.949851,-5312.087036405063,-12157.024756427674,259.01565768558635,58.01707591464704
2026-09-07 15:00:39.049124,-5312.577629232148,-12159.552325289487,259.01565768558635,58.01100375982029
2026-09-07 15:00:39.157208,-5313.111708845148,-12162.303941140806,259.00356245700647,58.00439266936977
2026-09-07 15:00:39.247418,-5313.557900922765,-12164.60016262274,258.99346743304187,58.02961692223305
2026-09-07 15:00:39.348213,-5314.057117021937,-12167.166844391728,258.98218788597933,58.04370892183041
2026-09-07 15:00:39.449340,-5314.5586061440135,-12169.742507007544,259.08403818413046,58.04370892183041
2026-09-07 15:00:39.548627,-5314.970854919947,-12171.891992172012,259.13959214956515,57.183608700505566
2026-09-07 15:00:39.645746,-5315.438635176033,-12174.33021311093,259.1287239682946,57.1802141846345
2026-09-07 15:00:39.748184,-5315.932493254959,-12176.901723902685,259.1516507849421,57.19006035681708
2026-09-07 15:00:39.855203,-5316.447450149951,-12179.588900848994,259.1516507849421,57.23214145379665
2026-09-07 15:00:39.947878,-5316.893714325783,-12181.917621596152,259.13090904132343,57.19327119050925
2026-09-07 15:00:40.055194,-5317.411104835056,-12184.612220178373,259.14291832623405,57.17451657682815
2026-09-07 15:00:40.145507,-5317.793443638079,-12186.61096464185,259.12270522570606,56.49228418913851
2026-09-07 15:00:40.255973,-5318.319885649349,-12189.350585614979,259.1597905904308,56.506763021429805
2026-09-07 15:00:40.353821,-5318.7847430330285,-12191.778196204728,259.0831422661406,56.524718000290754
2026-09-07 15:00:40.454539,-5319.2667307478,-12194.2771629909,259.0718713358262,56.5343988489005
2026-09-07 15:00:40.554635,-5319.746312532369,-12196.761028066854,259.0382673611418,56.501162449473156
2026-09-07 15:00:40.655348,-5320.230031637901,-12199.258451362512,258.94810439485894,56.49236211491137
2026-09-07 15:00:40.754646,-5320.666205438427,-12201.49052276861,258.93699237080796,55.84456617071475
2026-09-07 15:00:40.855447,-5321.149087187358,-12203.960230813182,258.8241901858334,55.85777820676019
2026-09-07 15:00:40.963450,-5321.671802045257,-12206.605995894777,258.7033285437484,55.91157102836172
2026-09-07 15:00:41.172572,-5322.695703695842,-12211.731672777369,258.77353445001796,55.885988621026804
2026-09-07 15:00:41.269120,-5323.165306356218,-12214.097603310587,258.7843387330657,55.889363179231886
2026-09-07 15:00:41.369864,-5323.654882082268,-12216.566599204849,258.8294340925287,55.96506935205758
2026-09-07 15:00:41.469745,-5324.138992088997,-12219.018142588924,258.8294340925287,56.04885463972759
2026-09-07 15:00:41.567568,-5324.613837069299,-12221.422767681855,258.75280535175693,56.12236576638851
2026-09-07 15:00:41.670051,-5325.115327896759,-12223.944577625887,258.7069315754144,56.15370825846137
2026-09-07 15:00:41.769908,-5325.606209820838,-12226.40274933681,258.7628044724343,56.19820849718441
2026-09-07 15:00:41.869221,-5326.092418226304,-12228.849942160708,258.68500855396655,56.189530495076106
2026-09-07 15:00:41.969908,-5326.5886450111975,-12231.329937405662,258.7413458601368,56.22208332696755
2026-09-07 15:00:42.060712,-5327.034222943707,-12233.568241994264,258.7311843641155,56.28079850066565
2026-09-07 15:00:42.169924,-5327.571167082086,-12236.263017191512,258.7067414474273,56.35905093613003
2026-09-07 15:00:42.269736,-5328.063630222514,-12238.729064489491,258.68440236014305,56.45411642943041
2026-09-07 15:00:42.369158,-5328.555955881864,-12241.189427755258,258.7289059616333,56.49407905162305
2026-09-07 15:00:42.469702,-5329.052255854769,-12243.67970431898,258.76266033773896,56.451029771916545
2026-09-07 15:00:42.561552,-5329.370906066022,-12245.282225271381,258.7523817882306,55.21995956102967
2026-09-07 15:00:42.669753,-5329.891883241903,-12247.901923541423,258.6312985726233,55.19821389264708
2026-09-07 15:00:42.769573,-5330.377421757311,-12250.316733596346,258.5977872559573,55.12058538764754
2026-09-07 15:00:42.868881,-5330.8611935714725,-12252.715496318735,258.60890039906644,55.11451109200285
2026-09-07 15:00:42.969927,-5331.352904317481,-12255.1560664941,258.66543857618245,55.117159921665746
2026-09-07 15:00:43.187737,-5332.407671808415,-12260.418140871436,258.7141869892127,55.10383730582041
2026-09-07 15:00:43.284263,-5332.873012198406,-12262.749946745458,258.75739427369143,55.15613103932301
2026-09-07 15:00:43.385628,-5333.360296100138,-12265.20134170067,258.76873760707105,55.15701676997631
2026-09-07 15:00:43.485218,-5333.83857803155,-12267.609943753043,258.8244611098221,55.16484875578854
2026-09-07 15:00:43.585612,-5334.318427661391,-12270.038803289439,258.8019917641641,55.2139745331239
2026-09-07 15:00:43.684762,-5334.793694922583,-12272.439516357896,258.8463736121229,55.26075883234768
2026-09-07 15:00:43.785668,-5335.27589496414,-12274.885191816484,258.7221619574295,55.318070625615626
2026-09-07 15:00:43.885167,-5335.7570968471955,-12277.298229135919,258.6664893718263,55.35110879404015
2026-09-07 15:00:44.107142,-5336.836497663011,-12282.683707958317,258.6168087833207,55.48106365161721
2026-09-07 15:00:44.185800,-5337.221545471536,-12284.596227869763,258.5904019195027,55.53948552452008
2026-09-07 15:00:44.297220,-5337.768794492281,-12287.307936026342,258.5904019195027,55.602768976504244
2026-09-07 15:00:44.396652,-5338.257719871409,-12289.730641025859,258.53476682234896,55.657505898815444
2026-09-07 15:00:44.479749,-5338.668693053409,-12291.756931530246,258.4603745193771,55.75335166345619
2026-09-07 15:00:44.596126,-5339.24894087858,-12294.59887878259,258.5775838912356,55.82351817714903
2026-09-07 15:00:44.685548,-5339.6908802872185,-12296.786236962449,258.5375565225198,55.914157367713635
2026-09-07 15:00:44.786091,-5340.190309280032,-12299.249271691182,258.41379170776315,55.98707685093941
2026-09-07 15:00:44.886197,-5340.693519073902,-12301.703717993036,258.35777948799813,56.10254114104768
2026-09-07 15:00:44.986978,-5341.098419608211,-12303.65585019968,258.31266756647386,55.5222466346672
2026-09-07 15:00:45.084567,-5341.589091423149,-12306.027855626086,258.24714290443984,55.55976701175873
2026-09-07 15:00:45.186230,-5342.103419992482,-12308.499967268146,258.34953303626355,55.62106209825826
2026-09-07 15:00:45.286395,-5342.6063707242665,-12310.939242255774,258.4055782682453,55.712087579758794
2026-09-07 15:00:45.392883,-5343.139404634041,-12313.537265113522,258.23874549175497,55.77256979331911
2026-09-07 15:00:45.485620,-5343.610703979056,-12315.800893822077,258.1453452020238,55.83334521155629
2026-09-07 15:00:45.584988,-5344.120210594798,-12318.228195126701,258.0563863423573,55.872417847673866
2026-09-07 15:00:45.693614,-5344.681699143809,-12320.882633571575,258.0563863423573,55.98821750346529
2026-09-07 15:00:45.784898,-5345.154524712868,-12323.117917568798,257.9235886017676,56.030492558549845
2026-09-07 15:00:45.885289,-5345.680615243849,-12325.576849377503,257.9460572759906,56.0603180320813
2026-09-07 15:00:45.992627,-5346.242378765451,-12328.207557850055,257.8259398076044,56.115655484406595
2026-09-07 15:00:46.079378,-5346.701307204066,-12330.334848227823,257.884187458017,56.1217197487901
2026-09-07 15:00:46.182749,-5347.245640022047,-12332.870519484912,257.94202654028305,56.20662610853978
2026-09-07 15:00:46.294152,-5347.830392313629,-12335.607940173137,257.9046266083001,56.296182866603935
2026-09-07 15:00:46.391830,-5348.308462099907,-12337.833136079302,257.86090366180565,56.0241958578331
2026-09-07 15:00:46.492278,-5348.837483303888,-12340.292610220744,257.827181514576,56.038239343874615
2026-09-07 15:00:46.592313,-5349.3659033309,-12342.742275430486,257.7712090213769,56.04698043457679
2026-09-07 15:00:46.692119,-5349.8955836666755,-12345.186197823687,257.69302691592657,56.07314367640078
2026-09-07 15:00:46.793209,-5350.435707554655,-12347.66198198517,257.6364641195303,56.132326631924904
2026-09-07 15:00:46.900491,-5351.012116574278,-12350.291619138481,257.5764367189666,56.16701167479019
2026-09-07 15:00:46.991046,-5351.50128136485,-12352.512113582117,257.5865703504388,56.13456950134095
2026-09-07 15:00:47.091427,-5352.042776461625,-12354.972224939782,257.54163747822554,56.11790398518188
2026-09-07 15:00:47.182748,-5352.537006539851,-12357.209244830905,257.43944396492645,56.0867833167993
2026-09-07 15:00:47.301569,-5353.184897850916,-12360.11714585149,257.27988282857825,56.03798501470384
2026-09-07 15:00:47.392456,-5353.723211813587,-12362.5108103816,257.17817498653517,56.31812729986441
2026-09-07 15:00:47.502080,-5354.335698352753,-12365.201934656456,257.12910473236843,56.30567462504784
2026-09-07 15:00:47.600237,-5354.886058731075,-12367.610555975529,257.0961517138352,56.295382236503194
2026-09-07 15:00:47.679662,-5355.332429158682,-12369.558910255171,257.03393487591575,56.33008314763531
2026-09-07 15:00:47.803281,-5356.0308937227865,-12372.592488769837,256.9786001339811,56.40137547815942
2026-09-07 15:00:47.899429,-5356.57711217901,-12374.9543957347,257.0001191754211,56.39045360176134
2026-09-07 15:00:48.000139,-5357.148207614028,-12377.428105308125,256.9663090702174,56.403653710392554
2026-09-07 15:00:48.100046,-5357.71633043292,-12379.882330651417,256.93276854613254,56.39230483256563
2026-09-07 15:00:48.185256,-5358.202006031051,-12381.974817615312,256.913697556397,56.3625221229647
2026-09-07 15:00:48.286566,-5358.779970234767,-12384.46116328548,256.913697556397,56.377571374010465
2026-09-07 15:00:48.402834,-5359.443445554551,-12387.3153694422,256.97875288542457,56.382651141760554
2026-09-07 15:00:48.500316,-5359.997052254245,-12389.709253034162,256.9351176730926,56.36646692516361
2026-09-07 15:00:48.600326,-5360.5667223097,-12392.164079089598,256.85677576613216,56.40142254993991
2026-09-07 15:00:48.700843,-5361.143010489575,-12394.63209427943,256.77803670541886,56.4277721739948
2026-09-07 15:00:48.797120,-5361.6984972133605,-12396.996347074739,256.8319064882722,56.45301032032959
2026-09-07 15:00:48.899583,-5362.287572515392,-12399.51418844522,256.85483890021067,56.49777657097271
2026-09-07 15:00:48.999764,-5362.919450984626,-12402.226452488714,256.8436280633212,57.01187105817975
2026-09-07 15:00:49.099872,-5363.500176341225,-12404.710895555303,256.8212227277919,57.06085688718834
2026-09-07 15:00:49.201295,-5364.0900206201095,-12407.229906065975,256.8666220234603,57.09985133539208
2026-09-07 15:00:49.287116,-5364.587779406357,-12409.363266423597,256.8954336314306,57.2018386435748
2026-09-07 15:00:49.400769,-5365.282074410674,-12412.348291898954,256.8699967672548,57.52164958337236
2026-09-07 15:00:49.501059,-5365.867901838069,-12414.859776984727,256.9148889057499,57.61892302017332
2026-09-07 15:00:49.601852,-5366.435603448716,-12417.301124717515,257.0051234917571,57.47737711409974
2026-09-07 15:00:49.702425,-5367.016694938444,-12419.81913574538,257.038887603669,57.482649974889604
2026-09-07 15:00:49.801577,-5367.595959919859,-12422.336063847284,256.98340917466237,57.648433933914674
2026-09-07 15:00:49.901865,-5368.178083581601,-12424.854191540588,257.0058547962866,57.71240527876078
2026-09-07 15:00:50.002750,-5368.763328863188,-12427.390349700763,256.91553784759634,57.7661789990235
2026-09-07 15:00:50.102652,-5369.3473734715735,-12429.903218649853,256.8596397717671,57.74260943240195
2026-09-07 15:00:50.198898,-5369.91217550346,-12432.32258934522,256.89195123423787,57.66019136718407
2026-09-07 15:00:50.294698,-5370.472201628228,-12434.727627729786,256.9133923892275,57.619173295535
2026-09-07 15:00:50.400399,-5371.0886749352985,-12437.379571762534,256.9488780602645,57.55636721973642
2026-09-07 15:00:50.499657,-5371.665399355897,-12439.86750985292,256.8933403211736,57.53294959002208
2026-09-07 15:00:50.599394,-5372.247093135271,-12442.365874443974,256.815212266234,57.49373185887666
2026-09-07 15:00:50.701686,-5372.846772792669,-12444.925678581685,256.8381064063823,57.42937604060536
2026-09-07 15:00:50.795661,-5373.396139275838,-12447.274941462621,256.8065573582588,57.45893767798681
2026-09-07 15:00:50.899344,-5374.0039974118845,-12449.867892647373,256.71373550970793,57.46618556128585
2026-09-07 15:00:50.999205,-5374.593567906704,-12452.36462469754,256.71373550970793,57.44262566766615
2026-09-07 15:00:51.099547,-5375.185735307496,-12454.872354208446,256.70250665598155,57.35933046128081
2026-09-07 15:00:51.200061,-5375.7785491982495,-12457.380623591745,256.6350180468177,57.34791263164029
2026-09-07 15:00:51.300050,-5376.371087403514,-12459.874598997729,256.6462073977899,57.2972376186381
2026-09-07 15:00:51.399365,-5376.958628048148,-12462.349689023034,256.7240048829391,57.27207090571811
2026-09-07 15:00:51.499140,-5377.545255401373,-12464.835949646684,256.75750109231944,57.23196639535551
2026-09-07 15:00:51.600592,-5378.13984797978,-12467.36257667221,256.791560299877,57.26033410294319
2026-09-07 15:00:51.701098,-5378.727699406903,-12469.867234457613,256.87029074384225,57.23662203648941
2026-09-07 15:00:51.799619,-5379.300329266606,-12472.322197542491,256.8923408903009,57.21337828488161
2026-09-07 15:00:51.899475,-5379.879525557259,-12474.809639003675,256.8588174878064,57.16451576698612
2026-09-07 15:00:51.999853,-5380.462714015266,-12477.307607361598,256.8475846054705,57.136448368095635
2026-09-07 15:00:52.100439,-5381.0473144935195,-12479.809408336923,256.8700969229631,57.13381159691745
2026-09-07 15:00:52.200477,-5381.627725556283,-12482.29769273264,256.78053824810485,57.091853103270346
2026-09-07 15:00:52.298859,-5382.201931000844,-12484.742095119536,256.6814525832211,57.078958126730214
2026-09-07 15:00:52.400232,-5382.797813674075,-12487.259216365737,256.67010835459496,57.02403849216172
2026-09-07 15:00:52.499770,-5383.38283590662,-12489.728280185058,256.6923861174901,56.98055017875576
2026-09-07 15:00:52.729689,-5384.730909785267,-12495.427650945656,256.5637397470813,56.944387464708925
2026-09-07 15:00:52.817871,-5385.25251886567,-12497.611006562323,256.5440035891554,56.90894275478364
2026-09-07 15:00:52.918310,-5385.847116093501,-12500.09608864716,256.58896242351875,56.89841108396
2026-09-07 15:00:53.018746,-5386.439635770296,-12502.581102328533,256.5552443048986,56.88261404957829
2026-09-07 15:00:53.119172,-5387.033393720967,-12505.064829735487,256.5889590663442,56.87383879316947
2026-09-07 15:00:53.226951,-5387.908292509658,-12508.745966917884,256.5648368717343,58.08060968139487
2026-09-07 15:00:53.310300,-5388.411110748081,-12510.850846010075,256.5088734429065,58.094447500368005
2026-09-07 15:00:53.411756,-5389.025811504766,-12513.413006936966,256.49751992609737,58.09533402618225
2026-09-07 15:00:53.511913,-5389.633152354942,-12515.942281331216,256.3966465657493,58.055075971114476
2026-09-07 15:00:53.612441,-5390.24678590388,-12518.478089016753,256.3853968975405,58.04980546959336
2026-09-07 15:00:53.715479,-5390.876193921982,-12521.076851684518,256.28162193120215,58.0119907955709
2026-09-07 15:00:53.828207,-5391.5694898603215,-12523.916906590974,256.2942368504072,57.97061991712602
2026-09-07 15:00:53.915824,-5392.107479014246,-12526.122862456727,256.2452125895322,58.02114952926923
2026-09-07 15:00:54.017331,-5392.733487731565,-12528.680223372552,256.1316203494729,58.12492518937515
2026-09-07 15:00:54.117767,-5393.359023661186,-12531.21389219312,256.03046599361244,58.16266254928701
2026-09-07 15:00:54.345080,-5394.785822874175,-12536.949461969598,255.9795906985794,58.22423686834962
2026-09-07 15:00:54.443783,-5395.408231662139,-12539.442024491147,255.92436349813718,58.24234873858215
2026-09-07 15:00:54.539803,-5396.0162478471875,-12541.86700213738,255.85989231748664,58.253256074894345
2026-09-07 15:00:54.641260,-5396.661695731278,-12544.429045991157,255.8485386887717,58.24793686758068
2026-09-07 15:00:54.741894,-5397.302352918448,-12546.96994808103,256.06250776305853,58.21100445521265
2026-09-07 15:00:54.841853,-5397.928885726916,-12549.49456423219,256.19673968862924,58.19353555561754
2026-09-07 15:00:54.939466,-5398.534754670886,-12551.960614938296,256.1639693003932,58.20803563006558
2026-09-07 15:00:55.040330,-5399.162415762795,-12554.509073794396,256.0736711518806,58.15603580902048
2026-09-07 15:00:55.141211,-5399.7936345099715,-12557.054693503336,256.2204303743997,58.108434730957
2026-09-07 15:00:55.225514,-5400.315245740756,-12559.181587686271,256.314770337296,58.08191560654979
2026-09-07 15:00:55.343088,-5401.037501041592,-12562.147720880965,256.40687084093526,58.115818665420356
2026-09-07 15:00:55.441562,-5401.638781944595,-12564.634422970694,256.40687084093526,58.10807444440545
2026-09-07 15:00:55.541226,-5402.247247879485,-12567.150840013477,256.3845648777736,58.117653984267655
2026-09-07 15:00:55.641257,-5402.992476754125,-12570.22528415199,256.2726243676081,58.79667471178582
2026-09-07 15:00:55.739086,-5403.602671899579,-12572.72321775241,256.19599092679186,58.75564272918918
2026-09-07 15:00:55.841282,-5404.24314790917,-12575.329981560842,256.25317256236923,58.737782890024896
2026-09-07 15:00:55.941312,-5404.86731277973,-12577.88134475126,256.2419786232585,58.72030158242379
2026-09-07 15:00:56.040655,-5405.487501318,-12580.414310103117,256.18639332419434,58.685579088351666
2026-09-07 15:00:56.141468,-5406.118986702938,-12582.982624913686,256.23151956966353,58.6521046124938
2026-09-07 15:00:56.688470,-5409.532443114853,-12596.912807117971,256.17030686266116,58.56606963100445
2026-09-07 15:00:56.788729,-5410.159895007386,-12599.461630676598,256.15908729711776,58.55030043599394
2026-09-07 15:00:56.888730,-5410.786061422324,-12602.003088175115,256.1478966032758,58.53457182040585
2026-09-07 15:00:56.988672,-5411.412186237589,-12604.542241666202,256.13671251187714,58.51885248460817
2026-09-07 15:00:57.089051,-5412.041377588796,-12607.09169006255,256.1254795176355,58.50306441544769
2026-09-07 15:00:57.189078,-5412.668691318684,-12609.631389930699,256.1142859142422,58.48733171046044
2026-09-07 15:00:57.289319,-5413.297675163674,-12612.17571601659,256.1030683630036,58.471565346572426
2026-09-07 15:00:57.391019,-5413.936147035732,-12614.756253765307,256.0916875411745,58.45556950447775
2026-09-07 15:00:57.490733,-5414.562481980521,-12617.285582189135,256.08052896430274,58.439886029564995
2026-09-07 15:00:57.590730,-5415.190919866422,-12619.821286262239,256.06933871808405,58.424158043115234
2026-09-07 15:00:57.690829,-5415.820325073129,-12622.358770819728,256.05813705747175,58.40841401363801
2026-09-07 15:00:57.791195,-5416.451736336618,-12624.902214743917,256.0469055180057,58.39262798917711
2026-09-07 15:00:57.890013,-5417.073731727745,-12627.405631040623,256.03584720874807,58.37708544125075
2026-09-07 15:00:57.990177,-5417.70452111298,-12629.942349255325,256.02463827425754,58.36133118827563
2026-09-07 15:00:58.090264,-5418.335151222998,-12632.47631001254,256.0134379565151,58.34558904621339
2026-09-07 15:00:58.190572,-5418.967499627526,-12635.015057381499,256.00221290758657,58.32981214425831
2026-09-07 15:00:58.291572,-12180.472501135164,2703.183932935295,254.84911831207376,58.281233272286784
2026-09-07 15:00:58.391499,-12181.152957175751,2700.67092600337,254.83793589926245,58.265516295757834
2026-09-07 15:00:58.491720,-12181.835722937592,2698.151338329434,254.82672058614025,58.24975307756148
2026-09-07 15:00:58.592028,-12182.519389995245,2695.630379467282,254.81549553721175,58.2339761756064
2026-09-07 15:01:00.597036,-12196.191047416882,2645.2564801551894,253.02051903268102,58.636932147107835
2026-09-07 15:01:00.684515,-12196.86069719229,2643.063345636931,252.9813613959933,58.638460935778866
2026-09-07 15:01:00.789484,-12197.666051857377,2640.4322108003935,252.95786811208825,58.597185922287345
2026-09-07 15:01:00.896173,-12198.485122420328,2637.760180739703,252.91011163224073,58.53752179827159
2026-09-07 15:01:00.987759,-12199.18943831083,2635.469327685026,252.78712355577625,58.5207158881461
2026-09-07 15:01:01.088346,-12199.968149101225,2632.9557194754907,252.62953576664677,58.402060005492984
2026-09-07 15:01:01.184158,-12200.714958632305,2630.568335255934,252.55448232409412,58.325874044784776
2026-09-07 15:01:01.288458,-12201.530266826108,2627.973908330681,252.57782587801296,58.226533975943056
2026-09-07 15:01:01.395653,-12202.405854539824,2625.1413588834084,252.59555013987574,58.37069177147524
2026-09-07 15:01:01.494210,-12203.175103203834,2622.687351327706,252.51834642700408,58.36466341166683
2026-09-07 15:01:01.587837,-12203.908937461803,2620.357325144733,252.44500458395862,58.330302549803235
2026-09-07 15:01:01.683863,-12204.664188190382,2617.9699685213686,252.4879880567986,58.28331416509493
2026-09-07 15:01:01.796136,-12205.544418704834,2615.18027345492,252.47542405474144,58.23818609000657
2026-09-07 15:01:01.893579,-12206.30831964681,2612.761107881754,252.44271073847335,58.18369264422991
2026-09-07 15:01:01.994552,-12207.10058302657,2610.257102427805,252.47660913736843,58.08575675097931
2026-09-07 15:01:02.095184,-12207.887367656509,2607.765287979058,252.45408652454046,58.05585967801044
2026-09-07 15:01:02.195383,-12208.67133842402,2605.2857803402158,252.36438371498684,58.02959341478456
2026-09-07 15:01:02.296429,-12209.465490559147,2602.7876845400815,252.37569135041008,57.95807501388642
2026-09-07 15:01:02.395647,-12210.224930201779,2600.410206233682,252.30766277064845,57.85422967882571
2026-09-07 15:01:02.503838,-12211.075307009503,2597.744392672435,252.186590745623,57.8570658082129
2026-09-07 15:01:02.595189,-12211.798112277731,2595.4949267356756,252.11503178609155,57.8411012482742
2026-09-07 15:01:02.704261,-12212.664247824012,2592.810912108885,252.1760607437385,57.806790560192596
2026-09-07 15:01:02.795196,-12213.383547471467,2590.573767876422,252.2574699892076,57.76308794654225
2026-09-07 15:01:02.904486,-12214.243564116132,2587.8858697508,252.34308129819362,57.72488876414246
2026-09-07 15:01:02.994991,-12214.951963745521,2585.6603843583352,252.2620570087431,57.76363970959756
2026-09-07 15:01:03.083136,-12215.645420813587,2583.4924539743706,252.16341762426703,57.80138018898698
2026-09-07 15:01:03.183718,-12216.441500127115,2581.0183855488754,252.18592904651302,57.78907574615189
2026-09-07 15:01:03.292667,-12301.043746383733,2733.513176844154,153.5540822720808,43.859251569175484
2026-09-07 15:01:03.404490,-12303.006808622056,2734.4896110820437,153.46648676101154,43.859251569175484
2026-09-07 15:01:03.502710,-12304.729755822165,2735.3498995324853,153.4445039818562,43.87126706275547
2026-09-07 15:01:03.602595,-12306.482054104968,2736.225683418085,153.43332626908932,43.857302288909736
2026-09-07 15:01:03.703785,-12308.256508076645,2737.112973218058,153.45597376881165,43.836081452966646
2026-09-07 15:01:03.801098,-12311.767707690255,2737.6880769437353,152.5151263131919,52.73274636121825
2026-09-07 15:01:03.902450,-12313.887277321757,2738.79074393896,152.42439128436047,52.74514500004251
2026-09-07 15:01:04.002234,-12315.972823874024,2739.879911094301,152.40205846380218,52.73293817850529
2026-09-07 15:01:04.102440,-12318.066279391558,2740.9742474250857,152.32356302205767,52.78459877165691
2026-09-07 15:01:04.202634,-12320.16003234962,2742.072394139056,152.30113843872743,52.75220533021431
2026-09-07 15:01:04.302543,-12322.246119932963,2743.1675617315072,152.2005148521681,52.78101459679281
2026-09-07 15:01:04.403907,-12324.361787903363,2744.283002615817,152.15514196627305,52.79341470360651
2026-09-07 15:01:04.504101,-12326.452652967913,2745.3874836039104,152.12150509127775,52.839816119727
2026-09-07 15:01:04.603131,-12328.520402050277,2746.481306914052,152.04393085823813,52.92634885449346
2026-09-07 15:01:04.703754,-12330.623344549924,2747.597393860338,152.08897205528467,52.97294894725641
2026-09-07 15:01:04.803357,-12332.70767125422,2748.7015017402196,152.31189516180177,52.90767387923957
2026-09-07 15:01:04.903014,-12334.794835266206,2749.796734651068,152.62415671252484,52.89896581829983
2026-09-07 15:01:05.004354,-12336.922935092296,2750.8986987608587,152.7262215341317,53.01673894123066
2026-09-07 15:01:05.104294,-12339.02824483066,2751.9841102584737,152.49136031480487,53.103193557987545
2026-09-07 15:01:05.189693,-12340.826348123752,2752.920488226733,152.30978405851954,53.144981834763676
2026-09-07 15:01:05.297303,-12343.090140523764,2754.1085127232996,152.22548876196913,53.1355788381079
2026-09-07 15:01:05.398577,-12345.218618532066,2755.2295220571064,152.23682191191904,53.15416248344724
2026-09-07 15:01:05.505015,-12347.456643901074,2756.407661478907,152.21299984871678,53.23414753092621
2026-09-07 15:01:05.606340,-12349.589899203895,2757.5317809192957,152.20166099156995,53.26867739507428
2026-09-07 15:01:05.706639,-12351.702702831217,2758.645657627739,152.23533311689835,53.19768770630201
2026-09-07 15:01:05.801270,-12353.694069640816,2759.6940173439143,152.22474335730647,53.16130460160221
2026-09-07 15:01:05.895125,-12355.667563849363,2760.7334338783185,152.27725796068728,53.11455844388982
2026-09-07 15:01:05.995902,-12357.785765151402,2761.846587157314,152.26598042792955,53.08814066318228
2026-09-07 15:01:06.097055,-12359.910592164262,2762.963756155116,152.17542355316266,53.11200537432389
2026-09-07 15:01:06.202411,-12362.122859890665,2764.1313655987333,151.98678436108827,53.080704833544544
2026-09-07 15:01:06.302482,-12364.219254114263,2765.246658508646,151.8076079250991,53.02911383882092
2026-09-07 15:01:06.402078,-12366.300191620408,2766.3620916793543,151.71844494921805,53.00474619274898
2026-09-07 15:01:06.501945,-12368.384090248517,2767.483290276635,151.78549913999115,52.99951034626432
2026-09-07 15:01:06.598524,-12370.400447417307,2768.565108627399,151.78549913999115,53.035798494766134
2026-09-07 15:01:06.703095,-12372.585154794095,2769.7372504323525,151.62166969188087,53.049504666543264
2026-09-07 15:01:06.801620,-12374.64091348488,2770.847790405586,151.57756760847047,53.06586204472811
2026-09-07 15:01:06.902071,-12376.736632696864,2771.9820021758637,151.62253181431316,53.03777423379396
2026-09-07 15:01:07.002468,-12380.845637553895,2774.1905988277317,151.57344018055682,55.80371657646257
2026-09-07 15:01:07.094574,-12382.866318375825,2775.2843877233563,151.5528257857606,55.81739860505621
2026-09-07 15:01:07.202656,-12385.237610295722,2776.569064788292,151.66168082867472,55.80417666882008
2026-09-07 15:01:07.302713,-12387.434570741803,2777.753902097823,151.71766563151397,55.80592527143394
2026-09-07 15:01:07.402409,-12389.624825812456,2778.9323619965553,151.79576156948337,55.8120232995746
2026-09-07 15:01:07.502179,-12391.818551734175,2780.108836459877,151.8292561002765,55.85910014812282
2026-09-07 15:01:07.602097,-12394.018073964762,2781.286764318109,151.78453047764071,55.880927316133516
2026-09-07 15:01:07.702845,-12396.23580564591,2782.4766726491293,151.73943332768454,55.87036324468577
2026-09-07 15:01:07.802832,-12398.435439603643,2783.659101443623,151.795378963487,55.85638421037117
2026-09-07 15:01:07.901829,-12400.613891253806,2784.8274031906253,151.8507706654837,55.84081350850444
2026-09-07 15:01:08.002250,-12402.824206713763,2786.0100434379237,151.87324605405593,55.77500236220042
2026-09-07 15:01:08.094547,-12404.853740448832,2787.0949316999713,151.9558746253328,55.75887247868888
2026-09-07 15:01:08.201538,-12407.207513238605,2788.348781046039,152.039685033968,55.76354693280652
2026-09-07 15:01:08.303725,-12409.45753728324,2789.543141747906,151.97107311418944,55.82069338502556
2026-09-07 15:01:08.403641,-12411.658409980379,2790.7147921945825,151.84808011386883,55.76918229960815
2026-09-07 15:01:08.503479,-12413.853019302584,2791.889161358393,151.76987294151502,55.729052466427675
2026-09-07 15:01:08.611451,-12416.222985426704,2793.1615309438757,151.81820372202742,55.68376625042911
2026-09-07 15:01:08.696210,-12418.082759712297,2794.1579725374004,151.83717377271387,55.73561013254816
2026-09-07 15:01:08.800540,-12420.374496784076,2795.384877460499,151.8138235044459,55.74746143849953
2026-09-07 15:01:08.900389,-12422.56779071885,2796.560230133242,151.70208666287164,55.77974333895866
2026-09-07 15:01:09.000324,-12424.761945289827,2797.741557570983,151.62380350646634,55.84785568978297
2026-09-07 15:01:09.100779,-12426.968583610891,2798.9334979644964,151.5900790092145,55.84258901552005
2026-09-07 15:01:09.199364,-12429.195272226527,2800.1381034703904,151.6006996219162,55.871587883730776
2026-09-07 15:01:09.300801,-12431.423942728568,2801.343105946113,151.71421352790185,55.831701693107455
2026-09-07 15:01:09.400363,-12433.612193269717,2802.5206573307883,151.83677076696182,55.79690265387159
2026-09-07 15:01:09.500649,-12435.817513129576,2803.7013178716625,151.92655146296568,55.78638702607542
2026-09-07 15:01:09.600891,-12438.02329616949,2804.87778304337,151.87046314724347,55.80478130077679
2026-09-07 15:01:09.820421,-12442.85302895879,2807.4598207184313,151.9932965698656,55.73956045225093
2026-09-07 15:01:09.919275,-12445.027792669911,2808.6164894904196,152.0043589077327,55.759427609692096
2026-09-07 15:01:10.026302,-12447.383441436452,2809.8687802894597,151.87261252231588,55.76503884204826
2026-09-07 15:01:10.118628,-12449.413238194415,2810.9538380078097,151.73829890549706,55.796501997610406
2026-09-07 15:01:10.211332,-12451.449934176659,2812.048730319574,151.6656800859505,55.76977032930332
2026-09-07 15:01:10.311416,-12410.457746851282,2913.403786710848,105.89780870974664,57.00366876143807
2026-09-07 15:01:10.427952,-12411.271208168117,2916.2598794236847,105.80652131379082,57.015888305550455
2026-09-07 15:01:10.526786,-12411.957390346506,2918.6837427923747,105.68486021653229,57.072023260616
2026-09-07 15:01:10.615727,-12412.350981858131,2920.627993018755,105.71658720367776,55.87986500075554
2026-09-07 15:01:10.728999,-12413.117460143467,2923.351799126824,105.75461459158987,55.89372184242519
2026-09-07 15:01:10.816086,-12413.70828847668,2925.446072722498,105.75461459158987,55.978950373429115
2026-09-07 15:01:10.916980,-12414.393832021162,2927.8760776210156,105.69816146289656,55.975423913268955
2026-09-07 15:01:11.016669,-12415.068779441435,2930.2775753518727,105.69816146289656,55.978908256112994
2026-09-07 15:01:11.116844,-12415.747059558324,2932.6909309891666,105.79905295198739,56.03230353219287
2026-09-07 15:01:11.217029,-12416.43030749817,2935.10563036136,105.8438980900383,56.03755605084333
2026-09-07 15:01:11.312893,-12417.085956525336,2937.4158873722736,105.86535356897286,56.08781581507024
2026-09-07 15:01:11.417309,-12417.801679413076,2939.934230814447,105.84198405290391,56.12704860184547
2026-09-07 15:01:11.516703,-12418.482476891566,2942.333406524485,105.7641246838366,56.13833920573438
2026-09-07 15:01:11.616625,-12419.163749719766,2944.7467403131386,105.74176097727218,56.11738428559301
2026-09-07 15:01:11.725511,-12419.904836250598,2947.3758820283865,105.71739102317815,56.18588864202644
2026-09-07 15:01:11.814276,-12420.50880240439,2949.522059191724,105.68759106301127,56.195971850813685
2026-09-07 15:01:11.923479,-12421.2505905464,2952.1632502364887,105.77313422135336,56.16734527027838
2026-09-07 15:01:12.015326,-12421.877480202047,2954.382602824573,105.75257779377154,56.21228874569445
2026-09-07 15:01:12.123428,-12422.614968652728,2956.9970893649684,105.77677227954081,56.24818349923999
2026-09-07 15:01:12.224124,-12423.303399886447,2959.43372371111,105.87818849501866,56.23146568595707
2026-09-07 15:01:12.314544,-12423.92526386411,2961.6199525679253,106.04008488200532,56.230675593068284
2026-09-07 15:01:12.424886,-12424.49686984915,2963.6946365501353,106.18893324097405,55.14453451209422
2026-09-07 15:01:12.522104,-12425.165055375017,2965.996205431857,106.3412428802277,55.11395272690721
2026-09-07 15:01:12.622866,-12425.863550309827,2968.378504745963,106.44272556776224,55.11131134204791
2026-09-07 15:01:12.724132,-12426.569744737433,2970.7713582414117,106.46539007716922,55.1590940838048
2026-09-07 15:01:12.813592,-12427.19498593124,2972.8868288192093,106.4854122663694,55.18254521513533
2026-09-07 15:01:12.932614,-12428.028175256994,2975.7022609211604,106.6319240651219,55.08374349646921
2026-09-07 15:01:13.014000,-12428.60179352601,2977.62251653553,106.75032243631108,55.02400660211971
2026-09-07 15:01:13.132469,-12429.441639782885,2980.412963230054,106.79009454785285,55.00847881273006
2026-09-07 15:01:13.222993,-12430.084677751995,2982.544139252678,106.86100568459608,54.99977779464443
2026-09-07 15:01:13.332093,-12430.862725671152,2985.1112765356866,107.04413955798111,54.97594481129842
2026-09-07 15:01:13.422878,-12431.51670098496,2987.244454407499,106.99334270892746,54.99815671487528
2026-09-07 15:01:13.532135,-12432.301781220174,2989.8134036886177,106.79771880323182,55.06212102560531
2026-09-07 15:01:13.630537,-12433.001770830942,2992.1322147899236,106.76468353392141,55.09823429986488
2026-09-07 15:01:13.861657,-12434.643795142476,2997.5830020298918,106.99745659065883,55.30422677257425
2026-09-07 15:01:13.959928,-12435.354030619044,2999.9064464809385,107.00845368743325,55.35832456898229
2026-09-07 15:01:14.060942,-12436.08526358912,3002.29694022142,107.08758206849211,55.422759012069044
2026-09-07 15:01:14.161157,-12436.814835443072,3004.670280747153,107.16608456030332,55.43501855889371
2026-09-07 15:01:14.268560,-12437.600394421115,3007.2133397069865,107.26223672603834,55.49226650335898
2026-09-07 15:01:14.360261,-12438.27544623636,3009.385723476896,107.3238079792859,55.51470251999059
2026-09-07 15:01:14.468790,-12439.077462998303,3011.9569393095167,107.5424184593366,55.590568913378206
2026-09-07 15:01:14.568224,-12439.822268120493,3014.313075593255,107.63143640527568,55.68266780972977
2026-09-07 15:01:14.658859,-12440.505630950629,3016.463214311713,107.72271966071611,55.692171468518694
2026-09-07 15:01:14.752691,-12441.216765148107,3018.688445394352,107.89072521019341,55.73726635656003
2026-09-07 15:01:14.869068,-12442.10757304215,3021.447966924558,107.98188805497222,55.80844977624842
2026-09-07 15:01:14.956523,-12442.781155240438,3023.523271751152,108.09932873615935,55.845894822762716
2026-09-07 15:01:15.068551,-12443.650029555907,3026.181701531305,108.11186532129074,55.90462908032356
2026-09-07 15:01:15.157699,-12444.342640153816,3028.299261224794,107.97219880150857,55.99732747560138
2026-09-07 15:01:15.253300,-12445.081070251112,3030.575673186925,108.00429372621892,55.97727872437107
2026-09-07 15:01:15.357953,-12445.8905246098,3033.066282445013,108.12140652335523,55.998311334358434
2026-09-07 15:01:15.457637,-12446.666684497288,3035.4379456345378,108.23295872032753,56.02966884710897
2026-09-07 15:01:15.558526,-12447.457341100591,3037.8380872586354,108.39101964726143,56.01291899146127
2026-09-07 15:01:15.658586,-12448.247828366071,3040.2156237639156,108.33503316583489,56.07062460784907
2026-09-07 15:01:15.754115,-12449.001076979144,3042.4885742778233,108.36710391888818,56.05476463342005
2026-09-07 15:01:15.867445,-12449.895942939325,3045.1838061987482,108.39246849190471,56.14091909876431
2026-09-07 15:01:15.957138,-12450.606202799636,3047.3198635401127,108.32220831131275,56.10956948519505
2026-09-07 15:01:16.057725,-12451.399348658164,3049.715000487147,108.36723339392114,56.08935403852082
2026-09-07 15:01:16.157610,-12452.188543493301,3052.0919453406073,108.4007665322219,56.05880609573326
2026-09-07 15:01:16.265608,-12453.042877858357,3054.660054478529,108.38868092754245,56.089004176441925
2026-09-07 15:01:16.351264,-12453.720407611363,3056.6981282618935,108.4366079518586,56.083764922124644
2026-09-07 15:01:16.465546,-12454.626555542021,3059.4163096810275,108.59007380203786,56.07278032413006
2026-09-07 15:01:16.563538,-12455.409625830216,3061.7444901389867,108.67780080244478,56.135287104843194
2026-09-07 15:01:16.663299,-12456.211353367531,3064.1161174729086,108.78943916689803,56.15446483152873
2026-09-07 15:01:16.764188,-12456.759729863039,3065.678733450189,108.9826236228455,55.44890842893985
2026-09-07 15:01:16.852477,-12457.471607248768,3067.748214137958,109.00238372861668,55.524512698831806
2026-09-07 15:01:16.953190,-12458.285582239254,3070.1118497050406,109.013654099402,55.5817148734834
2026-09-07 15:01:17.053466,-12459.097323654802,3072.467494168118,109.092204374998,55.58609594816352
2026-09-07 15:01:17.153260,-12459.908440387777,3074.8108906541243,109.05870178698592,55.71340841600756
2026-09-07 15:01:17.273770,-12460.888519660766,3077.647802236703,108.85641523261717,55.795543998114304
2026-09-07 15:01:17.362700,-12461.6054259219,3079.7469232882067,108.89622237068039,55.73881765301655
2026-09-07 15:01:17.472666,-12462.4928132543,3082.339327322313,108.82238735868896,55.68500801070266
2026-09-07 15:01:17.564186,-12463.22785653497,3084.495740498782,108.87359546162872,55.73299029416723
2026-09-07 15:01:17.652493,-12463.939566674795,3086.5776059353984,108.95265199915156,55.68669252858697
2026-09-07 15:01:17.753201,-12464.753820859314,3088.948735335986,108.97519162166407,55.66293280490452
2026-09-07 15:01:17.874700,-12465.73688212844,3091.807773427513,108.98878806681068,55.58012315350308
2026-09-07 15:01:17.971468,-12466.519216982724,3094.081283973556,109.07541928543446,55.55560185786958
2026-09-07 15:01:18.072139,-12467.336320812663,3096.4442170801253,109.04162227321154,55.58902918330467
2026-09-07 15:01:18.172000,-12468.145954324982,3098.7900263031634,108.8739968678027,55.63265861593374
2026-09-07 15:01:18.271854,-12468.949295188202,3101.139872405805,108.88517111148923,55.50177949298054
2026-09-07 15:01:18.371952,-12469.753162852114,3103.4897621242985,108.90757420890213,55.40119364286086
2026-09-07 15:01:18.472242,-12470.55803164524,3105.8395778106874,108.87390510503081,55.35211875582614
2026-09-07 15:01:18.572177,-12471.357966110198,3108.179472127192,108.80680525668345,55.34775257949125
2026-09-07 15:01:18.662246,-12472.076400790718,3110.2890387832904,108.8370429924156,55.30053102912663
2026-09-07 15:01:18.774036,-12473.114158171109,3113.3403675305885,108.99942476800908,55.721970940805846
2026-09-07 15:01:18.871527,-12473.904776054349,3115.6365634758026,109.20671116248116,55.65722809760389
2026-09-07 15:01:18.971624,-12474.724098588775,3117.9884502669147,109.24031547288303,55.69046482907647
2026-09-07 15:01:19.072659,-12475.552985790098,3120.3633082726624,109.38729873085248,55.70900461823124
2026-09-07 15:01:19.168158,-12476.342474524921,3122.60677030133,109.51554145697094,55.542944420528016
2026-09-07 15:01:19.273083,-12477.212800684447,3125.062378522604,109.71515066461154,55.4879341376115
2026-09-07 15:01:19.373133,-12478.050012366059,3127.398673281031,109.56960036065902,55.474820535500946
2026-09-07 15:01:19.472647,-12478.876637581621,3129.724009976603,109.41369362074789,55.431342707733855
2026-09-07 15:01:19.573161,-12479.704525953919,3132.0731342792174,109.51492653449355,55.35493107860112
2026-09-07 15:01:19.658519,-12480.41013079967,3134.0640523987954,109.59134298992603,55.37879862960327
2026-09-07 15:01:19.775650,-12481.38244643715,3136.7959380403813,109.64377355203652,55.36139922357975
2026-09-07 15:01:19.872785,-12482.190592175746,3139.0599998863568,109.54594380616345,55.379223367881714
2026-09-07 15:01:19.973533,-12483.025055216938,3141.410459277467,109.4219266437841,55.358975564273535
2026-09-07 15:01:20.072137,-12483.836482188633,3143.7118196073757,109.4439953666087,55.32451136643889
2026-09-07 15:01:20.174458,-12484.678891901272,3146.098121532062,109.39819410523711,55.350439808594516
2026-09-07 15:01:20.274333,-12485.499685937375,3148.429127029861,109.42054729265453,55.3425854097292
2026-09-07 15:01:20.374500,-12486.323674755518,3150.7662945481343,109.45417510327849,55.25243337320842
2026-09-07 15:01:20.469577,-12487.10581817377,3152.980626165005,109.3796974161665,55.25824887454778
2026-09-07 15:01:20.564511,-12487.883992413546,3155.1928734471985,109.36907374911124,55.22506741986812
2026-09-07 15:01:20.664969,-12488.706518615749,3157.5325933623308,109.35783191430983,55.189955209551364
2026-09-07 15:01:20.770526,-12489.569762627905,3159.989677998758,109.31058214401241,55.17335272081993
2026-09-07 15:01:20.871025,-12490.389466253873,3162.328998965762,109.22061076049232,55.13471352606107
2026-09-07 15:01:20.972384,-12491.211902073373,3164.68798027753,109.1979254366031,55.13559920428617
2026-09-07 15:01:21.072199,-12492.020902901095,3167.011385075199,109.33196398891795,55.136471390989264
2026-09-07 15:01:21.172706,-12492.840996217836,3169.3490225027203,109.4894264435298,55.22078179945383
2026-09-07 15:01:21.256733,-12493.533044919206,3171.3044545039033,109.45181400239579,55.25675910119138
2026-09-07 15:01:21.363047,-12494.407595056487,3173.780724357683,109.16628227568549,55.312497611727345
2026-09-07 15:01:21.468388,-12495.262764767678,3176.2410983010755,109.13091746293338,55.2379392930506
2026-09-07 15:01:21.571868,-12496.100204376422,3178.655265697274,109.15407749130844,55.18097396276696
2026-09-07 15:01:21.670418,-12496.897852493808,3180.95172390728,109.26436067628919,55.13016711033206
2026-09-07 15:01:21.772027,-12498.056478076594,3184.2712698448713,109.37796552311892,56.21930965501806
2026-09-07 15:01:21.871161,-12498.883141588583,3186.6215927229596,109.3557781801257,56.240965557593896
2026-09-07 15:01:21.963177,-12499.649899562239,3188.8042956117215,109.3145896766282,56.19754746301622
2026-09-07 15:01:22.072008,-12500.554220119793,3191.384523320223,109.29023203217434,56.209910057456874
2026-09-07 15:01:22.171258,-12501.37810908061,3193.7384672964895,109.2791253796027,56.18909606430191
2026-09-07 15:01:22.271745,-12502.211495842941,3196.1210286853234,109.23414505932203,56.20051082689306
2026-09-07 15:01:22.372387,-12503.04446369356,3198.5084045693548,109.25666991026634,56.201390239948935
2026-09-07 15:01:22.469176,-12503.846457134832,3200.804102455362,109.46246370491974,56.24875198330523
2026-09-07 15:01:22.572066,-12504.708489162034,3203.2434834917885,109.4394357254115,56.233468028709446
2026-09-07 15:01:22.671748,-12505.542467362633,3205.6065004544375,109.35019575832672,56.225628807806395
2026-09-07 15:01:22.772148,-12506.378628047813,3207.9875114493743,109.3389604140628,56.252825059819635
2026-09-07 15:01:22.871553,-12507.206440008467,3210.3462284234615,109.30558842014193,56.23632158173323
2026-09-07 15:01:22.964509,-12507.979035259752,3212.5517245121678,109.31599073748657,56.31511007800873
2026-09-07 15:01:23.072670,-12508.879731504267,3215.1214099370513,109.26757535617469,56.33495747875866
2026-09-07 15:01:23.173218,-12509.715307025866,3217.511774785149,109.24507154352438,56.30859972833364
2026-09-07 15:01:23.280581,-12510.606097134218,3220.0633110247068,109.07686792074685,56.355506796912515
2026-09-07 15:01:23.368984,-12511.334011217643,3222.1681494010795,109.04718949029979,56.41112451288871
2026-09-07 15:01:23.468477,-12512.1528209681,3224.5397983533603,108.9469848791282,56.4858905957616
2026-09-07 15:01:23.569964,-12512.984910177222,3226.9636442481506,108.9469848791282,56.46638106851013
2026-09-07 15:01:23.669693,-12513.802303176217,3229.3446806121915,109.04742717826008,56.45330954002554
2026-09-07 15:01:23.770730,-12514.634451591446,3231.754932048257,109.0813470630726,56.44006657134545
2026-09-07 15:01:23.869566,-12515.44967679602,3234.1116430307884,109.03710576882298,56.42106666361907
2026-09-07 15:01:23.965210,-12516.405022308589,3236.8762727270755,109.1227154430058,56.99977500989106
2026-09-07 15:01:24.070373,-12517.282864503903,3239.4080830199155,109.20509390477639,56.94831561867328
2026-09-07 15:01:24.169803,-12518.11553925797,3241.7985148949674,109.260727882872,56.93875857050645
2026-09-07 15:01:24.269782,-12518.955004221145,3244.2009281125725,109.21597495521615,56.93788495076605
2026-09-07 15:01:24.370622,-12519.799792624644,3246.624653866308,109.10312912697208,56.904401509686956
2026-09-07 15:01:24.467667,-12520.607717442706,3248.9573895042454,109.07054942625223,56.86200239201851
2026-09-07 15:01:24.569782,-12521.455823054255,3251.4106498633805,109.1162584772286,56.894124622411766
2026-09-07 15:01:24.669560,-12522.286900267341,3253.8084569188295,109.17208717144985,56.86622499374319
2026-09-07 15:01:24.770057,-12523.125907436555,3256.221541882219,109.27330296360515,56.82758656793118
2026-09-07 15:01:24.869285,-12523.957962234672,3258.601071189215,109.25109458231793,56.849263004883134
2026-09-07 15:01:24.963643,-12524.748605056742,3260.864985578245,109.24053537301455,56.836895455978116
2026-09-07 15:01:25.076465,-12525.693256653283,3263.5714886212054,109.30366256477458,56.83788129826851
2026-09-07 15:01:25.169203,-12526.472210334305,3265.7953754290193,109.32441840852647,56.85327790357788
2026-09-07 15:01:25.277443,-12527.382559968373,3268.3913786490575,109.22751692142492,56.863681754463705
2026-09-07 15:01:25.368653,-12528.14611813751,3270.580633083074,109.14586148315323,56.85013282357944
2026-09-07 15:01:25.476959,-12529.048873376374,3273.1809015098115,109.17010162649677,56.82647329017639
2026-09-07 15:01:25.563982,-12529.77481156226,3275.269019833594,107.91385059123667,56.84548353499509
2026-09-07 15:01:25.677758,-12530.664136533196,3278.020148908256,107.81199301920725,56.82858250264899
2026-09-07 15:01:25.775834,-12531.426299349852,3280.3923020782795,107.80101774406756,56.84829330173855
2026-09-07 15:01:25.876236,-12532.206343123482,3282.821705700375,107.74483990368986,56.843906722098026
2026-09-07 15:01:25.977572,-12532.99117823159,3285.274290597885,107.7108196393574,56.77218306481904
2026-09-07 15:01:26.076552,-12533.755378405844,3287.6672859359037,107.73297251535826,56.67618022530803
2026-09-07 15:01:26.176636,-12534.52772951041,3290.082582012624,107.6881725872584,56.70941264019261
2026-09-07 15:01:26.278099,-12535.309265592092,3292.5332046414383,107.49514948471051,56.70675287925119
2026-09-07 15:01:26.379196,-12536.079715861824,3294.9774822232625,107.44989611423051,56.6643502139416
2026-09-07 15:01:26.474799,-12536.805927611415,3297.287774261446,107.4926902424242,56.64095951484308
2026-09-07 15:01:26.578860,-12537.5979382546,3299.8008290022326,107.50433527389276,56.62459232384787
2026-09-07 15:01:26.678934,-12538.359874692636,3302.216745230091,107.50433527389276,56.616722275166545
2026-09-07 15:01:26.778741,-12539.119672648438,3304.6258808478087,107.44849035332771,56.55305774885179
2026-09-07 15:01:26.878791,-12539.878112461724,3307.0389067389287,107.39250946719216,56.4769988566106
2026-09-07 15:01:26.979617,-12540.639033776706,3309.468122492502,107.3699434349063,56.41797045940341
2026-09-07 15:01:27.079434,-12541.390606711777,3311.8708109046174,107.47047436344707,56.335111062383575
2026-09-07 15:01:27.179775,-12542.149245992097,3314.2812378102767,107.66136297439641,56.30003974605841
2026-09-07 15:01:27.278326,-12542.901766258517,3316.644696866145,107.81576100005088,56.31295687351065
2026-09-07 15:01:27.379478,-12543.680860290022,3319.068999247665,107.83839999493108,56.308537526248664
2026-09-07 15:01:27.464271,-12544.334705470455,3321.1008090279142,107.80044467436659,56.27593687110595
2026-09-07 15:01:27.571594,-12545.160099244818,3323.671541079411,107.74039433310992,56.274999079255664
2026-09-07 15:01:27.671267,-12545.924143399403,3326.0597932561013,107.79616427677604,56.275870025158156
2026-09-07 15:01:27.779066,-12546.753004077753,3328.6419859048783,107.88060762472543,56.30130270630805
2026-09-07 15:01:27.879984,-12547.532871310616,3331.0592983733395,107.97095411655204,56.32511197463415
2026-09-07 15:01:27.979263,-12548.304147681316,3333.437143920963,107.97095411655204,56.346799552577394
2026-09-07 15:01:28.078867,-12549.078246850984,3335.823692159623,107.94866158208868,56.35115126746868
2026-09-07 15:01:28.172454,-12550.252723933841,3339.4342194427823,107.83345468637725,57.55660897329469
2026-09-07 15:01:28.278866,-12551.09123728576,3342.04065303008,107.78582219817764,57.549170321272506
2026-09-07 15:01:28.380103,-12551.836280244355,3344.366176511109,107.75183565670852,57.35123298426627
2026-09-07 15:01:28.479563,-12552.61375739265,3346.7947464540434,107.71844519832746,57.311255087993004
2026-09-07 15:01:28.580133,-12553.448836750404,3349.4051131348715,107.72969911788522,57.51568856605501
2026-09-07 15:01:28.679151,-12554.224141454684,3351.8301232585345,107.77402187957131,57.44387509927911
2026-09-07 15:01:28.772133,-12554.93790429116,3354.057454253098,107.80523767979378,57.32950183850316
2026-09-07 15:01:28.872126,-12555.721526171521,3356.4973842956256,107.74928868681673,57.31901693362888
2026-09-07 15:01:28.973090,-12556.510207195264,3358.961328466096,107.74928868681673,57.25814329116959
2026-09-07 15:01:29.072873,-12557.288835035484,3361.3938651572544,107.79395388031003,57.204956958920235
2026-09-07 15:01:29.187986,-12558.18843705717,3364.1968135621787,107.79395388031003,57.14561115268645
2026-09-07 15:01:29.287655,-12558.966536975697,3366.621189978563,107.7716467980901,57.172609392147685
2026-09-07 15:01:29.376465,-12559.696302006329,3368.896912970512,107.73189320449421,57.503439689469474
2026-09-07 15:01:29.488765,-12560.57552196969,3371.646587843429,107.74446022800845,57.56722295690639
2026-09-07 15:01:29.572907,-12561.235470192001,3373.7089522519777,107.71621228965034,57.57163437003497
2026-09-07 15:01:29.689274,-12562.146831236452,3376.561836490053,107.75527872309522,57.57773528172631
2026-09-07 15:01:29.776650,-12562.8326741719,3378.703729550106,107.8237239032029,57.56857334990813
2026-09-07 15:01:29.877574,-12563.627688147773,3381.176390113863,107.9140757665088,57.51654259622837
2026-09-07 15:01:29.977666,-12564.419298162407,3383.6252048381866,107.80206699379346,57.61974623851989
2026-09-07 15:01:30.073542,-12565.174329881333,3385.9765618503843,107.85571240547893,57.54267161991753
2026-09-07 15:01:30.177784,-12565.969453913629,3388.444839809053,107.80905131026202,57.37417956728769
2026-09-07 15:01:30.277986,-12566.755488510193,3390.8917227969237,107.71934581496879,57.417082415047396
2026-09-07 15:01:30.377676,-12567.53427628435,3393.3291456635393,107.73050170610094,57.41882460394548
2026-09-07 15:01:30.477362,-12568.313531003658,3395.766393004893,107.69703537557439,57.434503674889925
2026-09-07 15:01:30.587666,-12569.1744472665,3398.4644821540246,107.68469171607552,57.45185279353702
2026-09-07 15:01:30.676376,-12569.866565135262,3400.635176239356,107.72440037701779,57.465805508898065
2026-09-07 15:01:30.777202,-12570.677025143868,3403.1706852231246,107.76953242097676,57.636611845561326
2026-09-07 15:01:30.884037,-12571.51711781885,3405.792055876435,107.76953242097676,57.627276568656576
2026-09-07 15:01:30.976796,-12572.24640630023,3408.0676803162364,107.69687051768966,57.60458169655342
2026-09-07 15:01:31.084443,-12573.089065215037,3410.7085776507415,107.72096316916327,57.61492854925395
2026-09-07 15:01:31.176170,-12573.808177971736,3412.9590126054263,107.75175752444096,57.64939362962987
2026-09-07 15:01:31.285157,-12574.664553031746,3415.63404492269,107.66638356769772,57.66367860867257
2026-09-07 15:01:31.383176,-12575.43135033904,3418.0416144591813,107.85285480833363,57.65254419711264
2026-09-07 15:01:31.483869,-12576.226957642519,3420.5118097043023,108.078217461713,57.707095436235534
2026-09-07 15:01:31.584607,-12577.03339707158,3422.9822943815184,108.08949063014381,57.794240375027364
2026-09-07 15:01:31.684897,-12577.83794715915,3425.4453482683334,107.95481421465865,57.855583983820765
2026-09-07 15:01:31.784163,-12578.6293890284,3427.8877081076516,107.87705511320547,57.890279564753115
2026-09-07 15:01:31.884369,-12579.425455793498,3430.3557570804296,107.87705511320547,57.93581093498844
2026-09-07 15:01:31.981692,-12580.199227236666,3432.754683777538,107.89883713332085,57.928157231251085
2026-09-07 15:01:32.072018,-12580.918120069364,3434.9805732850377,107.7876490778848,57.93683921790216
2026-09-07 15:01:32.194755,-12581.889241996189,3438.0075055681614,107.73270913968099,57.940056657546826
2026-09-07 15:01:32.283548,-12582.589730395053,3440.198107329235,107.67309041916957,57.909021613143636
2026-09-07 15:01:32.393613,-12583.454744157449,3442.912955199455,107.63613967714554,57.89171008551188
2026-09-07 15:01:32.491243,-12584.22024769326,3445.3208573907173,107.70169186801115,57.906212685251276
2026-09-07 15:01:32.579688,-12584.91640249817,3447.5019763094074,107.76107692917174,57.939444602068
2026-09-07 15:01:32.692935,-12585.811182350759,3450.2954076693536,107.58365495261853,57.98991195573043
2026-09-07 15:01:32.791664,-12586.58438148734,3452.7352549079296,107.41792970802248,57.98904925853051
2026-09-07 15:01:32.891254,-12587.35719013848,3455.198588667803,107.42907440857266,57.981217272718276
2026-09-07 15:01:32.991939,-12588.138874694821,3457.6885186240597,107.47414335826238,57.96978001843175
2026-09-07 15:01:33.071160,-12588.755339192885,3459.6467752526455,107.53620039467177,57.95316636249492
2026-09-07 15:01:33.195005,-12589.72208688802,3462.7061658057105,107.60549527566593,57.97805607978811
2026-09-07 15:01:33.291791,-12590.480825884006,3465.0972184727025,107.51884794260422,58.038947862402644
2026-09-07 15:01:33.391406,-12591.32605130126,3467.772649107206,107.46311044601856,58.303819479295946
2026-09-07 15:01:33.491710,-12592.11059224871,3470.266492681883,107.41821204079758,58.24772606483639
2026-09-07 15:01:33.711825,-12593.82630939031,3475.7352604489715,107.66453353508513,58.193871648844535
2026-09-07 15:01:33.798961,-12594.514167413452,3477.8952197352305,107.69378661151279,58.20300841512943
2026-09-07 15:01:33.908445,-12595.379963631662,3480.6091338958927,107.70603850823971,58.185788269840415
2026-09-07 15:01:34.000287,-12596.059117505893,3482.7359590173673,107.71631616516481,57.98968740872165
2026-09-07 15:01:34.092702,-12596.788151474926,3485.0180803827784,107.5611895207204,58.017950792940624
2026-09-07 15:01:34.208989,-12597.698169554196,3487.893577439362,107.54817632870436,58.07180513029019
2026-09-07 15:01:34.296939,-12598.386577438481,3490.070543955885,107.4792815110145,58.07949022977793
2026-09-07 15:01:34.397943,-12599.174259881258,3492.571907059402,107.43406976949927,58.00711897944239
2026-09-07 15:01:34.498252,-12599.953589563122,3495.0535787986832,107.53509621700823,58.021143032099864
2026-09-07 15:01:34.593750,-12600.699886343222,3497.415484071683,107.69539794606897,58.017805173630826
2026-09-07 15:01:34.698447,-12601.525265336106,3500.0024556308217,107.7539789639174,58.02695363140307
2026-09-07 15:01:34.797660,-12602.31004097949,3502.4535077907667,107.67626137952317,58.028687484218246
2026-09-07 15:01:34.897964,-12603.100108084498,3504.932661043085,107.6874859808284,58.028687484218246
2026-09-07 15:01:34.998184,-12603.889998804267,3507.409583421253,107.64262517596273,58.016427325731314
2026-09-07 15:01:35.096249,-12604.660843960626,3509.8333375204925,107.66457326431413,58.014713535438496
2026-09-07 15:01:35.197770,-12605.459792708527,3512.342129408722,107.57368693881489,58.025358660874694
2026-09-07 15:01:35.297474,-12606.240675939973,3514.8077133937436,107.50674219193314,57.993123639959336
2026-09-07 15:01:35.398178,-12607.026044410615,3517.2975622934305,107.5180115555662,58.01512251030651
2026-09-07 15:01:35.497610,-12607.802270691693,3519.756741651985,107.50688453613543,58.04900727173726
2026-09-07 15:01:35.591730,-12608.537005094586,3522.0860455023326,107.49635196041714,58.035848493999254
2026-09-07 15:01:35.709438,-12609.455132176265,3524.9986191945686,107.5358685909734,58.023506058199324
2026-09-07 15:01:35.796790,-12610.137826606595,3527.159132223416,107.5554189852391,58.01434664293447
2026-09-07 15:01:35.904880,-12610.983376338849,3529.8318563738567,107.48284358515042,58.045514942331614
2026-09-07 15:01:35.996636,-12611.698660600292,3532.102819110847,107.41096737262103,58.02386723603016
2026-09-07 15:01:36.103968,-12612.531723694296,3534.759344577593,107.41096737262103,58.002296214700976
2026-09-07 15:01:36.204606,-12613.312540561712,3537.249263898335,107.4672772618656,58.07000832868966
2026-09-07 15:01:36.305505,-12614.098752241141,3539.7477835134996,107.48985963240108,58.050611836625194
2026-09-07 15:01:36.404461,-12614.870531795885,3542.197066955851,107.61167090726917,58.05925864395787
2026-09-07 15:01:36.504747,-12615.658077012597,3544.6779705558606,107.6453386682706,58.08992922503003
2026-09-07 15:01:36.592742,-12616.35074583941,3546.8555592032844,107.63549151569589,58.104538385074434
2026-09-07 15:01:36.693617,-12617.144572502644,3549.3526500283233,107.62420301616777,58.08338360865621
2026-09-07 15:01:36.806434,-12618.031502379088,3552.144514826242,107.71257716792815,58.05282385204887
2026-09-07 15:01:36.905092,-12618.810473682377,3554.583505901114,107.70153676360161,58.07351369523963
2026-09-07 15:01:37.006095,-12619.607763230819,3557.0815128924473,107.66762829318264,58.089399909979925
2026-09-07 15:01:37.107628,-12620.4079690365,3559.593788785606,107.56536909116755,58.116015869262085
2026-09-07 15:01:37.191962,-12621.069202911272,3561.6826418006654,107.54649416042747,58.082854774197884
2026-09-07 15:01:37.292314,-12621.854761042523,3564.167082284448,107.72617372498047,57.91712463819216
2026-09-07 15:01:37.408632,-12622.771703904642,3567.0357189418332,107.84332367484893,57.93846883767655
2026-09-07 15:01:37.507061,-12623.552876000182,3569.4624791913934,107.7001315622278,57.947929671368726
2026-09-07 15:01:37.606813,-12624.33852734335,3571.9242306749497,107.644317415763,57.89998967998093
2026-09-07 15:01:37.708608,-12624.958720100054,3573.872900962344,107.6671003223409,57.3373024248439
2026-09-07 15:01:37.803566,-12625.697395847943,3576.1920748514267,107.67772667513583,57.31738851892944
2026-09-07 15:01:37.892811,-12626.39179330073,3578.3708334953444,107.76760998877609,57.37509562078274
2026-09-07 15:01:37.998043,-12627.215440025922,3580.9411840151906,107.82649035469137,57.44681822949784
2026-09-07 15:01:38.098629,-12628.00623440315,3583.400313264423,107.80397803719876,57.39935634829035
2026-09-07 15:01:38.192188,-12628.740277656085,3585.6860450524764,107.83538742685965,57.45004268578252
2026-09-07 15:01:38.307727,-12629.649120250746,3588.510763105103,107.84831691332289,57.465186438648594
2026-09-07 15:01:38.407477,-12630.4345220992,3590.9499345394624,107.8706421242855,57.43555140179507
2026-09-07 15:01:38.507456,-12631.22227311095,3593.393138136495,107.85945389237162,57.46175999400718
2026-09-07 15:01:38.607015,-12632.006597508982,3595.8273415079498,107.87059512384144,57.49307818561196
2026-09-07 15:01:38.701447,-12632.751386126167,3598.1373040624626,107.88116261417537,57.49885423473508
2026-09-07 15:01:38.806858,-12633.583325650949,3600.715936729895,107.75140546660356,57.554119318676115
2026-09-07 15:01:38.907397,-12634.371999076322,3603.179543674225,107.65014737404846,57.54094162309797
2026-09-07 15:01:39.007388,-12635.151863749521,3605.6305435047348,107.62776822448092,57.50774008841987
2026-09-07 15:01:39.107731,-12635.933062010792,3608.0890577238165,107.62776822448092,57.587528923381505
2026-09-07 15:01:39.301638,-12637.444776641385,3612.84658484434,107.56267025933619,57.562113438679354
2026-09-07 15:01:39.408002,-12638.082421029103,3614.8656679562305,107.46744825511371,56.80496075060273
2026-09-07 15:01:39.508986,-12638.852160386576,3617.3118143155048,107.34314058522727,56.769664692084476
2026-09-07 15:01:39.616421,-12639.664918397866,3619.9143763908737,107.23493716989935,56.7912564138124
2026-09-07 15:01:39.708289,-12640.35596898584,3622.141990705566,107.15269265939457,56.74469717135088
2026-09-07 15:01:39.807782,-12641.100301943246,3624.5535890220626,107.09702343096586,56.73252594855762
2026-09-07 15:01:39.915818,-12641.905829774065,3627.172482256159,106.9519451457594,56.74102214716401
2026-09-07 15:01:40.015849,-12642.645639937407,3629.5995710259604,106.98552729880907,56.69644436714153
2026-09-07 15:01:40.117444,-12643.397870378107,3632.062230605509,107.21290873316963,56.62542513508176
2026-09-07 15:01:40.305955,-12644.809997094964,3636.620439218507,107.69810472518373,56.564478171792686
2026-09-07 15:01:40.406107,-12645.579881620833,3639.0330817866093,107.78776545814924,56.624862239773186
2026-09-07 15:01:40.505835,-12646.351087755504,3641.4368710337467,107.96632775500183,56.616147974830454
2026-09-07 15:01:40.605466,-12647.032981647644,3643.531779219876,107.9328798890167,56.15454904003653
2026-09-07 15:01:40.702740,-12647.78484952722,3645.8550477302792,107.92199436234415,56.14774917313424
2026-09-07 15:01:40.805999,-12648.58241260038,3648.321113455636,108.00288134335432,56.127899002428045
2026-09-07 15:01:40.906001,-12649.357915510169,3650.707457652291,108.02526295484995,56.132268106003785
2026-09-07 15:01:41.005234,-12650.128439853532,3653.075334746837,108.06968195554072,56.194699390117066
2026-09-07 15:01:41.105324,-12650.908336416005,3655.465713832071,108.15928718321982,56.166712520933096
2026-09-07 15:01:41.205731,-12651.694060725507,3657.8612434757806,108.24917620405688,56.20531634413684
2026-09-07 15:01:41.299730,-12652.433665388908,3660.104273628608,108.25969523917104,56.24145646163192
2026-09-07 15:01:41.412145,-12653.319232684205,3662.788313770507,108.23453545380397,56.20412959700571
2026-09-07 15:01:41.504975,-12654.049057934284,3665.0035887143904,108.07871219563401,56.21548571866149
2026-09-07 15:01:41.612331,-12654.886284481043,3667.568313032177,108.13878100135094,56.228618841536395
2026-09-07 15:01:41.704201,-12655.605210413058,3669.762838556595,108.17990415184988,56.17884753332013
2026-09-07 15:01:41.811229,-12656.44384658558,3672.3165833869657,108.13199592771144,56.22373781159501
2026-09-07 15:01:41.911202,-12657.225831606822,3674.704552957976,108.15437104866947,56.232473484717104
2026-09-07 15:01:42.011586,-12658.012089921822,3677.1024054204668,108.14313749489861,56.282471527397846
2026-09-07 15:01:42.112865,-12658.681375797702,3679.140260221266,108.17713862336888,55.59960147968458
2026-09-07 15:01:42.211907,-12659.449321647002,3681.47912561761,108.23255550417491,55.57969653899136
2026-09-07 15:01:42.300726,-12660.139782088758,3683.5751583134966,108.23255550417491,55.55330902682801
2026-09-07 15:01:42.421481,-12661.078060678361,3686.4234932545314,108.36768737634486,55.55647451013208
2026-09-07 15:01:42.510248,-12661.772765170583,3688.5157909282366,108.51669053435381,55.49674954319679
2026-09-07 15:01:42.620662,-12662.642711464276,3691.113271501119,108.60318231832667,55.499643946522
2026-09-07 15:01:42.712084,-12663.366304287354,3693.2629890904673,108.56225970305604,55.54118406317823
2026-09-07 15:01:42.800912,-12664.068399041202,3695.3537761271987,108.54237896281154,55.51324151329455
2026-09-07 15:01:42.921827,-12664.943003224493,3697.956093053139,108.40706804134174,55.01901641932277
2026-09-07 15:01:43.011565,-12665.639952354171,3700.0503368347872,108.32673040599883,55.022937087076215
2026-09-07 15:01:43.121594,-12666.490950667247,3702.6194967701554,108.26516597900621,55.027744271905874
2026-09-07 15:01:43.219147,-12667.243073456519,3704.898352538757,108.24333248221387,55.03712090591793
2026-09-07 15:01:43.298765,-12667.856315079873,3706.758794198434,108.18987417705824,55.07190613906261
2026-09-07 15:01:43.407254,-12668.69009076516,3709.2962486475085,108.18987417705824,55.1041374725283
2026-09-07 15:01:43.521920,-12669.571854601558,3711.979746870334,108.21553776242405,55.03800842786787
2026-09-07 15:01:43.619420,-12670.321735514599,3714.25843976976,108.20462694503635,55.07549458682456
2026-09-07 15:01:43.719203,-12671.08925346978,3716.5922236895058,108.05946506618278,55.11385849861097
2026-09-07 15:01:43.819846,-12671.857955312362,3718.94971656328,107.94683969240276,55.171020915215195
2026-09-07 15:01:44.042620,-12673.550975605094,3724.1767942220054,107.89698027839796,55.10288969024092
2026-09-07 15:01:44.139412,-12674.283685267761,3726.445715847336,108.01612774714198,55.13672055548788
2026-09-07 15:01:44.238432,-12675.038549168541,3728.766724845491,108.02720866137514,55.12547243591245
2026-09-07 15:01:44.339494,-12675.80928080297,3731.13496564136,108.00458980954244,55.09986302805744
2026-09-07 15:01:44.438813,-12676.565449446804,3733.4615792385134,108.00458980954244,55.07643100680376
2026-09-07 15:01:44.540259,-12677.337483620264,3735.8370086087853,107.98188501404053,55.06668018403062
2026-09-07 15:01:44.640518,-12678.099419087917,3738.184530029933,108.0492024073007,55.01061193510436
2026-09-07 15:01:44.739854,-12678.856300838486,3740.5071839236994,108.13813261907745,55.058352000311054
2026-09-07 15:01:44.837312,-12679.603056832386,3742.786748065862,108.12722650173407,55.047281315221355
2026-09-07 15:01:44.941019,-12680.268065890501,3744.81729171326,108.02277775046076,54.34128250413866
2026-09-07 15:01:45.040971,-12681.019310089201,3747.126259885341,108.0339629609175,54.314207605919265
2026-09-07 15:01:45.141222,-12681.772878031248,3749.440834263845,108.02274429062072,54.36501540206167
2026-09-07 15:01:45.241191,-12682.524576806194,3751.7512041734344,107.9444345006305,54.41480674658621
2026-09-07 15:01:45.326504,-12683.163962116758,3753.725542784201,107.85851131012583,54.45580747324099
2026-09-07 15:01:45.442426,-12684.02937661825,3756.4115661083456,107.8325666173418,54.51557035449881
2026-09-07 15:01:45.542495,-12684.776209400532,3758.7331433846007,107.84376492077945,54.48146851412938
2026-09-07 15:01:45.641507,-12685.515140020154,3761.028617224159,107.88808499672592,54.4572437523631
2026-09-07 15:01:45.741540,-12686.263151366502,3763.3461526113515,107.87689072189772,54.48084422540522
2026-09-07 15:01:45.839017,-12686.991924308772,3765.60559246568,107.85507423478998,54.486806525688756
2026-09-07 15:01:45.941588,-12687.75796030224,3767.983659262939,107.84359594299224,54.45991846407794
2026-09-07 15:01:46.041686,-12688.504693454444,3770.30339497574,107.86599904040509,54.45117186841536
2026-09-07 15:01:46.141245,-12689.248188320347,3772.609978460813,107.77686918864663,54.45117186841536
2026-09-07 15:01:46.241463,-12689.992991722907,3774.9329910951205,107.81051412086089,54.435409122072755
2026-09-07 15:01:46.342181,-12690.742664744621,3777.2664778798658,107.76543039960313,54.47853290224343
2026-09-07 15:01:46.441843,-12691.483246776026,3779.577911367516,107.68736109521865,54.42018596670634
2026-09-07 15:01:46.540880,-12692.21526921674,3781.8733889223604,107.60978137879397,54.427109074817466
2026-09-07 15:01:46.641742,-12692.957709323959,3784.212471115775,107.62106842354643,54.36629693063015
2026-09-07 15:01:46.742488,-12693.69892670817,3786.546106708864,107.62106842354643,54.3354856672365
2026-09-07 15:01:46.840285,-12694.418039671358,3788.8101491370326,107.7086208508752,54.345740307481215
2026-09-07 15:01:46.949751,-12695.077775420941,3790.8804752776127,107.61062179149832,53.645446066503574
2026-09-07 15:01:47.041636,-12695.744453432862,3792.980759638868,107.59005685907431,53.58924347906733
2026-09-07 15:01:47.150116,-12696.529823905968,3795.4580526057666,107.71145229191762,53.515307142274196
2026-09-07 15:01:47.241618,-12697.195783244766,3797.5433398477717,107.7012126856344,53.53769447058934
2026-09-07 15:01:47.334260,-12697.869944182168,3799.655610883235,107.52497064404054,53.51421871548353
2026-09-07 15:01:47.435355,-12698.598204925062,3801.9618536883936,107.42315257476537,53.416164491798284
2026-09-07 15:01:47.534719,-12699.30866256696,3804.225720552877,107.4342719846004,53.377961674377026
2026-09-07 15:01:47.635517,-12700.029303292587,3806.5204767819523,107.49067139850041,53.38060400294382
2026-09-07 15:01:47.734895,-12700.742053904003,3808.782316937784,107.43506651591787,53.37105195293152
2026-09-07 15:01:47.850911,-12701.571422771316,3811.4231710859335,107.31822072606639,53.35990068570711
2026-09-07 15:01:47.938368,-12702.192439670338,3813.4147958218314,107.18120346465179,53.391997173856936
2026-09-07 15:01:48.039732,-12702.907115192702,3815.72622350068,107.04508480696666,53.3928828957722
2026-09-07 15:01:48.140159,-12703.609753438572,3818.0179982697264,107.05632317268771,53.338475764279494
2026-09-07 15:01:48.235363,-12704.275595875564,3820.188238170294,106.98174600130221,53.339307659915235
2026-09-07 15:01:48.340249,-12705.006051435614,3822.580175932747,106.87610981737635,53.372301561467665
2026-09-07 15:01:48.439586,-12705.694109672675,3824.8482418091053,106.83164426386463,53.325429025592804
2026-09-07 15:01:48.539822,-12706.313032394815,3826.9031623442906,106.82042727215526,52.95394136888201
2026-09-07 15:01:48.639746,-12706.997531082596,3829.1674135709673,106.80924519506141,52.970531012705834
2026-09-07 15:01:48.750129,-12707.753424506283,3831.6695941253374,106.7721876948857,52.95895664995306
2026-09-07 15:01:48.838894,-12708.35984563399,3833.6816871663846,106.6728544943295,52.9434440210496
2026-09-07 15:01:48.946702,-12709.09191164067,3836.125997101135,106.73317620719808,52.96699476594939
2026-09-07 15:01:49.037803,-12709.712979820444,3838.19177853233,106.74337093924771,53.00440880992476
2026-09-07 15:01:49.146814,-12710.457111967731,3840.6652959405183,106.67017714760124,53.07489689194762
2026-09-07 15:01:49.334273,-12711.73300642859,3844.9261300624053,106.64919939460958,53.05687864099412
2026-09-07 15:01:49.434714,-12712.415566155725,3847.208570639186,106.67167925941459,53.03493722320992
2026-09-07 15:01:49.535202,-12713.099058382199,3849.4908669280535,106.64918887546258,53.05074243638995
2026-09-07 15:01:49.647463,-12713.861853740405,3852.041612558945,106.43562366927779,53.05074243638995
2026-09-07 15:01:49.746576,-12714.526911753701,3854.2961096542963,106.44671499075218,53.08451848795972
2026-09-07 15:01:49.845670,-12715.192702226786,3856.551480825685,106.43562579548836,53.057676003925856
2026-09-07 15:01:49.946443,-12715.868987465836,3858.8440370660296,106.45817996575738,53.0391842914253
2026-09-07 15:01:50.045992,-12716.537716761319,3861.1076952994367,106.36905906646444,53.056581539154806
2026-09-07 15:01:50.155005,-12717.266403621059,3863.5885062382954,106.3812582555505,53.0946839041557
2026-09-07 15:01:50.245217,-12717.870287472935,3865.6428082504012,106.3913535033268,53.08128322272898
2026-09-07 15:01:50.355039,-12718.60569666165,3868.142907219715,106.29303573617545,53.04961549235251
2026-09-07 15:01:50.444979,-12719.204097024169,3870.1902005949178,106.17225802345496,53.06376166775068
2026-09-07 15:01:50.534465,-12719.795339228198,3872.228953645808,106.09214599024392,53.07627257281511
2026-09-07 15:01:50.634947,-12720.456187230347,3874.519693761381,106.00218982591525,53.04466403387004
2026-09-07 15:01:50.757285,-12721.255920974107,3877.308294518467,105.89266715288284,53.01045624485787
2026-09-07 15:01:50.853124,-12721.87785017661,3879.492654944478,105.84976738559567,53.026367686297675
2026-09-07 15:01:50.952848,-12722.52348208721,3881.7667284843965,105.83860768966571,53.028981860924105
2026-09-07 15:01:51.052857,-12723.170546832522,3884.047539576701,105.7938413333116,53.015873632703475
2026-09-07 15:01:51.150048,-12723.797491899131,3886.2640258107276,105.7394601408638,53.03880360156812
2026-09-07 15:01:51.233148,-12724.33197296243,3888.1604880098917,105.75805888804166,53.03517294910973
2026-09-07 15:01:51.340791,-12725.025059187095,3890.616663957232,105.6496459850199,53.07843999805949
2026-09-07 15:01:51.439386,-12725.656144074548,3892.869418001494,105.5724125052003,53.14391599713116
2026-09-07 15:01:51.542675,-12726.372177203728,3895.4285197346326,105.56085386502428,53.33939282940115
2026-09-07 15:01:51.656206,-12727.098396164261,3898.036421618076,105.66249210164773,53.35030524251015
2026-09-07 15:01:51.754257,-12727.729718432862,3900.288079389033,105.60762971417665,53.39828452009158
2026-09-07 15:01:51.853570,-12728.367555394001,3902.5713807460693,105.58540230890014,53.431260928103164
2026-09-07 15:01:51.953241,-12729.007197349642,3904.864576331893,105.61886360366486,53.40774586058963
2026-09-07 15:01:52.039510,-12729.561746436175,3906.8482263247715,105.64782561305634,53.52458816462003
2026-09-07 15:01:52.272799,-12731.067358468576,3912.223396241947,105.75225119982844,53.44916415159826
2026-09-07 15:01:52.361093,-12731.640093252798,3914.253855228311,105.732489974999,53.39130046420452
2026-09-07 15:01:52.470692,-12732.3493886857,3916.771772315129,105.69569567731043,53.35395095933639
2026-09-07 15:01:52.561688,-12732.936536828638,3918.8612209035923,105.70587865924904,53.33089230546872
2026-09-07 15:01:52.653355,-12733.528132864301,3920.9650621910682,105.64433023478858,53.3204794456715
2026-09-07 15:01:52.770966,-12734.379470237554,3923.997188455458,105.6969756560722,53.86127052693023
2026-09-07 15:01:52.858418,-12734.949161644616,3926.02434092933,105.65783010521301,53.85133646761786
2026-09-07 15:01:52.960010,-12735.609234868545,3928.379278234432,105.5896176892096,53.80872618665866
2026-09-07 15:01:53.059099,-12736.249803099501,3930.6751419338134,105.56744041774022,53.78275089991139
2026-09-07 15:01:53.159827,-12736.899749466264,3933.0081059173713,105.65761681272136,53.794193038758024
2026-09-07 15:01:53.255104,-12737.518127170688,3935.2143180958396,105.70026501572653,53.819169044121075
2026-09-07 15:01:53.353777,-12738.160544665381,3937.499750542019,105.66713876698492,53.80106267884896
2026-09-07 15:01:53.460202,-12738.851774197186,3939.9643030928146,105.7147770742871,53.80943218472372
2026-09-07 15:01:53.559781,-12739.500557026591,3942.2701384967386,105.60334237842511,53.828574924327555
2026-09-07 15:01:53.659235,-12740.144274152248,3944.5751550190257,105.52543600891369,53.73385040652713
2026-09-07 15:01:53.759814,-12740.7909626035,3946.9030246862653,105.46915913188593,53.704847942052474
2026-09-07 15:01:53.854690,-12741.398497512564,3949.0983127741993,105.384221719744,53.73635106537477
2026-09-07 15:01:53.953570,-12742.028648899375,3951.388526178771,105.3952869671624,53.67586990037835
2026-09-07 15:01:54.053816,-12742.667234501341,3953.707641684461,105.4401594102332,53.65397108050205
2026-09-07 15:01:54.167160,-12743.391014736091,3956.328133705636,105.49089482299212,53.702500854124104
2026-09-07 15:01:54.258188,-12743.974682596154,3958.4340715364197,105.49089482299212,53.684206525037226
2026-09-07 15:01:54.366877,-12744.800433400425,3961.4073737161248,105.38142843858691,54.37979839608966
2026-09-07 15:01:54.465362,-12745.435470344048,3963.715783091335,105.45857575092566,54.38324065656971
2026-09-07 15:01:54.557758,-12746.0341984659,3965.880804071823,105.44823610083989,54.41069087075636
2026-09-07 15:01:54.667759,-12746.746901778839,3968.4597746976497,105.48516535694665,54.39050583243485
2026-09-07 15:01:54.765599,-12747.382055846889,3970.7523711213125,105.50706308767928,54.36742274702862
2026-09-07 15:01:54.865724,-12748.032663977865,3973.097265714117,105.58549507882435,54.375296806466814
2026-09-07 15:01:54.966446,-12748.690475090605,3975.455585222415,105.57422370088659,54.41930241139031
2026-09-07 15:01:55.066436,-12749.343573087448,3977.79878880448,105.48470799786293,54.431534433412956
2026-09-07 15:01:55.166774,-12749.995416147802,3980.151697348021,105.46225118565667,54.39909443573378
2026-09-07 15:01:55.265684,-12750.636690695957,3982.469988739412,105.45118258106368,54.379216023706896
2026-09-07 15:01:55.368235,-12751.300864212923,3984.872869339719,105.42823047370098,54.35502148679465
2026-09-07 15:01:55.469228,-12751.953708720284,3987.238453177872,105.40562706487145,54.32678212342672
2026-09-07 15:01:55.565477,-12752.574674577088,3989.491991013868,105.38408541845598,54.324259042787965
2026-09-07 15:01:55.668582,-12753.238934497642,3991.9061904504374,105.21101467587692,54.348584283188714
2026-09-07 15:01:55.772676,-12753.902497643503,3994.3466542041656,105.11782488099198,54.314020366928425
2026-09-07 15:01:55.868839,-12754.511448175766,3996.6007368099267,105.08554128307026,54.319902294790026
2026-09-07 15:01:55.969696,-12755.264308953056,3999.3826256833236,105.00653588650687,55.00990137595566
2026-09-07 15:01:56.053325,-12755.796815845022,4001.3690620388697,105.00653588650687,55.04205450403144
2026-09-07 15:01:56.170410,-12756.542789275341,4004.151803003567,104.98033090078707,55.03693904141903
2026-09-07 15:01:56.268627,-12757.167424916212,4006.4861801351785,105.02429511622796,55.04123015805568
2026-09-07 15:01:56.369667,-12757.8119068881,4008.8873464717603,104.93383940432165,55.08537469769419
2026-09-07 15:01:56.469608,-12758.446136766628,4011.2653047156223,104.90028746584318,55.057429491448666
2026-09-07 15:01:56.569010,-12759.075241705717,4013.629607152788,104.88916380358705,55.03658362195153
2026-09-07 15:01:56.653583,-12759.609902383614,4015.640540175933,104.89862801444792,55.00702355741591
2026-09-07 15:01:56.770205,-12760.347234917079,4018.411906616104,104.91167869491346,55.003966416975466
2026-09-07 15:01:56.868324,-12760.968080407454,4020.7433029733274,104.88971852073354,55.02883005998001
2026-09-07 15:01:56.969031,-12761.60467184594,4023.137518389352,104.85590942268226,54.972511274189024
2026-09-07 15:01:57.068879,-12762.233787992356,4025.5092540811183,104.86708299493387,54.94633702244422
2026-09-07 15:01:57.165597,-12762.843340475252,4027.805428744686,104.86708299493387,54.93112477214223
2026-09-07 15:01:57.269253,-12763.49643792691,4030.2656366240967,104.83228386609863,54.87768555249746
2026-09-07 15:01:57.369352,-12764.125068835516,4032.6394924004367,104.88829216916002,54.9013015967133
2026-09-07 15:01:57.469501,-12764.756606779436,4035.01493979352,104.933121192773,54.944181751802894
2026-09-07 15:01:57.570268,-12765.39440944,4037.406414086815,104.89929195167423,54.93361568808376
2026-09-07 15:01:57.661270,-12765.969018941576,4039.5660627547886,104.86874099155358,54.90021819429126
2026-09-07 15:01:57.770058,-12766.78087473189,4042.617865372885,104.83221896072354,55.61247264373203
2026-09-07 15:01:57.869185,-12767.411734039624,4045.000147005459,104.78784740810016,55.596881494869514
2026-09-07 15:01:57.977324,-12768.097741864403,4047.5988140631007,104.88465847529966,55.63184361200389
2026-09-07 15:01:58.069294,-12768.68528021203,4049.809327298486,104.81261462785295,55.63987998039375
2026-09-07 15:01:58.164994,-12769.293842361396,4052.110590962884,104.78048646711432,55.67082047928647
2026-09-07 15:01:58.278161,-12770.0123515083,4054.833793920503,104.69183814609653,55.693564188252665
2026-09-07 15:01:58.379913,-12770.654858875714,4057.284308471068,104.64629158236983,55.71223554596115
2026-09-07 15:01:58.477648,-12771.270336093066,4059.6393598922355,104.6791029281357,55.67209700096238
2026-09-07 15:01:58.577889,-12771.902521956772,4062.052694763583,104.72397313309017,55.70275381963353
2026-09-07 15:01:58.661105,-12772.429195611727,4064.0568385852557,104.77053490641009,55.70929811656445
2026-09-07 15:01:58.873326,-12773.776652651766,4069.167398965722,104.77053490641009,55.60730644810357
2026-09-07 15:01:58.976492,-12774.430486403173,4071.647223380202,104.7589900306499,55.56674039487008
2026-09-07 15:01:59.077291,-12775.068364949286,4074.0685127119227,104.79283001470736,55.56497882501616
2026-09-07 15:01:59.177955,-12775.706796978522,4076.486105908164,104.82662467690795,55.57377487794207
2026-09-07 15:01:59.277475,-12776.339483310654,4078.8762298714805,104.7709403411937,55.57551409590914
2026-09-07 15:01:59.373313,-12776.946543524666,4081.178588119076,104.64224238220208,55.55876538494368
2026-09-07 15:01:59.465417,-12777.524805850813,4083.3918805018648,104.62162843502915,55.55554615400238
2026-09-07 15:01:59.587124,-12778.28783004782,4086.3166489134824,104.553529827244,55.616164497369304
2026-09-07 15:01:59.676506,-12778.846252702242,4088.467616880465,104.60354165697481,55.545872444365095
2026-09-07 15:01:59.786589,-12779.665658213014,4091.6056588304264,104.5912227286621,56.24346743001989
2026-09-07 15:01:59.876558,-12780.235528384865,4093.7947988792116,104.57108661933779,56.204159828211324
2026-09-07 15:01:59.964724,-12780.792834488904,4095.9387647453477,104.55135404239815,56.197226251937394
2026-09-07 15:02:00.065312,-12781.427740514286,4098.384718121957,104.59637957262987,56.21041036996934
2026-09-07 15:02:00.188690,-12782.20903643258,4101.384936521781,104.56876614026754,56.18777066980269
2026-09-07 15:02:00.284703,-12782.815672702176,4103.719064592249,104.66546586117676,56.135754858158315
2026-09-07 15:02:00.384641,-12783.450619358275,4106.145294226176,104.6878331487274,56.13488159667723
2026-09-07 15:02:00.484845,-12784.088195732653,4108.577695077767,104.65419291655752,56.16727827119182
2026-09-07 15:02:00.583079,-12784.712197167564,4110.96401816352,104.63220700403923,56.18873756803886
2026-09-07 15:02:00.684553,-12785.356079674562,4113.4302371267595,104.60949594181142,56.179870737050585
2026-09-07 15:02:00.784431,-12785.988772991283,4115.857534907011,104.64302673008996,56.169397890661
2026-09-07 15:02:00.884490,-12786.623917433637,4118.28840687013,104.65422391446953,56.19999904806582
2026-09-07 15:02:00.984496,-12787.259546346831,4120.719190698257,104.564693887501,56.24806110976611
2026-09-07 15:02:01.069162,-12787.794916735786,4122.779713670485,104.41309999786796,56.268036094526984
2026-09-07 15:02:01.186887,-12788.532008427846,4125.647773775227,104.29453298460902,56.2515771367156
2026-09-07 15:02:01.284007,-12789.13501545575,4128.014408049358,104.33800615731451,56.243090759657626
2026-09-07 15:02:01.385354,-12789.766045887893,4130.483195808885,104.37203011453903,56.27762812103747
2026-09-07 15:02:01.484862,-12790.387446587585,4132.908305912977,104.32748801744697,56.26545506325741
2026-09-07 15:02:01.583149,-12790.999227763732,4135.303617220862,104.27249358110907,56.25686671336143
2026-09-07 15:02:01.685465,-12791.633596709804,4137.797347030136,104.26104382529519,56.20054216046908
2026-09-07 15:02:01.786498,-12792.258892158052,4140.257466090265,104.29496236723782,56.14668955324992
2026-09-07 15:02:01.885037,-12792.869586752426,4142.654196846795,104.35009780490816,56.132912961669746
2026-09-07 15:02:01.985412,-12793.493855773764,4145.094385371243,104.31640016505293,56.13554420167344
2026-09-07 15:02:02.085870,-12794.11723376778,4147.537073217014,104.33888383465575,56.100431991356686
2026-09-07 15:02:02.186780,-12793.875889678056,4146.635111398315,104.33888383465575,51.84805072073177
2026-09-07 15:02:02.287151,-12793.996819865335,4147.1291802788155,104.33888383465575,49.45322715657758
2026-09-07 15:02:02.387298,-12794.250952827975,4148.1361764793055,104.33888383465575,47.67384365867443
2026-09-07 15:02:02.480303,-12794.741841171222,4150.05656209236,104.2868448310071,47.679532423592
2026-09-07 15:02:02.583050,-12795.282285988793,4152.17884733781,104.24085288211938,47.701977588943535
2026-09-07 15:02:02.684520,-12795.814581721437,4154.27617018222,104.22949779862881,47.706410829677026
2026-09-07 15:02:02.783651,-12796.334249633914,4156.325440781139,104.21840446284972,47.78090488012553
2026-09-07 15:02:02.883893,-12796.860160376596,4158.401016042958,104.13988082083864,47.7835326336543
2026-09-07 15:02:02.976376,-12797.342765909874,4160.316704726168,104.22267590797475,47.782724514204695
2026-09-07 15:02:03.077653,-12797.874283260924,4162.413750571307,104.25667636497718,47.819007944169016
2026-09-07 15:02:03.184341,-12798.435935355936,4164.62418135694,104.34024942136944,47.84044953776243
2026-09-07 15:02:03.285907,-12798.973932966372,4166.728652298471,104.30615194202164,47.862636712707626
2026-09-07 15:02:03.383819,-12799.491607788264,4168.758660838546,104.26232425168035,47.83868108233897
2026-09-07 15:02:03.484544,-12800.022292003021,4170.846352605164,104.17215054243883,47.84308177390181
2026-09-07 15:02:03.573772,-12800.489534375249,4172.696657859903,104.15218027753895,47.82748823081842
2026-09-07 15:02:03.683439,-12801.062825964096,4174.970261785407,104.10309077557127,47.83036305221304
2026-09-07 15:02:03.784446,-12801.589084119812,4177.06490508681,104.04657442009005,47.820654425398324
2026-09-07 15:02:03.884068,-12802.105983253496,4179.130918335688,103.93509160472576,47.8093379219814
2026-09-07 15:02:03.983779,-12802.619198197373,4181.199290464063,103.70076854048426,47.776229359967935
2026-09-07 15:02:04.084163,-12803.127004750982,4183.282275236324,103.53226523392249,47.701670875268576
2026-09-07 15:02:04.176470,-12803.587597711392,4185.196034651555,103.68721059093957,47.60810741478405
2026-09-07 15:02:04.284316,-12805.068279959049,4191.153415000653,104.10961141575967,54.25425856691931
2026-09-07 15:02:04.384661,-12805.6615739355,4193.5137414713445,104.44648709907449,54.313882181416886
2026-09-07 15:02:04.484032,-12806.263502682319,4195.850227457249,104.47984767860174,54.37205875153646
2026-09-07 15:02:04.583892,-12806.870409881176,4198.200373173218,104.35692361226592,54.39212808957108
2026-09-07 15:02:04.684400,-12807.61134541629,4201.101823285981,104.26694417152686,55.50130424829366
2026-09-07 15:02:04.784191,-12808.221517026886,4203.501405119324,104.14410504170797,55.46206528372952
2026-09-07 15:02:04.884155,-12808.827163059015,4205.904751493599,103.9986798484615,55.39568014481578
2026-09-07 15:02:04.984009,-12809.425330528438,4208.304105687393,103.92046014265583,55.2586933294581
2026-09-07 15:02:05.081019,-12810.001849221519,4210.630147378484,103.80104432375697,55.13069417460059
2026-09-07 15:02:05.178331,-12810.573970069197,4212.95922296918,103.82282388194437,55.003997178806024
2026-09-07 15:02:05.280161,-12811.225958944584,4215.6048547936425,103.8000331427732,55.42864232667187
2026-09-07 15:02:05.385143,-12811.846464671124,4218.131095277054,103.69430027221927,55.41396494880859
2026-09-07 15:02:05.493697,-12812.483092807832,4220.743778360634,103.7307437451642,55.45095833516663
2026-09-07 15:02:05.580893,-12812.996141382397,4222.8434911448185,103.5355889486633,55.48067327258834
2026-09-07 15:02:05.682038,-12813.579401562529,4225.266799006353,103.41108309357088,55.3469106079918
2026-09-07 15:02:05.776433,-12814.121099338461,4227.538658823165,103.46389984266403,55.324640290668405
2026-09-07 15:02:05.876766,-12814.698866269064,4229.951928743794,103.35162137692413,55.356201958807716
2026-09-07 15:02:05.982642,-12815.303905950546,4232.50116557956,103.3042288148012,55.26091172331425
2026-09-07 15:02:06.083123,-12815.855139346451,4234.834931167919,103.49538376160075,54.98950767874573
2026-09-07 15:02:06.182312,-12816.42416154515,4237.205920732243,103.57308254581721,55.022442913148694
2026-09-07 15:02:06.282588,-12816.9778012186,4239.499934307904,103.59552548170183,54.63084480042099
2026-09-07 15:02:06.381050,-12817.543054579963,4241.83721029489,103.60654395248781,54.58438513657659
2026-09-07 15:02:06.482934,-12818.127920331768,4244.253547998795,103.51533265248918,54.530969195050105
2026-09-07 15:02:06.582000,-12818.692315498703,4246.601654691083,103.44881628108391,54.43142037461457
2026-09-07 15:02:06.682155,-12819.230631358843,4248.854232482869,103.49364799043656,53.95350891234353
2026-09-07 15:02:06.782787,-12819.79698388148,4251.214413186393,103.43734145836657,53.98604396233905
2026-09-07 15:02:07.010062,-12821.041513493774,4256.424429764452,103.3610412730805,53.45236455557877
2026-09-07 15:02:07.101225,-12821.519077164538,4258.436456436568,103.3304362624491,53.05720885746929
2026-09-07 15:02:07.207731,-12822.10153083393,4260.894575585126,103.24700577407077,53.085128443803846
2026-09-07 15:02:07.300883,-12822.608090255942,4263.04636056633,103.16361176698945,53.16164117197135
2026-09-07 15:02:07.393761,-12823.110759890475,4265.195642427667,102.95573999317628,53.19978500767397
2026-09-07 15:02:07.509227,-12823.690636856225,4267.720685456395,103.02034657986826,52.48664526502491
2026-09-07 15:02:07.598102,-12824.160455584752,4269.752401976662,103.1297485065216,52.49130482079733
2026-09-07 15:02:07.710220,-12824.726936570694,4272.182269004039,103.09210853655605,51.95063689555322
2026-09-07 15:02:07.798080,-12825.18913616819,4274.169693396419,103.14126876300156,51.935282425036036
2026-09-07 15:02:07.893576,-12825.693210208263,4276.328776662619,103.10920908862437,51.98284591208418
2026-09-07 15:02:07.993814,-12826.221530038905,4278.597444011055,103.00825414893393,52.03452300264096
2026-09-07 15:02:08.096144,-12826.757326549252,4280.916709256402,102.83648431150499,52.09890272816887
2026-09-07 15:02:08.198051,-12827.284633164343,4283.230836274696,102.66542451649991,52.19596359485586
2026-09-07 15:02:08.298967,-12827.800927945193,4285.528280427701,102.54120055216634,52.22065419860497
2026-09-07 15:02:08.408678,-12828.357065080969,4288.028343857693,102.5166459534704,52.239827364037595
2026-09-07 15:02:08.497604,-12828.807137468866,4290.0557016326,102.5664026379331,52.267800741699546
2026-09-07 15:02:08.594127,-12829.297833238265,4292.2570108182945,102.609608579542,52.36901127375485
2026-09-07 15:02:08.707659,-12829.878071698331,4294.850805160226,102.82559173476568,52.40571698661052
2026-09-07 15:02:08.797007,-12830.34272778435,4296.8917765058695,102.9855687131386,52.533756004371796
2026-09-07 15:02:08.905095,-12830.9131235205,4299.365274089367,103.16700385618583,52.57909087373472
2026-09-07 15:02:08.997177,-12831.406148761114,4301.472756413559,103.22883092613642,52.5654124102583
2026-09-07 15:02:09.092817,-12831.920452134565,4303.660547594923,103.27164161639138,52.61137620824058
2026-09-07 15:02:09.205724,-12832.530070911445,4306.245129761193,103.34745131847126,52.588684752708076
2026-09-07 15:02:09.304503,-12833.066168413874,4308.50462177222,103.34745131847126,52.605947434738766
2026-09-07 15:02:09.404337,-12833.608169514317,4310.788995698355,103.42565535746223,52.618160372898664
2026-09-07 15:02:09.505004,-12834.157964090082,4313.092216583637,103.47071624993288,52.56274358797729
2026-09-07 15:02:09.606223,-12834.712010448362,4315.405192964161,103.44806225967295,52.625539885917625
2026-09-07 15:02:09.693303,-12835.188445318248,4317.397641950215,103.45780701842295,52.65217166103842
2026-09-07 15:02:09.814807,-12835.85403135422,4320.179028953784,103.67535909323419,52.598024660769994
2026-09-07 15:02:09.901892,-12836.33814121606,4322.168645692265,103.73383100290874,52.57291325959504
2026-09-07 15:02:10.005466,-12836.91605282564,4324.53326563167,103.74542153624327,52.61182967716953
2026-09-07 15:02:10.113763,-12837.416986139018,4326.564977300169,103.92720750403413,51.861212668835385
2026-09-07 15:02:10.192084,-12837.854028430864,4328.327393965702,103.99732410945978,51.84820961157261
2026-09-07 15:02:10.317344,-12838.556269742126,4331.144490511487,104.08142804705909,51.87010013031813
2026-09-07 15:02:10.412334,-12839.092170756961,4333.28093258622,104.30465665646312,51.83440902535549
2026-09-07 15:02:10.512201,-12839.66393923483,4335.523308236327,104.55052202263096,51.851861846971005
2026-09-07 15:02:10.612075,-12840.245561331341,4337.764120935479,104.59522794984258,51.926914240213215
2026-09-07 15:02:10.692193,-12840.714212998831,4339.563916910428,104.55936526810012,51.88490981946787
2026-09-07 15:02:10.815608,-12841.433813204592,4342.334558619577,104.79414983194062,51.84824407437236
2026-09-07 15:02:10.912412,-12842.006747166984,4344.503923483845,104.81581569381552,51.951441005855
2026-09-07 15:02:11.011519,-12842.595320370028,4346.7290964203685,104.80472504377605,51.961833007968906
2026-09-07 15:02:11.113049,-12843.197962460526,4349.00924379005,104.906981224334,51.981350801399024
2026-09-07 15:02:11.202130,-12843.73048172519,4351.009617402142,104.91694990662859,51.98602115737947
2026-09-07 15:02:11.315313,-12844.40758388795,4353.551328178773,105.09427161556766,52.02459202946306
2026-09-07 15:02:11.411983,-12844.993049073826,4355.722021482848,105.38635587562487,52.00516380086495
2026-09-07 15:02:11.512606,-12845.631962349324,4358.049393667892,105.58904126233392,52.14402160864142
2026-09-07 15:02:11.612173,-12846.25568501183,4360.284967969251,105.68932040278122,52.17969241515482
2026-09-07 15:02:11.697941,-12846.796705358714,4362.211087240446,105.84288741582111,52.130978583618486
2026-09-07 15:02:11.814421,-12847.537771435569,4364.822496728622,105.9732353142133,52.098408791206175
2026-09-07 15:02:11.913844,-12848.174988879531,4367.048662318845,105.95098328965656,52.089721177262234
2026-09-07 15:02:12.012880,-12848.808759018248,4369.266039178034,106.07289304164573,52.03520225138311
2026-09-07 15:02:12.113587,-12849.457339116234,4371.517094219547,106.18559003515003,52.07304143558643
2026-09-07 15:02:12.211015,-12850.089543264412,4373.695199698545,106.21829831565628,52.1173105446147
2026-09-07 15:02:12.313655,-12850.757444893745,4375.9913947549585,106.41356054174378,52.067085732517356
2026-09-07 15:02:12.413209,-12851.412219922804,4378.214187010098,106.5806706208545,52.094922726969756
2026-09-07 15:02:12.514208,-12852.146110810647,4380.6981942069315,106.61457774840352,52.54374839318129
2026-09-07 15:02:12.614052,-12852.816693670828,4382.945531041703,106.72630899468686,52.46697366385058
2026-09-07 15:02:12.706177,-12853.438565872391,4385.014886294534,106.92218614325168,52.37761963687592
2026-09-07 15:02:12.814526,-12854.177011425469,4387.442017493609,106.97068567773971,52.363418280803195
2026-09-07 15:02:12.915507,-12854.86696828401,4389.702901218428,106.99328640082962,52.269004129175265
2026-09-07 15:02:13.014706,-12855.544401927908,4391.9196157828355,107.22640625370127,52.222196709117775
2026-09-07 15:02:13.111429,-12856.213116056297,4394.076362822626,107.38876425219286,52.26783581929247
2026-09-07 15:02:13.205145,-12856.867531024394,4396.166039489306,107.43071371526202,52.24654458976044
2026-09-07 15:02:13.312558,-12857.619038709368,4398.559606250362,107.62303595166321,52.20712430228616
2026-09-07 15:02:13.410936,-12858.314163446348,4400.747864121087,107.72211758793753,52.23377283695309
2026-09-07 15:02:13.512446,-12859.035690105591,4403.005696386215,107.75619626710773,52.245303806637004
2026-09-07 15:02:13.611530,-12859.741439380703,4405.209635580589,107.90034125778067,52.20028224816349
2026-09-07 15:02:13.712374,-12860.46474173114,4407.4489771563485,108.09218677539144,52.18265868539506
2026-09-07 15:02:13.805754,-12861.141219496196,4409.519619630498,108.16533513327528,52.15817996145536
2026-09-07 15:02:13.905712,-12861.867838782826,4411.7341594857235,108.46735394435211,52.06908946479958
2026-09-07 15:02:14.004324,-12862.594935728923,4413.911345002903,108.74323536082397,52.04410089414595
2026-09-07 15:02:14.112324,-12863.412769769831,4416.324698561904,108.94869444517167,52.17331612333385
2026-09-07 15:02:14.213162,-12864.17648227954,4418.549149467113,109.0164005992483,52.12661646069181
2026-09-07 15:02:14.443667,-12865.92668782531,4423.627392848386,109.09378515192412,52.18099878491056
2026-09-07 15:02:14.527821,-12866.568834923788,4425.482453761267,109.15970640818193,52.09275793957234
2026-09-07 15:02:14.631957,-12867.364749421877,4427.77319469858,109.34616119866234,52.04271103381446
2026-09-07 15:02:14.743115,-12868.181062411328,4430.088123248123,109.4705534693482,51.79494761574279
2026-09-07 15:02:14.842694,-12868.949601542114,4432.261960716125,109.63770551314116,51.78624637046833
2026-09-07 15:02:14.942637,-12869.72718107465,4434.441118681514,109.70481073296787,51.80545908423555
2026-09-07 15:02:15.042184,-12870.504509518923,4436.611538600972,109.73823039876783,51.755008079431725
2026-09-07 15:02:15.127058,-12871.11984494108,4438.316106467319,109.86170302743017,51.36683354091504
2026-09-07 15:02:15.233709,-12871.95190529005,4440.619457001733,110.13620498086681,51.32210138607431
2026-09-07 15:02:15.332857,-12872.73499686542,4442.755172651873,110.28044307718153,51.413935380235905
2026-09-07 15:02:15.433080,-12873.533437459138,4444.915904377925,110.3813829095863,51.39817184747038
2026-09-07 15:02:15.532957,-12874.332668728282,4447.067111720212,110.61609607751399,51.36413543748749
2026-09-07 15:02:15.641137,-12875.207300087272,4449.392047371632,110.5555662198214,51.46717099498794
2026-09-07 15:02:15.732065,-12875.86480221742,4451.131596478338,110.44363712404942,50.86487083753746
2026-09-07 15:02:15.832502,-12876.662501095496,4453.271554140058,110.52231351750396,50.795538718557616
2026-09-07 15:02:15.932919,-12877.461887196388,4455.407073679123,110.71334671077199,50.74464679263935
2026-09-07 15:02:16.032978,-12878.264708562892,4457.530182934619,110.79172700142834,50.768253399780214
2026-09-07 15:02:16.140393,-12879.13007014466,4459.809254630314,110.91193063729554,50.79734986800732
2026-09-07 15:02:16.231632,-12879.869597212823,4461.744675215291,111.02424256287549,50.81249760541617
2026-09-07 15:02:16.339494,-12880.748605469207,4464.031677253668,111.02424256287549,50.84360015985761
2026-09-07 15:02:16.432032,-12881.503194255089,4465.994964946261,111.10708688857204,50.84926036014729
2026-09-07 15:02:16.540367,-12882.30769270115,4468.069769389158,111.41016981208526,50.162671280065545
2026-09-07 15:02:16.631565,-12883.05423640074,4469.973729538017,111.5020200943124,50.17143708192332
2026-09-07 15:02:16.739270,-12883.939664077156,4472.2212862582255,111.44175601294074,50.22602260908533
2026-09-07 15:02:16.838689,-12884.755677974448,4474.299049744833,111.63089061207745,50.15913067303095
2026-09-07 15:02:16.938325,-12885.520434900196,4476.220575653331,111.74238909425651,49.576915943682984
2026-09-07 15:02:17.026839,-12886.247124198972,4478.042739994448,111.82163094781623,49.56144717970213
2026-09-07 15:02:17.128856,-12887.03843788525,4480.013456864812,111.83304724379008,49.11334523722646
2026-09-07 15:02:17.248134,-12888.012387053846,4482.444436123933,111.96652626700808,49.100838176896296
2026-09-07 15:02:17.337548,-12888.746541963264,4484.26459417272,111.96652626700808,49.070367382196714
2026-09-07 15:02:17.439871,-12889.586167911764,4486.346241940142,112.00087788447166,49.0828848058333
2026-09-07 15:02:17.539779,-12890.351253657258,4488.235435605591,112.21330332988629,48.45477541374566
2026-09-07 15:02:17.627336,-12891.068271052241,4489.991267623206,112.35047725944798,48.42417237766387
2026-09-07 15:02:17.749184,-12892.024613611404,4492.313055852379,112.32320625889281,47.91867462315563
2026-09-07 15:02:17.837992,-12892.747206229698,4494.07288810925,112.42258757895132,47.89151437183584
2026-09-07 15:02:17.948051,-12893.645980978436,4496.251041443089,112.3610063660858,47.92421214147055
2026-09-07 15:02:18.038605,-12894.384049023003,4498.045193516167,112.19887005302246,47.981974397784306
2026-09-07 15:02:18.136068,-12895.116426653312,4499.838190812667,112.23159008363973,47.368883828327895
2026-09-07 15:02:18.227082,-12895.84562027909,4501.622212912602,112.34362504231672,47.3569545791276
2026-09-07 15:02:18.349895,-12896.834040192143,4504.027012623575,112.31613806353027,47.42241636142057
2026-09-07 15:02:18.446823,-12897.614299683644,4505.927956575875,112.18597637642142,47.45714172156731
2026-09-07 15:02:18.546678,-12898.352185239744,4507.736771581611,112.42063784386056,46.74657149199668
2026-09-07 15:02:18.646269,-12899.145966368063,4509.660661735025,112.598954843157,46.74831195076436
2026-09-07 15:02:18.746933,-12899.954378026108,4511.602845865464,112.61021973055716,46.79756984714947
2026-09-07 15:02:18.846597,-12900.7559806808,4513.527604816287,112.53214885949126,46.80192418345047
2026-09-07 15:02:18.945902,-12901.490658945164,4515.296886519006,112.62105131862472,46.10989457194679
2026-09-07 15:02:19.045671,-12902.281673302741,4517.195210262002,112.60988658693282,46.067177119020315
2026-09-07 15:02:19.144421,-12903.008737841132,4518.939641195283,112.53253168929922,45.55504514601814
2026-09-07 15:02:19.232956,-12903.699665138924,4520.605012135074,112.50280894414772,45.55659238941358
2026-09-07 15:02:19.348599,-12904.553542729433,4522.665765612358,112.52869119348458,44.97582799580803
2026-09-07 15:02:19.447365,-12905.314389739713,4524.500014303816,112.48448123286437,44.98445820087917
2026-09-07 15:02:19.547132,-12906.08166528941,4526.353801349705,112.3840006619422,44.99143233909946
2026-09-07 15:02:19.648027,-12906.854446743237,4528.230196724002,112.3840006619422,44.96233875442304
2026-09-07 15:02:19.742978,-12907.52260430275,4529.852894931813,112.42650293975896,44.348612218569436
2026-09-07 15:02:19.847417,-12908.312521166174,4531.766863531266,112.47325226723217,44.32579743444777
2026-09-07 15:02:19.947438,-12909.019369805415,4533.475390651533,112.30535828785679,43.806417969410326
2026-09-07 15:02:20.047392,-12909.762294730586,4535.286346373198,112.18231851090377,43.79855735780398
2026-09-07 15:02:20.148388,-12910.508899296885,4537.117460109023,112.05799606944913,43.76060958607214
2026-09-07 15:02:20.233771,-12911.136181615897,4538.665524953361,111.9528926691292,43.81656554254416
2026-09-07 15:02:20.347566,-12911.909551589708,4540.586487387092,111.7491435057014,43.15048206944572
2026-09-07 15:02:20.449562,-12912.63859676154,4542.413932913792,111.86328296521731,43.064031367327345
2026-09-07 15:02:20.549827,-12913.357403387716,4544.205336915991,112.05402699384803,43.05088958506234
2026-09-07 15:02:20.645560,-12914.049199023353,4545.912953496653,112.17187087170231,43.08100423503774
2026-09-07 15:02:20.738971,-12914.66109010407,4547.414048879592,112.14051116822515,42.46060266600512
2026-09-07 15:02:20.845605,-12915.423924898405,4549.288880496157,112.12857820308335,42.521167803492816
2026-09-07 15:02:20.946349,-12916.09182538227,4550.931353699043,112.20749508214368,41.88837500451456
2026-09-07 15:02:21.045206,-12916.7914987576,4552.645210065325,112.30705914440523,41.923791446905064
2026-09-07 15:02:21.145936,-12917.508067432347,4554.391772067005,112.38596505669517,41.96339963702786
2026-09-07 15:02:21.239873,-12918.179188280648,4556.02116605001,112.43852554146196,41.985561899842715
2026-09-07 15:02:21.346463,-12918.874232540798,4557.702619888275,112.46238162403341,41.332951835919154
2026-09-07 15:02:21.446631,-12919.581400272002,4559.413049296882,112.40633471346445,41.32507439486242
2026-09-07 15:02:21.545953,-12920.28080272562,4561.109394482045,112.36187587430197,41.332017425687404
2026-09-07 15:02:21.646319,-12920.986344970268,4562.824406386201,112.46295972949622,41.29693737132985
2026-09-07 15:02:21.746720,-12921.694557315072,4564.537313457759,112.60902065970248,41.29255083537949
2026-09-07 15:02:21.846263,-12922.40096944074,4566.233606792861,112.59788121872572,41.35430734241744
2026-09-07 15:02:21.945491,-12923.018755050007,4567.71588970051,112.49794350293325,40.578211910597545
2026-09-07 15:02:22.046371,-12923.71899420243,4569.406588195899,112.45278726670455,40.5244408554347
2026-09-07 15:02:22.142911,-12924.38694642139,4571.022933390897,112.52841098131262,40.560714350256184
2026-09-07 15:02:22.246572,-12925.107102406617,4572.759108219719,112.49361017389009,40.625025665728515
2026-09-07 15:02:22.346190,-12925.799252948273,4574.43063468003,112.32639266519277,40.68769916809967
2026-09-07 15:02:22.446587,-12926.492965126283,4576.119862932234,112.24774760536769,40.64734464515429
2026-09-07 15:02:22.546571,-12927.087904314614,4577.576027191887,112.31488035402589,39.80009903998723
2026-09-07 15:02:22.638428,-12927.708457934215,4579.087974668557,112.27376302262962,39.780835453395426
2026-09-07 15:02:22.747101,-12928.440975980993,4580.876370450233,112.24944074041463,39.790331335335516
2026-09-07 15:02:22.846156,-12929.10813038265,4582.507158445729,112.33811938790944,39.76003723238892
2026-09-07 15:02:22.946563,-12929.786431615763,4584.157898650133,112.37182777072331,39.78548066131865
2026-09-07 15:02:23.046437,-12930.462530428798,4585.800529335948,112.38300425252629,39.86402386354888
2026-09-07 15:02:23.139298,-12930.99862926576,4587.102071002342,112.35182919365104,39.16855367104081
2026-09-07 15:02:23.241258,-12931.677570224056,4588.7532440909745,112.12363084680908,39.16677181147567
2026-09-07 15:02:23.347767,-12932.379895219525,4590.480817607963,111.95676517000788,39.17607860239483
2026-09-07 15:02:23.448055,-12933.036614445382,4592.10979268264,111.90065111594726,39.12525205443492
2026-09-07 15:02:23.547480,-12933.616449872827,4593.554980820425,111.88952487985722,38.50855294367226
2026-09-07 15:02:23.644543,-12934.239401514127,4595.105440733324,111.92211062349122,38.52381945715539
2026-09-07 15:02:23.744956,-12934.88502147208,4596.709681665641,111.82097943213529,38.557161114920916
2026-09-07 15:02:23.844971,-12935.525815168843,4598.310080457517,111.86574847422906,38.542304231658235
2026-09-07 15:02:23.944176,-12936.16241400309,4599.896409357254,111.89905332465838,38.5440379446649
2026-09-07 15:02:24.044393,-12936.806467212335,4601.498618534916,111.98877224864998,38.604461202720664
2026-09-07 15:02:24.144908,-12937.37239869849,4602.900772031095,111.9437793949175,37.936135523898116
2026-09-07 15:02:24.240767,-12937.979906061655,4604.40866375537,111.91159785510297,37.86242504776623
2026-09-07 15:02:24.344708,-12938.63643659385,4606.040879977159,111.94649266341372,37.89330520180726
2026-09-07 15:02:24.444808,-12939.270179590305,4607.613676188446,112.02490507104034,37.932665668711785
2026-09-07 15:02:24.544615,-12939.90487172181,4609.182630479343,112.10308795983144,37.93964260310245
2026-09-07 15:02:24.644562,-12940.542714762525,4610.753205629947,112.19256516725324,37.934402562362244
2026-09-07 15:02:24.737154,-12941.050947023201,4611.997495485941,112.23401150175852,37.30945712639591
2026-09-07 15:02:24.837316,-12941.683079829516,4613.543865046021,112.26763763379518,37.364595910816774
2026-09-07 15:02:24.938263,-12942.322024286987,4615.104282509277,112.1772651798185,37.383119552087685
2026-09-07 15:02:25.042861,-12942.981853633995,4616.722980682878,112.08362418066986,37.33285061292676
2026-09-07 15:02:25.144860,-12943.621845477259,4618.300383735224,112.0493813356627,37.31859028387344
2026-09-07 15:02:25.244500,-12944.245876294408,4619.841089747409,112.12743340655089,37.29943581783014
2026-09-07 15:02:25.351674,-12944.919002710858,4621.496525906056,112.17540698368788,37.32846700421726
2026-09-07 15:02:25.443913,-12945.499971622594,4622.921895330194,111.99993160886248,37.32363107999906
2026-09-07 15:02:25.539822,-12946.000814168681,4624.162688317614,112.042862709779,36.53447469471244
2026-09-07 15:02:25.652344,-12946.690522364685,4625.86610598795,112.05545457638527,36.504978068292
2026-09-07 15:02:25.751056,-12947.295421232184,4627.359121168624,112.03336168190361,36.55414334153376
2026-09-07 15:02:25.850377,-12947.904291636241,4628.86360555273,111.97778869247958,36.56021843233939
2026-09-07 15:02:25.950812,-12948.518617403726,4630.385813882093,111.94407090957685,36.57864812228603
2026-09-07 15:02:26.039621,-12949.061312227072,4631.7328148749,111.99376212913529,36.5157908328796
2026-09-07 15:02:26.152324,-12949.75031495718,4633.438691162733,112.01898637225423,36.49609478358871
2026-09-07 15:02:26.251891,-12950.359346308476,4634.94465966897,112.03012849897061,36.46825415411484
2026-09-07 15:02:26.351517,-12950.654632359523,4635.674905235359,112.03012849897061,34.35219836516744
2026-09-07 15:02:26.451399,-12951.034098045355,4636.612971529109,112.03012849897061,32.96159648415631
2026-09-07 15:02:26.541703,-12951.393990947017,4637.502567915625,112.03012849897061,31.87006184775881
2026-09-07 15:02:26.639684,-12952.033914290334,4639.08390796753,112.13977493983919,32.96056966111849
2026-09-07 15:02:26.754268,-12952.670202112804,4640.647780574892,112.34493680233061,33.04267123480317
2026-09-07 15:02:26.854168,-12953.23122193694,4642.012638215783,112.35611619368484,33.07235083562189
2026-09-07 15:02:26.953688,-12953.790875276212,4643.373416313613,112.24474752225626,33.08365575240786
2026-09-07 15:02:27.053775,-12954.351247494456,4644.743506844292,112.22234688677145,33.032931072429555
2026-09-07 15:02:27.138394,-12954.823838072396,4645.900264831817,112.27916303794274,33.059549600693245
2026-09-07 15:02:27.239662,-12955.391241370933,4647.285171412028,112.21116816685213,33.103793753901016
2026-09-07 15:02:27.354687,-12956.03471775031,4648.861084000123,112.1210643987477,33.101783569549504
2026-09-07 15:02:27.454726,-12956.592169037356,4650.232474376674,112.1210643987477,33.086923121169605
2026-09-07 15:02:27.554657,-12957.148768524195,4651.601769232716,112.08751581744383,33.1227243340784
2026-09-07 15:02:27.654257,-12957.703324588232,4652.968330256086,111.99834926057662,33.14448203473158
2026-09-07 15:02:27.750312,-12958.236440989553,4654.287949112998,111.94460369318278,33.08321082053655
2026-09-07 15:02:27.854434,-12958.9577448991,4656.075086335714,112.03781855497118,34.10110809883024
2026-09-07 15:02:27.953695,-12959.525521869664,4657.477717404278,112.12668162325627,34.09156729466562
2026-09-07 15:02:28.054168,-12960.179478310616,4659.086216070823,112.13792513664504,34.66371906440785
2026-09-07 15:02:28.154445,-12960.765045790064,4660.525560986718,112.22769777542993,34.654956827667284
2026-09-07 15:02:28.255355,-12961.362394921318,4661.9873726973265,112.21640535919818,34.720466381573246
2026-09-07 15:02:28.353347,-12961.937485138735,4663.395435661894,112.11771248374032,34.73930404151419
2026-09-07 15:02:28.454337,-12962.55299871817,4664.9098624538365,112.20812343331892,34.98598264725328
2026-09-07 15:02:28.554126,-12963.142904729213,4666.35479736694,112.29745919178498,34.97203129502529
2026-09-07 15:02:28.653269,-12963.730994932392,4667.7888905887785,112.11994433340163,34.993689163658416
2026-09-07 15:02:28.748654,-12964.292863986135,4669.17122661207,112.10927019682191,34.98868830034081
2026-09-07 15:02:28.854623,-12964.916703225696,4670.70684458665,112.20413857899717,34.9470200753917
2026-09-07 15:02:28.954608,-12965.507009070612,4672.153046288809,112.12581625555521,34.99944040550758
2026-09-07 15:02:29.055533,-12966.101759334391,4673.615848394748,111.9225225488122,35.01090492245517
2026-09-07 15:02:29.162906,-12966.729187264733,4675.174853289608,111.874459894643,35.00527554994376
2026-09-07 15:02:29.364358,-12967.903717477408,4678.100356501343,111.76174163903289,35.00527554994376
2026-09-07 15:02:29.585465,-12969.186523309392,4681.313821194647,111.44008055901259,35.123129997742055
2026-09-07 15:02:29.682420,-12969.742978836885,4682.730809744507,111.2664832995535,35.091783748315265
2026-09-07 15:02:29.782348,-12970.311561933451,4684.191674446977,111.27766582427063,34.9992272936356
2026-09-07 15:02:29.883116,-12970.86480163296,4685.613581241551,111.23255972184893,34.867682266591906
2026-09-07 15:02:29.976829,-12971.393810539723,4686.975152167445,111.13817645140051,34.81281816221926
2026-09-07 15:02:30.078597,-12971.96495325139,4688.452371728583,111.14956488282536,34.732785474987686
2026-09-07 15:02:30.177340,-12972.51812927915,4689.882276696993,111.07221546857693,34.71121498667848
2026-09-07 15:02:30.283042,-12973.072434960979,4691.3232123476155,110.95392877939543,34.43487456534534
2026-09-07 15:02:30.382118,-12973.617855751207,4692.747504172352,110.86523133172295,34.387259454001835
2026-09-07 15:02:30.482594,-12974.167985185706,4694.190778130228,110.77528053887369,34.389015379086835
2026-09-07 15:02:30.582735,-12974.714049329752,4695.63017253836,110.69683601427693,34.37063963775217
2026-09-07 15:02:30.674710,-12975.21350716807,4696.952170132939,110.67625093880542,34.36581755457729
2026-09-07 15:02:30.781966,-12975.795310867068,4698.493801180831,110.76026893273541,34.38831050822797
2026-09-07 15:02:30.881763,-12976.283237517253,4699.78407884118,110.77143679779022,33.982843026278296
2026-09-07 15:02:30.982238,-12976.824556071799,4701.211252830814,110.6927306373878,34.0372761621554
2026-09-07 15:02:31.090356,-12977.405871499937,4702.7502499648235,110.60803740374371,34.06656305832241
2026-09-07 15:02:31.175330,-12977.861352285345,4703.961521007224,110.6555828292158,34.0561679804211
2026-09-07 15:02:31.277049,-12978.40762652725,4705.410590202011,112.20366376260574,34.08727681750783
2026-09-07 15:02:31.381889,-12979.011356288582,4706.889714449989,112.23886038091126,34.16697710998724
2026-09-07 15:02:31.490363,-12979.638415458476,4708.423301950191,112.0324995594712,34.15844646605717
2026-09-07 15:02:31.588411,-12980.200068186774,4709.811174176164,111.96666670881069,34.11989286906361
2026-09-07 15:02:31.688577,-12980.771578282976,4711.228084065608,112.00029418371713,34.092760002737336
2026-09-07 15:02:31.788736,-12981.343424775552,4712.64343287879,112.05633605852427,34.13214366911786
2026-09-07 15:02:31.888722,-12981.916326301289,4714.05740951316,112.07871408903367,34.18893292804882
2026-09-07 15:02:31.988755,-12982.491004165766,4715.474180153961,111.98915989040808,34.25886025558104
2026-09-07 15:02:32.088559,-12983.063324576724,4716.891494853404,111.87747340645251,34.22920917570004
2026-09-07 15:02:32.189910,-12983.641208885741,4718.330661970435,111.90015693984867,34.24072208387101
2026-09-07 15:02:32.276654,-12984.136460967284,4719.562630470674,111.86132830626991,34.258155437150364
2026-09-07 15:02:32.389842,-12984.781930081417,4721.171422126966,111.73466434745109,34.297717053560525
2026-09-07 15:02:32.490717,-12985.354672307372,4722.608129024557,111.58791385358586,34.30917589078706
2026-09-07 15:02:32.592338,-12985.928132748157,4724.057417884825,111.49693800343118,34.24701815951581
2026-09-07 15:02:32.690306,-12986.477762075272,4725.452951925165,111.43115886756391,34.227329065698704
2026-09-07 15:02:32.791531,-12987.04368278957,4726.894702938456,111.60107386603687,34.21936849973984
2026-09-07 15:02:32.892517,-12987.612398057929,4728.3310350872725,111.56717110281471,34.29437410955664
2026-09-07 15:02:32.992591,-12988.176368428063,4729.757849616433,111.4327847472133,34.286504060875316
2026-09-07 15:02:33.091124,-12988.72086621161,4731.14509430211,111.45483757941156,34.211403214993496
2026-09-07 15:02:33.191930,-12989.284775227048,4732.579976494958,111.4322760233585,34.21492659936626
2026-09-07 15:02:33.292487,-12989.846785544116,4734.011683225329,111.48854059074614,34.25358809358378
2026-09-07 15:02:33.377133,-12990.3215888721,4735.217749026367,111.39381679088939,34.29722682347931
2026-09-07 15:02:33.484362,-12990.921302980625,4736.748525319009,111.34581859447218,34.33002079011261
2026-09-07 15:02:33.576549,-12991.436278935855,4738.06625574323,111.34581859447218,34.295382871456
2026-09-07 15:02:33.682647,-12992.028366659119,4739.58130124939,111.40518351258527,34.308362100104446
2026-09-07 15:02:33.790203,-12992.63040962643,4741.117124823535,111.46536422412146,34.33843659008297
2026-09-07 15:02:33.891844,-12993.251925122058,4742.697305334058,111.38574468842143,34.63916830329392
2026-09-07 15:02:33.991497,-12993.814622159784,4744.134191174892,111.29653068348682,34.67486992010953
2026-09-07 15:02:34.091787,-12994.379245069938,4745.582633191788,111.21796944112043,34.68976765367364
2026-09-07 15:02:34.192274,-12994.94322881012,4747.035318593357,111.18423420090988,34.63444995803958
2026-09-07 15:02:34.292077,-12995.501632119607,4748.476144072659,111.2400768833586,34.63706620357969
2026-09-07 15:02:34.392309,-12996.063888230716,4749.922724890853,111.20642725109985,34.70713264058757
2026-09-07 15:02:34.491897,-12996.686207702074,4751.524879037502,111.05040457675989,35.09409874894996
2026-09-07 15:02:34.591896,-12997.249714670563,4752.989013695092,111.06159504679022,35.06613732491632
2026-09-07 15:02:34.692441,-12997.816134271443,4754.45985908105,111.08409818800556,35.12763690758789
2026-09-07 15:02:34.792587,-12998.381871915846,4755.927214878969,111.0056497467051,35.14426340843234
2026-09-07 15:02:34.892849,-12999.003152316707,4757.543029997851,110.96077014166184,35.59208547666997
2026-09-07 15:02:34.993218,-12999.57443774099,4759.034330564882,110.89337889056094,35.59120844909694
2026-09-07 15:02:35.100429,-13000.182777761167,4760.627968171541,111.00135670375698,35.57715625123713
2026-09-07 15:02:35.193040,-13000.710658893895,4762.003048215331,111.01172041359388,35.582820916661355
2026-09-07 15:02:35.300915,-13001.325932227926,4763.604910562541,110.98757673306659,35.57150953373142
2026-09-07 15:02:35.400061,-13001.890619042451,4765.076923919124,110.99867174743298,35.55418271454298
2026-09-07 15:02:35.501111,-13002.54527831057,4766.781020861291,111.03259599657235,36.14795516018471
2026-09-07 15:02:35.599755,-13003.117379771913,4768.268865581939,111.03259599657235,36.132439979775796
2026-09-07 15:02:35.689528,-13003.637808996333,4769.622328081765,111.12301108666622,36.19519513032161
2026-09-07 15:02:35.790773,-13004.228174936812,4771.150469554101,111.13434099134747,36.26420033329561
2026-09-07 15:02:35.890207,-13004.873279198448,4772.819456146839,111.12321374810512,36.72046149562718
2026-09-07 15:02:35.989883,-13005.462936248596,4774.345746621571,111.21244834371055,36.64991275418346
2026-09-07 15:02:36.099743,-13006.114204702897,4776.023735528047,111.21244834371055,36.65759243609112
2026-09-07 15:02:36.189928,-13006.64894849412,4777.401499403375,111.18217166475318,36.65601635718879
2026-09-07 15:02:36.289999,-13007.241477011035,4778.930540129237,111.13737755575585,36.65251866263125
2026-09-07 15:02:36.390273,-13007.833952950852,4780.463000078189,111.0700500909719,36.61308977693311
2026-09-07 15:02:36.490771,-13008.425310369104,4781.997927088992,110.99132591373251,36.63592180119268
2026-09-07 15:02:36.590201,-13009.008659815068,4783.518292279414,110.98019911811338,36.64808531704138
2026-09-07 15:02:36.689747,-13009.682843015817,4785.274918437563,110.89108090456011,37.349676387965246
2026-09-07 15:02:36.796845,-13010.320499643301,4786.945556383112,110.84314134679221,37.39272437444296
2026-09-07 15:02:36.888541,-13010.865884336617,4788.378041628964,110.82261871476788,37.34144484688391
2026-09-07 15:02:36.988342,-13011.458103766256,4789.935218206217,110.83378702744602,37.352781683702204
2026-09-07 15:02:37.097690,-13012.10750477439,4791.641746292455,110.67471021948393,37.43208705206968
2026-09-07 15:02:37.188745,-13012.645458718907,4793.067302743883,110.5116768693726,37.44481731669924
2026-09-07 15:02:37.297009,-13013.360740495511,4794.9747515695035,110.53590761262734,37.96572507107729
2026-09-07 15:02:37.396217,-13013.95140019926,4796.551529540706,110.5470095651545,37.9804620772736
2026-09-07 15:02:37.496576,-13014.549453782967,4798.147104412053,110.47962502840267,38.02080132613836
2026-09-07 15:02:37.585207,-13015.07652014928,4799.55833713041,110.48954335307843,38.02312470778485
2026-09-07 15:02:37.706218,-13015.859762140912,4801.652040568455,110.4082923424379,38.54337544162444
2026-09-07 15:02:37.795550,-13016.396503076094,4803.094654354846,110.41828911309307,38.54103368389583
2026-09-07 15:02:37.896868,-13017.00550896021,4804.730623249926,110.39561296548095,38.52244196461456
2026-09-07 15:02:38.004871,-13017.653694211289,4806.473949422098,110.35935447285544,38.55075397598379
2026-09-07 15:02:38.083683,-13018.12623014874,4807.747324464981,110.27997877993573,38.57003650662982
2026-09-07 15:02:38.185006,-13018.73177027771,4809.386071780678,110.18926971325448,38.58685841609262
2026-09-07 15:02:38.285703,-13019.404516583356,4811.212070655316,110.1329268117932,39.208157562460116
2026-09-07 15:02:38.406637,-13020.13411056366,4813.20223528933,110.15999324851055,39.21555463892419
2026-09-07 15:02:38.503908,-13020.721812812719,4814.803011522505,110.23618958519637,39.254652667763885
2026-09-07 15:02:38.595904,-13021.28021307604,4816.317745929772,110.22589469743838,39.26349517206999
2026-09-07 15:02:38.707289,-13021.956123993541,4818.152259092697,110.28821784588621,39.27225474371067
2026-09-07 15:02:38.784543,-13022.426408446481,4819.424407074212,110.33144370673097,39.32963381982802
2026-09-07 15:02:38.907634,-13023.240955787875,4821.622381643094,110.23502151225381,39.9340585705816
2026-09-07 15:02:39.003975,-13023.835817632309,4823.236124270965,110.18111591953829,39.960155324717135
2026-09-07 15:02:39.104498,-13024.45532156612,4824.921600684921,110.18111591953829,39.977722789317625
2026-09-07 15:02:39.203508,-13025.065769421573,4826.58243834254,110.18111591953829,39.93706061772783
2026-09-07 15:02:39.292496,-13025.671404241404,4828.229196038575,110.23090729480504,40.44149824391256
2026-09-07 15:02:39.406793,-13026.385964686999,4830.16808631729,110.33323129028946,40.47345763233418
2026-09-07 15:02:39.504041,-13026.99736638277,4831.8179783406,110.34411390741076,40.520194221901114
2026-09-07 15:02:39.604489,-13027.629939890772,4833.524008767136,110.27666961295142,40.53072683643225
2026-09-07 15:02:39.704294,-13028.313704170181,4835.374601965757,110.26550085265006,40.993699829317954
2026-09-07 15:02:39.789352,-13028.853612490542,4836.836869109839,110.24646388228354,40.99221335019975
2026-09-07 15:02:39.905990,-13029.593282753316,4838.842214215167,110.23341141132477,40.960618564917674
2026-09-07 15:02:40.004550,-13030.217442281637,4840.535582301693,110.1231170357621,40.974398092476726
2026-09-07 15:02:40.104019,-13030.908047293331,4842.419124887517,110.07859239597786,41.576045321635085
2026-09-07 15:02:40.205065,-13031.552800656089,4844.183038115597,110.19166875020989,41.568098832646406
2026-09-07 15:02:40.552291,-13033.840841052963,4850.404295589085,109.80310264987384,42.18023822482588
2026-09-07 15:02:40.640217,-13034.4025377409,4851.964203114666,109.74406606343473,42.16256731939796
2026-09-07 15:02:40.749287,-13035.09702315334,4853.899135273226,109.62201038625722,42.181628463255336
2026-09-07 15:02:40.839364,-13035.6674260385,4855.499067499567,109.55144940282287,42.134402718635165
2026-09-07 15:02:40.951043,-13036.37138882132,4857.481338366913,109.46396669281955,42.16367836021645
2026-09-07 15:02:41.048831,-13037.050278178398,4859.398057948935,109.31076404512748,42.8156777753189
2026-09-07 15:02:41.148320,-13037.679998290461,4861.195173917697,109.25509705481522,42.806115056169055
2026-09-07 15:02:41.248582,-13038.312709902179,4863.006464026337,109.36729606742347,42.76581479640482
2026-09-07 15:02:41.328424,-13038.818905992235,4864.446508763051,109.45664391171806,42.73093169729736
2026-09-07 15:02:41.452536,-13039.669202124227,4866.851612371435,109.53997704203357,43.398922540042065
2026-09-07 15:02:41.548822,-13040.293998483656,4868.6120782198095,109.52920207831056,43.35685503070285
2026-09-07 15:02:41.648605,-13040.940516351142,4870.434835403353,109.59619986855063,43.40393801334982
2026-09-07 15:02:41.748512,-13041.590676527885,4872.261080583143,109.68564126611022,43.44584156224924
2026-09-07 15:02:41.847225,-13042.28949035078,4874.2148060258205,109.74087406184333,44.056167274877176
2026-09-07 15:02:41.948484,-13042.963092861586,4876.091884423831,109.77486847593156,44.06324571025209
2026-09-07 15:02:42.048559,-13043.630026777457,4877.946917228294,109.81966437542195,44.050128831379396
2026-09-07 15:02:42.148155,-13044.29501364623,4879.79200216957,109.8642458633625,44.05360992367539
2026-09-07 15:02:42.248672,-13045.025900537328,4881.81636383113,109.87549430060722,44.685048935863335
2026-09-07 15:02:42.334524,-13045.608954870728,4883.429188609993,109.92353099262635,44.6587927213747
2026-09-07 15:02:42.450678,-13046.39916646293,4885.609326073478,110.02751746096328,44.657777763960375
2026-09-07 15:02:42.548935,-13047.070953028971,4887.452290005525,110.08249511142833,44.6552020454145
2026-09-07 15:02:42.650104,-13047.764429531704,4889.349099066168,110.07117371158938,44.586248641496496
2026-09-07 15:02:42.749913,-13048.44715810391,4891.217654996713,110.14935816706196,44.52868777935329
2026-09-07 15:02:42.848097,-13049.201347070397,4893.275979125088,110.29219385964836,45.25871626051713
2026-09-07 15:02:42.948864,-13049.908406447186,4895.188209619728,110.33729951444673,45.27632636671568
2026-09-07 15:02:43.049150,-13050.613863125147,4897.091498015351,110.3036317534453,45.33153341264558
2026-09-07 15:02:43.149506,-13051.319552338686,4898.998852282541,110.33732301466881,45.23156521908348
2026-09-07 15:02:43.250702,-13052.030707393395,4900.917512211402,110.47321607022207,45.21653290234448
2026-09-07 15:02:43.343143,-13052.684274502335,4902.668051067978,110.39045858344127,45.25045850533862
2026-09-07 15:02:43.452076,-13053.530998304133,4904.948521193382,110.39045858344127,45.96817482204219
2026-09-07 15:02:43.551528,-13054.243056031577,4906.864163093382,110.41271709853555,45.8960465938635
2026-09-07 15:02:43.651680,-13054.959748686091,4908.7899831248205,110.24460322422522,45.896921725283505
2026-09-07 15:02:43.751376,-13055.667563716252,4910.709156385744,110.08841134828629,45.742728728012565
2026-09-07 15:02:43.849110,-13056.354003768509,4912.586118228499,109.98997831814097,45.64878841366709
2026-09-07 15:02:43.947376,-13057.03952646616,4914.470601883359,109.94599216915947,45.60929044508486
2026-09-07 15:02:44.048609,-13057.74364714476,4916.410846132194,109.85536367466813,45.59425263212349
2026-09-07 15:02:44.147992,-13058.431659539056,4918.3160956824495,109.75526985025772,45.57254233529602
2026-09-07 15:02:44.248995,-13059.127171867729,4920.252697889098,109.66484726247398,45.57519003775274
2026-09-07 15:02:44.332984,-13059.703016114277,4921.864082946347,109.65544840461166,45.55317307967852
2026-09-07 15:02:44.438988,-13060.42911473568,4923.8969771289785,109.56054868880693,45.55965694437743
2026-09-07 15:02:44.541696,-13061.129472946512,4925.868105267476,109.6754849177567,45.45285851051245
2026-09-07 15:02:44.645518,-13061.839754100562,4927.854521255304,109.80328606351196,45.409312910566136
2026-09-07 15:02:44.747528,-13062.541317716126,4929.802838552945,109.97451875300789,45.44853304467047
2026-09-07 15:02:44.848720,-13063.24363457069,4931.735111620376,109.84995504260678,45.58116589072451
2026-09-07 15:02:44.948507,-13063.934064976247,4933.647622270105,109.73828758264051,45.55587957161716
2026-09-07 15:02:45.049026,-13064.625420298005,4935.574444711187,109.72703892158415,45.587499749621365
2026-09-07 15:02:45.148845,-13065.312061720046,4937.4893119651,109.70469826761848,45.62587750245109
2026-09-07 15:02:45.248478,-13065.997254714512,4939.4024874457955,109.64895070511625,45.59540662910922
2026-09-07 15:02:45.349643,-13066.690629727209,4941.344458951107,109.61498784846913,45.49374857872503
2026-09-07 15:02:45.449014,-13067.369062012347,4943.248142196263,109.62610804164495,45.499826727842
2026-09-07 15:02:45.541521,-13068.001060308745,4945.020443658126,109.57434768348662,45.49740174035486
2026-09-07 15:02:45.648814,-13068.732178779494,4947.076575443951,109.55033426133309,45.45427537372659
2026-09-07 15:02:45.748146,-13069.407610507142,4948.9786238275665,109.60591340557716,45.4915979217648
2026-09-07 15:02:45.848534,-13070.372217753296,4951.679392904272,109.68455141533553,46.77989484445701
2026-09-07 15:02:45.948403,-13071.075714006929,4953.645852255087,109.63984772624036,46.744988502183396
2026-09-07 15:02:46.041483,-13071.718456132294,4955.447123068385,109.58776675790949,46.6571826463858
2026-09-07 15:02:46.150114,-13072.47806146894,4957.581784824837,109.59992319897259,46.68091317630202
2026-09-07 15:02:46.250308,-13073.179445116606,4959.5515072968665,109.52143715731683,46.681788674719385
2026-09-07 15:02:46.349768,-13073.873024493936,4961.507788598941,109.42126578217363,46.6200836609063
2026-09-07 15:02:46.449984,-13074.606545856735,4963.586613971161,109.44369528935982,46.91763914973027
2026-09-07 15:02:46.540610,-13075.239283280553,4965.379005134645,109.4842615965016,46.97069597560155
2026-09-07 15:02:46.647210,-13075.985884706475,4967.489184452752,109.53197823787741,46.92225931445266
2026-09-07 15:02:46.746588,-13076.682823585863,4969.453793738403,109.64318800304244,46.87189395984234
2026-09-07 15:02:46.846783,-13077.388577023346,4971.43106211139,109.7440996351807,46.88765308863953
2026-09-07 15:02:46.947128,-13078.099112404536,4973.410708048764,109.65426611963017,46.842058559906086
2026-09-07 15:02:47.040763,-13078.758595733432,4975.257216390978,109.58091800985869,46.75942180795156
2026-09-07 15:02:47.141652,-13079.465373297899,4977.244172163817,109.61478820848737,46.75854023660168
2026-09-07 15:02:47.242238,-13080.171185820771,4979.224706270313,109.7386059546966,46.82270166860441
2026-09-07 15:02:47.344229,-13080.892183321104,4981.234106988187,109.71577918185164,46.94212255725532
2026-09-07 15:02:47.446307,-13081.690911109778,4983.463604632579,109.73862542630917,47.43901787061578
2026-09-07 15:02:47.546863,-13082.411121744775,4985.470810231985,109.77238383102429,47.31864123345803
2026-09-07 15:02:47.647479,-13083.122326418923,4987.449119855097,109.79490286286608,47.28368264931005
2026-09-07 15:02:47.746432,-13083.830668643257,4989.417165393715,109.51806744928416,47.182518070567106
2026-09-07 15:02:47.839034,-13084.483242483995,4991.258131942044,109.43516582780802,47.0214953747513
2026-09-07 15:02:47.940332,-13085.191756880706,4993.266133089332,109.49184500625637,46.93917687067448
2026-09-07 15:02:48.040756,-13085.931364421382,4995.354908185163,109.54803515627418,47.408670796463085
2026-09-07 15:02:48.153570,-13086.73136304129,4997.608029659741,109.35866700969245,47.42641469941361
2026-09-07 15:02:48.245778,-13087.379390498565,4999.452449175299,109.36898562148417,47.31683725667918
2026-09-07 15:02:48.353577,-13088.13562676216,5001.603614378329,109.30866894437742,47.346979693597575
2026-09-07 15:02:48.446161,-13088.783593290305,5003.453019256845,109.32939032113694,47.364777737396786
2026-09-07 15:02:48.541896,-13089.45455637756,5005.365843035171,109.36153023198659,47.29534528832903
2026-09-07 15:02:48.642919,-13090.162673243274,5007.38096737172,110.89901860813899,47.23443607333988
2026-09-07 15:02:48.754009,-13090.999450711368,5009.5723835798835,110.94874507803053,47.23928961343137
2026-09-07 15:02:48.853475,-13091.750451011816,5011.5340495913715,111.04892249608798,47.24885012185903
2026-09-07 15:02:48.952899,-13092.50471404915,5013.493968346854,111.18243598629834,47.28012584662638
2026-09-07 15:02:49.053103,-13093.270001520785,5015.468792605267,111.05908846834211,47.27049440285178
2026-09-07 15:02:49.141437,-13093.940748255845,5017.210775846202,111.08874373428455,47.2087451745948
2026-09-07 15:02:49.241773,-13094.702657241718,5019.186464711686,111.13365646345034,47.16666169213238
2026-09-07 15:02:49.341781,-13095.462940584624,5021.153344216761,111.05531612317145,47.185886901285926
2026-09-07 15:02:49.455074,-13096.321521948239,5023.383586982832,110.8651439332777,47.152228332561656
2026-09-07 15:02:49.554879,-13097.070825450004,5025.349406514517,110.84280641267497,47.113855962359885
2026-09-07 15:02:49.656321,-13097.831020837468,5027.346139891687,110.79739861216433,47.102332717096594
2026-09-07 15:02:49.754517,-13098.565179407642,5029.279090334448,110.88530824286852,47.08860407983819
2026-09-07 15:02:49.855207,-13099.32080415743,5031.259399479052,110.88530824286852,47.10356123202256
2026-09-07 15:02:49.941007,-13099.964891920476,5032.947397241753,110.9429173586758,47.160540193636734
2026-09-07 15:02:50.041276,-13100.720492274346,5034.921680303152,110.95413804327734,47.21135711228495
2026-09-07 15:02:50.141605,-13101.477746714898,5036.899125118377,110.94291064432662,47.20697372202625
2026-09-07 15:02:50.241513,-13102.432062740414,5039.400736716811,111.08825437013661,48.15136459764386
2026-09-07 15:02:50.341515,-13103.206580752101,5041.409172857443,111.1330175931277,48.1251499761894
2026-09-07 15:02:50.455846,-13104.093387857281,5043.70344981505,110.96669163809332,48.04023259778087
2026-09-07 15:02:50.556379,-13104.865945696234,5045.719534159604,111.03419300452049,48.01563570069112
2026-09-07 15:02:50.656418,-13105.636675498828,5047.723778052628,111.13494752088843,48.05934290180847
2026-09-07 15:02:50.755950,-13106.407705841824,5049.718326777114,111.07925647082499,48.084564603166285
2026-09-07 15:02:50.856007,-13107.151180806339,5051.646061198516,111.10165039196073,47.9181961682659
2026-09-07 15:02:50.947540,-13107.857101008376,5053.475339274542,111.21432422096046,47.899000528613975
2026-09-07 15:02:51.055557,-13108.73223142597,5055.731693735961,111.15388556651067,48.203511114422724
2026-09-07 15:02:51.156341,-13109.515971999537,5057.75713118884,110.96215419283567,48.188539998862595
2026-09-07 15:02:51.255690,-13110.281629892708,5059.755682944673,110.83985914911051,48.199825491002564
2026-09-07 15:02:51.355568,-13111.047253644168,5061.766985625196,110.78397450197957,48.18935264461298
2026-09-07 15:02:51.455660,-13111.812385213598,5063.782907045284,110.69436748380735,48.19722410885555
2026-09-07 15:02:51.556334,-13112.578918897038,5065.812082840092,110.69436748380735,48.19898349420138
2026-09-07 15:02:51.658064,-13113.35352125881,5067.862618122581,110.79682509484013,48.21942865500914
2026-09-07 15:02:51.766210,-13114.181224650849,5070.041926451583,110.85733592854342,48.29880724808805
2026-09-07 15:02:51.853844,-13114.854909811136,5071.810083027295,110.9063697014131,48.271240293788665
2026-09-07 15:02:51.956010,-13115.641624067955,5073.869596965578,111.04356534070371,48.23374564146449
2026-09-07 15:02:52.057663,-13116.428680749874,5075.915299143803,111.04356534070371,48.19643925878621
2026-09-07 15:02:52.163859,-13117.250276026933,5078.050773356158,111.06733324148956,48.15932149527511
2026-09-07 15:02:52.257156,-13117.972298694818,5079.925119949516,111.16129753655031,48.134864529036065
2026-09-07 15:02:52.354379,-13118.727523075771,5081.876112451745,111.24833609235657,48.21047338639503
2026-09-07 15:02:52.465266,-13119.593626492375,5084.10348518059,111.2111093905819,48.203690847010975
2026-09-07 15:02:52.564411,-13120.366613977087,5086.095220358918,111.24439409796378,48.148245584842044
2026-09-07 15:02:52.664324,-13121.145857745765,5088.0996229335715,111.23321325183389,48.15086471393284
2026-09-07 15:02:52.753121,-13121.838095365176,5089.8812541271245,111.23321325183389,48.17491795686132
2026-09-07 15:02:52.854387,-13122.627932325098,5091.914079454962,111.17655197831658,48.20323365568022
2026-09-07 15:02:52.954492,-13123.407184022502,5093.925551472971,111.24376597059967,48.127132951954046
2026-09-07 15:02:56.788928,-13145.70996048398,5151.286823485488,111.24376597059967,43.98572768830955
2026-09-07 15:02:56.917139,-13146.08575136208,5152.249480938405,111.24376597059967,41.79891051375991
2026-09-07 15:02:57.006747,-13147.29334109904,5155.360012834939,111.21368300061562,44.458318735622306
2026-09-07 15:02:57.115623,-13148.076332164206,5157.3772553148,111.1162121367052,44.47163780382649
2026-09-07 15:02:57.213674,-13148.778593111403,5159.195674951238,111.2478818666358,44.46478362131486
2026-09-07 15:02:57.313730,-13149.499365576758,5161.049341133961,111.31506295860805,44.52423551599989
2026-09-07 15:02:57.413603,-13150.221953628406,5162.901244944289,111.18094651984302,44.642049139710856
2026-09-07 15:02:57.503488,-13150.870085130437,5164.573877286593,111.09041862868321,44.69388673044659
2026-09-07 15:02:57.615510,-13152.03324261938,5167.585017026115,111.10295454237979,47.19603188922653
2026-09-07 15:02:57.714953,-13152.788652692661,5169.542407454539,111.15859579435363,47.1995076338467
2026-09-07 15:02:57.815062,-13153.55109136113,5171.512312746068,111.24821803171727,47.22662506006975
2026-09-07 15:02:57.914867,-13154.314724259877,5173.476172300327,111.32639935382684,47.26761372823982
2026-09-07 15:02:58.022867,-13155.14467783876,5175.601998493371,111.43517181024623,47.32612359312887
2026-09-07 15:02:58.112685,-13155.839120820687,5177.370811172439,111.37486486894568,47.410100680609865
2026-09-07 15:02:58.223679,-13156.696507101906,5179.56143142389,111.39970661797412,47.43822688645833
2026-09-07 15:02:58.321994,-13157.457245211792,5181.50263554508,111.4217106592352,47.4493949219669
2026-09-07 15:02:58.422111,-13158.232868438756,5183.47958734091,111.3993033094012,47.494885852588325
2026-09-07 15:02:58.513811,-13158.943255961434,5185.2923475310545,111.41982683667209,47.495687130158565
2026-09-07 15:02:58.624052,-13159.79807310187,5187.471363911009,111.48150988383321,47.5303655495953
2026-09-07 15:02:58.722204,-13160.561796608987,5189.412025347058,111.49249366381514,47.625565294025336
2026-09-07 15:02:58.821256,-13161.334442928734,5191.374256141718,111.40381770205994,47.67057231241294
2026-09-07 15:02:58.907596,-13162.00591640055,5193.087318492095,111.41347965050363,47.66981787069632
2026-09-07 15:02:59.023434,-13163.210382293877,5196.161173913987,111.3875537578972,49.396961726923166
2026-09-07 15:02:59.121554,-13164.000532370765,5198.178689222209,111.43147455388021,49.42782725349797
2026-09-07 15:02:59.222154,-13164.812746222702,5200.247868075257,111.5102786318746,49.439254852258706
2026-09-07 15:02:59.320811,-13165.612247891167,5202.276454011003,111.5102786318746,49.480634119214685
2026-09-07 15:02:59.422181,-13166.434422870389,5204.362569231714,111.5102786318746,49.47797679618431
2026-09-07 15:02:59.521969,-13167.243723361202,5206.416017846282,111.58844663719174,49.48059264851296
2026-09-07 15:02:59.622039,-13168.058162642656,5208.474269144222,111.66683554459632,49.48758796772377
2026-09-07 15:02:59.721977,-13168.874454511875,5210.528981170521,111.61091732571958,49.47448904550764
2026-09-07 15:02:59.821192,-13169.682635765623,5212.569078205011,111.56650638224784,49.542977612316534
2026-09-07 15:02:59.921534,-13170.499527041477,5214.6358390835885,111.55527752852146,49.52719536268563
2026-09-07 15:03:00.021506,-13171.472054516265,5217.099513527183,111.46577793993583,50.46307276873905
2026-09-07 15:03:00.122383,-13172.304831220166,5219.217349042048,111.39804559989744,50.47453183315443
2026-09-07 15:03:00.222586,-13173.12974362945,5221.322488786033,111.37561900226251,50.46752721667716
2026-09-07 15:03:00.319170,-13173.923958415327,5223.351627300156,111.36481069060534,50.49875351913331
2026-09-07 15:03:00.423183,-13174.779378939007,5225.53835556655,111.31825205064837,50.43604156068161
2026-09-07 15:03:00.523996,-13175.605732092732,5227.655848444843,111.34081517338296,50.47744420187423
2026-09-07 15:03:00.623286,-13176.520955550803,5229.997217146185,111.18525937012134,51.09429374341767
2026-09-07 15:03:00.724593,-13177.35718989037,5232.154804224964,111.2192698986475,51.10934254882379
2026-09-07 15:03:00.821286,-13178.156795864092,5234.214256833918,111.28419295499657,51.178624887233106
2026-09-07 15:03:00.923910,-13179.009078408488,5236.402031740595,111.23825606377193,51.232428797397745
2026-09-07 15:03:01.023837,-13179.904618147288,5238.70522011245,111.20470882533795,51.70453632187924
2026-09-07 15:03:01.125573,-13180.755167718213,5240.897533400087,111.26163307753075,51.607638323377984
2026-09-07 15:03:01.220491,-13181.54925711794,5242.938304179038,111.3147424603415,51.706336513836334
2026-09-07 15:03:01.321200,-13182.395416228846,5245.106941154571,111.22458307504485,51.71689649588492
2026-09-07 15:03:01.421636,-13183.236048922912,5247.271466611647,111.11218934631097,51.70724275265165
2026-09-07 15:03:01.519675,-13184.05232046396,5249.385544523565,111.0902470770622,51.69953274103356
2026-09-07 15:03:01.622012,-13184.978046182809,5251.78400947096,110.96427391286619,52.266786899258314
2026-09-07 15:03:01.722455,-13185.817728313003,5253.975539639706,110.9080731317955,52.28609573138184
2026-09-07 15:03:01.822464,-13186.651949605966,5256.159225960196,110.98641425541524,52.259005393059205
2026-09-07 15:03:01.920460,-13187.471879409399,5258.296730897813,110.93158264204442,52.27955640639135
2026-09-07 15:03:02.021591,-13188.316260192441,5260.504293521226,110.86367975753734,52.224767877260845
2026-09-07 15:03:02.122052,-13189.151571074352,5262.6959241970235,110.89740626909395,52.168586663051826
2026-09-07 15:03:02.218326,-13190.029435768522,5264.993148291172,110.88663264824072,52.85126371163241
2026-09-07 15:03:02.321141,-13190.895484204397,5267.262693620103,110.86362145460532,52.84856850923162
2026-09-07 15:03:02.421800,-13191.74243621674,5269.484874280132,110.89741443821868,52.864400618075344
2026-09-07 15:03:02.521971,-13192.586839187317,5271.69644653337,110.80773669556856,52.944052685353995
2026-09-07 15:03:02.621213,-13193.421235948172,5273.892118342147,110.64115033569249,52.93451370743815
2026-09-07 15:03:02.713794,-13194.19353118579,5275.94230443277,110.61006927770563,52.87788540306382
2026-09-07 15:03:02.821677,-13195.169074445383,5278.533027525916,110.81530578137858,53.54684244540135
2026-09-07 15:03:02.921535,-13196.018504440483,5280.767369575313,110.91587800316677,53.599196191710405
2026-09-07 15:03:03.021837,-13196.876487413592,5283.012337909344,110.88220487068594,53.62899522395584
2026-09-07 15:03:03.121813,-13197.730841263747,5285.251756235668,110.78151380491755,53.67704286790269
2026-09-07 15:03:03.216083,-13198.592233073925,5287.520730937538,110.63382274264069,54.15878871249427
2026-09-07 15:03:03.321103,-13199.488249648959,5289.900278350074,110.5515562985953,54.0798692505893
2026-09-07 15:03:03.421764,-13200.342553447199,5292.178964815712,110.61914360869173,54.08778546229574
2026-09-07 15:03:03.522034,-13201.196340764182,5294.448126815416,110.4957148471106,54.08866162480357
2026-09-07 15:03:03.621970,-13202.042423812267,5296.71159477289,110.46216458721949,54.01705561639269
2026-09-07 15:03:03.714154,-13202.820622180148,5298.797178283158,110.49311236537557,54.06055298240021
2026-09-07 15:03:03.823675,-13203.818180185617,5301.464287104761,110.43183217916419,54.73851791102256
2026-09-07 15:03:03.923565,-13204.671481138266,5303.754848278134,110.40947563457212,54.71669685963454
2026-09-07 15:03:04.021948,-13205.510693660057,5306.010280973412,110.4425045252508,54.70036305666109
2026-09-07 15:03:04.130613,-13206.438770991595,5308.500150536044,110.40602378766806,54.699413538371346
2026-09-07 15:03:04.219108,-13207.19327769102,5310.528305228103,110.42582999863686,54.698640266194914
2026-09-07 15:03:04.319864,-13208.053107475589,5312.837131424481,110.45965554684363,54.77083381990376
2026-09-07 15:03:04.419487,-13208.905739920754,5315.122504949028,110.35932000586342,54.80043112593342
2026-09-07 15:03:04.519723,-13209.760052137255,5317.424682996142,110.33688602244433,54.75838958602648
2026-09-07 15:03:04.619590,-13210.609668900914,5319.716959175431,110.42629161014173,54.755771662784156
2026-09-07 15:03:04.719352,-13211.461923754214,5322.005388693449,110.2476684365235,54.75838683354628
2026-09-07 15:03:04.819568,-13212.310926684295,5324.307000261969,110.18037991496476,54.71722937280452
2026-09-07 15:03:04.919653,-13213.155484476503,5326.604868981943,110.18037991496476,54.70148754531145
2026-09-07 15:03:05.020274,-13214.118327745413,5329.2206822140915,110.14659968861486,55.46029248626416
2026-09-07 15:03:05.119828,-13214.968447009185,5331.537900856743,109.82352020233412,55.10015137053627
2026-09-07 15:03:05.312919,-13216.581393269986,5336.012267554196,110.06120827456374,55.53714534234248
2026-09-07 15:03:05.419878,-13217.492295018053,5338.506655175916,110.16893228536156,55.52032234062563
2026-09-07 15:03:05.519875,-13218.348029575396,5340.836371019448,110.12417130048681,55.60245738097437
2026-09-07 15:03:05.619554,-13219.200487544042,5343.162780366025,110.13532596065494,55.53539050951153
2026-09-07 15:03:05.727230,-13220.1207140434,5345.672621475981,110.24377209970504,55.500578083610044
2026-09-07 15:03:05.818603,-13220.90514874373,5347.799636736106,110.16197073624494,55.515748068049355
2026-09-07 15:03:05.926697,-13221.829792027735,5350.317900209881,110.0047182169501,55.495912961711
2026-09-07 15:03:06.018593,-13222.609718971959,5352.460182959821,110.13840628023866,55.44452158733734
2026-09-07 15:03:06.126284,-13223.528702479058,5354.966217044509,110.29507252494585,55.52074319047968
2026-09-07 15:03:06.225955,-13224.386763984956,5357.286471936942,110.33968758463214,55.562547754948184
2026-09-07 15:03:06.315824,-13225.162653265237,5359.379516425615,110.45031308951434,55.56019192024938
2026-09-07 15:03:06.427404,-13226.130960382337,5361.976234082238,110.50025889481174,55.54751705474518
2026-09-07 15:03:06.526028,-13226.988638227956,5364.270166084309,110.53336869339785,55.483745356463146
2026-09-07 15:03:06.627392,-13227.87049302737,5366.624612818182,110.60142802224038,55.53334578371798
2026-09-07 15:03:06.728591,-13228.754493481654,5368.976279944807,110.49950520911824,55.59612967365233
2026-09-07 15:03:06.826770,-13229.609018558765,5371.261871253604,110.34568998897095,55.58840865211343
2026-09-07 15:03:06.928096,-13230.484477021952,5373.622755369916,110.39104586518147,55.53351448017132
2026-09-07 15:03:07.028255,-13231.350843294153,5375.953458879516,110.3462123653357,55.537890443102484
2026-09-07 15:03:07.129483,-13232.224681681097,5378.3099081667115,110.2669163493594,55.54054404373107
2026-09-07 15:03:07.229295,-13233.083121159363,5380.634696214399,110.2892554366436,55.55885941399995
2026-09-07 15:03:07.329361,-13233.944937939086,5382.965833095317,110.23326559804246,55.64192550917599
2026-09-07 15:03:07.428858,-13234.800866545937,5385.288017550472,110.22213130473347,55.63062320506171
2026-09-07 15:03:07.528807,-13235.660055613123,5387.620444514704,110.25568592895155,55.641976853854324
2026-09-07 15:03:07.629832,-13236.53005230893,5389.977953249074,110.17654893114462,55.67375620385656
2026-09-07 15:03:07.729430,-13237.385037133694,5392.3046722351555,110.19884012273815,55.64851777790474
2026-09-07 15:03:07.829166,-13238.241724474354,5394.633225704887,110.23232323913766,55.59622799399279
2026-09-07 15:03:07.929092,-13239.100599264591,5396.963521437696,110.22114093823217,55.606705873489034
2026-09-07 15:03:08.029699,-13239.965032292228,5399.310309160292,110.2549164645377,55.62252980353445
2026-09-07 15:03:08.129673,-13240.825645870731,5401.642488042622,110.26610413692248,55.65659926949387
2026-09-07 15:03:08.221523,-13241.617227940931,5403.786309320723,110.18387574085563,55.64857338674289
2026-09-07 15:03:08.328879,-13242.538713909329,5406.293011497005,110.12380693513876,55.59510281503789
2026-09-07 15:03:08.429741,-13243.636916044272,5409.285009934821,110.12380693513876,56.31876250939472
2026-09-07 15:03:08.529464,-13244.500722047163,5411.642435159761,110.07916859904202,56.32573357182762
2026-09-07 15:03:08.629094,-13245.361993887194,5413.998625136065,110.09031777582493,56.27959335297136
2026-09-07 15:03:08.721524,-13246.16079431349,5416.182593386627,110.10066123070851,56.28928522897798
2026-09-07 15:03:08.821294,-13247.023602756424,5418.5402439595155,108.63806671941035,56.31456724023536
2026-09-07 15:03:08.920698,-13247.82336835422,5420.911486697886,108.6158189472747,56.34149369676051
2026-09-07 15:03:09.022445,-13248.64143326649,5423.340099119975,108.55888854026176,56.313932570728724
2026-09-07 15:03:09.129792,-13249.501555899986,5425.901981159466,108.40272273837883,56.281102516021654
2026-09-07 15:03:09.230250,-13250.299477115223,5428.30024030925,108.43644824278306,56.2179005374515
2026-09-07 15:03:09.330207,-13251.093930308814,5430.683391999425,108.44763401276902,56.28690131024309
2026-09-07 15:03:09.429628,-13251.885556586501,5433.056519348436,108.42538243583556,56.300801212936356
2026-09-07 15:03:09.528507,-13252.672144789849,5435.417597943277,108.45857784237353,56.307713276174546
2026-09-07 15:03:09.637852,-13253.543610190887,5438.028404627374,108.48305052600966,56.39466014998617
2026-09-07 15:03:09.729022,-13254.272276364289,5440.208301121031,108.48305052600966,56.4464421668359
2026-09-07 15:03:09.839008,-13255.15213449467,5442.840507367659,108.60613126049265,56.33784224778503
2026-09-07 15:03:09.937107,-13255.940421789712,5445.182026767061,108.69395405228101,56.31812682627632
2026-09-07 15:03:10.037444,-13256.750079391584,5447.574888522488,108.71641064067552,56.353196744516296
2026-09-07 15:03:10.137091,-13257.555601765542,5449.952459265686,108.83907251167659,56.33491165152965
2026-09-07 15:03:10.237258,-13258.370178033676,5452.339923274687,108.81665397126062,56.37517372609233
2026-09-07 15:03:10.327064,-13259.100180529174,5454.482250151117,108.76640490119274,56.40028501367286
2026-09-07 15:03:10.424421,-13259.889877014664,5456.806434494054,108.78819453090392,56.365405960274394
2026-09-07 15:03:10.527577,-13260.727029650592,5459.267216086813,108.7189319906916,56.41227774467848
2026-09-07 15:03:10.628361,-13261.54270334023,5461.674400781852,108.59487051360776,56.429890821808044
2026-09-07 15:03:10.727247,-13262.33814830533,5464.038717843797,108.62806827016794,56.42729861459504
2026-09-07 15:03:10.827850,-13263.14876124335,5466.443507787615,108.65058439245831,56.43169397595812
2026-09-07 15:03:10.923434,-13263.919891266925,5468.728199872625,108.58640595743123,56.405802277228695
2026-09-07 15:03:11.023043,-13264.720458345775,5471.108905168209,108.60869961095278,56.30396703702368
2026-09-07 15:03:11.125202,-13265.54098593491,5473.545829501296,108.59726742435265,56.32628375329907
2026-09-07 15:03:11.227322,-13266.361039121304,5475.982952726414,108.51727266844028,56.317360474621545
2026-09-07 15:03:11.334812,-13267.220496373997,5478.549028604768,108.565387694533,56.250673646401474
2026-09-07 15:03:11.425878,-13267.949593352278,5480.719833573645,108.53481524849508,56.25226512171688
2026-09-07 15:03:11.533176,-13268.80730710833,5483.278102660206,108.4987934366776,56.29070563109523
2026-09-07 15:03:11.626340,-13269.455394889954,5485.222740596032,108.47794224916765,55.9718165772374
2026-09-07 15:03:11.734919,-13270.316464093772,5487.799501454835,108.40503851740488,55.98509931270291
2026-09-07 15:03:11.833733,-13271.097294247511,5490.146074503672,108.41609637903929,56.025680989538316
2026-09-07 15:03:11.932918,-13271.882079067189,5492.503013748408,108.527090165973,56.00834735468461
2026-09-07 15:03:12.031740,-13272.668296087808,5494.849081801471,108.44967886780637,56.04375125799863
2026-09-07 15:03:12.133094,-13273.471913404104,5497.257869340585,108.38162625331296,56.079176639396266
2026-09-07 15:03:12.233982,-13274.269491296085,5499.658046494382,108.41549611622418,56.065953200218566
2026-09-07 15:03:12.334700,-13275.066953466634,5502.053143260599,108.4267670465386,56.059792660194184
2026-09-07 15:03:12.434840,-13275.860220422874,5504.434077391587,108.39314830028604,56.062417739885035
2026-09-07 15:03:12.534225,-13276.646156753262,5506.797632812357,108.45987885942947,55.999022397396104
2026-09-07 15:03:12.621594,-13277.338706035021,5508.872271226129,108.42077046130225,55.947872376215116
2026-09-07 15:03:12.722192,-13278.133760284394,5511.259402869986,108.38699795645391,55.964573919281726
2026-09-07 15:03:12.822467,-13278.925095238641,5513.640047089904,108.53287558492804,55.897106042036405
2026-09-07 15:03:12.933958,-13279.810610424385,5516.281535105605,108.55782856834094,55.84157595978706
2026-09-07 15:03:13.042679,-13280.67438771319,5518.85446031895,108.6551606690353,55.866276157895726
2026-09-07 15:03:13.142525,-13281.370879535858,5520.918104813159,108.71102741123514,55.4712911363644
2026-09-07 15:03:13.233242,-13282.092537353645,5523.048800560376,108.61966156929998,55.4712911363644
2026-09-07 15:03:13.343247,-13282.963510881378,5525.633911170701,108.50886977237025,55.4943605904401
2026-09-07 15:03:13.421198,-13283.577406106224,5527.467707123059,108.447807578695,55.42147878561
2026-09-07 15:03:13.545064,-13284.473853668886,5530.15779561128,108.35077829514773,55.02949149619721
2026-09-07 15:03:13.641440,-13285.220288809212,5532.408115107608,108.31842318940733,54.97643688978615
2026-09-07 15:03:13.741351,-13285.99204036577,5534.739161693102,108.31842318940733,54.97469083867775
2026-09-07 15:03:13.841559,-13286.766061482556,5537.077063400005,108.2287123226348,55.0018350819222
2026-09-07 15:03:13.931594,-13287.458556825864,5539.179748057798,108.21863688218855,54.95227117090473
2026-09-07 15:03:14.043392,-13288.317206541686,5541.788485806869,108.3437453501183,54.91612607273119
2026-09-07 15:03:14.141061,-13289.00030659332,5543.850929313704,108.30002643223344,54.514749176434606
2026-09-07 15:03:14.241353,-13289.7677502738,5546.171461038277,108.30002643223344,54.493716662565596
2026-09-07 15:03:14.341223,-13290.531669927068,5548.481337105429,108.32237850059272,54.467536643719406
2026-09-07 15:03:14.427574,-13291.19264224309,5550.477317341079,108.33204168000037,54.51733614082817
2026-09-07 15:03:14.544508,-13292.088986250541,5553.182535547399,108.20118572918818,54.578642525603584
2026-09-07 15:03:14.642789,-13292.837994423197,5555.460497962413,108.20118572918818,54.58637156865622
2026-09-07 15:03:14.743165,-13293.521618038241,5557.542579945274,108.18995307066393,53.95399226429109
2026-09-07 15:03:14.842093,-13294.266483857871,5559.809441819357,108.14567059507277,53.941025723265675
2026-09-07 15:03:14.928530,-13294.915613257059,5561.790107965095,108.11665218514838,53.93875985534838
2026-09-07 15:03:15.029580,-13295.673279520186,5564.10591139402,107.95833902249763,53.96083430967573
2026-09-07 15:03:15.135282,-13296.459451425046,5566.531499466247,107.93468168466137,53.801970379714206
2026-09-07 15:03:15.228899,-13297.152805245485,5568.673729817167,109.3280278677862,53.79460812430921
2026-09-07 15:03:15.345887,-13298.083962443945,5571.328533451529,109.3542111437772,53.76802975604238
2026-09-07 15:03:15.443498,-13298.86151768563,5573.542166153438,109.29959494910878,53.8209112969839
2026-09-07 15:03:15.544195,-13299.587222863875,5575.6054700513705,109.34466927027779,53.241248019684356
2026-09-07 15:03:15.639990,-13300.342477633065,5577.756760972798,109.29106918044909,53.273056292573806
2026-09-07 15:03:15.741183,-13301.138639718281,5580.031379541175,109.16650423908396,53.249182144357206
2026-09-07 15:03:15.839867,-13301.909891412864,5582.250288657996,109.16650423908396,53.261254400195604
2026-09-07 15:03:15.940882,-13302.699539710911,5584.52212523213,109.20041673811232,53.33451620457833
2026-09-07 15:03:16.041649,-13303.489675938155,5586.791034271157,109.14403466961431,53.398793092203036
2026-09-07 15:03:16.142641,-13304.28029001875,5589.068529121559,109.12143148459637,53.393498263999746
2026-09-07 15:03:16.233748,-13304.992638325693,5591.12318241966,109.10104067762717,53.427730388432124
2026-09-07 15:03:16.337603,-13305.80434730657,5593.467120409555,109.05455276214798,53.503959410163965
2026-09-07 15:03:16.441125,-13306.612709369036,5595.807532995309,108.97345976252444,53.5130051960556
2026-09-07 15:03:16.541339,-13307.39216492249,5598.074647234529,109.02953241143194,53.525264620547816
2026-09-07 15:03:16.641632,-13308.174634239433,5600.343303778653,109.00708567074952,53.58661006432802
2026-09-07 15:03:16.740937,-13308.949402197259,5602.592489680359,108.95152163379112,53.58313914310173
2026-09-07 15:03:16.830573,-13309.646719230286,5604.623225472263,109.09195269413112,53.5580753904174
2026-09-07 15:03:16.941024,-13310.511690854233,5607.122249580403,109.06723247482256,53.59764549145702
2026-09-07 15:03:17.040992,-13311.294169019448,5609.3860980639265,109.0336714719727,53.624724723740485
2026-09-07 15:03:17.141227,-13312.077803061544,5611.657599184018,109.06732211138376,53.634359147184135
2026-09-07 15:03:17.241016,-13312.8594187074,5613.9189407874765,109.078489081192,53.670109487268356
2026-09-07 15:03:17.333828,-13313.587280466329,5616.023435084846,108.97462705212627,53.6692984930061
2026-09-07 15:03:17.441319,-13314.425827396832,5618.462260130647,108.97462705212627,53.619517721500756
2026-09-07 15:03:17.541896,-13315.209709830842,5620.742099270815,109.0984337196594,53.612486960830566
2026-09-07 15:03:17.641911,-13315.994006269077,5623.00721250589,109.14320276175312,53.68764531145355
2026-09-07 15:03:17.741019,-13316.540211159874,5624.575539910271,109.08774895202674,52.59458669083325
2026-09-07 15:03:17.833420,-13317.250660137897,5626.628613785595,109.1291097904861,52.552601738424066
2026-09-07 15:03:17.933526,-13318.021340757261,5628.850555051114,109.10670490258013,52.55872484471769
2026-09-07 15:03:18.040309,-13318.842594028329,5631.221295718772,109.11865454168901,52.54566181833862
2026-09-07 15:03:18.143021,-13319.632816925523,5633.500922636716,109.15313675324376,52.582459350438654
2026-09-07 15:03:18.241842,-13320.394957289986,5635.695268964789,109.10890217334327,52.58850385813092
2026-09-07 15:03:18.342252,-13321.167719778708,5637.9257530263585,109.09766571002115,52.54375718068036
2026-09-07 15:03:18.442418,-13321.937512485172,5640.149074669174,109.17612981813636,52.53325413565083
2026-09-07 15:03:18.535089,-13322.652378170209,5642.204646296855,109.15538896976426,52.55997628824064
2026-09-07 15:03:18.640023,-13323.461409540887,5644.533705307428,109.00273354152881,52.50221053671393
2026-09-07 15:03:18.738883,-13324.216930762574,5646.727558236794,109.10230062524744,52.48320601530645
2026-09-07 15:03:18.839035,-13324.985908515026,5648.947945144856,109.11350821686813,52.510335089326674
2026-09-07 15:03:18.939280,-13325.756433134302,5651.171392004596,109.07985422028247,52.46828977458974
2026-09-07 15:03:19.048915,-13326.597031103682,5653.601657333128,109.16573578182243,52.40218817608905
2026-09-07 15:03:19.138800,-13327.288314827303,5655.590582750166,109.13555981810248,52.41396944671081
2026-09-07 15:03:19.239738,-13328.063602330974,5657.82499359459,109.05649097093954,52.44219343114174
2026-09-07 15:03:19.339095,-13328.82411980731,5660.026642646243,109.08984685042242,52.3970478275604
2026-09-07 15:03:19.438958,-13329.58913939269,5662.237154168219,109.19042410797249,52.41711776851926
2026-09-07 15:03:19.531249,-13330.300009437913,5664.279593920222,109.08714510822551,52.46389138986746
2026-09-07 15:03:19.639200,-13331.12793085789,5666.67222429942,109.07506476311966,52.42993333382102
2026-09-07 15:03:19.740090,-13331.900726497652,5668.907070003721,109.16538618804276,52.403485931183674
2026-09-07 15:03:19.839157,-13332.662632248279,5671.099228559947,109.13212766662264,52.46754407964354
2026-09-07 15:03:19.938967,-13333.487823727652,5673.478307358622,109.10978902696166,52.72078310389068
2026-09-07 15:03:20.376997,-13336.867564264783,5683.233025408395,109.10978902696166,52.62509509568672
2026-09-07 15:03:20.480168,-13337.662163579484,5685.5264240265105,109.08669815638297,52.61698149182857
2026-09-07 15:03:20.579642,-13338.42728025967,5687.737609267452,109.1868836316595,52.55439858537724
2026-09-07 15:03:20.680413,-13339.205362050398,5689.973603835414,109.1304993250451,52.5614429074737
2026-09-07 15:03:20.779429,-13339.96783269789,5692.171702832852,109.04185559216592,52.57874700777792
2026-09-07 15:03:20.978714,-13341.496079315553,5696.59954286222,109.13106019701172,52.55959206114283
2026-09-07 15:03:21.066825,-13342.1745714924,5698.5554815306095,109.05217912781359,52.56421156177477
2026-09-07 15:03:21.302867,-13343.985138880129,5703.798235809526,109.18425149488229,52.395083065163725
2026-09-07 15:03:21.399727,-13344.73065711786,5705.9409687462885,108.96746754161518,52.50934245050956
2026-09-07 15:03:21.499470,-13345.491667344124,5708.155186283713,109.03443847445863,52.555535001441804
2026-09-07 15:03:21.600399,-13346.26502449783,5710.396800699214,109.14738389888197,52.63226211723401
2026-09-07 15:03:21.684918,-13347.029724842592,5712.60030203616,109.18521657066844,53.203388934692214
2026-09-07 15:03:21.791758,-13347.864784445412,5715.000260239713,109.22108462389019,53.22019321954368
2026-09-07 15:03:21.900234,-13348.714424521046,5717.43720630755,109.24536281521227,53.20502735071763
2026-09-07 15:03:21.999709,-13349.4942886818,5719.670975119504,109.2564946465933,53.25978794435858
2026-09-07 15:03:22.100309,-13350.284223698534,5721.932178106451,109.23397919573767,53.220230871725256
2026-09-07 15:03:22.199343,-13351.06041038527,5724.156833743005,109.34480400488417,53.18128956823451
2026-09-07 15:03:22.298594,-13351.842036519289,5726.3832249203815,109.43365812070374,53.13705938714054
2026-09-07 15:03:22.400366,-13352.646386041295,5728.663023651711,109.57032466928041,53.20464520160904
2026-09-07 15:03:22.500222,-13353.441936481277,5730.900855863888,109.65972040926573,53.27619388852743
2026-09-07 15:03:22.599571,-13354.237989629879,5733.129080694388,109.61524948427473,53.38123577690711
2026-09-07 15:03:22.701236,-13355.146433974456,5735.683456827915,109.55836495864781,53.82401772523418
2026-09-07 15:03:22.792302,-13355.879969736532,5737.748211200978,109.6297006660696,53.757971499644746
2026-09-07 15:03:22.900418,-13356.75282205072,5740.195450209029,109.6297006660696,53.86378026396114
2026-09-07 15:03:22.999680,-13357.555770708685,5742.446698496165,109.57416068886226,53.91321947451836
2026-09-07 15:03:23.100466,-13358.369577409438,5744.735398880774,109.61927484850293,53.93523625783193
2026-09-07 15:03:23.199797,-13359.173739667869,5746.991347039532,109.59704341461696,53.9760302601164
2026-09-07 15:03:23.292427,-13359.92340232237,5749.096988184035,109.52448256228479,53.92665661975425
2026-09-07 15:03:23.392663,-13360.730995338961,5751.374467277343,109.51326557057524,53.86797363696747
2026-09-07 15:03:23.495370,-13361.55714012728,5753.70571271262,109.54774610354275,53.90117954939981
2026-09-07 15:03:23.601105,-13362.409610567633,5756.106654588511,109.59507555078352,53.886396895722285
2026-09-07 15:03:23.709038,-13363.372204620106,5758.812925103749,109.78832884360185,54.386278308616106
2026-09-07 15:03:23.800167,-13364.122289385268,5760.897698042902,109.77813097818921,54.42688900445708
2026-09-07 15:03:23.908811,-13365.016765514678,5763.385179645617,109.70518360315691,54.429737008830294
2026-09-07 15:03:23.991778,-13365.697457082637,5765.285735660019,109.76089054384664,54.40943789549592
2026-09-07 15:03:24.093287,-13366.532222983897,5767.60936246245,109.7381716482115,54.45644830878388
2026-09-07 15:03:24.209671,-13367.489083992394,5770.276172049476,109.67305141380871,54.39034544326849
2026-09-07 15:03:24.296794,-13368.202237050491,5772.270887005934,109.68280098450896,54.362177950216974
2026-09-07 15:03:24.398832,-13369.037442929193,5774.6057347360165,109.71705692249697,54.39873401552992
2026-09-07 15:03:24.498498,-13369.937753073254,5777.119556036866,109.63898448474964,54.93194781954966
2026-09-07 15:03:24.592994,-13370.717661472625,5779.305086494061,109.59668587552414,54.904699418959105
2026-09-07 15:03:24.706882,-13371.655208679222,5781.938506939269,109.54570695570237,54.93455412994694
2026-09-07 15:03:24.797475,-13372.399527499792,5784.035081639507,109.54570695570237,54.93297092081018
2026-09-07 15:03:24.898617,-13373.230493739264,5786.375722163807,109.62493560437542,54.912643933152474
2026-09-07 15:03:24.998073,-13374.050486444066,5788.67536170708,109.68058413022743,54.95522737087616
2026-09-07 15:03:25.092801,-13374.834232117983,5790.8666179425,109.62758105794506,54.980887197178056
2026-09-07 15:03:25.193620,-13375.666603242971,5793.200631655003,109.68399222195609,54.950053608111645
2026-09-07 15:03:25.292229,-13376.482517784489,5795.481400239492,109.73916682666322,54.937990527207255
2026-09-07 15:03:25.398140,-13377.361016492538,5797.929677210584,109.59694213985046,54.90559964600815
2026-09-07 15:03:25.505957,-13378.248611800971,5800.42275545714,109.56074609067213,54.89617856162532
2026-09-07 15:03:25.596555,-13378.993001649567,5802.517785871633,109.53033076040458,54.85580450043952
2026-09-07 15:03:25.705099,-13379.882855599482,5805.026434665746,109.49389064463423,54.88615525205011
2026-09-07 15:03:25.796709,-13380.63295106767,5807.145356932274,109.42212879985226,54.82371694255879
2026-09-07 15:03:25.905739,-13381.521508893551,5809.665446596486,109.47093316579225,54.81323715817148
2026-09-07 15:03:26.004005,-13382.32412467732,5811.935623093061,109.50392277752837,54.83041018798984
2026-09-07 15:03:26.104094,-13383.143218109333,5814.248168402533,109.53752440219051,54.81029482673861
2026-09-07 15:03:26.204216,-13383.963637027482,5816.560146757159,109.43668629217552,54.82779221231932
2026-09-07 15:03:26.293176,-13384.840522340693,5819.0422684856885,109.39686572541387,55.58322866864373
2026-09-07 15:03:26.413718,-13385.835263047464,5821.867481106954,109.4643124818013,55.55478957133141
2026-09-07 15:03:26.503799,-13386.580735676296,5823.9768053218395,109.48447365802906,55.598081759600355
2026-09-07 15:03:26.605619,-13387.424851533313,5826.362569393577,109.58702191277547,55.617655301677125
2026-09-07 15:03:26.714032,-13388.328488296362,5828.90209636033,109.684078277531,55.61291872014919
2026-09-07 15:03:26.793534,-13388.99424502506,5830.763112145063,109.7285619597854,55.655294874268506
2026-09-07 15:03:26.914459,-13390.009852263538,5833.595143960738,109.68796532616653,55.65106828800106
2026-09-07 15:03:27.003668,-13390.757550488235,5835.684767006415,109.77781238232131,55.622226376133554
2026-09-07 15:03:27.113665,-13391.683041041792,5838.2585427090735,109.72857516467207,55.64721646720482
2026-09-07 15:03:27.211917,-13392.508106351559,5840.559244618207,109.62962042959691,55.64378235057096
2026-09-07 15:03:27.291823,-13393.175838451109,5842.431390967131,109.6564462688026,55.61236239584096
2026-09-07 15:03:27.415284,-13394.208307485425,5845.321886607326,109.72552629062352,55.60265313988791
2026-09-07 15:03:27.511836,-13395.018327637616,5847.5810132847255,109.72552629062352,55.5781865792893
2026-09-07 15:03:27.612081,-13395.85896004207,5849.925516795723,109.79283428379483,55.541396928894486
2026-09-07 15:03:27.712843,-13396.706134557677,5852.2795582413555,109.79283428379483,55.56604985424792
2026-09-07 15:03:27.811575,-13397.536609941691,5854.587197856966,109.77073691308044,55.59365700349631
2026-09-07 15:03:27.911652,-13398.377914276194,5856.92776061444,109.79313531044897,55.56479929326625
2026-09-07 15:03:28.012103,-13399.222842193858,5859.275520730525,109.68072479584214,55.62536363559299
2026-09-07 15:03:28.112500,-13400.063626040428,5861.626230461791,109.70319481293507,55.563954578936986
2026-09-07 15:03:28.212173,-13400.898339340234,5863.957084766028,109.7366567791347,55.537826201862224
2026-09-07 15:03:28.297176,-13401.611023969746,5865.943530318748,109.64153347550291,55.56010897088178
2026-09-07 15:03:28.413752,-13402.584289967832,5868.670521805898,109.60239687710924,55.58863102707361
2026-09-07 15:03:28.512132,-13403.404490465298,5870.9736075201245,109.61340617161807,55.53103463609071
2026-09-07 15:03:28.613048,-13404.245415485564,5873.333451929802,109.53435455795136,55.554843432563054
2026-09-07 15:03:28.713904,-13405.0829446991,5875.694062255509,109.4666363180462,55.591857318345085
2026-09-07 15:03:28.800937,-13405.803756638064,5877.733345471667,109.51533381392863,55.585773340960515
2026-09-07 15:03:28.914232,-13406.74422483943,5880.386888632184,109.45194196490587,55.57191368564443
2026-09-07 15:03:29.012682,-13407.558709039238,5882.6930666766575,109.46295909282208,55.571053426355554
2026-09-07 15:03:29.113895,-13408.396494648681,5885.063769873803,109.451632769127,55.625886379642736
2026-09-07 15:03:29.213329,-13409.21990592392,5887.3952646286425,109.46276001236942,55.60503379933672
2026-09-07 15:03:29.299569,-13409.934182742887,5889.416494222395,109.49171228595458,55.56283399618711
2026-09-07 15:03:29.416640,-13410.904464619636,5892.1577457934745,109.58341876920389,55.547489443336694
2026-09-07 15:03:29.515073,-13411.72373687449,5894.460638287141,109.49529696506625,55.59737586639168
2026-09-07 15:03:29.614756,-13412.550567117652,5896.796144096149,109.48414185727478,55.56079246851342
2026-09-07 15:03:29.715781,-13413.387516783741,5899.1616975925535,109.57458414048278,55.5616752282357
2026-09-07 15:03:29.814519,-13414.209181181506,5901.472442384202,109.58563349727484,55.58583295181749
2026-09-07 15:03:29.910283,-13415.267673595863,5904.447279825235,109.62849969281615,56.32332922926577
2026-09-07 15:03:30.011305,-13416.122123649917,5906.843082640545,109.69632939091736,56.294199023495594
2026-09-07 15:03:30.111826,-13416.974716642855,5909.224763284008,109.79756935472966,56.301225869527265
2026-09-07 15:03:30.207580,-13417.7909865752,5911.49234206849,109.76542306524829,56.29369555554529
2026-09-07 15:03:30.304772,-13418.618112838873,5913.79413114032,109.93944467157439,56.27586095181856
2026-09-07 15:03:30.412466,-13419.542063012244,5916.341035547743,109.93944467157439,56.26174544691407
2026-09-07 15:03:30.512366,-13420.398930343115,5918.703023503875,109.96180345428286,56.23817635214626
2026-09-07 15:03:30.611559,-13421.250291898074,5921.046980958935,109.99510427610261,56.27978043119959
2026-09-07 15:03:30.712508,-13422.118753287601,5923.4336935335305,110.02899461777878,56.27184157051319
2026-09-07 15:03:30.806296,-13422.926806246864,5925.650309969738,110.0499854637514,56.28577345440502
2026-09-07 15:03:30.911655,-13423.83568909955,5928.140682915484,110.23863002730513,56.24710697950903
2026-09-07 15:03:31.010818,-13424.69824162953,5930.480163439886,110.20533927700916,56.28349953875988
2026-09-07 15:03:31.111810,-13425.515550727267,5932.697011683266,110.09232335191956,56.014371747998865
2026-09-07 15:03:31.212145,-13426.378664147633,5935.056559487316,110.08109528153392,56.00823463463933
2026-09-07 15:03:31.302428,-13427.15480595384,5937.17963697089,109.95985696446093,56.00744573886098
2026-09-07 15:03:31.411727,-13428.088969923034,5939.751837267484,109.91093218785937,55.95587259593753
2026-09-07 15:03:31.512332,-13428.94601551418,5942.117988882633,110.02351503742801,56.01740887834514
2026-09-07 15:03:31.611672,-13429.797809641492,5944.4552888720855,109.99016486514188,56.025221203584486
2026-09-07 15:03:31.712631,-13430.71640597465,5946.981627768182,109.93367536705733,56.29114223309949
2026-09-07 15:03:31.803594,-13431.496809401722,5949.133515885111,109.93367536705733,56.31578219995089
2026-09-07 15:03:31.903891,-13432.357669136865,5951.507254608103,109.81021336944775,56.327175379602046
2026-09-07 15:03:32.004029,-13433.212228149569,5953.8795566554345,109.78780131956938,56.28342492522436
2026-09-07 15:03:32.110785,-13434.121567731645,5956.407032795504,109.79974793722113,56.259171153190536
2026-09-07 15:03:32.212319,-13434.986555008916,5958.809660549904,109.78838569175804,56.2511862867636
2026-09-07 15:03:32.312253,-13435.837321847943,5961.174260181311,109.91140084943083,56.238087888829405
2026-09-07 15:03:32.412860,-13436.698726552973,5963.552385790085,110.09153698972693,56.32160307518018
2026-09-07 15:03:32.513139,-13437.56605711951,5965.923563143579,110.11398059704635,56.34088038048284
2026-09-07 15:03:32.620778,-13438.49836152787,5968.469279749943,110.10193516655613,56.31172323535879
2026-09-07 15:03:32.712209,-13439.289417753209,5970.630716275142,110.00985021782577,56.335691046544596
2026-09-07 15:03:32.820395,-13440.221722380773,5973.190832654147,109.96142364593203,56.3035497322886
2026-09-07 15:03:32.909231,-13440.985063444594,5975.292496665464,110.03101250351364,56.256974621560246
2026-09-07 15:03:33.004881,-13441.809020780285,5977.552493950817,110.08453146162327,56.33136018059859
2026-09-07 15:03:33.109650,-13442.715040160178,5980.030380924681,109.95556459294772,56.31945900669637
2026-09-07 15:03:33.209696,-13443.57470618774,5982.398005544795,109.96676032255152,56.29323285103916
2026-09-07 15:03:33.310926,-13444.388290300876,5984.637142037074,109.97808854864553,56.02985911104033
2026-09-07 15:03:33.409898,-13445.235270694126,5986.966973426418,109.86733312110715,55.97537541690781
2026-09-07 15:03:33.502385,-13446.021778297096,5989.143553245778,109.85698328759185,55.967293872890494
2026-09-07 15:03:33.605125,-13446.894914353159,5991.561234819851,109.87997769535423,55.945747982142464
2026-09-07 15:03:33.701306,-13447.712901986899,5993.823370335476,109.87997769535423,55.89280072245933
2026-09-07 15:03:33.810323,-13448.639178099033,5996.384976408847,109.96537515231955,55.933762267776856
2026-09-07 15:03:33.909820,-13449.488672123876,5998.723337920862,110.0210466188646,55.945064571891145
2026-09-07 15:03:34.009527,-13450.342408043913,6001.066279890632,109.99873103180244,55.93635214193521
2026-09-07 15:03:34.109486,-13451.197253651824,6003.415110755233,110.05466100079019,55.91538946242107
2026-09-07 15:03:34.203998,-13452.00738051612,6005.634326287719,110.02293167239173,55.974850584468314
2026-09-07 15:03:34.317034,-13452.97584803497,6008.291859007152,109.89643781041826,55.922501836313785
2026-09-07 15:03:34.408264,-13453.75202279366,6010.436434690307,109.91685614621895,55.91453012936363
2026-09-07 15:03:34.516920,-13454.677234307375,6012.989955827706,109.88037843009334,55.95345715490944
2026-09-07 15:03:34.608861,-13455.45928501553,6015.1526608822805,109.88037843009334,55.94381655367689
2026-09-07 15:03:34.717156,-13455.61301413085,6015.584546349718,109.88037843009334,52.16018933224282
2026-09-07 15:03:34.804286,-13455.871733993627,6016.30359094665,109.88037843009334,49.90200896401751
2026-09-07 15:03:35.153124,-13458.51804317258,6023.621768882711,109.88037843009334,50.15805421444252
2026-09-07 15:03:35.235067,-13459.142857969142,6025.349649318862,109.89871822720522,50.2110397379695
2026-09-07 15:03:35.336233,-13459.915746384215,6027.484879241791,109.88739716308368,50.220763647602865
2026-09-07 15:03:35.444891,-13460.745579725819,6029.778844966921,109.77796200040206,50.273933246520194
2026-09-07 15:03:35.523106,-13461.340390530815,6031.432991556217,109.72544571843389,50.304004835471964
2026-09-07 15:03:35.647060,-13462.281197311791,6034.056890602382,109.73931689236701,50.30942040580683
2026-09-07 15:03:35.735402,-13462.952235134386,6035.926982040195,109.7096589406849,50.31019234106431
2026-09-07 15:03:35.845494,-13464.334316558445,6039.773023138994,109.86981810173182,53.998586895466204
2026-09-07 15:03:35.942935,-13465.133785262464,6041.985171300504,109.96795603623144,53.94579745338607
2026-09-07 15:03:36.023240,-13465.795133742244,6043.805378099372,110.1207281822364,53.93948208416575
2026-09-07 15:03:36.144549,-13466.801379078826,6046.551993385465,110.22932964656377,53.93418207430926
2026-09-07 15:03:36.244129,-13467.631575150013,6048.804840867513,110.21818606507179,53.917649542265146
2026-09-07 15:03:36.343340,-13468.458004919281,6051.048813047002,110.2514929298058,53.90898045294987
2026-09-07 15:03:36.443988,-13469.297593121368,6053.32443384939,110.30780841434131,53.85445359293734
2026-09-07 15:03:36.543420,-13470.128405738362,6055.569471852237,110.35231649206429,53.85184707282728
2026-09-07 15:03:36.643944,-13470.970064790403,6057.838402737046,110.29607038913679,53.83340105149809
2026-09-07 15:03:36.743316,-13471.79959199587,6060.081378921663,110.31831099929997,53.82558620970541
2026-09-07 15:03:36.844208,-13472.642569222717,6062.358006167405,110.1150837646137,53.846744551240846
2026-09-07 15:03:36.943534,-13473.464830208379,6064.603108328819,110.1150837646137,53.83199001655156
2026-09-07 15:03:37.043476,-13474.291963987465,6066.861515169941,110.22692467859997,53.783085416292074
2026-09-07 15:03:37.141648,-13475.108035721838,6069.076320913882,110.30382680528845,53.822545601622245
2026-09-07 15:03:37.243503,-13475.958429961938,6071.374763463826,110.40641031036802,53.889296523309895
2026-09-07 15:03:37.344485,-13476.806664699798,6073.654817108688,110.46291267762177,53.90870897102151
2026-09-07 15:03:37.444687,-13477.65088225081,6075.917242848526,110.32835443468184,53.94723397717309
2026-09-07 15:03:37.544268,-13478.485180920681,6078.169219580106,110.26149227429488,53.92896099509934
2026-09-07 15:03:37.746488,-13480.173488596402,6082.742752560184,110.32938105866873,53.801736641573925
2026-09-07 15:03:37.845581,-13481.001499700466,6084.977634683216,110.34047014202673,53.82251770982285
2026-09-07 15:03:37.944914,-13481.832270557334,6087.2186341913375,110.31823826051743,53.82338568479433
2026-09-07 15:03:38.043642,-13482.657130485275,6089.446340762105,110.18565940771032,53.85616784634587
2026-09-07 15:03:38.138012,-13483.441127752541,6091.5788298316265,110.05893278163256,53.80504214310902
2026-09-07 15:03:38.235350,-13484.244152277277,6093.778080580911,110.0807181589226,53.76931935404093
2026-09-07 15:03:38.330688,-13485.030973322924,6095.9304142509445,110.01670489688496,53.81097268064482
2026-09-07 15:03:38.445025,-13485.972436709008,6098.514719019887,109.95273001854326,53.82196256514899
2026-09-07 15:03:38.546500,-13486.805601620837,6100.809710269464,109.89595180344475,53.87516407536061
2026-09-07 15:03:38.640465,-13487.575759553829,6102.937717832695,109.78028426996536,53.90964898233202
2026-09-07 15:03:38.742988,-13488.411906665697,6105.262715705661,109.67702798709985,53.88187765419304
2026-09-07 15:03:38.961763,-13490.186311953134,6110.224705215519,109.94633213903876,53.91819925188284
2026-09-07 15:03:39.045937,-13490.87844904126,6112.13189271477,110.03110818298921,53.937322645482965
2026-09-07 15:03:39.147043,-13491.713497503202,6114.422299489927,110.01979383321685,53.93643917798006
2026-09-07 15:03:39.246690,-13492.536036626998,6116.679780278266,109.87482980385192,53.9878115820854
2026-09-07 15:03:39.340492,-13493.305681289085,6118.808822014017,109.78035689684219,53.94027217705453
2026-09-07 15:03:39.447167,-13494.176188152953,6121.229351274905,109.86391976980491,53.96823606521331
2026-09-07 15:03:39.547380,-13494.997703910016,6123.503236427679,109.81906209830225,54.028656911572135
2026-09-07 15:03:39.647725,-13495.819437863678,6125.783309886179,109.95381237162815,54.03128736515291
2026-09-07 15:03:39.748437,-13496.649597312797,6128.069887785295,109.92000159498951,54.1131296639405
2026-09-07 15:03:39.985337,-13499.55207663124,6136.064515230524,110.15859599245016,56.65423194232534
2026-09-07 15:03:40.060666,-13500.209554774272,6137.855481191777,110.18388525285019,56.71939643928031
2026-09-07 15:03:40.163705,-13501.111005103763,6140.307679512583,110.17235458912904,56.67617924954337
2026-09-07 15:03:40.263455,-13501.982538847009,6142.679970416495,110.28398064394213,56.711043998782806
2026-09-07 15:03:40.362206,-13502.850451590833,6145.02826100744,110.32818389021321,56.7231244508956
2026-09-07 15:03:40.464598,-13503.752435037663,6147.4629577988335,110.2365178049647,56.70970388170715
2026-09-07 15:03:40.563395,-13504.618785110633,6149.813005224305,110.29179760114198,56.72006337834056
2026-09-07 15:03:40.664488,-13505.507750790732,6152.217249452185,110.24654602115515,56.84726634116268
2026-09-07 15:03:40.764491,-13506.38722078791,6154.6015998251205,110.17940051523351,56.80007955069091
2026-09-07 15:03:40.873170,-13507.339163163404,6157.191776733052,110.228047765403,56.79343206633549
2026-09-07 15:03:40.962942,-13508.127219203412,6159.330419107493,110.15772570089297,56.77146800830936
2026-09-07 15:03:41.071611,-13509.077615174849,6161.919412786442,110.12124362044045,56.710696600829046
2026-09-07 15:03:41.164495,-13509.887681617534,6164.130482818263,110.2251862216961,56.71150822422963
2026-09-07 15:03:41.263236,-13510.753103630934,6166.479444125512,110.20308683667702,56.770178764058286
2026-09-07 15:03:41.358291,-13511.586208194949,6168.743379633902,110.23499845965529,56.72532670593709
2026-09-07 15:03:41.463357,-13512.507718599576,6171.243258352898,110.14093848511902,56.748278458716484
2026-09-07 15:03:41.573290,-13513.46800941476,6173.861577943637,110.03021920316019,56.70024855297539
2026-09-07 15:03:41.660760,-13514.227410079498,6175.944595121973,109.96170038902335,56.693369711736345
2026-09-07 15:03:41.762697,-13515.109400257305,6178.372892512031,109.96170038902335,56.650614728960754
2026-09-07 15:03:41.863003,-13515.976624017583,6180.760534967322,109.8494521378546,56.67603256419362
2026-09-07 15:03:41.962012,-13516.828397409092,6183.1200348380435,109.76081467170127,56.67084170109971
2026-09-07 15:03:42.061887,-13517.683859495173,6185.50128076746,109.74963807799259,56.66735085715957
2026-09-07 15:03:42.161591,-13518.537340607094,6187.878469772189,109.64922095767002,56.73704819967925
2026-09-07 15:03:42.262493,-13519.397916264015,6190.288692929091,109.59276335274399,56.71412439112745
2026-09-07 15:03:42.371331,-13520.323240466329,6192.8883441570815,109.61712256387932,56.6675239226291
2026-09-07 15:03:42.460911,-13521.08511914351,6195.0259263947955,109.64719613377457,56.730144157954804
2026-09-07 15:03:42.561566,-13521.94339875896,6197.429987281959,109.60214061278327,56.81106060978238
2026-09-07 15:03:42.661907,-13522.798333763123,6199.830639885776,109.62459809642434,56.82947305085309
2026-09-07 15:03:42.769795,-13523.718881346755,6202.412329980412,109.46764526091386,56.84738489878615
2026-09-07 15:03:42.855261,-13524.442737613746,6204.460111283129,109.4293886898837,56.80929786029407
2026-09-07 15:03:42.969523,-13525.408006905527,6207.196660989847,109.32709602802856,56.7264285805596
2026-09-07 15:03:43.060649,-13526.172811610688,6209.377293915519,109.25571332016261,56.68263417387899
2026-09-07 15:03:43.169360,-13527.081260533892,6211.977858962617,109.31654028780565,56.63988776311317
2026-09-07 15:03:43.267842,-13527.906108387486,6214.331076703142,109.31654028780565,56.63042183514811
2026-09-07 15:03:43.360026,-13528.678077546727,6216.533436220416,109.22369695333748,56.63364386225979
2026-09-07 15:03:43.469716,-13529.592450162538,6219.155664195349,109.2114220040117,56.572301476790926
2026-09-07 15:03:43.568069,-13530.410926652956,6221.504500742282,109.18940945790843,56.52933089180412
2026-09-07 15:03:43.669256,-13531.23953492217,6223.88640213039,109.18940945790843,56.5067679439865
2026-09-07 15:03:43.769566,-13532.072410879608,6226.279520279417,109.21186000338867,56.466448390646754
2026-09-07 15:03:43.855987,-13532.790261430711,6228.339533180002,109.27955709309396,56.467203540144006
2026-09-07 15:03:44.085348,-13534.701918030687,6233.804617694682,109.25389026245938,56.38302865856182
2026-09-07 15:03:44.183675,-13535.519174992798,6236.144371822401,109.24288689895906,56.37014089089841
2026-09-07 15:03:44.284155,-13536.353676897112,6238.534971753714,109.13044393166467,56.33677698610242
2026-09-07 15:03:44.383729,-13537.175516780108,6240.90423156664,109.03015774115073,56.376800704617544
2026-09-07 15:03:44.484322,-13537.920093679473,6243.0701262479815,108.90633137819339,56.07937890970121
2026-09-07 15:03:44.583921,-13538.729150465211,6245.432335929725,108.87289425508555,56.000181674484566
2026-09-07 15:03:44.683927,-13539.538983749118,6247.801321899052,108.95123302868308,55.99930781881729
2026-09-07 15:03:44.783439,-13540.348026359909,6250.157465018894,108.99577691626826,56.01061182684789
2026-09-07 15:03:44.884570,-13541.172259256997,6252.551784443502,108.93919117917903,55.97349701679174
2026-09-07 15:03:44.984139,-13541.980896908239,6254.908360555523,108.95033352970705,56.00829850267667
2026-09-07 15:03:45.084108,-13542.793748297876,6257.275716830067,108.82727528829378,55.95413949635173
2026-09-07 15:03:45.183928,-13543.599529403416,6259.638994954575,108.83844572718249,55.90180567275653
2026-09-07 15:03:45.284185,-13544.408543492671,6262.010241499216,108.87210375237765,55.947360216253756
2026-09-07 15:03:45.385019,-13545.224278680304,6264.396599733822,108.69156117014569,55.97379293899669
2026-09-07 15:03:45.484718,-13546.023770484004,6266.7597425618715,108.69156117014569,55.89974322623329
2026-09-07 15:03:45.584948,-13546.826457096884,6269.132328626696,108.71399381069489,55.93302411972157
2026-09-07 15:03:45.684192,-13547.622640845188,6271.482661795389,108.70288782955816,55.94256328987413
2026-09-07 15:03:45.775703,-13548.356491737426,6273.650371088612,108.67216598925143,55.93536665513507
2026-09-07 15:03:45.885591,-13549.236203605065,6276.253531312078,108.5737891358275,55.95169013849226
2026-09-07 15:03:45.992235,-13550.085854472352,6278.782043553636,108.53798688322752,55.932121105240206
2026-09-07 15:03:46.081695,-13550.797023140813,6280.9028288483205,108.46790922102696,55.94541007966084
2026-09-07 15:03:46.181561,-13551.588206765196,6283.271836140277,108.5573139134778,55.898287933152695
2026-09-07 15:03:46.411595,-13553.417610636952,6288.721226328511,108.48008748372484,55.75155468151414
2026-09-07 15:03:46.510588,-13554.199657795765,6291.061221220604,108.46900959094882,55.78355983101139
2026-09-07 15:03:46.610265,-13554.987104791091,6293.418889383413,108.4243918455229,55.776591984174416
2026-09-07 15:03:46.700257,-13555.696294014813,6295.54776448691,108.44453310251487,55.75457409986876
2026-09-07 15:03:46.795097,-13556.444181583354,6297.790176774373,108.42330680669835,55.69573533544052
2026-09-07 15:03:46.895649,-13557.235396042626,6300.165428813457,108.10824089614209,55.75723919974796
2026-09-07 15:03:46.995819,-13558.011437085272,6302.538573446083,108.01856404873854,55.875403174867635
2026-09-07 15:03:47.097102,-13558.670971027099,6304.581893368172,108.04123236294333,55.44157551593732
2026-09-07 15:03:47.200622,-13559.465572353873,6307.0214497696825,108.09915481504481,55.47323515489581
2026-09-07 15:03:47.301129,-13560.283492752094,6309.519591863525,108.2228753150971,55.70901061838459
2026-09-07 15:03:47.400937,-13561.060785728156,6311.880564560215,108.21170621907822,55.798839548681656
2026-09-07 15:03:47.500469,-13561.836719417619,6314.238956202904,108.15601516901484,55.855370948276764
2026-09-07 15:03:47.596421,-13562.583289432914,6316.515550580947,108.11306482029738,55.846148199753145
2026-09-07 15:03:47.700384,-13563.34288631662,6318.841428225762,108.11306482029738,55.61186185157873
2026-09-07 15:03:47.800633,-13564.117713839287,6321.210186790332,108.14672015975287,55.56806290112127
2026-09-07 15:03:47.900385,-13564.913284539187,6323.636097660037,108.29183694056121,55.64870014569145
2026-09-07 15:03:48.000164,-13565.692347635355,6325.99289313669,108.31416864206142,55.66439384410211
2026-09-07 15:03:48.107622,-13566.532593604781,6328.531456283225,108.36226934420915,55.63340778510851
2026-09-07 15:03:48.198172,-13567.24203135888,6330.668803118493,108.45346699169778,55.589098970461045
2026-09-07 15:03:48.308277,-13568.108123164442,6333.264282011774,108.39186004049384,55.54772862503614
2026-09-07 15:03:48.399495,-13568.822804077447,6335.413711599571,108.37144439043283,55.56366994180868
2026-09-07 15:03:48.508061,-13569.672736516324,6337.9729606713445,108.42004105917204,55.58643761919773
2026-09-07 15:03:48.606907,-13570.448867788049,6340.30337547664,108.26518086248359,55.595074814694776
2026-09-07 15:03:48.706819,-13571.227120641108,6342.661400630232,108.24281939403545,55.589836608941376
2026-09-07 15:03:48.808414,-13572.017472696121,6345.059229026184,108.28829568090765,55.54633732930477
2026-09-07 15:03:48.906761,-13572.783799108189,6347.377974826882,108.37634049384155,55.55664964056327
2026-09-07 15:03:49.006942,-13573.568190443151,6349.73919713677,108.29786463561538,55.58116041560577
2026-09-07 15:03:49.114617,-13574.408151485799,6352.279322253947,108.33401301291457,55.68277412047558
2026-09-07 15:03:49.197554,-13575.057553403409,6354.239029069861,108.38041867761643,55.7313294353663
2026-09-07 15:03:49.316823,-13575.994535733133,6357.05891914329,108.32703109693875,55.72924508259586
2026-09-07 15:03:49.405778,-13576.691383911677,6359.162663553505,108.29716735045491,55.76422320780557
2026-09-07 15:03:49.516439,-13577.557449768281,6361.781839138844,108.21048208132038,55.789364152268035
2026-09-07 15:03:49.606891,-13578.26243187313,6363.924733034753,108.27121471235773,55.774347074657534
2026-09-07 15:03:49.695011,-13578.951265410307,6366.011088711106,108.32052041636842,55.73507730852922
2026-09-07 15:03:49.817591,-13579.91129331467,6368.91046123878,108.37539007771773,55.71044182428844
2026-09-07 15:03:49.914392,-13580.671280268834,6371.1983468529015,108.48371602991779,55.66984101116209
2026-09-07 15:03:50.014443,-13581.46067673114,6373.55983441614,108.43893087338608,55.7336611793098
2026-09-07 15:03:50.114361,-13582.248081842627,6375.921502618977,108.38302384509126,55.79565033646016
2026-09-07 15:03:50.213810,-13583.030366132432,6378.275464361741,108.48318414155835,55.75480787304805
2026-09-07 15:03:50.314544,-13583.826342370732,6380.656708910201,108.73118399932468,55.74336505263489
2026-09-07 15:03:50.414618,-13584.627171095894,6383.018422065157,108.68638854745763,55.84829903505258
2026-09-07 15:03:50.514509,-13585.426193358497,6385.380879573202,108.66403177905397,55.885831619175356
2026-09-07 15:03:50.735951,-13587.196640298378,6390.622272105288,108.56490918524975,55.82971756548329
2026-09-07 15:03:50.832625,-13587.964824956753,6392.90951957381,108.68391140024028,55.81704645733302
2026-09-07 15:03:50.932312,-13588.761667342958,6395.265867537001,108.65044473399621,55.891087257303376
2026-09-07 15:03:51.033007,-13589.566242562323,6397.649669706317,108.68424980343809,55.91396403776486
2026-09-07 15:03:51.122683,-13590.284319774517,6399.773059318287,108.81470826477988,55.83638845028947
2026-09-07 15:03:51.236008,-13591.196605463945,6402.4506276493785,108.70057272196766,55.83737868781016
2026-09-07 15:03:51.333263,-13591.974959684798,6404.750100449953,108.51555491411364,55.77449220463752
2026-09-07 15:03:51.435224,-13592.78227791718,6407.160745184167,108.5041448848657,55.77360126611691
2026-09-07 15:03:51.535109,-13593.572675634863,6409.522427166288,108.45943403379795,55.770982871020834
2026-09-07 15:03:51.620899,-13594.249923646054,6411.551280702656,108.4306328330689,55.764985784630355
2026-09-07 15:03:51.722013,-13594.942534854115,6413.6309884615985,108.47589381314458,55.38141026048021
2026-09-07 15:03:51.821715,-13595.724782438874,6415.9721530378865,108.43126487713664,55.36572867298245
2026-09-07 15:03:51.921661,-13596.50689460517,6418.318992508327,108.35297310398335,55.369221998523784
2026-09-07 15:03:52.020883,-13597.280205678508,6420.650037549318,108.31966254635722,55.374424028823086
2026-09-07 15:03:52.121106,-13598.060022525398,6423.005274293319,108.26358486168789,55.36216350333879
2026-09-07 15:03:52.237243,-13598.960792188102,6425.734768088441,108.31557048626064,55.35607465013214
2026-09-07 15:03:52.336712,-13599.734318943569,6428.071566530482,108.36009512604488,55.44299098452057
2026-09-07 15:03:52.436193,-13600.510972469516,6430.411713577514,108.24877009788588,55.447337325521936
2026-09-07 15:03:52.535937,-13601.285179572285,6432.759739962831,108.19296042765399,55.48481467654197
2026-09-07 15:03:52.627442,-13601.993816147255,6434.915963179547,108.23392019565671,55.39926029557215
2026-09-07 15:03:52.735534,-13602.83143350872,6437.458516757358,108.19763182417739,55.36147983968453
2026-09-07 15:03:52.835775,-13603.60619032412,6439.815281298019,108.18641427293875,55.32293983906937
2026-09-07 15:03:52.935943,-13604.379383198399,6442.168841488778,108.175204890825,55.327316195212
2026-09-07 15:03:53.036156,-13605.15252390722,6444.5237965716215,108.14156163719792,55.347456477331605
2026-09-07 15:03:53.128138,-13605.861151182644,6446.686530605676,108.16214827935096,55.38764356210031
2026-09-07 15:03:53.234033,-13606.678451467702,6449.177909510224,108.13844774586835,55.363585399659584
2026-09-07 15:03:53.336229,-13607.465865973836,6451.581544054859,108.18419305433025,55.36090642378494
2026-09-07 15:03:53.436087,-13608.23710392624,6453.929460530399,108.24006651087922,55.32600392624557
2026-09-07 15:03:53.535826,-13609.009222244431,6456.272348686209,108.28471200894836,55.373066147327584
2026-09-07 15:03:53.636907,-13609.79424663712,6458.648169457346,108.31864666532908,55.35805091344191
2026-09-07 15:03:53.736560,-13610.56935764342,6460.9893325301455,108.40786067026369,55.31625389863339
2026-09-07 15:03:53.836519,-13611.349914582272,6463.334698885683,108.36311669507353,55.28917710426096
2026-09-07 15:03:53.936314,-13612.126981530673,6465.6756786595615,108.39661961880307,55.30051325951273
2026-09-07 15:03:54.036720,-13612.910343797235,6468.03101646325,108.44156368159832,55.26717392606382
2026-09-07 15:03:54.143772,-13613.747022699237,6470.540087549009,108.39364471450114,55.21104849545358
2026-09-07 15:03:54.233323,-13614.444455630302,6472.6374249830305,108.41368727056044,55.20400599960589
2026-09-07 15:03:54.344770,-13615.313219162996,6475.246943017482,108.40121570271003,55.15141931482936
2026-09-07 15:03:54.436525,-13616.027328951273,6477.393484171972,108.43201945807658,55.112934923052336
2026-09-07 15:03:54.545558,-13616.777883071321,6479.6441819949,108.3466094676595,54.78935218056347
2026-09-07 15:03:54.645166,-13617.545815115047,6481.959873228632,108.21284888940005,54.8006670936585
2026-09-07 15:03:54.744209,-13618.304170311236,6484.264681540083,108.10201400872984,54.77297298351176
2026-09-07 15:03:54.833588,-13618.984161364944,6486.34486916889,107.92197746461306,54.81983277933539
2026-09-07 15:03:54.934846,-13619.747771049424,6488.705953364776,107.78600115113016,54.811869618180914
2026-09-07 15:03:55.034706,-13620.495201349633,6491.035881834561,107.89775030234455,54.78045674125714
2026-09-07 15:03:55.133097,-13621.235687904882,6493.32878014728,108.0518976589637,54.828602390975284
2026-09-07 15:03:55.243580,-13622.074839088604,6495.90348428455,108.17553456536888,54.82570617887737
2026-09-07 15:03:55.333572,-13622.762842549835,6497.999074095404,108.25609959333673,54.83121064995379
2026-09-07 15:03:55.434502,-13623.537850647477,6500.348519095091,108.32386751942573,54.826801001907754
2026-09-07 15:03:55.535060,-13624.31270803763,6502.688201596667,108.3913856717258,54.78374572791102
2026-09-07 15:03:55.632815,-13625.068052798619,6504.959992050809,108.47890049869926,54.74701571458727
2026-09-07 15:03:55.734044,-13625.853306423025,6507.309743061402,108.44491615613487,54.75055388371084
2026-09-07 15:03:55.834045,-13626.627707292593,6509.6315992035,108.35539060539912,54.700746601015226
2026-09-07 15:03:55.941118,-13627.452236963572,6512.116685146295,108.30746223821319,54.737235287360406
2026-09-07 15:03:56.032974,-13628.15827317907,6514.250609123139,108.27662457538338,54.712353425558334
2026-09-07 15:03:56.130938,-13628.909690819191,6516.525799433269,108.1998853835679,54.72947367766105
2026-09-07 15:03:56.241458,-13629.754242888255,6519.094536463013,108.31119586397034,54.67829012864977
2026-09-07 15:03:56.333452,-13630.460717475933,6521.2293188898575,108.28031187213134,54.67266320278744
2026-09-07 15:03:56.441665,-13631.290307965466,6523.7406631966805,108.36507952314531,54.69346571416786
2026-09-07 15:03:56.539654,-13632.171078118923,6526.395474207241,108.37604506247868,55.125641183440116
2026-09-07 15:03:56.629183,-13632.866617979416,6528.489266512133,108.29589453366583,55.14598117329002
2026-09-07 15:03:56.742093,-13633.687927803749,6530.973238813822,108.28325924760173,54.945936168638184
2026-09-07 15:03:56.841272,-13634.452180578792,6533.286392635472,108.20556829679259,54.90693784948609
2026-09-07 15:03:56.941506,-13635.25297622426,6535.720769554168,108.17191799309899,55.04308715139657
2026-09-07 15:03:57.041026,-13636.01669264691,6538.047469020848,108.13850739167043,55.05004402326486
2026-09-07 15:03:57.141692,-13636.787928425425,6540.401708651739,108.08218183561127,55.04300704111561
2026-09-07 15:03:57.249138,-13637.608532485814,6542.914996424701,108.11825333361259,55.03361837483295
2026-09-07 15:03:57.340568,-13638.308043498057,6545.052846446362,108.1489479808053,55.05758592387778
2026-09-07 15:03:57.449824,-13639.145670458352,6547.6081747886465,108.22230627400626,55.029900132337865
2026-09-07 15:03:57.540496,-13639.843184192203,6549.726894495392,108.32377351853768,55.07030717085791
2026-09-07 15:03:57.628511,-13640.524399324133,6551.783835431732,108.37302047199324,55.10645383313925
2026-09-07 15:03:57.751820,-13641.481886257934,6554.666678935947,108.48341242943036,55.11076374528358
2026-09-07 15:03:57.847848,-13642.23192067117,6556.910454069682,108.58012725762524,55.052027041073664
2026-09-07 15:03:57.947919,-13643.016641838616,6559.244883943382,108.44574493063334,55.07651090297641
2026-09-07 15:03:58.158770,-13644.659249679518,6564.169614087726,108.35136311496058,55.126256320402696
2026-09-07 15:03:58.255165,-13645.407167792828,6566.42432736972,108.35136311496058,55.13467934672585
2026-09-07 15:03:58.355028,-13646.182112123153,6568.7605153070035,108.35136311496058,55.114609405766984
2026-09-07 15:03:58.451400,-13646.92969380176,6571.014214355247,108.35136311496058,55.07839903449148
2026-09-07 15:03:58.547505,-13647.674714493287,6573.260192917144,108.32985369742107,55.04900713338923
2026-09-07 15:03:58.644269,-13648.423595012062,6575.520646881041,108.34068215212574,55.0574624030519
2026-09-07 15:03:58.752235,-13649.259775641465,6578.0430143991825,108.40109227059162,55.076330611154084
2026-09-07 15:03:58.851222,-13650.029116683194,6580.355591698356,108.39001504925045,55.10833382080815
2026-09-07 15:03:58.952056,-13650.812812532511,6582.7128398160285,108.35616331508203,55.13036108976059
2026-09-07 15:03:59.052715,-13651.708761778982,6585.413302577365,108.2660486921132,55.666921426546125
2026-09-07 15:03:59.152378,-13652.486113993345,6587.76847903089,108.35527164951338,55.63905395383675
2026-09-07 15:03:59.252017,-13653.266553854626,6590.120697112214,108.34412146557798,55.68868093597201
2026-09-07 15:03:59.352344,-13654.052622166218,6592.491422643086,108.34412146557798,55.65361451294499
2026-09-07 15:03:59.452247,-13654.834875526409,6594.85064255472,108.42237955507971,55.656233379894815
2026-09-07 15:03:59.548158,-13655.58899940108,6597.114669628319,108.51897654644677,55.653719159620906
2026-09-07 15:03:59.651588,-13656.406321425125,6599.554701676344,108.61157189761923,55.66908332935404
2026-09-07 15:03:59.752023,-13657.204024688757,6601.923446285285,108.74644302923008,55.64275520085883
2026-09-07 15:03:59.851997,-13658.003236406561,6604.278328371138,108.86950742546338,55.62615725590424
2026-09-07 15:03:59.951514,-13658.803589006184,6606.620032951433,108.93632661401574,55.66789722883731
2026-09-07 15:04:00.043498,-13659.546439126741,6608.785240053217,108.92603306912758,55.65423332292285
2026-09-07 15:04:00.150791,-13660.412256305768,6611.310340674936,109.05810689097189,55.61860719396906
2026-09-07 15:04:00.252708,-13661.239687858095,6613.705482771122,109.10372731253938,55.63908993705413
2026-09-07 15:04:00.352142,-13662.049119065228,6616.042488934348,109.1259817990242,55.62084392928637
2026-09-07 15:04:00.452192,-13662.983036249529,6618.745391169077,109.04760855843438,56.213571473034115
2026-09-07 15:04:00.552897,-13663.808935619993,6621.137518197692,109.02506960735678,56.18189278516502
2026-09-07 15:04:00.644463,-13664.55860606626,6623.3116285402875,109.03531637561247,56.2042957720342
2026-09-07 15:04:00.752579,-13665.444587137035,6625.879561392909,109.09581042344286,56.232637405333236
2026-09-07 15:04:00.852903,-13666.269646146144,6628.262753225338,109.1182641022861,56.298384982451616
2026-09-07 15:04:00.952159,-13667.087801403437,6630.623011103385,109.0294055102338,56.28884465887878
2026-09-07 15:04:01.052698,-13667.912683691138,6633.014655103354,108.95064921602426,56.20889997237142
2026-09-07 15:04:01.151728,-13668.720797000444,6635.368169928111,109.03930548235519,56.18553613398448
2026-09-07 15:04:01.261761,-13669.622368294255,6637.980699608932,109.19937881163861,56.24707033674038
2026-09-07 15:04:01.347999,-13670.335469672911,6640.028519319104,109.20902934568869,56.26063424461216
2026-09-07 15:04:01.449271,-13671.173494165667,6642.433777315189,109.14103178885841,56.24205096627018
2026-09-07 15:04:01.549896,-13672.003053777862,6644.823865545617,109.1973344042247,56.22534494059295
2026-09-07 15:04:01.645132,-13672.790174714857,6647.084507621841,109.2932515677391,56.246981497165066
2026-09-07 15:04:01.750519,-13673.665716601614,6649.585607113572,109.26966473056899,56.290262623085006
2026-09-07 15:04:01.849850,-13674.61258885006,6652.300009778582,109.31412759834092,56.89894868701761
2026-09-07 15:04:01.949878,-13675.454116238374,6654.701136645667,109.41487103603282,56.89720059120963
2026-09-07 15:04:02.049680,-13676.297927455806,6657.095284906801,109.45954473436842,56.91289790716569
2026-09-07 15:04:02.148427,-13677.134896388341,6659.464126463065,109.44849437042393,56.90254365335172
2026-09-07 15:04:02.250944,-13678.003187110638,6661.923126628773,109.50585561484138,56.86760757555387
2026-09-07 15:04:02.349748,-13678.841886726777,6664.290772256893,109.49479887226516,56.896098209781236
2026-09-07 15:04:02.450088,-13679.693587176655,6666.696594168931,109.55094202183881,56.868041436338146
2026-09-07 15:04:02.550117,-13680.544577672292,6669.092943918437,109.56213584904373,56.96593578024473
2026-09-07 15:04:02.644418,-13681.348660706402,6671.355802427182,109.51992452635727,56.90578340119308
2026-09-07 15:04:02.749873,-13682.334561580343,6674.140829989536,109.61433275180343,57.47563317497678
2026-09-07 15:04:02.849881,-13683.197142200217,6676.561321591817,109.58075832025531,57.55428175787764
2026-09-07 15:04:02.956582,-13684.117194532653,6679.147877138473,109.53299646892856,57.50393449099436
2026-09-07 15:04:03.048919,-13684.910829148503,6681.384937011857,109.61566085006763,57.50232080360061
2026-09-07 15:04:03.157272,-13685.845881121311,6684.008598494857,109.67628750629405,57.53356494038088
2026-09-07 15:04:03.248441,-13686.635404853985,6686.216531599322,109.64568048135794,57.600482505084265
2026-09-07 15:04:03.356721,-13687.572797938776,6688.842410492144,109.56086034651469,57.60142865923155
2026-09-07 15:04:03.456423,-13688.432364042055,6691.261580702893,109.7282188565444,57.5526414981274
2026-09-07 15:04:03.556277,-13689.299578838716,6693.6798641573305,109.8399612934096,57.55176897064104
2026-09-07 15:04:03.655728,-13690.24572603474,6696.3065504369815,109.86221958469224,58.083087493575995
2026-09-07 15:04:03.757311,-13691.14189245553,6698.787292571518,109.8508518558441,58.116817644261616
2026-09-07 15:04:03.857526,-13692.026017918648,6701.23622368212,109.90692506428064,58.07478491229133
2026-09-07 15:04:03.957525,-13692.909989064385,6703.677245148929,109.88454412421999,58.04769728275874
2026-09-07 15:04:04.044985,-13693.681923729728,6705.811489777572,109.84539499237457,58.04081922794261
2026-09-07 15:04:04.160325,-13694.697887537699,6708.626438083443,109.84539499237457,57.90677588870004
2026-09-07 15:04:04.259368,-13695.568285625239,6711.038064957086,109.7678105759054,57.81071194412852
2026-09-07 15:04:04.360162,-13696.44928355678,6713.489451172026,109.86932549231585,57.78869341320847
2026-09-07 15:04:04.458989,-13697.317015321609,6715.890549364095,109.94674070718617,57.79991960906064
2026-09-07 15:04:04.556379,-13698.175492807955,6718.256036131156,109.91404518394336,57.834810485016924
2026-09-07 15:04:04.659468,-13699.198055934263,6721.082066588802,109.85636388888258,58.555736154947866
2026-09-07 15:04:04.759738,-13700.089585012394,6723.550761299247,109.90124707491202,58.48651931682935
2026-09-07 15:04:04.859780,-13700.979962350586,6726.010234282863,109.8228801010481,58.48826765730224
2026-09-07 15:04:04.959139,-13701.860945466284,6728.454196398147,109.7561669992125,58.44919856008778
2026-09-07 15:04:05.044995,-13702.619235674898,6730.565495005225,109.87146043153768,58.43269388489094
2026-09-07 15:04:05.160968,-13703.64896856619,6733.414533946139,110.01421902101458,58.4661352872962
2026-09-07 15:04:05.260232,-13704.53692208426,6735.8522836738475,109.95867792474911,58.45746156682375
2026-09-07 15:04:05.359226,-13705.41997224591,6738.283899156539,109.8922098966579,58.38220545509438
2026-09-07 15:04:05.459586,-13706.311198232392,6740.7469300368775,109.93713336878233,58.287494970573974
2026-09-07 15:04:05.558190,-13707.187303968107,6743.162253322349,110.03644262149322,58.294387810140904
2026-09-07 15:04:05.659984,-13708.09618111099,6745.654439528445,110.00226859856502,58.30239312356364
2026-09-07 15:04:05.759298,-13708.981586511105,6748.08677121384,109.94669952584462,58.31020340410342
2026-09-07 15:04:05.859952,-13710.026059021653,6750.966609220962,109.90164445247655,59.22190945306283
2026-09-07 15:04:05.959907,-13710.92686488812,6753.454834820037,109.86808781395376,59.310997275880695
2026-09-07 15:04:06.051849,-13711.75536051686,6755.747517746061,109.84751012426625,59.30617692283623
2026-09-07 15:04:06.159752,-13712.726636440471,6758.438337483123,109.89581001877258,59.282605425109516
2026-09-07 15:04:06.260050,-13713.631205346603,6760.937752573336,109.99682538760538,59.28611105380046
2026-09-07 15:04:06.359846,-13714.535683430273,6763.423214162951,109.94098662186036,59.27913488835665
2026-09-07 15:04:06.459848,-13715.421537107408,6765.864749476433,109.77312453564355,59.0932025624036
2026-09-07 15:04:06.552505,-13716.249593116674,6768.168152992133,109.79386225065275,59.04462417036933
2026-09-07 15:04:06.668514,-13717.286531621958,6771.049328861058,110.0015755658257,59.018268219978985
2026-09-07 15:04:06.758835,-13718.101622586159,6773.2885812851555,110.14307980297338,59.06088652245192
2026-09-07 15:04:06.868501,-13719.137463332956,6776.1139215645535,110.08171848504293,59.40178701256562
2026-09-07 15:04:06.967471,-13720.039863595715,6778.582286294559,110.13709507975398,59.40611102789423
2026-09-07 15:04:07.058573,-13720.855319349404,6780.805667988423,110.05553632811024,59.21321365827661
2026-09-07 15:04:07.152164,-13721.704901971696,6783.132856012116,110.02411619549059,59.12080212386414
2026-09-07 15:04:07.269054,-13722.762736282162,6786.035430012579,110.07643888039127,58.96350827851473
2026-09-07 15:04:07.357286,-13723.561091360038,6788.219820715202,110.12580725166083,58.92804347111495
2026-09-07 15:04:07.468308,-13724.567420908119,6790.96591219226,110.10095923590649,58.90379062531255
2026-09-07 15:04:07.557051,-13725.370525672344,6793.160385263444,110.16054438467205,58.80220808900428
2026-09-07 15:04:07.657075,-13726.276727307764,6795.628612863123,110.11577131396876,58.804830127859866
2026-09-07 15:04:07.758040,-13727.189547766076,6798.120886080336,109.98018846134676,58.848941899876905
2026-09-07 15:04:07.857724,-13728.08563311498,6800.585511614935,109.98018846134676,58.77141916002141
2026-09-07 15:04:07.957749,-13728.983599334475,6803.055310363991,110.03615535925485,58.74869459608418
2026-09-07 15:04:08.058135,-13729.88687779745,6805.532183292223,110.06985669200213,58.72588801697493
2026-09-07 15:04:08.154154,-13730.75191918949,6807.8998789768575,110.02687635252505,58.76951690784599
2026-09-07 15:04:08.258061,-13731.653495004482,6810.373356228397,109.94548176671827,58.54849998776488
2026-09-07 15:04:08.357980,-13732.545618272985,6812.831720511622,109.91193721402396,58.54762689230642
2026-09-07 15:04:08.457297,-13733.430922642096,6815.275755737255,109.94527966480848,58.553701738447145
2026-09-07 15:04:08.563928,-13734.383049096248,6817.899495637971,109.95721229423282,58.637558800315205
2026-09-07 15:04:08.654501,-13735.193413938052,6820.131138750334,110.02816181467199,58.62806164262238
2026-09-07 15:04:08.883160,-13737.245889245776,6825.761655866102,109.95139699642385,58.68600450532762
2026-09-07 15:04:08.978260,-13738.097222520044,6828.106862811852,109.95139699642385,58.71342707237978
2026-09-07 15:04:09.079565,-13739.004526592153,6830.606255089979,109.92872375836299,58.7647690419183
2026-09-07 15:04:09.179641,-13739.900629315527,6833.077839417775,109.95112193191989,58.77438818254329
2026-09-07 15:04:09.275612,-13740.761042272945,6835.448094061623,109.91890279175004,58.8054162976868
2026-09-07 15:04:09.372529,-13741.629048299119,6837.843464768915,109.92974836804507,58.829975350358254
2026-09-07 15:04:09.480572,-13742.59761056739,6840.514754199543,109.83302324451495,58.83752801622708
2026-09-07 15:04:09.580078,-13743.48560149311,6842.9767905668305,109.68826433851694,58.86622107571281
2026-09-07 15:04:09.679874,-13744.25021428306,6845.11826140443,109.621257819623,58.13346738512012
2026-09-07 15:04:09.780200,-13745.125738537707,6847.574135446195,109.73352845195564,58.04930880870638
2026-09-07 15:04:09.869913,-13745.911807405213,6849.765499203063,109.8038042993623,58.113589846896474
2026-09-07 15:04:09.979653,-13746.877709144148,6852.447835666467,109.69327939781175,58.12989134536417
2026-09-07 15:04:10.080080,-13747.75715018522,6854.904927329694,109.6483259349277,58.057055991914254
2026-09-07 15:04:10.179526,-13748.625002593231,6857.335650460079,109.67058310715214,58.01100098634988
2026-09-07 15:04:10.279565,-13749.49828654014,6859.778589304368,109.72655783846761,58.03635116299794
2026-09-07 15:04:10.378119,-13750.361335028729,6862.1854743397735,109.80375920131712,58.080270733254515
2026-09-07 15:04:10.479848,-13751.256210793053,6864.670575798058,109.84929546970841,58.10604916087006
2026-09-07 15:04:10.579617,-13752.136172210567,6867.108180268781,109.88278966478407,58.03543459582834
2026-09-07 15:04:10.680332,-13753.024834402335,6869.565388353925,109.90533085397806,57.98615174362272
2026-09-07 15:04:10.780440,-13753.908350617477,6872.005365620952,109.96134419280128,58.086747642479644
2026-09-07 15:04:10.871794,-13754.71818614296,6874.2350498540345,108.60167931128194,58.08594938826861
2026-09-07 15:04:10.979760,-13755.612474531405,6876.892116411879,108.57751526389558,58.086892798673716
2026-09-07 15:04:11.080789,-13756.448268265922,6879.378854995718,108.61143246296842,58.0604089584413
2026-09-07 15:04:11.180327,-13757.272801333022,6881.827289221118,108.68940463310167,58.10737633691974
2026-09-07 15:04:11.280431,-13758.106046599867,6884.290506146296,108.65579797267753,58.11962230484207
2026-09-07 15:04:11.380112,-13758.934506630185,6886.744317764057,108.67810774063713,58.07432948289101
2026-09-07 15:04:11.481126,-13759.774358539751,6889.22867869912,108.85897261162887,57.990476440517845
2026-09-07 15:04:11.581818,-13760.618126369882,6891.698893381109,108.96038479849716,58.0635039869902
2026-09-07 15:04:11.681701,-13761.460510292587,6894.1508599615245,108.77036748625727,58.07921404299749
2026-09-07 15:04:11.778010,-13762.265124538184,6896.518411747694,108.67336964824534,58.05480905931314
2026-09-07 15:04:11.875366,-13763.074093040044,6898.91206909382,108.52084380694873,58.12881994899863
2026-09-07 15:04:12.107341,-13764.988910711385,6904.627944617765,108.83235603630527,57.95652451857014
2026-09-07 15:04:12.197765,-13765.74516225732,6906.845313580741,108.97402164164447,57.95889490209287
2026-09-07 15:04:12.298903,-13766.597183577833,6909.3234126225125,109.04192922619598,57.98717480993109
2026-09-07 15:04:12.396480,-13767.422441360592,6911.714449629146,109.19480130409767,58.05112213392615
2026-09-07 15:04:12.498879,-13768.296135405508,6914.224090342703,109.26355556807846,58.10033425175956
2026-09-07 15:04:12.606621,-13769.219367280502,6916.865812263255,109.4805807902921,58.013720567861036
2026-09-07 15:04:12.697975,-13770.00947087525,6919.09940155723,109.51124992295797,58.00573802575071
2026-09-07 15:04:12.798565,-13770.880651351861,6921.558005053707,109.53376313569714,58.02507511667099
2026-09-07 15:04:12.905200,-13771.805518058101,6924.164865062869,109.5814954438876,57.99432637389909
2026-09-07 15:04:12.997699,-13772.609237836306,6926.424281269771,109.56079309111743,58.01695763312645
2026-09-07 15:04:13.106317,-13773.552424113755,6929.078802692341,109.42708824195591,58.02834692435319
2026-09-07 15:04:13.197578,-13774.339838294063,6931.311416828859,109.37602505705217,58.014790417594845
2026-09-07 15:04:13.305145,-13775.26538127994,6933.943152983237,109.29176344415333,58.01573034152503
2026-09-07 15:04:13.393235,-13776.02017940987,6936.099511793024,109.33119457866354,57.99417780987238
2026-09-07 15:04:13.506200,-13776.9896612354,6938.863092941867,109.38176034220027,57.993190718043344
2026-09-07 15:04:13.605763,-13777.610609317371,6940.623559710559,109.39290202129331,57.34654327813884
2026-09-07 15:04:13.706744,-13778.470195249938,6943.065451777138,109.3703012982034,57.35977890687173
2026-09-07 15:04:13.805633,-13779.311224072955,6945.457639581795,109.42563257105763,57.309661380336074
2026-09-07 15:04:13.903501,-13780.145126194984,6947.8222559700935,109.58991255199675,57.29255790525554
2026-09-07 15:04:14.013953,-13781.093617209039,6950.487412922086,109.73823521071807,57.283871706872844
2026-09-07 15:04:14.105301,-13781.88363889879,6952.6892270255,109.88134842973653,57.26311846051905
2026-09-07 15:04:14.214742,-13782.836378342783,6955.323820042047,109.89359551451321,57.32814679271527
2026-09-07 15:04:14.304799,-13783.621724449247,6957.494072642119,109.92382922163597,57.22033861804131
2026-09-07 15:04:14.393620,-13784.395962597908,6959.630105808979,109.87413128772846,57.26768198531549
2026-09-07 15:04:14.515545,-13785.45709643154,6962.565596017133,109.80591070260022,57.3646319838475
2026-09-07 15:04:14.612895,-13786.302988186777,6964.914390464266,109.77322860805566,57.32890479081109
2026-09-07 15:04:14.712586,-13787.16731053641,6967.3186623459715,109.76207260501769,57.26792756771584
2026-09-07 15:04:14.812810,-13788.034859609717,6969.733386734186,109.77328825385734,57.26530028604082
2026-09-07 15:04:14.903057,-13788.816436517838,6971.907479813738,109.76318908937742,57.2723975169234
2026-09-07 15:04:15.014236,-13789.77894049624,6974.586336352496,109.76318908937742,57.261711174188406
2026-09-07 15:04:15.112537,-13790.629797668342,6976.954455705948,109.74118818147929,57.26257013151046
2026-09-07 15:04:15.212566,-13791.494699365734,6979.364571865146,109.76357583588918,57.259947961584395
2026-09-07 15:04:15.312850,-13792.362710232366,6981.780382412655,109.74113110951146,57.25556653738298
2026-09-07 15:04:15.413143,-13793.229786139089,6984.196564746301,109.77480122053515,57.20824290932397
2026-09-07 15:04:15.512622,-13794.09052086039,6986.590650566347,109.77480122053515,57.221281670187096
2026-09-07 15:04:15.612928,-13794.958608945688,6989.005189359922,109.75235157030147,57.239687688804
2026-09-07 15:04:15.714120,-13795.833691730846,6991.442182297353,109.76367554397427,57.28478285646237
2026-09-07 15:04:15.812583,-13796.686314651537,6993.815152798021,109.79673129204963,57.30112994124505
2026-09-07 15:04:15.911759,-13797.546735946196,6996.205492747404,109.78563292050865,57.32799463735726
2026-09-07 15:04:16.013796,-13798.236667788484,6998.118175570814,109.81988852277925,56.694086688281786
2026-09-07 15:04:16.113800,-13799.09604501172,7000.502590363245,109.81988852277925,56.658259322442035
2026-09-07 15:04:16.213575,-13799.952912506997,7002.880041703178,109.92037715092033,56.69051729816848
2026-09-07 15:04:16.312949,-13800.810976107232,7005.247784830319,110.03158243985263,56.635812304627635
2026-09-07 15:04:16.414126,-13801.688437784796,7007.654462491396,110.04290473493808,56.574810239306295
2026-09-07 15:04:16.758434,-13804.67286342505,7015.835039080065,109.88878445952724,56.740281834409636
2026-09-07 15:04:16.838639,-13805.364961849384,7017.74810983707,109.88878445952724,56.757802681607316
2026-09-07 15:04:16.947711,-13806.30644766039,7020.350527224319,109.97422500023299,56.78639492167532
2026-09-07 15:04:17.046825,-13807.165936451673,7022.715262676448,109.92985926671219,56.80111796449587
2026-09-07 15:04:17.147041,-13808.033354615,7025.1075827699715,109.84014123796709,56.86854614486005
2026-09-07 15:04:17.246816,-13808.894245807962,7027.493553851874,109.86247204422068,56.864186958951066
2026-09-07 15:04:17.335725,-13809.66215133828,7029.619218564148,109.94206752016953,56.863410069229225
2026-09-07 15:04:17.436265,-13810.533840157086,7032.021719457304,109.91956549801233,56.91085024516426
2026-09-07 15:04:17.545923,-13811.4843458138,7034.644663451829,109.93183686635189,56.86485687768037
2026-09-07 15:04:17.656122,-13812.43933291885,7037.278213089889,109.93183686635189,56.832117515011475
2026-09-07 15:04:17.745330,-13813.211966436018,7039.4088897332995,109.82202502868233,56.832897017405
2026-09-07 15:04:17.855825,-13814.163920637748,7042.049858446289,109.78492992815131,56.839655579628186
2026-09-07 15:04:17.946592,-13814.9445991138,7044.220067163361,109.77477257264536,56.80872370517344
2026-09-07 15:04:18.035071,-13815.704809740653,7046.3345541188155,109.96289755747978,56.81490876411671
2026-09-07 15:04:18.136010,-13816.580087561224,7048.744214122744,110.14362814148825,56.81226273936222
2026-09-07 15:04:18.235911,-13817.453842231598,7051.126239198236,110.3336796969088,56.80440629579732
2026-09-07 15:04:18.335933,-13818.336439104052,7053.50790508776,110.4568031794148,56.82538218721644
2026-09-07 15:04:18.458692,-13819.426349106307,7056.4297152585,110.19579169631385,56.884379153721106
2026-09-07 15:04:18.554807,-13820.270146507084,7058.723609337444,110.01294262323898,56.87262116995567
2026-09-07 15:04:18.654972,-13821.141685357336,7061.11646069663,109.90085215927553,56.834985634335254
2026-09-07 15:04:18.754069,-13821.998730996083,7063.483913120232,109.90085215927553,56.8211310296019
2026-09-07 15:04:18.834565,-13822.694735198254,7065.406514158928,109.98192389679343,56.83519856270856
2026-09-07 15:04:18.942215,-13823.629393474142,7067.976989614771,110.05420386551907,56.80415713954173
2026-09-07 15:04:19.042155,-13824.499644811627,7070.360965762445,110.02065226275812,56.76835270229898
2026-09-07 15:04:19.140992,-13825.358369143989,7072.71764805895,110.00959182728991,56.83398941126238
2026-09-07 15:04:19.254874,-13826.34842796956,7075.436396086836,110.04782400285148,56.86284744479965
2026-09-07 15:04:19.354886,-13827.219940133546,7077.82465169435,110.19331902532923,56.80254778621205
2026-09-07 15:04:19.454310,-13828.091429479467,7080.194142941738,110.27120189461863,56.81905441872816
2026-09-07 15:04:19.554429,-13828.972509312525,7082.579695479349,110.17036680606071,56.79630849903976
2026-09-07 15:04:19.654439,-13829.848084123565,7084.963241524072,110.19275020804946,56.76310065550227
2026-09-07 15:04:19.751635,-13830.699429564957,7087.27803446966,110.14924301597483,56.76140205190975
2026-09-07 15:04:19.855354,-13831.606007265422,7089.7487925706155,110.12602949661806,56.72877525257412
2026-09-07 15:04:19.954090,-13832.46758147371,7092.09984465749,110.08183296469622,56.70806905178672
2026-09-07 15:04:20.055180,-13833.514721208458,7094.966305414734,110.05920784613767,57.11312616274309
2026-09-07 15:04:20.155964,-13834.397306423882,7097.383413751928,109.99153794954645,57.09199047018761
2026-09-07 15:04:20.241881,-13835.146986710308,7099.444090306003,110.00115256182858,57.05370244821251
2026-09-07 15:04:20.358530,-13836.164609733021,7102.239811597291,109.96199145606056,57.09549304056722
2026-09-07 15:04:20.456035,-13837.01424869135,7104.579002502046,109.98381420989426,57.086973022084536
2026-09-07 15:04:20.555782,-13837.884205520513,7106.971291779089,109.96148967036652,57.10353327990543
2026-09-07 15:04:20.656996,-13838.766266888524,7109.399813004274,109.95016323476563,57.1132618032199
2026-09-07 15:04:20.741544,-13839.502811554297,7111.428942713174,110.00693171405788,57.095531007317966
2026-09-07 15:04:20.856008,-13840.502382060882,7114.174206672804,110.04535927718001,57.038520169361625
2026-09-07 15:04:20.953029,-13841.350342388274,7116.498232250663,109.99107320467868,56.99697930997265
2026-09-07 15:04:21.053649,-13842.133614875685,7118.65133915217,109.94603335050209,56.677091445705976
2026-09-07 15:04:21.153186,-13842.993944025806,7121.022019342263,109.87920073325137,56.56141369420443
2026-09-07 15:04:21.247125,-13843.801625769776,7123.255748757612,109.98432394090128,56.49328380614911
2026-09-07 15:04:21.347081,-13844.664360251509,7125.6281116293085,110.04025223130179,56.424283723662086
2026-09-07 15:04:21.448131,-13845.537809750651,7128.022658830496,110.08548456348768,56.48609219577868
2026-09-07 15:04:21.554716,-13846.462107357376,7130.55040484641,110.13319449051426,56.488886225325814
2026-09-07 15:04:21.655533,-13847.338419250833,7132.940747658851,110.20088654445766,56.56552819773041
2026-09-07 15:04:21.754360,-13848.20137081489,7135.286069343682,108.75211609474269,56.60525165997652
2026-09-07 15:04:21.854818,-13849.018581588014,7137.693202570604,108.70714875553705,56.55872798130683
2026-09-07 15:04:21.939225,-13849.70306929442,7139.714603865511,108.74493129351646,56.517425119706076
2026-09-07 15:04:22.047095,-13850.578890445568,7142.2954398528545,108.84150153939271,56.51271226193607
2026-09-07 15:04:22.154363,-13851.454075238875,7144.8601872702875,108.8294976259615,56.59050909639161
2026-09-07 15:04:22.254692,-13852.27326926952,7147.2624991497205,108.80704282806005,56.61154936963337
2026-09-07 15:04:22.354282,-13853.085796674355,7149.648321378756,108.99650273741366,56.44272656434749
2026-09-07 15:04:22.454914,-13853.912320536523,7152.04919702167,109.03028665665562,56.22905042518769
2026-09-07 15:04:22.545768,-13854.65698263294,7154.208144797433,109.03028665665562,56.16395183921104
2026-09-07 15:04:22.754989,-13856.499609245875,7159.54115930206,109.28783017841454,56.96259105017767
2026-09-07 15:04:22.854700,-13857.291525955026,7161.805337324916,109.19856424917975,56.7694332617537
2026-09-07 15:04:22.954026,-13858.120445665993,7164.185862565713,109.20967940659364,56.80414981396379
2026-09-07 15:04:23.053611,-13858.952498367691,7166.573893407645,109.17624698353029,56.79109715962917
2026-09-07 15:04:23.153940,-13859.789171058337,7168.9797010225375,109.33343056884036,56.75953674976651
2026-09-07 15:04:23.254689,-13860.635500142995,7171.391924608602,109.45744896218372,56.815879023388554
2026-09-07 15:04:23.355760,-13861.490618160666,7173.812414696522,109.46875939525245,56.84590652022888
2026-09-07 15:04:23.454667,-13862.328337584097,7176.182166947206,109.49089593300363,56.74997448499434
2026-09-07 15:04:23.555783,-13863.1842558055,7178.600426536751,109.46826499534257,56.75085803987757
2026-09-07 15:04:23.652571,-13864.002637122578,7180.915538458284,109.4790961357869,56.75846966998897
2026-09-07 15:04:23.755407,-13864.872738366503,7183.375480450593,109.43306434842742,56.72971497242276
2026-09-07 15:04:23.856005,-13865.721539934797,7185.78135078746,109.42180684681131,56.70158605778425
2026-09-07 15:04:23.952678,-13866.536365580532,7188.09236580774,109.41098857553618,56.672865176403384
2026-09-07 15:04:24.052407,-13867.376073555892,7190.475386988041,109.46678985283165,56.632779155717316
2026-09-07 15:04:24.150051,-13868.19991486098,7192.806135588929,109.53235144378601,56.62851307354346
2026-09-07 15:04:24.252827,-13869.06979690994,7195.258205739851,109.57835637374876,56.59618291293143
2026-09-07 15:04:24.352189,-13869.912205295213,7197.62679427594,109.53387962965525,56.610942795296545
2026-09-07 15:04:24.452317,-13870.759475782783,7200.014923597816,109.44424038260695,56.63544060309898
2026-09-07 15:04:24.553324,-13871.507462353598,7202.133889232978,109.36511748493331,56.1513740546299
2026-09-07 15:04:24.648477,-13872.299464796182,7204.387279965663,109.25863574063624,56.15220550462599
2026-09-07 15:04:24.753030,-13873.16511756706,7206.864928983552,109.2352355623728,56.18600824214668
2026-09-07 15:04:24.852601,-13873.989053522757,7209.226273986754,109.17952269067462,56.17556758666842
2026-09-07 15:04:24.952107,-13874.837936906122,7211.665765103098,109.19065799113594,56.34448973776883
2026-09-07 15:04:25.052116,-13875.665980790594,7214.044832162681,109.24661593657856,56.385562186193475
2026-09-07 15:04:25.151118,-13876.456785711362,7216.310403190098,109.3574049358628,56.20874577402129
2026-09-07 15:04:25.252375,-13877.30013257255,7218.71091100335,109.53870489668014,56.20432183929229
2026-09-07 15:04:25.352280,-13878.15199359962,7221.111634133572,109.60578460198002,56.33302981363626
2026-09-07 15:04:25.452199,-13878.99632028867,7223.482021629158,109.62814763710963,56.390654113894634
2026-09-07 15:04:25.559860,-13879.888042787572,7225.9817916401635,109.56790817501826,56.23698739787134
2026-09-07 15:04:25.650180,-13880.648541447183,7228.1213113513895,109.67908884467028,56.291443514773626
2026-09-07 15:04:25.759848,-13881.577889511213,7230.719867770291,109.70363381946578,56.25023736571538
2026-09-07 15:04:25.850858,-13882.349484540831,7232.874418539742,109.6832647222256,56.23830864079703
2026-09-07 15:04:25.959251,-13883.267347979114,7235.4402729316425,109.64687529979136,56.14927733557267
2026-09-07 15:04:26.058804,-13884.107525908299,7237.793672197302,109.68029697989607,56.09882328993358
2026-09-07 15:04:26.147527,-13884.856853395704,7239.888732540163,109.7895118000194,56.08099220763389
2026-09-07 15:04:26.260964,-13885.81970584944,7242.564694964377,109.91645440432848,56.13451788137114
2026-09-07 15:04:26.360651,-13886.671869008605,7244.91665907891,109.92760995974311,56.16761847429906
2026-09-07 15:04:26.459055,-13887.514012897056,7247.2395578478245,109.9386219399916,56.1865353357656
2026-09-07 15:04:26.560200,-13888.380364884928,7249.627797600007,109.89334708359428,56.183000102620916
2026-09-07 15:04:26.657445,-13889.211444671724,7251.924463356831,109.92599392780568,56.10652440623468
2026-09-07 15:04:26.761296,-13890.099168340492,7254.37330110688,109.96085852154516,56.185472852193094
2026-09-07 15:04:26.860785,-13890.95223145891,7256.722064001096,109.92745832735784,56.11766448003959
2026-09-07 15:04:26.961934,-13891.817090939032,7259.10763924792,109.89350084219006,56.07789153431606
2026-09-07 15:04:27.062023,-13892.670882307579,7261.467048037283,109.88230030063602,56.09713231464332
2026-09-07 15:04:27.162519,-13893.57322750128,7263.9626689172155,109.93853073674882,56.35418892479419
2026-09-07 15:04:27.262493,-13894.43210074087,7266.330304043367,110.0727828053669,56.3419588600908
2026-09-07 15:04:27.362359,-13895.295398110173,7268.692851846445,110.15101191126138,56.317525154493985
2026-09-07 15:04:27.462478,-13896.163738899348,7271.059174370847,110.16221580998996,56.33502201579275
2026-09-07 15:04:27.546905,-13896.896599408976,7273.055091593454,110.10552857432265,56.33059566062879
2026-09-07 15:04:27.654273,-13897.826012290161,7275.594072507089,110.12955878234902,56.32309018013488
2026-09-07 15:04:27.762589,-13898.733436209553,7278.068879295509,110.16592235453896,56.06515379669597
2026-09-07 15:04:27.861865,-13899.591214974975,7280.404539552957,110.26590841364532,56.06255136598507
2026-09-07 15:04:27.962320,-13900.463263234884,7282.766310163471,110.34459890723309,56.02217352996928
2026-09-07 15:04:28.062172,-13901.332673621924,7285.111021155422,110.38929498673264,55.97331296939304
2026-09-07 15:04:28.158687,-13902.174062023962,7287.374740865148,110.36769380642124,55.99439674929808
2026-09-07 15:04:28.253687,-13903.001714645055,7289.60407836813,110.33580064790323,56.0118291239178
2026-09-07 15:04:28.354198,-13903.876338973729,7291.963962437214,110.34704841371303,56.01007258717053
2026-09-07 15:04:28.454584,-13904.750310848696,7294.320666209681,110.27964574821846,56.03901939911688
2026-09-07 15:04:28.562555,-13905.625274686523,7296.687449541281,110.12257216632884,55.618979909745256
2026-09-07 15:04:28.661507,-13906.47170231609,7298.99760131258,110.06720564314156,55.685557634892895
2026-09-07 15:04:28.762077,-13907.330727974531,7301.349168954414,110.0221881701288,55.73564831819305
2026-09-07 15:04:28.862359,-13908.1862199005,7303.696784595145,109.93241105511117,55.75317366547741
2026-09-07 15:04:28.958647,-13909.004363741862,7305.952893638447,109.90008549250712,55.7565391361288
2026-09-07 15:04:29.062447,-13909.885016697437,7308.385659229426,110.00462790895455,55.7157237868312
2026-09-07 15:04:29.162815,-13910.740216284401,7310.734710406071,110.09448201517597,55.79202442547651
2026-09-07 15:04:29.262731,-13911.596401714047,7313.075045419092,110.27338092473315,55.80599353338632
2026-09-07 15:04:29.370538,-13912.42244824694,7315.308659410565,110.44228015408379,55.233878112049055
2026-09-07 15:04:29.453488,-13913.137803279467,7317.227855122132,110.54438861896017,55.31650756774653
2026-09-07 15:04:29.570589,-13914.154018927944,7319.939441360597,110.32161580195833,55.431109588818465
2026-09-07 15:04:29.662512,-13914.94509045042,7322.07550857815,110.16731502246085,55.42950313651554
2026-09-07 15:04:29.771440,-13915.875656622007,7324.609172581227,110.19169437664368,55.435214034869155
2026-09-07 15:04:29.870658,-13916.72434010158,7326.916858965698,110.20279744822909,55.50457164268948
2026-09-07 15:04:29.954047,-13917.43889540348,7328.858670835668,110.13747544763402,55.56432141689872
2026-09-07 15:04:30.188099,-13919.440410165864,7334.317002008831,110.18985900930033,55.427296101770324
2026-09-07 15:04:30.261749,-13920.0702471593,7336.02978424773,110.19810087289636,55.45754323779283
2026-09-07 15:04:30.371964,-13921.013662431113,7338.594174162402,110.13643237349169,55.4142054369948
2026-09-07 15:04:30.470715,-13921.855816355492,7340.890941600194,110.03697506938175,55.49704282291105
2026-09-07 15:04:30.559672,-13922.611982610368,7342.964327116327,109.9075625917335,55.50248398694279
2026-09-07 15:04:30.680054,-13923.629032227509,7345.772737410054,109.853676806348,55.49301687060533
2026-09-07 15:04:30.768807,-13924.219802520074,7347.415064548201,109.8338128519764,54.554627021348736
2026-09-07 15:04:30.878325,-13925.126032718588,7349.927562482864,109.8093014489267,54.52017603541907
2026-09-07 15:04:30.969767,-13925.881314395327,7352.024369940898,109.71720542152019,54.53375942910308
2026-09-07 15:04:31.058553,-13926.61156683908,7354.061957745554,109.58804171050843,54.58961810506049
2026-09-07 15:04:31.180265,-13927.607350579863,7356.860291394589,109.6152822726807,54.60769800283251
2026-09-07 15:04:31.269996,-13928.34270678666,7358.923669822084,109.715696483452,54.666503431667174
2026-09-07 15:04:31.379387,-13929.244556277692,7361.440265185168,109.65448903602316,54.75348688288239
2026-09-07 15:04:31.469244,-13929.984328570901,7363.511551709814,109.58410038755068,54.78881968482685
2026-09-07 15:04:31.579677,-13930.882148866298,7366.035545623869,109.6335327689489,54.736664087091896
2026-09-07 15:04:31.656929,-13931.517300491792,7367.815960608294,109.6421777173062,54.758940092874376
2026-09-07 15:04:31.781156,-13932.539519672604,7370.680012166014,109.5865708204189,54.81212957081539
2026-09-07 15:04:31.876984,-13933.326673013871,7372.892236203113,109.54367597698786,54.76272602890638
2026-09-07 15:04:31.976987,-13934.145653354835,7375.199374602643,109.49891230637337,54.75049241656185
2026-09-07 15:04:32.077277,-13934.9649930937,7377.5132582474025,109.49891230637337,54.71631526309124
2026-09-07 15:04:32.157238,-13935.617843108526,7379.356961048739,109.50786040759539,54.671598347378996
2026-09-07 15:04:32.281007,-13936.627987619715,7382.208277932423,109.28625286589062,54.593730525148324
2026-09-07 15:04:32.377690,-13937.40733662057,7384.435462258811,109.1888783528907,54.603868355376044
2026-09-07 15:04:32.476927,-13938.2035346496,7386.723261340841,109.21108874848261,54.539700282468694
2026-09-07 15:04:32.577559,-13938.966469144778,7388.915452398897,109.13225960358477,54.27629530054842
2026-09-07 15:04:32.665581,-13939.666456773824,7390.933221149154,108.98450699310729,54.29629291681319
2026-09-07 15:04:32.780522,-13940.574052091506,7393.571386538886,108.94591929275754,54.18079172599413
2026-09-07 15:04:32.878314,-13941.343084498025,7395.811685910265,108.86931483554861,54.21240858354603
2026-09-07 15:04:32.979035,-13942.13252514882,7398.121489231339,108.82422977142096,54.218569307069096
2026-09-07 15:04:33.079135,-13942.915380839533,7400.417928948179,108.8130279989029,54.20107576622263
2026-09-07 15:04:33.179535,-13943.699879219688,7402.720661357831,108.89167540875013,54.13176918851147
2026-09-07 15:04:33.278994,-13944.479157648411,7404.997826956949,108.98071573585315,54.189128202106446
2026-09-07 15:04:33.380799,-13945.281287773858,7407.329931558061,108.93514544809278,54.26296295927303
2026-09-07 15:04:33.479141,-13946.055393952625,7409.586393156552,108.84710511139161,54.2045294997392
2026-09-07 15:04:33.580041,-13946.84522577182,7411.900271470309,108.86968770573873,54.15339278658154
2026-09-07 15:04:33.669896,-13947.548746573006,7413.958640425725,108.749024136954,54.143185759875315
2026-09-07 15:04:33.774282,-13948.360847211809,7416.351145636769,108.65557293007504,54.17967088984132
2026-09-07 15:04:33.879685,-13949.177468454705,7418.769923355728,108.63198251191875,54.17506581570086
2026-09-07 15:04:33.976082,-13949.923340472264,7420.982151533454,108.72906897933967,54.19275453797683
2026-09-07 15:04:34.076955,-13950.70802318209,7423.296529608523,108.76293380648906,54.20597601109725
2026-09-07 15:04:34.176993,-13951.487757142557,7425.591849379122,108.62859579420166,54.155276164607
2026-09-07 15:04:34.268996,-13952.199245775264,7427.702509827115,108.55652609651065,54.15768794018917
2026-09-07 15:04:34.371975,-13952.992678399069,7430.06607813495,108.42976265341838,54.12529392203643
2026-09-07 15:04:34.477720,-13953.801566681926,7432.493475353558,108.45342961515513,54.030121588814005
2026-09-07 15:04:34.578059,-13954.568702247749,7434.792410042055,108.5769433132532,54.019600403629234
2026-09-07 15:04:34.678490,-13955.341349325525,7437.09134425874,108.61065975328614,54.064356439512494
2026-09-07 15:04:34.777633,-13956.106055818358,7439.3622259407775,108.56628103869036,54.092944826108216
2026-09-07 15:04:34.876313,-13956.86584172957,7441.624286928366,108.58836677119956,54.085184404781266
2026-09-07 15:04:34.977566,-13957.646221093262,7443.94469567261,108.54304357148828,54.075452132850906
2026-09-07 15:04:35.078287,-13958.420534724626,7446.253110491829,108.50922977339252,54.16610277897597
2026-09-07 15:04:35.177763,-13959.1852112653,7448.537264889163,108.53149365996609,54.255632903517395
2026-09-07 15:04:35.277267,-13959.95225655023,7450.825540832636,108.76533026961079,54.144340849115096
2026-09-07 15:04:35.369048,-13960.66690689185,7452.928983666209,108.89885103369943,54.08419194780034
2026-09-07 15:04:35.477308,-13961.514707291724,7455.405368045677,108.93519580571166,54.048244731108326
2026-09-07 15:04:35.577361,-13962.299167313242,7457.692003773487,108.90160626687788,53.97917768907909
2026-09-07 15:04:35.677547,-13963.082325600357,7459.979212708988,108.86797207762226,53.88988398074203
2026-09-07 15:04:35.777296,-13963.859443250087,7462.2531346240185,108.85680958404674,53.83235772120709
2026-09-07 15:04:35.875808,-13964.625667432507,7464.496609405742,108.90090584835451,53.787596066769005
2026-09-07 15:04:35.977715,-13965.419423196834,7466.814860677239,108.91230983468824,53.80095306677181
2026-09-07 15:04:36.077621,-13966.198238826735,7469.088001225866,108.83404939516436,53.70579804359156
2026-09-07 15:04:36.177035,-13966.91533565192,7471.190099867028,108.81179938491238,53.44048975655099
2026-09-07 15:04:36.278040,-13967.693437412572,7473.474216779042,108.7778902430585,53.2957458228426
2026-09-07 15:04:36.372522,-13968.418056021766,7475.605465433304,108.78846332868346,53.26602469889396
2026-09-07 15:04:36.477895,-13969.226189569968,7477.980909859205,108.83563073629784,53.24024362365461
2026-09-07 15:04:36.578211,-13969.997027789319,7480.240624970798,108.95911612222358,53.192032578502044
2026-09-07 15:04:36.685971,-13970.829541562865,7482.664036669324,109.04352891988435,53.15719299479589
2026-09-07 15:04:36.785778,-13971.603412235027,7484.905985738107,109.03235993577135,53.10224963646945
2026-09-07 15:04:36.872965,-13972.278351447385,7486.862561047139,108.95430607439005,53.06644302345663
2026-09-07 15:04:36.975210,-13973.066200777026,7489.156583225279,108.96574788489067,53.05572198199502
2026-09-07 15:04:37.074544,-13973.831909706523,7491.38468955537,108.97686393755117,52.946356034596576
2026-09-07 15:04:37.175550,-13974.609340805902,7493.645478614431,109.07859237026497,52.95165159679459
2026-09-07 15:04:37.275806,-13975.38505982116,7495.888331322459,109.05615391061315,52.99632964573876
2026-09-07 15:04:37.370950,-13976.121012148227,7498.018906465014,109.0455067433358,52.97803947595529
2026-09-07 15:04:37.475949,-13976.932477202392,7500.369505596743,109.09250673984434,52.97803947595529
2026-09-07 15:04:37.575427,-13977.703100805491,7502.595875413315,109.03684590435205,52.979777959927645
2026-09-07 15:04:37.675627,-13978.477164003585,7504.839230591202,108.9919940519519,52.979777959927645
2026-09-07 15:04:37.776021,-13979.250966122901,7507.087535622075,108.91335134214904,52.97802346787995
2026-09-07 15:04:37.871800,-13979.98622827189,7509.233428773052,108.87047843225855,52.95626354776654
2026-09-07 15:04:37.975405,-13980.75356040261,7511.478569099718,108.84729042742873,52.83780506214646
2026-09-07 15:04:38.075094,-13981.514243915346,7513.707031438182,108.88075776510766,52.87177740487586
2026-09-07 15:04:38.175734,-13982.2839926578,7515.957749800298,108.93706877341037,52.88672712973269
2026-09-07 15:04:38.275900,-13983.052534486345,7518.197746753451,108.92585961510821,52.853467487139184
2026-09-07 15:04:38.369584,-13983.770480322717,7520.291610688872,108.89440826076498,52.877207288107776
2026-09-07 15:04:38.469745,-13984.537177798022,7522.531664116742,108.88319966199191,52.859703086861806
2026-09-07 15:04:38.582804,-13985.401823974571,7525.059507389918,108.84524378189832,52.9249053583308
2026-09-07 15:04:38.673857,-13986.097682408536,7527.098299459707,108.8248650607577,52.89148914767292
2026-09-07 15:04:38.782204,-13986.924322363397,7529.523088510056,108.83698972056806,52.87255435576392
2026-09-07 15:04:38.881614,-13987.682976029431,7531.7469119378875,108.8481142780708,52.9281478149622
2026-09-07 15:04:38.973317,-13988.383947801149,7533.80034901439,108.81732798001201,52.96981561174773
2026-09-07 15:04:39.083131,-13989.22269728007,7536.261719117992,108.78046150306994,52.946786212812505
2026-09-07 15:04:39.183155,-13989.984897382446,7538.5031724214,108.75807496771836,52.93367601853459
2026-09-07 15:04:39.281348,-13990.732100085019,7540.70334182813,108.74708659959782,52.95684238612754
2026-09-07 15:04:39.383096,-13991.50625608521,7542.984312905253,108.76985898621462,52.93817176241378
2026-09-07 15:04:39.470118,-13992.168910004304,7544.934207754326,108.77959725442702,52.95794218983637
2026-09-07 15:04:39.586351,-13993.054772801945,7547.53945322228,108.72756865801966,52.950832655804184
2026-09-07 15:04:39.684527,-13993.800916549628,7549.740352288595,108.77151452090618,52.929386029104116
2026-09-07 15:04:39.783978,-13994.558153340071,7551.968351018339,108.82716024911281,52.96936030783198
2026-09-07 15:04:39.884604,-13995.327106122633,7554.22363005468,109.10867612358959,53.06344254529954
2026-09-07 15:04:40.099556,-13996.99631319696,7559.041652819148,109.30111116105672,53.37523329668644
2026-09-07 15:04:40.189824,-13997.708238480947,7561.074465926063,109.26070510304828,53.4083614144164
2026-09-07 15:04:40.290358,-13998.500023926152,7563.3404309527505,109.18195272554243,53.39342743549393
2026-09-07 15:04:40.398242,-13999.34611678794,7565.7725450770495,109.16987987812644,53.32178270012349
2026-09-07 15:04:40.490233,-14000.066162473664,7567.843739816435,109.18017420635533,53.33464382552614
2026-09-07 15:04:40.598726,-14000.916018884656,7570.286916733285,109.16803320829541,53.28913908881355
2026-09-07 15:04:40.689620,-14001.626976493279,7572.332182360834,109.11717537057024,53.33838164121378
2026-09-07 15:04:40.798556,-14002.477664814869,7574.7864440582225,109.21469994927389,53.31648825639363
2026-09-07 15:04:40.896805,-14003.248347714723,7576.997717009438,109.30265702804547,53.278714126841464
2026-09-07 15:04:40.985534,-14003.981831282257,7579.09365658193,109.30265702804547,53.36945917532405
2026-09-07 15:04:41.098230,-14004.870613936937,7581.6312441930095,109.26482301338916,53.37438288181564
2026-09-07 15:04:41.198542,-14005.582596379916,7583.665290176273,109.20869553063022,53.0900100064988
2026-09-07 15:04:41.298717,-14006.36481400466,7585.910416057399,109.26474635790288,53.08388267973554
2026-09-07 15:04:41.397950,-14007.173643167558,7588.225769120601,109.18701310669394,53.187505218877945
2026-09-07 15:04:41.485640,-14007.858883825334,7590.194949291666,109.08888289369588,53.19976502784358
2026-09-07 15:04:41.586534,-14008.643604451157,7592.462510082229,109.05501101647991,53.210344408324076
2026-09-07 15:04:41.708623,-14009.59173908423,7595.207528457058,109.00036113815986,53.17087215577118
2026-09-07 15:04:41.805817,-14010.343897799055,7597.3919112515305,108.96773141553882,53.23456847978581
2026-09-07 15:04:41.896777,-14011.047490775654,7599.439038231784,108.95755246220966,53.25046470831122
2026-09-07 15:04:42.006151,-14011.893334736877,7601.901472238876,108.99427122347015,53.21128045256789
2026-09-07 15:04:42.092272,-14012.560103037828,7603.838537144701,109.12919539843944,53.22031078961826
2026-09-07 15:04:42.206819,-14013.453168109929,7606.413311325205,109.25738015734345,53.18327691995615
2026-09-07 15:04:42.304525,-14014.21931050021,7608.6062986377065,109.22457854738389,53.214012214896194
2026-09-07 15:04:42.405652,-14015.01143593963,7610.877835050372,109.12272824923275,53.21224491289302
2026-09-07 15:04:42.505018,-14015.78577294193,7613.111121382807,109.17832641746617,53.16796348323908
2026-09-07 15:04:42.584175,-14016.403837048012,7614.888123817319,109.22261706218211,53.14513816105034
2026-09-07 15:04:42.693218,-14017.256779098907,7617.334330173555,109.33243997852782,53.19087358181806
2026-09-07 15:04:42.807589,-14018.15708753443,7619.90054877594,109.37083631992635,53.23484619193125
2026-09-07 15:04:42.904087,-14018.918782836072,7622.067018919502,109.4140310709534,53.26688789261799
2026-09-07 15:04:43.005114,-14019.718417968032,7624.335932331219,109.4027255617408,53.24834957145266
2026-09-07 15:04:43.104842,-14020.507054912605,7626.575048336257,109.2688038391014,53.24747814495838
2026-09-07 15:04:43.191121,-14021.184797982944,7628.513762030449,109.27845896129014,53.191688901406344
2026-09-07 15:04:43.307752,-14022.10044484037,7631.131593711946,109.39592414985162,53.15500038499842
2026-09-07 15:04:43.404535,-14022.864193853906,7633.300869121052,109.45007705442794,53.16599439385389
2026-09-07 15:04:43.505682,-14023.664688646893,7635.567671708692,109.40480130278405,53.141247272511286
2026-09-07 15:04:43.606125,-14024.457463645727,7637.818276351671,109.44976192764057,53.12369378876263
2026-09-07 15:04:43.691987,-14025.13643908537,7639.740999969294,109.42093655525457,53.140949882316896
2026-09-07 15:04:43.808348,-14026.055580498381,7642.34800247601,109.30374329783405,53.098245702461625
2026-09-07 15:04:43.906408,-14026.825047210254,7644.5447943814615,109.36958420571352,53.07168330731802
2026-09-07 15:04:44.006257,-14027.61072874718,7646.77964403276,109.41427894234323,53.09960278879618
2026-09-07 15:04:44.106253,-14028.399727500697,7649.018346508742,109.35832827077888,53.150281349439524
2026-09-07 15:04:44.196916,-14029.113784460036,7651.05073799767,109.30759968427509,53.174047836359044
2026-09-07 15:04:44.292260,-14029.86315101924,7653.189683444649,109.33960832959866,53.14155619690844
2026-09-07 15:04:44.406471,-14030.761686694403,7655.749823611358,109.31404657852846,53.157523867586676
2026-09-07 15:04:44.507513,-14031.55584549341,7658.015804130013,109.28012501512876,53.213147088523286
2026-09-07 15:04:44.602773,-14032.30407676406,7660.154795558971,109.3014453118335,53.2264652479721
2026-09-07 15:04:44.704803,-14033.106537062811,7662.446077177777,109.21010330583789,53.23716374531015
2026-09-07 15:04:44.800205,-14033.853602172961,7664.590138534525,109.2207793448166,53.25883801523007
2026-09-07 15:04:44.896954,-14034.611928989769,7666.765216290704,109.14499191199474,53.23770311783554
2026-09-07 15:04:44.996837,-14035.391539920221,7669.010893640554,109.04439451139723,53.19493685426013
2026-09-07 15:04:45.098139,-14036.177594444307,7671.288028509532,109.01038566145832,53.24539212322376
2026-09-07 15:04:45.319088,-14037.89072684876,7676.2603981454,109.183464013633,53.20870959236802
2026-09-07 15:04:45.406506,-14038.573992692258,7678.224295192084,109.10520335029753,53.23468087709645
2026-09-07 15:04:45.508704,-14039.370031735825,7680.522443786555,109.0137109428806,53.191816424251066
2026-09-07 15:04:45.607998,-14040.139264614461,7682.754722810682,108.95815306074223,53.095509029359114
2026-09-07 15:04:45.709293,-14040.920373909956,7685.028622679259,108.96948856071447,53.10347510027838
2026-09-07 15:04:45.808136,-14041.683128652148,7687.247661372757,108.99161077452084,53.15702408708605
2026-09-07 15:04:45.908604,-14042.460076732877,7689.505156162854,109.0815544053977,53.199162933721695
2026-09-07 15:04:46.009000,-14043.240626633056,7691.761598879645,109.03661481883523,53.25004421671651
2026-09-07 15:04:46.108482,-14044.013054562633,7694.00024407834,108.9809517452266,53.24048217039515
2026-09-07 15:04:46.202374,-14044.739895410197,7696.113425131864,109.07551529594997,53.27165856121028
2026-09-07 15:04:46.305778,-14045.54468188398,7698.440725795395,109.121801333331,53.24726277867404
2026-09-07 15:04:46.405795,-14046.32456850684,7700.690135510085,109.15537878633626,53.29882593402647
2026-09-07 15:04:46.506109,-14047.108851760097,7702.947950338346,109.15537878633626,53.31810996761407
2026-09-07 15:04:46.605442,-14047.885746263933,7705.184494244482,109.12203096407228,53.3458851667014
2026-09-07 15:04:46.699220,-14048.89201787916,7708.0847183765145,109.090548052288,53.98741901826991
2026-09-07 15:04:46.806239,-14049.736771259128,7710.525522737036,109.10252410117027,53.960300089105296
2026-09-07 15:04:46.905671,-14050.521716235751,7712.791985663134,109.15815919832403,53.94552980848164
2026-09-07 15:04:47.005184,-14051.309287205982,7715.05891034358,109.2138396173346,53.94552980848164
2026-09-07 15:04:47.106229,-14052.111219360251,7717.359956033148,109.22514714085202,54.00645228780396
2026-09-07 15:04:47.204212,-14052.890169344382,7719.593638590051,109.203217405055,53.95593774876662
2026-09-07 15:04:47.305824,-14053.696327930847,7721.9081922155765,109.36241104269243,53.955049859819326
2026-09-07 15:04:47.405538,-14054.49372293811,7724.177268394373,109.35125246582061,54.07528983415048
2026-09-07 15:04:47.505760,-14055.159526759046,7726.069448532672,109.2839599156523,53.671235438900695
2026-09-07 15:04:47.606255,-14055.955824472434,7728.345360190116,109.30645186628578,53.67211356746581
2026-09-07 15:04:47.701027,-14056.70762933053,7730.4914031413655,109.2322130980981,53.65969175537964
2026-09-07 15:04:47.805825,-14057.535700973021,7732.865003276299,109.09148302540876,53.628556992550806
2026-09-07 15:04:47.905364,-14058.316225123086,7735.120106616556,109.10262201876219,53.59550554231705
2026-09-07 15:04:48.012318,-14059.154847081092,7737.541543952149,109.15049711877816,53.57307592192514
2026-09-07 15:04:48.104321,-14059.877676440414,7739.623015855775,109.18138413207436,53.53287966222243
2026-09-07 15:04:48.201178,-14060.63925098726,7741.812250075082,109.1488675462366,53.379692194028856
2026-09-07 15:04:48.313224,-14061.51630040495,7744.338048529918,109.08617454905573,53.38850374822423
2026-09-07 15:04:48.411825,-14062.285802412154,7746.561973122401,109.04203844627631,53.3643795437347
2026-09-07 15:04:48.511711,-14063.063245670508,7748.81446216332,109.01968279693085,53.384454107112695
2026-09-07 15:04:48.611887,-14063.842357576417,7751.074644842714,109.04210335165152,53.33631034480955
2026-09-07 15:04:48.712992,-14064.628877346759,7753.35342292304,109.08736030311769,53.36546448405044
2026-09-07 15:04:48.812791,-14065.407439244924,7755.603380666277,109.03151985878537,53.39947431293879
2026-09-07 15:04:48.914801,-14066.201513792003,7757.9054258313145,109.11142844721684,53.363819645571226
2026-09-07 15:04:49.014156,-14066.977528856745,7760.144978820423,109.36715170891807,53.2414080692162
2026-09-07 15:04:49.101492,-14067.666863881392,7762.106039539642,109.44533896203615,53.23072404205979
2026-09-07 15:04:49.200659,-14068.452460127037,7764.331239184636,109.55631260592241,53.2350566643503
2026-09-07 15:04:49.300777,-14069.250004789865,7766.576420572166,109.47788609816257,53.198313622620255
2026-09-07 15:04:49.401028,-14070.044981825946,7768.824123110572,109.46666742786573,53.147505826477854
2026-09-07 15:04:49.516505,-14070.95931795675,7771.410910318948,109.41497723465608,53.15456911884263
2026-09-07 15:04:49.615623,-14071.742225661596,7773.632243716293,109.44825287766656,53.1814181039726
2026-09-07 15:04:49.715949,-14072.536381655895,7775.881324453842,109.47070700413315,53.23401721423119
2026-09-07 15:04:49.815252,-14073.324090510636,7778.109365099639,109.52626992203335,53.23314950140068
2026-09-07 15:04:49.915310,-14074.119952046816,7780.35353819342,109.55986113945437,53.25675587261466
2026-09-07 15:04:50.000635,-14074.800050588889,7782.267719173097,109.53121604734332,53.25302800954592
2026-09-07 15:04:50.114725,-14075.70808253163,7784.8274892712225,109.44184470282664,53.26598799704704
2026-09-07 15:04:50.215634,-14076.50787021364,7787.093326313693,109.4757216158045,53.272160219820734
2026-09-07 15:04:50.315483,-14077.300673866395,7789.335153272172,109.53159003659164,53.29222734713317
2026-09-07 15:04:50.414916,-14078.092649180973,7791.567709899919,109.55384429926471,53.33393208831964
2026-09-07 15:04:50.517502,-14078.911272579897,7793.87254517808,109.63420409195982,53.38771607577043
2026-09-07 15:04:50.607591,-14079.633737439646,7795.897635863381,109.65436705868069,53.423927303373105
2026-09-07 15:04:50.716449,-14080.508173256318,7798.345982893523,109.43509387236776,53.44865862635315
2026-09-07 15:04:50.815497,-14081.29564022777,7800.577752520443,109.32425339640656,53.417501179592236
2026-09-07 15:04:50.915360,-14082.084772017954,7802.828105006349,109.34660389808431,53.39132299573285
2026-09-07 15:04:51.015344,-14082.87535118354,7805.079771767738,109.39135906385644,53.427143196386034
2026-09-07 15:04:51.241102,-14084.665603580072,7810.165917156915,109.29030452798679,53.506050425045665
2026-09-07 15:04:51.335324,-14085.41013333874,7812.293114281873,109.30084851809863,53.47311782952848
2026-09-07 15:04:51.435661,-14086.202911622062,7814.556826222988,109.37944657747954,53.479255065220485
2026-09-07 15:04:51.536188,-14087.000393123906,7816.823993226932,109.34569790857068,53.49067437158848
2026-09-07 15:04:51.635327,-14087.785714145764,7819.060797302329,109.25694406036524,53.50020344931363
2026-09-07 15:04:51.735907,-14088.579075000527,7821.331749599028,109.23443308574252,53.45801762701585
2026-09-07 15:04:51.835422,-14089.362534178157,7823.577191984867,109.2789783161976,53.4797567593502
2026-09-07 15:04:51.936229,-14090.15825660477,7825.852093902753,109.32410187592711,53.48416103350632
2026-09-07 15:04:52.035325,-14090.942298734206,7828.087951232361,109.40172780945528,53.47983151321731
2026-09-07 15:04:52.136487,-14091.74571352234,7830.369151606723,109.42436904245176,53.491322952042694
2026-09-07 15:04:52.224144,-14092.442804251346,7832.345964018084,109.46360635608283,53.469110410589465
2026-09-07 15:04:52.338400,-14093.352809351214,7834.920935945308,109.42524862219193,53.48708111790872
2026-09-07 15:04:52.435774,-14094.127146651117,7837.116696984302,109.3380748841559,53.460704545761935
2026-09-07 15:04:52.538341,-14094.938859339047,7839.429656074158,109.21181859823696,53.43292129894677
2026-09-07 15:04:52.636564,-14095.710909452127,7841.645210396932,109.17884342235158,53.346235447638726
2026-09-07 15:04:52.722058,-14096.38070900293,7843.5709019350015,109.22667980295398,53.35370594105095
2026-09-07 15:04:52.839390,-14097.302277388206,7846.2133233730065,109.20041953575935,53.37421095738058
2026-09-07 15:04:52.936372,-14098.063300681986,7848.398633069195,109.23297808627933,53.3445508423741
2026-09-07 15:04:53.036348,-14098.848661417058,7850.649709218452,109.14347491670748,53.33232053300581
2026-09-07 15:04:53.137348,-14099.6383316412,7852.924556869144,109.10956745344095,53.29966650596125
2026-09-07 15:04:53.222281,-14100.300843659823,7854.83674470381,109.0620449686619,53.29224503291074
2026-09-07 15:04:53.340044,-14101.547426515333,7858.430811701847,108.98297477862906,53.996797904343474
2026-09-07 15:04:53.440292,-14102.334575716362,7860.719067580192,108.93810144031164,53.98979014217454
2026-09-07 15:04:53.538633,-14103.10489285299,7862.964107039255,108.91609157994804,53.96658885740417
2026-09-07 15:04:53.638913,-14103.889181751856,7865.252729836459,108.96097924221033,53.94468261020034
2026-09-07 15:04:53.735516,-14104.646132498276,7867.455947656358,109.04746274515253,53.9100736843352
2026-09-07 15:04:53.834033,-14105.420973912715,7869.700209424581,109.1025858731827,53.90663030538702
2026-09-07 15:04:53.934664,-14106.214596479567,7871.991720177133,109.2489814017888,53.88464738194896
2026-09-07 15:04:54.034918,-14107.010751528958,7874.271688337217,109.34995245591716,53.839970224284095
2026-09-07 15:04:54.136513,-14107.820954076073,7876.578813523378,109.31584524076305,53.89234690792817
2026-09-07 15:04:54.230547,-14108.570315929546,7878.7167594841685,109.27375343349172,53.884130186549775
2026-09-07 15:04:54.335992,-14109.408723346785,7881.114395655113,109.33275297910455,53.79383476765549
2026-09-07 15:04:54.436166,-14110.206226778973,7883.387541471462,109.38880324684811,53.82359577198396
2026-09-07 15:04:54.536240,-14111.005597223768,7885.6588935279915,109.31041120608069,53.846331468174455
2026-09-07 15:04:54.635780,-14111.797944919454,7887.920166064228,109.17674194296978,53.80197249722107
2026-09-07 15:04:54.719767,-14112.46148919312,7889.828099041828,109.14854604081762,53.75793962963652
2026-09-07 15:04:54.828066,-14113.315201782567,7892.286734717,109.08794959916247,53.73617426572893
2026-09-07 15:04:54.935796,-14114.161499119968,7894.732358989674,108.99150468780397,53.674045282584245
2026-09-07 15:04:55.035626,-14114.94101801115,7896.997337136902,108.95799001396335,53.663577469301316
2026-09-07 15:04:55.135914,-14115.722629622831,7899.272720380132,108.91309877071484,53.69600130162057
2026-09-07 15:04:55.235491,-14116.497397409486,7901.533944884292,108.94652850803851,53.67337851828463
2026-09-07 15:04:55.334264,-14117.266893815444,7903.775518336806,108.97968832852587,53.64230757804439
2026-09-07 15:04:55.435964,-14118.060069364046,7906.081722951588,109.03659243767117,53.61564784121994
2026-09-07 15:04:55.535851,-14118.840965950141,7908.344914818322,109.03659243767117,53.63746823725553
2026-09-07 15:04:55.635386,-14119.619427358528,7910.601049061188,109.02545389194103,53.64877485795782
2026-09-07 15:04:55.738856,-14120.428378861257,7912.947028633106,109.17597952862235,53.62526762845933
2026-09-07 15:04:55.828245,-14121.132255535244,7914.971018850637,109.24600157363068,53.624486544481954
2026-09-07 15:04:55.936485,-14121.98755291621,7917.420763650351,109.30656500306912,53.63678200461975
2026-09-07 15:04:56.035966,-14122.776198159712,7919.671954018746,109.35109501433271,53.66286005062794
2026-09-07 15:04:56.136420,-14123.574711487412,7921.945648058053,109.31737085279826,53.69445978163635
2026-09-07 15:04:56.236213,-14124.3671072073,7924.206177767209,109.22803151334597,53.749395433018215
2026-09-07 15:04:56.334992,-14125.148760369126,7926.447248970846,109.20592362348458,53.67689216848932
2026-09-07 15:04:56.437610,-14125.958799572647,7928.772590599836,109.2174071748558,53.7091726271731
2026-09-07 15:04:56.537677,-14126.749631625658,7931.041331331084,109.25100141373395,53.728409178292694
2026-09-07 15:04:56.644204,-14127.593235222983,7933.456905401281,109.29868537861034,53.71444663264521
2026-09-07 15:04:56.733090,-14128.298630867408,7935.471347335585,109.28873851795066,53.696582791462106
2026-09-07 15:04:56.828571,-14129.055736608792,7937.63466494776,109.3101082770275,53.69992005574494
2026-09-07 15:04:56.929539,-14129.857253875076,7939.922145175645,109.35530390410469,53.72991695199584
2026-09-07 15:04:57.033873,-14130.68781954444,7942.286549771461,109.30860157707559,53.701655061980404
2026-09-07 15:04:57.134436,-14131.486087665293,7944.564949126186,109.30860157707559,53.62081256885899
2026-09-07 15:04:57.233627,-14132.272279545472,7946.808880739759,109.34190172746042,53.60607808795404
2026-09-07 15:04:57.333882,-14133.4624015769,7950.206666401181,109.36433996330055,54.510475568686815
2026-09-07 15:04:57.431838,-14134.253877836221,7952.4586577369255,109.39722550262462,54.45826306393332
2026-09-07 15:04:57.533978,-14135.079716310016,7954.804115699745,109.42008562340379,54.45826306393332
2026-09-07 15:04:57.633616,-14135.886238031653,7957.091798209168,109.49813612761051,54.417342980579484
2026-09-07 15:04:57.734112,-14136.702233697077,7959.396337132186,109.54312047650075,54.38133935115035
2026-09-07 15:04:57.834017,-14137.514691195847,7961.685170512396,109.59902023091735,54.342055560480055
2026-09-07 15:04:57.927554,-14138.276901569425,7963.825821755586,109.68275890792222,54.30445841103594
2026-09-07 15:04:58.034076,-14139.147882535157,7966.260685651796,109.68275890792222,54.25978036209177
2026-09-07 15:04:58.133584,-14139.960843876976,7968.533353250842,109.7050299564682,54.23543424653163
2026-09-07 15:04:58.233266,-14140.775745834773,7970.808656741837,109.78311492766738,54.255467811061656
2026-09-07 15:04:58.341165,-14141.661504627926,7973.271223230865,109.95215829171343,54.282809734812886
2026-09-07 15:04:58.427541,-14142.376751310177,7975.24146455986,109.87483047528809,54.28809302881342
2026-09-07 15:04:58.540174,-14143.306044366695,7977.812136100911,109.73618330561453,54.32942904250906
2026-09-07 15:04:58.632856,-14144.06618648453,7979.930913641627,109.76729827106476,54.26059108547501
2026-09-07 15:04:58.740990,-14144.953276873615,7982.3993215299115,109.79149991880644,54.289882315706095
2026-09-07 15:04:58.840004,-14145.766943879175,7984.6604210241885,109.81366040440298,54.284691190471214
2026-09-07 15:04:58.940249,-14146.5915333598,7986.949094181418,110.00436638505516,54.256660980646586
2026-09-07 15:04:59.028974,-14147.32772022018,7988.971271451781,110.10365482328359,54.26829020950474
2026-09-07 15:04:59.143442,-14148.282231165118,7991.579079741643,110.18051263526763,54.30829921317332
2026-09-07 15:04:59.340768,-14149.934914061945,7996.075659135143,110.24675841840167,54.201396272440945
2026-09-07 15:04:59.442262,-14150.785961213418,7998.3829253651475,110.25811618763191,54.23509687110102
2026-09-07 15:04:59.540418,-14151.609972914686,8000.615532836779,110.17024236678992,54.239385322637794
2026-09-07 15:04:59.643227,-14152.469526683057,8002.9554810706895,110.12422266525897,54.23489358077745
2026-09-07 15:04:59.743340,-14153.304640457605,8005.234550738185,110.1690355744339,54.21302381485886
2026-09-07 15:04:59.842780,-14154.135575355895,8007.496737532163,110.21354723314312,54.217368364563576
2026-09-07 15:04:59.943423,-14154.978408676077,8009.785821086621,110.19102215838706,54.20065935047927
2026-09-07 15:05:00.028064,-14155.686258374795,8011.710630881068,110.18155033793045,54.19400298828293
2026-09-07 15:05:00.138732,-14156.611241288827,8014.227161116808,110.14439715827916,54.20270617340059
2026-09-07 15:05:00.243099,-14157.482160054928,8016.601356403309,110.16775570757778,54.1552841376208
2026-09-07 15:05:00.343790,-14158.322601252434,8018.889581643858,110.21282734300712,54.17024143835172
2026-09-07 15:05:00.443855,-14159.159837147232,8021.163551051594,110.2240251988215,54.1798595216748
2026-09-07 15:05:00.543444,-14159.993680706293,8023.426942302596,110.14601307831077,54.209446726539014
2026-09-07 15:05:00.628615,-14160.704556274797,8025.36467780504,110.09835742560654,54.23921580480941
2026-09-07 15:05:00.744367,-14161.669013266073,8028.000414532823,110.09835742560654,54.215952576127414
2026-09-07 15:05:00.843618,-14162.495627623126,8030.259445096452,110.06503713217421,54.14310286609028
2026-09-07 15:05:00.943302,-14163.32341483265,8032.525764170413,110.0985027912659,54.110003269298055
2026-09-07 15:05:01.042867,-14164.151029596764,8034.787510935896,110.13192849998018,54.09869324076313
2026-09-07 15:05:01.143074,-14164.985134324781,8037.062879538597,110.16556973930244,54.068922432362314
2026-09-07 15:05:01.236319,-14165.76210386362,8039.178543226252,110.24904700431335,54.05344165358693
2026-09-07 15:05:01.343754,-14166.660605651003,8041.614163647473,110.30916001282895,54.035605013898646
2026-09-07 15:05:01.444016,-14167.501224936577,8043.885536802168,110.33159981535056,54.05838342159147
2026-09-07 15:05:01.543903,-14168.339939732185,8046.149040161215,110.32042187877198,54.011251366154596
2026-09-07 15:05:01.643843,-14169.177926452576,8048.411933526551,110.35397348153293,53.998152181797494
2026-09-07 15:05:01.744608,-14170.023961390265,8050.6924585920115,110.29759253209318,53.986705839957274
2026-09-07 15:05:01.844458,-14170.859912499225,8052.952619941929,110.30876632815637,53.92999382523264
2026-09-07 15:05:01.943505,-14171.68870650372,8055.192088180353,110.35310207091754,53.85296647064749
2026-09-07 15:05:02.043778,-14172.528312487295,8057.455389269036,110.37554433536718,53.84770933831593
2026-09-07 15:05:02.148474,-14173.405793022917,8059.817949410296,110.2583834187285,53.8605170568646
2026-09-07 15:05:02.234754,-14174.125113211698,8061.766873881613,110.18114154597248,53.84996221277906
2026-09-07 15:05:02.337211,-14174.976014196596,8064.0819060895055,110.0435551315606,53.80609385613033
2026-09-07 15:05:02.453007,-14175.930631008394,8066.6985035723455,109.90101442271401,53.70895825305231
2026-09-07 15:05:02.552420,-14176.743126563244,8068.94287360777,109.93438910237455,53.6359896358704
2026-09-07 15:05:02.651580,-14177.553755430117,8071.17801862279,109.92329252132669,53.65418536499979
2026-09-07 15:05:02.741103,-14178.285459538332,8073.196764334475,109.90325623199323,53.71598350002406
2026-09-07 15:05:02.842134,-14179.111376156485,8075.477928730906,109.81280857730593,53.70274131776688
2026-09-07 15:05:02.942272,-14179.926221420372,8077.7396619618785,109.65592422815689,53.78061712655916
2026-09-07 15:05:03.041692,-14180.730236812116,8079.990644561063,109.5780444922305,53.831003767016384
2026-09-07 15:05:03.484527,-14184.301180360617,8090.031192504441,109.23115379761191,54.05543514829658
2026-09-07 15:05:03.584295,-14185.095278835848,8092.307546630846,109.15300145910948,54.105998157199586
2026-09-07 15:05:03.684284,-14185.88876527678,8094.592161650773,109.0746760023045,54.15667317020178
2026-09-07 15:05:03.783427,-14186.673174601701,8096.860642775456,108.99701325176181,54.20691942543062
2026-09-07 15:05:03.884011,-14187.466600143778,8099.165308134404,108.91822170721917,54.25789598793062
2026-09-07 15:05:03.983747,-14188.250930064223,8101.453773205874,108.84009443562036,54.30844277904551
2026-09-07 15:05:04.083860,-14189.035822235057,8103.754101026055,108.76167184456415,54.35918063597665
2026-09-07 15:05:04.184857,-14189.825204740555,8106.077991487581,108.68255678029783,54.410366509304545
2026-09-07 15:05:04.284964,-14190.605183511392,8108.384651648378,108.6041388892861,54.46110132540042
2026-09-07 15:05:04.385275,-14191.38431338342,8110.699236112994,108.52556119676433,54.51193952989555
2026-09-07 15:05:04.485958,-14192.163872836327,8113.02564406774,108.44669210148885,54.56296626617754
2026-09-07 15:05:04.585437,-14192.93166330063,8115.3274427729275,108.36876614845903,54.61338280818161
2026-09-07 15:05:04.684735,-14193.695636444094,8117.628217590368,108.29098198010234,54.663707618321645
2026-09-07 15:05:04.785883,-14194.471374755794,8119.975072556082,108.21174863138492,54.714970019337215
2026-09-07 15:05:04.885806,-14195.23522692753,8122.296737552364,108.13347487506849,54.76561158315142
2026-09-07 15:05:04.985958,-14195.99835564154,8124.626921716082,108.05502173372366,54.816369205511826
2026-09-07 15:05:05.086222,-14196.759847947596,8126.962918666094,107.97648085821646,54.86718359013065
2026-09-07 15:05:05.185681,-14197.512746490052,8129.283342671905,107.89857057200135,54.91758999601715
2026-09-07 15:05:05.285518,-14198.266029893273,8131.615751927072,107.82036418298816,54.96818797452578
2026-09-07 15:05:07.291453,-14213.350980931333,8178.5425631907765,105.35113038561843,53.793816999263505
2026-09-07 15:05:07.390636,-14213.982410959503,8180.842616281888,105.36222954050021,53.71061722966794
2026-09-07 15:05:07.490288,-14214.616292535951,8183.149848549721,105.3176229856561,53.67143292149641
2026-09-07 15:05:07.590128,-14215.249108133441,8185.460240523501,105.35114101667119,53.55016860510414
2026-09-07 15:05:07.689895,-14215.881379739447,8187.763357480193,105.3623055245514,53.430736488081614
2026-09-07 15:05:07.790278,-14216.516586913422,8190.075402718077,105.3623055245514,53.32109274989543
2026-09-07 15:05:07.889884,-14217.145583957115,8192.364844146166,105.27313359620484,53.18966832129284
2026-09-07 15:05:07.989619,-14218.54250324645,8196.956796586972,105.22848988862876,54.01696510747059
2026-09-07 15:05:08.087675,-14219.164459082365,8199.24148376466,105.17362470351225,53.90814941144786
2026-09-07 15:05:08.189616,-14219.80748422986,8201.612522788562,105.12799353898617,53.79680394145357
2026-09-07 15:05:08.296374,-14220.477529539115,8204.09100580588,105.18772774630315,53.66060713160434
2026-09-07 15:05:08.388686,-14221.05766894629,8206.228082589192,105.21871849629389,53.539613344694885
2026-09-07 15:05:08.496958,-14221.730788486106,8208.706908587066,105.08543956068092,53.40879714587286
2026-09-07 15:05:08.583557,-14222.268907156626,8210.703282055578,105.0272939683756,53.326316315368324
2026-09-07 15:05:08.684260,-14222.89134784957,8213.021843812538,105.00475546492123,53.3227965310649
2026-09-07 15:05:08.797941,-14223.592929013737,8215.639311359777,104.9793123340196,53.17975438159282
2026-09-07 15:05:08.895540,-14224.132823864726,8217.694987485109,104.9683904379558,52.96239631735537
2026-09-07 15:05:08.995987,-14224.747083586324,8219.992505305294,105.05831526865506,52.90007896844644
2026-09-07 15:05:09.096407,-14225.364055581755,8222.285737442517,105.14821592769727,52.73160411161036
2026-09-07 15:05:09.184834,-14225.908771083772,8224.29780912571,105.19769340714072,52.70610573793295
2026-09-07 15:05:09.285781,-14226.532292159318,8226.593113142198,105.03954161268155,52.63818571993959
2026-09-07 15:05:09.405725,-14227.264676558889,8229.318882982483,104.89189486510907,52.597310812213216
2026-09-07 15:05:09.495301,-14227.769840664783,8231.237333668778,104.80167818403294,52.35218521579097
2026-09-07 15:05:09.606276,-14228.433359398525,8233.748353479828,104.7395844425148,52.24939668246621
2026-09-07 15:05:09.696021,-14228.966693889439,8235.775596480376,104.56885365061862,52.2039133888851
2026-09-07 15:05:09.794608,-14229.545431617873,8238.002366573726,104.48059397851154,52.215973778475515
2026-09-07 15:05:09.905146,-14230.153745575246,8240.376434986862,104.48059397851154,51.85522445735036
2026-09-07 15:05:09.995978,-14230.680257545928,8242.415154059674,104.45010009035883,51.807602879862884
2026-09-07 15:05:10.105131,-14231.311084210953,8244.863173108179,104.48674465806113,51.76182132228415
2026-09-07 15:05:10.203437,-14231.880129605082,8247.065610249269,104.53074871197379,51.724025277746755
2026-09-07 15:05:10.283625,-14232.345338432297,8248.860465085907,104.54869571965969,51.737338299232526
2026-09-07 15:05:10.389644,-14232.961306994303,8251.233915354906,104.48937500434528,51.78180537712265
2026-09-07 15:05:10.489888,-14233.54189769225,8253.480611663397,104.47815711738917,51.77567382988974
2026-09-07 15:05:10.589460,-14234.118091140685,8255.712095526129,104.45587174489822,51.71998977477163
2026-09-07 15:05:10.707977,-14234.75108900533,8258.1807936447,104.45587174489822,51.34131259429798
2026-09-07 15:05:10.803746,-14235.299798563312,8260.309257417332,104.49874017855598,51.31620761557684
2026-09-07 15:05:10.903810,-14235.874498982168,8262.531660640961,104.47634469073876,51.350307752029956
2026-09-07 15:05:11.003409,-14236.446043609489,8264.745429817396,104.49863610614392,51.317236379082345
2026-09-07 15:05:11.093650,-14236.96433406263,8266.7497071207,104.42794665482893,51.33379548348296
2026-09-07 15:05:11.205726,-14237.605166822466,8269.240541510955,104.35269491516436,51.34652669182002
2026-09-07 15:05:11.304138,-14238.109277664762,8271.220179050972,104.33066916417437,50.768083176927085
2026-09-07 15:05:11.405046,-14238.67612871737,8273.439061296775,104.29679258691397,50.76984665167207
2026-09-07 15:05:11.504683,-14239.234563815364,8275.63040198528,104.27449266666656,50.740245186338996
2026-09-07 15:05:11.589956,-14239.711484860967,8277.504924030354,104.26495012173223,50.719381875729205
2026-09-07 15:05:11.706458,-14240.318448940008,8279.89786616939,104.27798737349946,50.21205960878313
2026-09-07 15:05:11.805494,-14240.86671026724,8282.05223885925,104.23365655459429,50.281289990851846
2026-09-07 15:05:11.904981,-14241.416550741766,8284.219832306413,104.18912385759103,50.33605719044529
2026-09-07 15:05:12.005207,-14241.969379558026,8286.406335725806,104.09939687638041,50.354448529167776
2026-09-07 15:05:12.097179,-14242.473722218223,8288.414297476527,104.08910467436209,50.37293257841393
2026-09-07 15:05:12.205824,-14243.069286292925,8290.787247150629,104.13773670534022,50.32831343254611
2026-09-07 15:05:12.306417,-14243.622085935714,8292.981916012008,104.10396587907906,50.42324380091359
2026-09-07 15:05:12.405586,-14244.166810306018,8295.14991949654,104.04847793807772,50.5332946265528
2026-09-07 15:05:12.506350,-14244.719365558247,8297.358136419294,103.98082147018494,50.591406246877604
2026-09-07 15:05:12.596059,-14245.209540224501,8299.326926846079,103.87039291954477,50.65881993958408
2026-09-07 15:05:12.703589,-14245.701641220012,8301.330461915439,103.85835968678884,49.730848077201735
2026-09-07 15:05:12.802768,-14246.229768124094,8303.47119423979,103.88055710130567,49.73604785308868
2026-09-07 15:05:12.902119,-14246.759697085432,8305.615658180262,103.80273141589004,49.68830057900526
2026-09-07 15:05:13.125931,-14247.945786640305,8310.443556274982,103.75263968540412,49.67461084346705
2026-09-07 15:05:13.223191,-14248.459239158434,8312.541444887076,103.7417557254131,49.70350611849837
2026-09-07 15:05:13.323575,-14248.989080515841,8314.708078079308,103.69682151032993,49.68684010427145
2026-09-07 15:05:13.423375,-14249.513973917326,8316.861796581492,103.60747590415173,49.67550338104758
2026-09-07 15:05:13.517984,-14250.0082683213,8318.903798941565,103.50160292751195,49.64987578934717
2026-09-07 15:05:13.623285,-14250.553941873588,8321.176412769946,103.46625154345827,49.651716036444746
2026-09-07 15:05:13.723820,-14251.073598270457,8323.346567901086,103.42124973726021,49.63678190897572
2026-09-07 15:05:13.823673,-14251.587881638574,8325.501757627217,103.3877273419181,49.62194909025425
2026-09-07 15:05:13.923274,-14252.099456330965,8327.651165553942,103.33199768434696,49.69070411462287
2026-09-07 15:05:14.013237,-14252.560276986458,8329.595722793707,103.29172815143812,49.64589643696819
2026-09-07 15:05:14.115343,-14253.08127662587,8331.801128496674,103.25744938466295,49.654818492321176
2026-09-07 15:05:14.214320,-14253.585121858112,8333.939636388735,103.26852548694586,49.654818492321176
2026-09-07 15:05:14.321988,-14254.1336585675,8336.265816981157,103.31672018998194,49.688687525293616
2026-09-07 15:05:14.423118,-14254.651076461592,8338.451799126187,103.36198833203008,49.718732550626925
2026-09-07 15:05:14.523679,-14255.167612505773,8340.626388939967,103.41825513753412,49.720489961177435
2026-09-07 15:05:14.622775,-14255.678745758312,8342.768873562778,103.45152339476044,49.718758153061835
2026-09-07 15:05:14.724495,-14256.204672045858,8344.967708232098,103.44014033481506,49.740090136776935
2026-09-07 15:05:14.923797,-14257.234715593668,8349.277981499865,103.50704949564619,49.75053918076629
2026-09-07 15:05:15.023183,-14257.750985904675,8351.427237124715,103.50704949564619,49.75574980928946
2026-09-07 15:05:15.123543,-14258.27237035562,8353.597783135227,103.51828036367732,49.72505659671341
2026-09-07 15:05:15.231135,-14258.831437093968,8355.923194965391,103.59052138917775,49.846334963861764
2026-09-07 15:05:15.316431,-14259.2780606365,8357.770652633253,103.58097627040951,49.88136496676978
2026-09-07 15:05:15.423499,-14259.838693235017,8360.091401264166,103.60493933494422,49.88697834868191
2026-09-07 15:05:15.531378,-14260.404614013505,8362.429755356627,103.53250560762285,50.01235082478864
2026-09-07 15:05:15.631370,-14260.927731409225,8364.603263129964,103.49893654755408,49.99487615809214
2026-09-07 15:05:15.731295,-14261.224422538005,8365.843121560118,103.5548474925526,48.81776148671182
2026-09-07 15:05:15.820928,-14261.682886769127,8367.744741285967,103.51472567532522,48.83342580785757
2026-09-07 15:05:15.916793,-14262.192028004785,8369.86282985389,103.46108641845979,48.9812223753716
2026-09-07 15:05:16.032445,-14262.781528218627,8372.325642497952,103.39637575935575,49.01255007395562
2026-09-07 15:05:16.120797,-14263.20010868565,8374.084511587556,103.41614996526027,48.807637063689526
2026-09-07 15:05:16.221680,-14263.710827069855,8376.22560574782,103.48388633390817,48.79882187447269
2026-09-07 15:05:16.321673,-14264.230413913741,8378.39237977939,103.56221492407605,48.93640327258056
2026-09-07 15:05:16.416958,-14264.71923261696,8380.418760279244,103.50890019408678,48.94805972040962
2026-09-07 15:05:16.521083,-14265.236518844404,8382.572022706197,103.46229142032269,48.79589935793834
2026-09-07 15:05:16.621640,-14265.747182550274,8384.70527419115,103.45103850684518,48.802050050200215
2026-09-07 15:05:16.722244,-14266.25773010761,8386.839892084186,103.4735548529473,48.80820361727475
2026-09-07 15:05:16.821539,-14266.76252628138,8388.946803028943,103.48466654128077,48.787380187044796
2026-09-07 15:05:16.920178,-14267.264179261161,8391.038804307129,103.6392024349048,48.75117993441081
2026-09-07 15:05:17.015404,-14267.753556659205,8393.05560927192,103.67117146556836,48.71456806802301
2026-09-07 15:05:17.128213,-14268.334191739019,8395.442689211703,103.63329951483934,48.70076786627932
2026-09-07 15:05:17.220254,-14268.80651130325,8397.39007151969,103.55090012668052,48.68950826492933
2026-09-07 15:05:17.328524,-14269.358689261526,8399.68109013434,103.45397178218246,48.724512735306696
2026-09-07 15:05:17.420550,-14269.82506278623,8401.630573629407,103.35098933285684,48.716471473618704
2026-09-07 15:05:17.515810,-14270.30411876495,8403.649097613143,103.29768859109492,48.847155913210244
2026-09-07 15:05:17.616471,-14270.809704167687,8405.788259836552,103.27515948772947,48.85507212491669
2026-09-07 15:05:17.729138,-14271.374741612635,8408.183173777003,103.2247271159294,48.92398627759319
2026-09-07 15:05:17.828937,-14271.874080524396,8410.307990914533,103.19122284933007,48.949275637535806
2026-09-07 15:05:17.927783,-14272.36767543792,8412.413894609384,103.10273130836526,48.95877655258256
2026-09-07 15:05:18.026854,-14272.859228801643,8414.525763293363,103.03621157978552,48.93453735558677
2026-09-07 15:05:18.118087,-14273.30941175753,8416.470112646959,103.02600207616769,48.913810235949825
2026-09-07 15:05:18.216932,-14273.796573792091,8418.575882810394,103.03706340688251,48.906900549456445
2026-09-07 15:05:18.337287,-14274.390159956058,8421.139420105805,103.11787395621803,48.883763899911656
2026-09-07 15:05:18.426431,-14274.832283006383,8423.03664943897,103.18770408274617,48.89856381994119
2026-09-07 15:05:18.528918,-14275.343395364025,8425.217893555397,103.19917297445505,48.95587804238213
2026-09-07 15:05:18.637185,-14275.884427764977,8427.524746743478,103.12647873038617,48.9795290562036
2026-09-07 15:05:18.714493,-14276.268847109714,8429.17323900889,103.14378116055252,48.9633165808099
2026-09-07 15:05:18.816707,-14276.777602971104,8431.351944249622,103.13234281913236,48.969568625509474
2026-09-07 15:05:18.937872,-14277.380246116543,8433.935042754905,103.17302002494114,49.010859629600276
2026-09-07 15:05:19.034964,-14277.86503425772,8436.00633424665,103.18388518475456,49.03376624170434
2026-09-07 15:05:19.135680,-14278.368559985185,8438.155846334332,103.2853215432799,49.00208409357442
2026-09-07 15:05:19.235214,-14278.869612445533,8440.277875512313,103.43012118299617,48.99251704909853
2026-09-07 15:05:19.315028,-14279.27561454202,8441.978128516306,103.5194376936613,49.00925506471235
2026-09-07 15:05:19.421066,-14279.818720421055,8444.236951150686,103.5194376936613,49.002769120361734
2026-09-07 15:05:19.538045,-14280.417784669004,8446.728509307111,103.42780327775972,49.11009658092175
2026-09-07 15:05:19.634942,-14280.911784707527,8448.797650068007,103.3627432486877,49.12364360691495
2026-09-07 15:05:19.738550,-14281.437631163773,8451.01130651261,103.40912060121724,49.13631822775425
2026-09-07 15:05:19.835149,-14281.929701888852,8453.075345726942,103.41993059146182,49.140538653708866
2026-09-07 15:05:19.920146,-14282.36305243731,8454.89155826484,103.29627902539431,49.13682512101325
2026-09-07 15:05:20.022404,-14282.87965098571,8457.077558020776,103.11318678097405,49.21992375662192
2026-09-07 15:05:20.137729,-14283.455353751935,8459.548916540532,103.00994247203113,49.260232300040855
2026-09-07 15:05:20.235231,-14283.938713742551,8461.64092237439,102.97720934843301,49.28067971526097
2026-09-07 15:05:20.336597,-14284.440194730876,8463.817023943178,102.92049212200601,49.286879891000275
2026-09-07 15:05:20.436152,-14284.930662100582,8465.955002841565,102.86478820277335,49.28427014655627
2026-09-07 15:05:20.532930,-14285.405402347544,8468.033697165421,102.7998080744564,49.30456572972556
2026-09-07 15:05:20.636271,-14285.910027145103,8470.254845946161,102.71885685950593,49.32443166384219
2026-09-07 15:05:20.736608,-14286.3971318377,8472.412987876152,102.70762856530871,49.33319914340219
2026-09-07 15:05:20.836736,-14286.882886167925,8474.567112487255,102.68521875354662,49.36119663803355
2026-09-07 15:05:20.936209,-14287.364899213375,8476.708548818415,102.71861357625465,49.421171320458505
2026-09-07 15:05:21.027095,-14287.806979313431,8478.667245743438,102.79997895464248,49.456908736992816
2026-09-07 15:05:21.122797,-14288.182864752063,8480.332227868414,102.87494622971423,49.174092168715596
2026-09-07 15:05:21.227676,-14288.696592432249,8482.57979646105,102.82799994799899,49.18325652970678
2026-09-07 15:05:21.338411,-14289.237160626873,8484.953745760784,102.81560805709199,49.177450893605986
2026-09-07 15:05:21.439024,-14289.72779244352,8487.110550049129,102.93945903932962,49.14668030575311
2026-09-07 15:05:21.533807,-14290.194093681419,8489.140104204158,103.01370642426531,49.13011596727109
2026-09-07 15:05:21.634697,-14290.693070182027,8491.299052441575,102.99112606803453,49.123063326567795
2026-09-07 15:05:21.730492,-14291.165972288858,8493.348864880129,102.99112606803453,49.12808568544508
2026-09-07 15:05:21.834916,-14291.68152506792,8495.583548304,103.00281172131554,49.17644608104726
2026-09-07 15:05:21.935434,-14292.178721152753,8497.736659081504,103.00281172131554,49.15536617209057
2026-09-07 15:05:22.035455,-14292.67324683358,8499.878205657631,103.02519758523232,49.207805376356404
2026-09-07 15:05:22.135853,-14293.171006764987,8502.029923079557,102.84543565799623,49.25868767296297
2026-09-07 15:05:22.233855,-14293.65079109583,8504.133977214624,102.83446866388721,49.214157751143894
2026-09-07 15:05:22.586011,-14295.441921980193,8511.991324166325,102.55861052382573,49.53577477340437
2026-09-07 15:05:22.656165,-14295.77971729804,8513.507678048583,102.61356500978616,49.50880242473311
2026-09-07 15:05:22.754487,-14296.254922308273,8515.63126129845,102.58055659787232,49.49076046749774
2026-09-07 15:05:22.857851,-14296.753028249406,8517.863216703432,102.6152576972097,49.488050873557604
2026-09-07 15:05:22.958696,-14297.24028732496,8520.040365009212,102.70553883603782,49.49950630295151
2026-09-07 15:05:23.058573,-14297.787469691362,8522.462657115419,102.72789247107858,49.941422266154596
2026-09-07 15:05:23.158098,-14298.27701797907,8524.630033961832,102.75016732442253,49.997949689944974
2026-09-07 15:05:23.265706,-14298.807836454243,8526.975882246703,102.84650301570133,49.97444263520714
2026-09-07 15:05:23.352224,-14299.237588737948,8528.860363055805,102.92395795713747,49.960078690565716
2026-09-07 15:05:23.466202,-14299.806932231422,8531.341479402448,103.0897703763668,49.9272125565229
2026-09-07 15:05:23.557260,-14300.267217102637,8533.321036756515,103.09996029646624,49.96540460868825
2026-09-07 15:05:23.667105,-14300.884058181702,8535.97537691054,103.08766800173845,50.52091843846899
2026-09-07 15:05:23.764620,-14301.382765102073,8538.120533645557,103.09858049771356,50.52603097384054
2026-09-07 15:05:23.857101,-14301.856162727076,8540.155067074831,103.06753301147245,50.52926338173469
2026-09-07 15:05:23.966043,-14302.41255876942,8542.552189038128,103.11629798656395,50.53116725918413
2026-09-07 15:05:24.065065,-14302.9201640863,8544.730685621373,103.20494709092247,50.53808931873137
2026-09-07 15:05:24.164805,-14303.434914947054,8546.924485077094,103.1937856044994,50.531117067926075
2026-09-07 15:05:24.265899,-14303.956148609623,8549.147860824301,103.1937856044994,50.56733493643337
2026-09-07 15:05:24.353097,-14304.4060576972,8551.066994267909,103.22305949540942,50.56123942484604
2026-09-07 15:05:24.454140,-14304.988401844796,8553.548784170136,103.22305949540942,51.13693078885598
2026-09-07 15:05:24.562855,-14305.556885159214,8555.968144938806,103.17439613080182,51.15782980306612
2026-09-07 15:05:24.674059,-14306.13651842986,8558.444400902235,103.1619517560656,51.15199957814218
2026-09-07 15:05:24.764657,-14306.60825423254,8560.461681480714,103.15181331264307,51.12587518561019
2026-09-07 15:05:24.875014,-14307.182145343477,8562.917768141231,103.27530921771586,51.05258815452796
2026-09-07 15:05:24.964481,-14307.651019492938,8564.905070251667,103.3353804853607,51.0056822218933
2026-09-07 15:05:25.053465,-14308.119004056241,8566.879338037263,103.44491658709137,50.99324150070505
2026-09-07 15:05:25.176045,-14308.768716320852,8569.59709216257,103.45863400242877,51.07893014154256
2026-09-07 15:05:25.273275,-14309.285448621526,8571.756303415788,103.56744003059396,51.05853976819789
2026-09-07 15:05:25.372547,-14309.817006479207,8573.958976366815,103.54522180159466,51.05420255844037
2026-09-07 15:05:25.473043,-14310.354207953911,8576.18882681758,103.45525310381424,51.038396086983674
2026-09-07 15:05:25.551936,-14310.77305159188,8577.939458072557,103.42876734639361,51.04115356534132
2026-09-07 15:05:25.676296,-14311.432039832152,8580.699453525503,103.37310091561045,50.98790714164321
2026-09-07 15:05:25.772107,-14311.937152218363,8582.824117527858,103.31949187331622,50.95190755792308
2026-09-07 15:05:25.872392,-14312.463398556867,8585.046918259608,103.35315929860025,50.87304113587472
2026-09-07 15:05:25.972648,-14312.989982042123,8587.2653275802,103.53266697581478,50.89231401973299
2026-09-07 15:05:26.057067,-14313.43940382871,8589.132613321324,103.61768977209687,50.921820257989076
2026-09-07 15:05:26.175327,-14314.073233355799,8591.749015833038,103.60445578989913,50.938354013357724
2026-09-07 15:05:26.272789,-14314.595264736226,8593.906100929253,103.69170830963196,50.962199544518256
2026-09-07 15:05:26.372382,-14315.132317695614,8596.110567118032,103.72514341843498,50.93000041070192
2026-09-07 15:05:26.473706,-14315.679667673363,8598.3516124908,103.73648216367599,50.911407590428574
2026-09-07 15:05:26.560968,-14316.151264755352,8600.280842062271,103.81460316854896,50.74823297937587
2026-09-07 15:05:26.675045,-14316.769231502092,8602.793986690675,103.94226197010198,50.75521063902322
2026-09-07 15:05:26.774039,-14317.310424271665,8604.973948542442,103.93118396542008,50.691199693414326
2026-09-07 15:05:26.874888,-14317.860634003906,8607.19206523292,103.95375514537363,50.71058657364317
2026-09-07 15:05:26.973594,-14318.400213486133,8609.363665750436,103.96480092117952,50.773548798080576
2026-09-07 15:05:27.060187,-14318.87453232034,8611.271045831683,104.00356196364339,50.73874278589487
2026-09-07 15:05:27.176936,-14319.515332620003,8613.840474951392,104.06888642616656,50.71119855921773
2026-09-07 15:05:27.275713,-14320.059672498193,8616.012574322911,104.10204758952369,50.58000483214632
2026-09-07 15:05:27.375260,-14320.6081000424,8618.195625701132,104.2023065869235,50.534772896804974
2026-09-07 15:05:27.475644,-14321.164492088585,8620.394093491514,104.3146421246314,50.47249463311493
2026-09-07 15:05:27.569480,-14321.687973228685,8622.445601252417,104.39864848035626,50.48479376322632
2026-09-07 15:05:27.671262,-14322.259183720178,8624.67053711392,104.2847484992937,50.50880687237204
2026-09-07 15:05:27.771885,-14322.819782549359,8626.872302469386,104.26222790077054,50.47187849697498
2026-09-07 15:05:27.872234,-14323.481496179404,8629.49008860946,104.21730935250207,50.880569193614996
2026-09-07 15:05:27.970232,-14324.028946054465,8631.650844319294,104.17344316655897,50.80521394017011
2026-09-07 15:05:28.064508,-14324.553234329807,8633.726857157593,104.2683934637941,50.731896920160715
2026-09-07 15:05:28.173066,-14325.160031529897,8636.112915964572,104.25624519185584,50.75181716988669
2026-09-07 15:05:28.272609,-14325.716192754633,8638.301805964851,104.06687469525195,50.72398325122169
2026-09-07 15:05:28.372408,-14326.26622624425,8640.496951628302,103.97752998432031,50.71962301674883
2026-09-07 15:05:28.472716,-14326.773831914612,8642.535142277446,103.8428293971782,50.47155797415239
2026-09-07 15:05:28.563463,-14327.263717035936,8644.523180766597,103.82251916239898,50.50724073429409
2026-09-07 15:05:28.672020,-14327.849317631317,8646.903280652148,103.7617783622369,50.55846376173571
2026-09-07 15:05:28.772401,-14328.389026886132,8649.10692809784,103.59328009143701,50.63828281281335
2026-09-07 15:05:28.872633,-14328.922302309249,8651.312356227703,103.42503193014335,50.64353779558894
2026-09-07 15:05:28.972191,-14329.445611144974,8653.50472764542,103.5030197670913,50.6130898595821
2026-09-07 15:05:29.062720,-14329.92388599308,8655.496423312681,103.64484987398498,50.64631376362312
2026-09-07 15:05:29.170991,-14330.50216789319,8657.878593735653,103.59638525411259,50.713485124477295
2026-09-07 15:05:29.273152,-14331.046635595712,8660.12977488774,103.32200740422968,50.713485124477295
2026-09-07 15:05:29.372907,-14331.567747891864,8662.330459058961,103.24386524915678,50.57489079951476
2026-09-07 15:05:29.472374,-14332.082950654632,8664.519497520276,103.45535303571097,50.521003755709955
2026-09-07 15:05:29.572364,-14332.608420911976,8666.7157767109,103.75746853341576,50.52799348258004
2026-09-07 15:05:29.671680,-14333.141918357831,8668.894770533461,103.9130650703957,50.58440220020039
2026-09-07 15:05:29.772251,-14333.688757318834,8671.102285509005,103.90181059023666,50.6090083945566
2026-09-07 15:05:29.872763,-14334.235107739907,8673.309685996384,103.93555422338363,50.63008704523663
2026-09-07 15:05:29.972231,-14334.777295468943,8675.494749510435,104.05799575182641,50.62661042681323
2026-09-07 15:05:30.072676,-14335.329484892976,8677.699948761723,104.14791879203256,50.63889811010219
2026-09-07 15:05:30.168970,-14335.862301047433,8679.813695213696,104.29878081760688,50.69359041602
2026-09-07 15:05:30.381301,-14336.935886283922,8684.010615730922,104.56015263744615,49.98454036942771
2026-09-07 15:05:30.481563,-14337.49910530033,8686.179028072316,104.6835715513152,49.99154911025628
2026-09-07 15:05:30.568531,-14337.99176514928,8688.059131844067,104.81982270549042,49.990029251854345
2026-09-07 15:05:30.673559,-14338.59211147154,8690.32817257718,104.93735514944944,49.950566515018714
2026-09-07 15:05:30.770799,-14339.151807173132,8692.426158093229,104.91559170570002,49.990501769693914
2026-09-07 15:05:30.870035,-14339.722634190084,8694.569136716196,104.93780187748035,49.98183049587054
2026-09-07 15:05:30.969974,-14340.298241701548,8696.726699144925,104.88188309907446,49.99492954915716
2026-09-07 15:05:31.070576,-14340.875699164144,8698.899708755018,104.80307745439859,49.982622659673
2026-09-07 15:05:31.170822,-14341.447993504129,8701.06528491336,104.78064123286316,49.994010046008675
2026-09-07 15:05:31.271181,-14342.045913671462,8703.334728841097,104.73571820836196,50.187522415139256
2026-09-07 15:05:31.370190,-14342.610938004764,8705.483016368966,104.82435567451529,50.14772579808597
2026-09-07 15:05:31.470820,-14343.188132160894,8707.663854483975,105.15092706998337,50.16794988667424
2026-09-07 15:05:31.568444,-14343.760364916492,8709.777173024497,105.40219502529828,50.26860880422076
2026-09-07 15:05:31.670916,-14344.37196167243,8711.997228836308,105.41366223841987,50.33486867470215
2026-09-07 15:05:31.770068,-14344.964953766768,8714.148069694056,105.33599243781049,50.35133014906687
2026-09-07 15:05:31.870703,-14345.564051182013,8716.332608391038,105.31346915354766,50.330225703715215
2026-09-07 15:05:31.970681,-14346.158135058957,8718.502209278846,105.30228103353954,50.30489098464645
2026-09-07 15:05:32.164857,-14347.310553980486,8722.714084555555,105.58476355048384,50.22514532430286
2026-09-07 15:05:32.278732,-14347.997472044319,8725.176876933332,105.75042612782113,50.26892723559715
2026-09-07 15:05:32.369067,-14348.548518317491,8727.130684014817,105.76053514001313,50.300501241838205
2026-09-07 15:05:32.477628,-14349.211574217063,8729.480049275746,105.73623792470175,50.274888784409896
2026-09-07 15:05:32.576501,-14349.814244446537,8731.618923075896,105.9022048858676,50.25501780844857
2026-09-07 15:05:32.664735,-14350.357377669332,8733.525328623708,105.97132217232638,50.27968953804771
2026-09-07 15:05:32.777678,-14351.055895627025,8735.96596005704,106.08507298293165,50.25699084742439
2026-09-07 15:05:32.878141,-14351.618870025099,8737.905945331624,106.17501213757578,49.877727771158675
2026-09-07 15:05:32.977941,-14352.238769799676,8740.043132912508,106.18618033834804,49.87336749299565
2026-09-07 15:05:33.077747,-14352.859069209746,8742.180141269531,106.20851808276245,49.79226144334126
2026-09-07 15:05:33.179132,-14353.48900237736,8744.347182883037,106.28793708323417,49.762140659267125
2026-09-07 15:05:33.277452,-14354.102432932195,8746.446592469816,106.33194740387268,49.75784504254379
2026-09-07 15:05:33.509894,-14355.556353600348,8751.408341647902,106.56605191604893,49.69285029934408
2026-09-07 15:05:33.596908,-14356.107488456058,8753.261095702703,106.69263776460588,49.65711473527263
2026-09-07 15:05:33.707521,-14356.812790411132,8755.613087529464,106.79166367178209,49.66291397513372
2026-09-07 15:05:33.796442,-14357.383111195533,8757.503074880446,106.77176211705523,49.676122882963554
2026-09-07 15:05:33.905874,-14358.084363774995,8759.829879314084,106.7105317289334,49.65891091647286
2026-09-07 15:05:34.004490,-14358.71384684505,8761.926655293088,106.65535320752258,49.63478304200973
2026-09-07 15:05:34.104569,-14359.295387541148,8763.863214829475,106.57695725005146,49.281587718027154
2026-09-07 15:05:34.204261,-14359.921997975067,8765.968229531827,106.5434889052201,49.285072165727584
2026-09-07 15:05:34.284358,-14360.424492268787,8767.659905639623,106.56141554604687,49.27247414248022
2026-09-07 15:05:34.407927,-14361.20032943592,8770.268815569872,106.82414925970778,49.226044895726574
2026-09-07 15:05:34.504641,-14361.816331432952,8772.306009015081,106.94320071325876,49.22773507585587
2026-09-07 15:05:34.604535,-14362.456980616607,8774.408931922097,106.9320219933395,49.24170110797827
2026-09-07 15:05:34.705857,-14363.10655604288,8776.542648342918,106.90934495048077,49.27445923994073
2026-09-07 15:05:34.804639,-14363.73944489687,8778.624510023255,106.85407354723992,49.21144853689962
2026-09-07 15:05:34.904632,-14364.377242672395,8780.729815292163,106.95478173459867,49.12756929790534
2026-09-07 15:05:35.005345,-14365.02225775392,8782.845535093147,107.21400026266184,49.06420688906049
2026-09-07 15:05:35.105615,-14365.673118381224,8784.946308732284,107.46085778582409,49.062454564044835
2026-09-07 15:05:35.202167,-14366.308532152267,8786.966394773484,107.59051455387595,49.084390101133245
2026-09-07 15:05:35.291986,-14366.90415290937,8788.8451083842,107.64077089782211,49.085959783795865
2026-09-07 15:05:35.397090,-14367.603084177108,8791.042991254422,107.72310314248926,49.093307001047116
2026-09-07 15:05:35.491531,-14368.171248102559,8792.809413716179,107.80765112237975,48.683792587616765
2026-09-07 15:05:35.608417,-14368.949217732656,8795.231394162913,107.99077425280615,48.683792587616765
2026-09-07 15:05:35.705880,-14369.604363057173,8797.24882940941,108.06712099091322,48.696567110380386
2026-09-07 15:05:35.805570,-14370.277403877924,8799.312008909968,108.10058866430967,48.70789133821794
2026-09-07 15:05:35.907131,-14370.964463835302,8801.413998360349,108.15741499891055,48.708778781525595
2026-09-07 15:05:35.991388,-14371.536201967854,8803.157315662427,108.21398809064215,48.735283435751164
2026-09-07 15:05:36.093014,-14372.228252179948,8805.260467687627,108.27085079463433,48.7219632665549
2026-09-07 15:05:36.197672,-14372.942903427656,8807.425066851227,108.32940999084803,48.71373272160926
2026-09-07 15:05:36.302731,-14373.66239175017,8809.5968584525,108.36468013127694,48.68711046220574
2026-09-07 15:05:36.403870,-14374.355941921753,8811.686046220533,108.50049664324985,48.680924171199905
2026-09-07 15:05:36.505098,-14374.966358750487,8813.496058363886,108.60244866379077,48.12577802715755
2026-09-07 15:05:36.602297,-14375.63343637685,8815.477959229342,108.5589401288463,48.104544826898625
2026-09-07 15:05:36.698950,-14376.29497807017,8817.44836049429,108.48322789673506,48.03613570628023
2026-09-07 15:05:36.804515,-14377.013650041554,8819.598335939643,108.49504123455597,47.97802259175188
2026-09-07 15:05:36.904817,-14377.696086807222,8821.63851121585,108.55116312202392,47.94384134888212
2026-09-07 15:05:37.004649,-14378.376829132061,8823.667014035163,108.69639628488443,48.00490481635706
2026-09-07 15:05:37.104204,-14379.061679163557,8825.690735418779,108.68525550103794,48.005774731171726
2026-09-07 15:05:37.193472,-14379.675422037224,8827.505498296541,108.67526589235518,48.01747513130371
2026-09-07 15:05:37.293594,-14380.363602045853,8829.541532345165,108.67526589235518,47.95710915105027
2026-09-07 15:05:37.404095,-14381.122166381421,8831.785803896104,108.8112886467531,47.888554297527655
2026-09-07 15:05:37.504023,-14381.811978234697,8833.810805014191,108.92311389392466,47.869344467311116
2026-09-07 15:05:37.603944,-14382.505414132082,8835.833502497271,109.06847653181813,47.87894870959089
2026-09-07 15:05:37.704992,-14383.212000283507,8837.877638135587,109.15893940569686,47.899256805622564
2026-09-07 15:05:38.254818,-14386.908555236112,8848.501683410916,109.28199686376934,47.57064128650001
2026-09-07 15:05:38.353795,-14387.603611855784,8850.48845459128,109.30414906833522,47.67010067317402
2026-09-07 15:05:38.454310,-14388.314092951645,8852.51703589529,109.32664549520149,47.78481953451948
2026-09-07 15:05:38.554010,-14389.01894533654,8854.526781661407,109.34895951558224,47.88500544489663
2026-09-07 15:05:38.653730,-14389.726201656385,8856.540869784798,109.37127801219572,47.985211452748274
2026-09-07 15:05:38.755608,-14390.451078634218,8858.602567733356,109.39407949432552,48.08758597809836
2026-09-07 15:05:38.855421,-14391.163583485722,8860.62650242699,109.4164188054213,48.187885439206426
2026-09-07 15:05:38.955471,-14391.880062374823,8862.65919511399,109.43881115987557,48.288423055387305
2026-09-07 15:05:39.055159,-14392.596231475889,8864.688478990845,109.46112249451653,48.388596907279755
2026-09-07 15:05:39.154830,-14393.314555545123,8866.721346255259,109.48343002435968,48.48875367631888
2026-09-07 15:05:39.255144,-14394.0398082697,8868.771280648176,109.50588146508647,48.589556579163144
2026-09-07 15:05:39.355033,-14394.764291127072,8870.816489895962,109.5282377858669,48.6899324106743
2026-09-07 15:05:39.456176,-14395.50019416792,8872.891365595682,109.55087476644223,48.791568353836546
2026-09-07 15:05:39.556246,-14396.230622741256,8874.94822622233,109.57327159712924,48.89212606749192
2026-09-07 15:05:39.656459,-14396.786470375238,8876.50185332731,109.59570043288062,47.86977210713101
2026-09-07 15:05:39.756469,-14397.5042472555,8878.518083756195,109.61808383486931,47.97026952836289
2026-09-07 15:05:39.855664,-14398.21845228986,8880.521803052698,109.64028483037242,48.069947977508946
2026-09-07 15:05:39.955801,-14398.941723238795,8882.548473571189,109.66269665643915,48.1705730177039
2026-09-07 15:05:40.056415,-14399.670758849163,8884.588775715834,109.68521524065767,48.271677382665644
2026-09-07 15:05:40.157291,-14400.40403262661,8886.638396300426,109.70779246352544,48.37304502454333
2026-09-07 15:05:42.164750,-14415.04312219661,8927.506273429064,111.72960956159181,51.9514583446601
2026-09-07 15:05:42.263492,-14415.89213449546,8929.636541954687,111.81800799691496,52.03428818091636
2026-09-07 15:05:42.364252,-14416.76323760116,8931.812471451833,112.03224497373327,52.13465881329825
2026-09-07 15:05:42.470408,-14417.691343078963,8934.105896213867,112.2223165602955,52.26544964717218
2026-09-07 15:05:42.687435,-14419.609119410965,8938.800036443643,112.41660923436405,52.367854650779236
2026-09-07 15:05:42.782227,-14420.455359047035,8940.851479570803,112.43782478722187,52.41755238476278
2026-09-07 15:05:42.881344,-14421.341844089065,8942.998229849545,112.4045494799289,52.495500264846214
2026-09-07 15:05:42.982202,-14422.24397104548,8945.186460716273,112.39326288279977,52.50519457002584
2026-09-07 15:05:43.080929,-14423.12677824992,8947.329026580433,112.37116663114352,52.55522999400916
2026-09-07 15:05:43.181654,-14424.027465804229,8949.517383507415,112.39371005845385,52.6291616122648
2026-09-07 15:05:43.282189,-14424.92857955379,8951.70433074897,112.39371005845385,52.67659942893109
2026-09-07 15:05:43.381522,-14425.819722072423,8953.867078430825,112.34924629543536,52.74603742664942
2026-09-07 15:05:43.481560,-14426.716679580886,8956.048743753447,112.3940256328645,52.77313562046317
2026-09-07 15:05:43.579992,-14427.601369129039,8958.195796903125,112.44910120092146,52.80581949662638
2026-09-07 15:05:43.682023,-14428.521114021154,8960.421848701675,112.52902623950831,52.86287870833002
2026-09-07 15:05:43.781499,-14429.421826026293,8962.593247808874,112.59581789922913,52.897647688734466
2026-09-07 15:05:43.882823,-14430.34245366169,8964.80536874768,112.6525116254341,52.92066737097766
2026-09-07 15:05:43.982474,-14431.250427702123,8966.98101389146,112.60790551821333,53.010354998552934
2026-09-07 15:05:44.083780,-14432.17332057216,8969.197259656648,112.57389532540464,53.05638618424102
2026-09-07 15:05:44.183469,-14433.080975418008,8971.380563625451,112.56273954617836,53.062483784218095
2026-09-07 15:05:44.282944,-14433.986361659028,8973.559607453733,112.6851896913692,53.10768300436618
2026-09-07 15:05:44.383048,-14434.9029372443,8975.752343817729,112.72999857193469,53.173286403950115
2026-09-07 15:05:44.482933,-14435.820350313019,8977.942269013387,112.81942027407001,53.259693442120636
2026-09-07 15:05:44.583110,-14436.745372735302,8980.140724195642,112.92031377746554,53.30608698527393
2026-09-07 15:05:44.683049,-14437.6728653947,8982.334236941513,113.02096757859607,53.33665144294271
2026-09-07 15:05:44.784313,-14438.617098993045,8984.556450511356,113.05496367127154,53.35257870895917
2026-09-07 15:05:44.884053,-14437.438092662896,8981.491775790093,113.08844813054088,48.621310980344205
2026-09-07 15:05:44.979286,-14438.249828215621,8983.395926888867,112.96056260779784,48.66874347554878
2026-09-07 15:05:45.080356,-14439.107639757704,8985.420677942491,112.90401100198346,48.674042393151225
2026-09-07 15:05:45.180342,-14439.954365812162,8987.424767844748,112.95995607825682,48.660063498645144
2026-09-07 15:05:45.281085,-14440.809228151878,8989.442617163937,113.07269335785617,48.664464976630896
2026-09-07 15:05:45.381079,-14441.661751132699,8991.443971842766,113.11745299986103,48.71689002528426
2026-09-07 15:05:45.476384,-14442.476663754413,8993.352896249495,113.2134396568893,48.69190667997399
2026-09-07 15:05:45.581902,-14443.381978319756,8995.463785774084,113.39056083060007,48.67346628593767
2026-09-07 15:05:45.681991,-14444.246571680524,8997.462646554792,113.58097003701931,48.7067003610484
2026-09-07 15:05:45.782386,-14445.121063293653,8999.466092297358,113.72702223857158,48.705823106286516
2026-09-07 15:05:45.881668,-14445.990891977903,9001.445080895634,113.82701434059226,48.747464514214215
2026-09-07 15:05:45.981726,-14446.871751172946,9003.439708451753,113.90539384790793,48.77194519547316
2026-09-07 15:05:46.081655,-14447.754642147927,9005.431558914794,114.00603757751469,48.70645648256436
2026-09-07 15:05:46.181585,-14448.63984922962,9007.419202862984,114.08431681721629,48.70645648256436
2026-09-07 15:05:46.281495,-14449.52759335527,9009.405237994777,114.18494141092793,48.74574223929195
2026-09-07 15:05:46.383675,-14450.439808389741,9011.436436105067,114.1620723376833,48.849313088656665
2026-09-07 15:05:46.481996,-14451.318655241099,9013.395426261503,114.0190373408326,48.82611652242378
2026-09-07 15:05:46.581984,-14452.20700442687,9015.388908342647,114.14211897056208,48.81912693536221
2026-09-07 15:05:46.681504,-14453.095328725796,9017.370872065787,114.05302403341926,48.92348001338655
2026-09-07 15:05:46.781532,-14453.986990615844,9019.368599836842,113.87392458863377,48.79324687569194
2026-09-07 15:05:46.973617,-14455.682733826694,9023.199968427747,114.15336516969052,48.59519037138025
2026-09-07 15:05:47.073191,-14456.56785055584,9025.173737546089,114.20907971997605,48.49252083258058
2026-09-07 15:05:47.173632,-14457.460719261535,9027.159618773512,114.19783978757357,48.45302628056902
2026-09-07 15:05:47.273841,-14458.350411714311,9029.139473900044,114.25390963883558,48.39611036385855
2026-09-07 15:05:47.379458,-14459.289056103818,9031.2228075486,114.43119699268806,48.338891508303114
2026-09-07 15:05:47.481637,-14460.202297286758,9033.233126280838,114.45406584212111,48.33710582147979
2026-09-07 15:05:47.581828,-14461.098524001753,9035.203901767745,114.37558215048756,48.31872090521111
2026-09-07 15:05:47.682059,-14461.992067053465,9037.175940006442,114.46531360793091,48.356381239367444
2026-09-07 15:05:47.782977,-14462.89554672711,9039.161629983266,114.56695341123583,48.42780904434575
2026-09-07 15:05:47.879359,-14463.330838083397,9040.065058615803,114.52381058450908,47.465517975842495
2026-09-07 15:05:47.989870,-14464.304151899445,9042.19845095426,114.6598456485471,47.49255613937372
2026-09-07 15:05:48.081694,-14465.117551473646,9043.970178104011,114.74205076820351,47.50218447240879
2026-09-07 15:05:48.179006,-14465.982433429504,9045.846936900523,114.79649966367208,47.552353081481805
2026-09-07 15:05:48.279765,-14466.880745375438,9047.791374041417,114.77394862676596,47.576124837434854
2026-09-07 15:05:48.500268,-14468.84593605642,9052.049519997036,114.6752463512193,47.693657341167736
2026-09-07 15:05:48.598207,-14469.717687471431,9053.947002450344,114.6862062952618,47.65343501591441
2026-09-07 15:05:48.698226,-14470.607572429964,9055.882978673686,114.71978441970197,47.6639226470548
2026-09-07 15:05:48.797907,-14471.495776172851,9057.81231697339,114.68631976776265,47.73011984836788
2026-09-07 15:05:48.990233,-14473.20969220713,9061.540982507668,114.98763334836588,47.67466167138708
2026-09-07 15:05:49.098646,-14474.185720817475,9063.635262656811,115.19387812347128,47.71255432361059
2026-09-07 15:05:49.198923,-14475.096192188668,9065.570649541523,115.36220182119291,47.766003967728004
2026-09-07 15:05:49.298163,-14476.003886842951,9067.48550922578,115.41772948876007,47.79201883776201
2026-09-07 15:05:49.407023,-14477.0021490205,9069.586166643025,115.44209362375142,47.754921171725414
2026-09-07 15:05:49.489555,-14477.759068736377,9071.177218073015,115.54368754567042,47.715256970814984
2026-09-07 15:05:49.589909,-14478.682099701648,9073.108601427934,115.7233706912096,47.66088938765687
2026-09-07 15:05:49.690932,-14479.350716222036,9074.463729885952,115.76859093756701,46.89596709867441
2026-09-07 15:05:49.790725,-14480.260229513144,9076.347783576584,115.65691676325156,46.888119148477
2026-09-07 15:05:49.889784,-14481.159255775476,9078.219422484017,115.53497869909017,46.8673452104625
2026-09-07 15:05:49.990611,-14482.069867761382,9080.125564570139,115.47856305884636,46.873512417605596
2026-09-07 15:05:50.091692,-14482.98101157926,9082.037658078123,115.45593995459262,46.86026368182412
2026-09-07 15:05:50.206487,-14484.01462362086,9084.208966270831,115.2632465265886,46.88734690738839
2026-09-07 15:05:50.295437,-14484.810324524744,9085.895083090358,115.1736603228988,46.94797224991927
2026-09-07 15:05:50.396132,-14485.55326147155,9087.470090683892,115.12858689697634,46.40241944805479
2026-09-07 15:05:50.496122,-14486.434058668965,9089.347951761503,115.06145011970858,46.42251491280627
2026-09-07 15:05:50.596447,-14487.334862754551,9091.274748855763,114.96040755776158,46.497327792786834
2026-09-07 15:05:50.693708,-14488.187996674518,9093.107606083033,115.04748013293693,46.47183169973587
2026-09-07 15:05:50.792812,-14489.059655592177,9094.97284757509,115.15838327615694,46.47789351747031
2026-09-07 15:05:50.895944,-14489.927527400989,9096.819528050592,115.25071184385598,46.322753302623205
2026-09-07 15:05:51.002397,-14490.867898169428,9098.813335173727,115.28644997442149,46.36554203167989
2026-09-07 15:05:51.095287,-14491.690301844135,9100.554209056747,115.33842463222396,46.409372526434275
2026-09-07 15:05:51.195713,-14492.581974734723,9102.437288048277,115.45080717037592,46.44622860335132
2026-09-07 15:05:51.289811,-14493.421587376803,9104.201469034702,115.49292762553705,46.455273148442366
2026-09-07 15:05:51.389782,-14494.315154909125,9106.075467594543,115.53767697220661,46.59416757238933
2026-09-07 15:05:51.490003,-14495.215106734397,9107.959067192096,115.5488922853288,46.60204918148751
2026-09-07 15:05:51.603440,-14496.234323600704,9110.091215546057,115.70122341049967,46.60105796530719
2026-09-07 15:05:51.694737,-14497.05915727787,9111.804999686401,115.65014008254849,46.59547367230489
2026-09-07 15:05:51.803500,-14498.039851423942,9113.847277841734,115.63796886991724,46.63538940621573
2026-09-07 15:05:51.901659,-14498.925297733942,9115.692208316912,115.67092255988541,46.65511688620913
2026-09-07 15:05:51.992805,-14499.748816438085,9117.405578477501,115.63012348863936,46.71803538553245
2026-09-07 15:05:52.091602,-14500.641342486935,9119.26591338703,115.59695561093298,46.752567040977155
2026-09-07 15:05:52.192230,-14501.549983766501,9121.162652664343,115.5631730345608,46.76223923893483
2026-09-07 15:05:52.303261,-14502.551534098367,9123.256502166496,115.51347297444272,46.75932866151167
2026-09-07 15:05:52.402993,-14503.25475848162,9124.728448743945,115.5023123832662,45.881080530357224
2026-09-07 15:05:52.511040,-14504.208902276463,9126.728645057463,115.4176747668144,45.933007030572526
2026-09-07 15:05:52.600641,-14504.99859433727,9128.39040948075,115.50791662669985,45.937704649214034
2026-09-07 15:05:52.690256,-14505.791107565392,9130.051357367232,115.47783130669364,45.94083688430486
2026-09-07 15:05:52.814575,-14506.89156358554,9132.360817050141,115.38044716979329,45.989264407697355
2026-09-07 15:05:52.901272,-14507.655551124013,9133.971189154288,115.3610433721509,46.00896099874626
2026-09-07 15:05:53.012250,-14508.592604272362,9135.948361081899,115.38588154019311,45.74099971851399
2026-09-07 15:05:53.109662,-14509.446550786264,9137.747912557046,115.28777281311238,45.749511610626556
2026-09-07 15:05:53.209575,-14510.319422508403,9139.59550735355,115.18714519794355,45.75824204092921
2026-09-07 15:05:53.299948,-14511.106163581717,9141.268391359008,115.10623908103832,45.781932506966925
2026-09-07 15:05:53.412643,-14512.084788271392,9143.356939295767,114.92968191265714,45.753375262718656
2026-09-07 15:05:53.508931,-14512.914916317895,9145.142873868706,114.9189067251225,45.85265664693483
2026-09-07 15:05:53.610789,-14513.794614457256,9147.03638491301,114.99869624576212,45.87223749400668
2026-09-07 15:05:53.710442,-14514.658216681268,9148.888495889076,115.009847996379,45.87223749400668
2026-09-07 15:05:53.789548,-14515.344042825785,9150.358595047215,115.01870041812543,45.919932418538046
2026-09-07 15:05:53.912964,-14516.415491071068,9152.654366635636,114.79772492048829,45.899442571432644
2026-09-07 15:05:54.009644,-14517.24751433413,9154.455217750885,114.7328105927931,45.81327368833494
2026-09-07 15:05:54.109763,-14518.105406438712,9156.317598952033,114.71040279533577,45.80365041462062
2026-09-07 15:05:54.209597,-14518.959950568102,9158.174622933533,114.55399471735393,45.785331007380776
2026-09-07 15:05:54.298994,-14519.720311148994,9159.838923829037,114.62402302908811,45.76267754481311
2026-09-07 15:05:54.413492,-14520.69628815616,9161.968283245587,114.76496594664587,45.735664389530584
2026-09-07 15:05:54.511077,-14521.532067485288,9163.779983943454,114.69944397035158,45.89170865255794
2026-09-07 15:05:54.611449,-14522.390615962664,9165.64669383256,114.7106761812525,46.0045156081432
2026-09-07 15:05:54.711771,-14523.25311194061,9167.520974557892,114.68822295003258,46.099190231778664
2026-09-07 15:05:54.796796,-14523.984975860578,9169.113022751579,114.78337087294472,46.19651683950672
2026-09-07 15:05:54.913076,-14524.991606395559,9171.293232426262,114.88747014234752,46.26662486954878
2026-09-07 15:05:55.011192,-14525.845627125458,9173.13411663743,114.8545308882301,46.32663872457294
2026-09-07 15:05:55.110762,-14526.712352405277,9175.005203109833,114.93252812526686,46.42669400136584
2026-09-07 15:05:55.210224,-14527.583615870144,9176.879397363784,115.04383189132022,46.595626879141676
2026-09-07 15:05:55.306022,-14528.428326628095,9178.687273267684,115.0116708302707,46.843404343127
2026-09-07 15:05:55.412453,-14529.370652025427,9180.707022382148,114.92829909244745,47.07776371952509
2026-09-07 15:05:55.512074,-14530.254329844758,9182.608283796275,114.93944726207809,47.21704236349431
2026-09-07 15:05:55.609557,-14531.10669777475,9184.441213282633,114.95035617706685,47.29526428372068
2026-09-07 15:05:55.709525,-14531.998288261204,9186.357568556676,114.97273017896669,47.488313004193124
2026-09-07 15:05:55.811189,-14532.918389723585,9188.333228042935,114.91584621286887,47.712864790975715
2026-09-07 15:05:55.909325,-14533.800225947234,9190.231606589767,114.93781019184661,47.72401249308291
2026-09-07 15:05:56.009963,-14534.705502468672,9192.178492695377,114.9265482139977,47.69587239376294
2026-09-07 15:05:56.110063,-14535.605028118318,9194.114005973068,114.83693403385303,47.69324836263597
2026-09-07 15:05:56.209895,-14536.545436430484,9196.145439810045,114.85927759737001,48.047348069062245
2026-09-07 15:05:56.294470,-14537.309116151937,9197.793713481504,114.9065997707325,48.05104316450952
2026-09-07 15:05:56.410949,-14538.36283228911,9200.063066060611,114.97177316039961,48.0642745290826
2026-09-07 15:05:56.510003,-14539.261356799425,9201.99243912194,114.99394259846162,47.99070387894503
2026-09-07 15:05:56.610061,-14540.234358803236,9204.080053644962,115.00513967093525,48.45060185774785
2026-09-07 15:05:56.710187,-14541.151052452618,9206.045449203226,114.9042975323108,48.422604922350565
2026-09-07 15:05:56.805970,-14542.024168914548,9207.926048235076,114.89357885721495,48.37908326461301
2026-09-07 15:05:57.042641,-14544.256950619862,9212.737356246222,115.02600316808548,48.940277886340674
2026-09-07 15:05:57.140425,-14545.161956303977,9214.675849802325,115.04788836536636,48.895847018856784
2026-09-07 15:05:57.232370,-14546.01284414098,9216.496609946453,115.07875590704998,48.84041115007267
2026-09-07 15:05:57.324731,-14546.867596823746,9218.32307415911,115.19244897425244,48.83234061597617
2026-09-07 15:05:57.425236,-14547.882055656286,9220.481141497768,115.09122512487806,49.48650847815783
2026-09-07 15:05:57.542095,-14548.978340523723,9222.82239243591,115.07814792273336,49.43647370952694
2026-09-07 15:05:57.629312,-14549.795320319741,9224.568190531332,115.0976681024278,49.36178742236584
2026-09-07 15:05:57.730481,-14550.742248534818,9226.589880001537,115.04106110323295,49.21769248853721
2026-09-07 15:05:57.830844,-14551.676914340751,9228.590532729357,114.95121147324431,49.15542725325346
2026-09-07 15:05:57.925785,-14552.557002092308,9230.482090574556,114.9830848244323,49.062512329532986
2026-09-07 15:05:58.025914,-14553.61283219445,9232.747625583244,114.96067478885863,50.04348721684477
2026-09-07 15:05:58.130649,-14554.601599820513,9234.871849874025,114.96067478885863,50.018777415638496
2026-09-07 15:05:58.230587,-14555.544614736662,9236.897781082382,114.93830750130797,49.91485929939051
2026-09-07 15:05:58.330548,-14556.485097540073,9238.920335839344,115.06135589500906,49.82227227907354
2026-09-07 15:05:58.437641,-14557.495455371896,9241.081011315093,115.06135589500906,49.79887772650274
2026-09-07 15:05:58.526152,-14558.330111141477,9242.865943539324,115.05145099903154,49.767167835119984
2026-09-07 15:05:58.630090,-14559.445043064974,9245.251791109258,115.09797606724271,50.71020330483918
2026-09-07 15:05:58.729776,-14560.40358965783,9247.298257151544,115.06450973671616,50.718913899808314
2026-09-07 15:05:58.837778,-14561.440983005958,9249.516430539235,115.11285394592687,50.66417785130035
2026-09-07 15:05:58.928975,-14562.317592039828,9251.386698065971,115.23531964602654,50.62672438132282
2026-09-07 15:05:59.024529,-14563.239586041615,9253.34290404637,115.18185440271014,50.53070467740931
2026-09-07 15:05:59.137744,-14564.327758763506,9255.657291051151,115.28320974142218,50.47134809718158
2026-09-07 15:05:59.236298,-14565.277461971118,9257.66792850469,115.36041110427169,50.32322719357117
2026-09-07 15:05:59.335561,-14566.233909957838,9259.685800459718,115.23822192345165,50.27638957487374
2026-09-07 15:05:59.436326,-14567.199560212206,9261.734363365329,115.15928859423587,50.19978713332768
2026-09-07 15:05:59.527751,-14568.07181101475,9263.591414583152,115.20021255237646,50.04240883489521
2026-09-07 15:05:59.646609,-14569.203953186916,9265.99731599929,115.0805044354774,49.94374325477374
2026-09-07 15:05:59.727995,-14569.974203082222,9267.643080992202,115.01675146637552,49.9373428732363
2026-09-07 15:05:59.846744,-14571.095245969713,9270.045331288593,115.00346276223218,49.75990769720339
2026-09-07 15:05:59.935803,-14571.932598442747,9271.840756156069,115.0433276436982,49.71243747117496
2026-09-07 15:06:00.024522,-14572.767201438819,9273.627040108673,115.13268119518955,49.62871268564123
2026-09-07 15:06:00.125270,-14573.716525159822,9275.650623715563,115.17777834514573,49.53715739976077
2026-09-07 15:06:00.225659,-14574.662304889409,9277.662532985221,115.22271479834524,49.431893119718715
2026-09-07 15:06:00.444756,-14576.7254999832,9282.042537660287,115.98277990678918,49.52570247717275
2026-09-07 15:06:00.548070,-14577.727598562784,9284.098712448062,116.15620147411192,49.45799539629072
2026-09-07 15:06:00.649446,-14578.715649130794,9286.110577117157,116.13351234542472,49.44559382148757
2026-09-07 15:06:00.748620,-14579.681216490999,9288.078630839904,116.16680678861275,49.410930396514416
2026-09-07 15:06:00.849028,-14580.659269749947,9290.069207753628,116.2342242256754,49.35565619006756
2026-09-07 15:06:00.948544,-14581.629867980668,9292.038753170791,116.25649706471461,49.33304726525099
2026-09-07 15:06:01.034900,-14582.47239245824,9293.746735526358,116.26616080365136,49.36549427083215
2026-09-07 15:06:01.151927,-14583.6152973483,9296.062670390982,116.16139278507205,49.41457838522908
2026-09-07 15:06:01.246226,-14584.533735268918,9297.932361906234,116.03476150275242,49.50933697261779
2026-09-07 15:06:01.351044,-14585.551977579633,9300.016857301247,115.99957227023089,49.42049437394094
2026-09-07 15:06:01.539457,-14587.37671193445,9303.758188046218,115.95740324794417,49.44189703960005
2026-09-07 15:06:01.646824,-14588.415415607798,9305.891870791458,115.92135827162207,49.51788932182032
2026-09-07 15:06:01.748242,-14589.396804653512,9307.911045818599,115.841913420906,49.55156468504285
2026-09-07 15:06:01.846380,-14590.344388083871,9309.867562434953,115.79798456770396,49.53870168970127
2026-09-07 15:06:01.946604,-14591.310330092765,9311.865888837377,115.66339678162768,49.52556528132618
2026-09-07 15:06:02.047287,-14592.275721561846,9313.875107971271,115.55072664551994,49.50709008370684
2026-09-07 15:06:02.147412,-14593.231475003417,9315.874329664453,115.62915863666495,49.509714770186235
2026-09-07 15:06:02.248119,-14594.195586830465,9317.883961023323,115.64042833601536,49.578353290368995
2026-09-07 15:06:02.347617,-14595.149835998827,9319.87203148766,115.56248749951158,49.623562961203824
2026-09-07 15:06:02.447516,-14596.59274612161,9322.883498069166,115.61838389675353,50.734667686648045
2026-09-07 15:06:02.547018,-14597.568507621168,9324.918393600328,115.58497933823924,50.81204888785487
2026-09-07 15:06:02.636549,-14598.446758830654,9326.752679187428,115.4146556597139,50.81126656307689
2026-09-07 15:06:02.746988,-14599.52335880274,9329.018497502568,115.32814429222265,50.759155506879466
2026-09-07 15:06:02.847239,-14600.4965366216,9331.074656373527,115.2832696110354,50.75477552445339
2026-09-07 15:06:02.946995,-14601.463223097724,9333.121243939031,115.2832696110354,50.800102424730774
2026-09-07 15:06:03.047010,-14602.433284963254,9335.174977596009,115.24969282946506,50.77126259251497
2026-09-07 15:06:03.143847,-14603.370824872696,9337.162874267813,115.32554919627165,50.76026244956076
2026-09-07 15:06:03.240508,-14604.309083745724,9339.145487582857,115.3796338382981,50.772931853794724
2026-09-07 15:06:03.346713,-14605.342296961022,9341.323427206375,115.24889930530003,50.7645796492241
2026-09-07 15:06:03.447712,-14606.319974388349,9343.396503193972,115.27150405699933,50.76899231189132
2026-09-07 15:06:03.547419,-14607.286036478956,9345.442856883119,115.34960861171692,50.78554592880759
2026-09-07 15:06:03.647312,-14607.151281179253,9345.175766796403,115.34960861171692,47.392693689227244
2026-09-07 15:06:03.746593,-14607.433950967468,9345.781582428135,115.34960861171692,45.33498424165859
2026-09-07 15:06:03.847445,-14607.899240022203,9346.769415865065,115.34960861171692,43.754837948436894
2026-09-07 15:06:03.947841,-14609.176760483926,9349.460321436803,115.25972943859193,45.80157740168917
2026-09-07 15:06:04.048166,-14610.05331987637,9351.318075554393,115.21482163328216,45.67621743844483
2026-09-07 15:06:04.147382,-14611.135282179002,9353.611047719485,115.38136434988866,46.98705646651717
2026-09-07 15:06:04.247935,-14612.04062626117,9355.519299512973,115.527646405994,46.970362394468246
2026-09-07 15:06:04.356162,-14613.019956888607,9357.569961820569,115.49131271265787,46.969416703436686
2026-09-07 15:06:04.448219,-14613.85184446437,9359.314731155111,115.56342471074856,47.018484923352695
2026-09-07 15:06:04.548100,-14614.868507289244,9361.44113838109,115.47400658959941,47.88390733181959
2026-09-07 15:06:04.640144,-14615.715934653876,9363.219883086684,115.39160451570098,47.80267470302799
2026-09-07 15:06:04.745244,-14616.679006914492,9365.24887579955,115.33279800762654,47.664919622386435
2026-09-07 15:06:04.845301,-14617.591248705456,9367.175882441396,115.34399496819435,47.66054811585179
2026-09-07 15:06:04.944790,-14618.542510299269,9369.183957532245,115.37739516238167,48.04245345679378
2026-09-07 15:06:05.045023,-14619.465109094366,9371.128926101224,115.36617850638959,48.07923870322028
2026-09-07 15:06:05.140889,-14620.347822828815,9372.99075252207,115.5163699922943,48.086777825138896
2026-09-07 15:06:05.245768,-14621.319014609122,9375.025402189718,115.49289685143668,48.1216023969054
2026-09-07 15:06:05.345469,-14622.242133060063,9376.961377901387,115.43711124095591,48.08501239307465
2026-09-07 15:06:05.445057,-14623.161622330217,9378.89458518925,115.40367781074019,48.08588259624439
2026-09-07 15:06:05.545319,-14624.06743581093,9380.801959369115,115.43733751452265,47.940634450721454
2026-09-07 15:06:05.645171,-14624.986602070403,9382.734467857763,115.3479453555235,47.938016920690586
2026-09-07 15:06:05.744900,-14625.901573642359,9384.665920331367,115.40374663281898,47.89095941814607
2026-09-07 15:06:05.852486,-14626.889687763954,9386.74653269638,115.59637862452826,47.86839725927885
2026-09-07 15:06:05.944080,-14627.685554220938,9388.407160190662,115.57587882129104,47.63973614479458
2026-09-07 15:06:06.044838,-14628.61192191177,9390.34272945842,115.59842963438552,47.69168131818511
2026-09-07 15:06:06.139270,-14629.481789808973,9392.158411521852,115.74637449906072,47.63969687607702
2026-09-07 15:06:06.252496,-14630.529255052446,9394.330382944578,115.78438644396982,47.637718131166054
2026-09-07 15:06:06.343893,-14631.375905796982,9396.082982805367,115.73324716310896,47.62494005202325
2026-09-07 15:06:06.451434,-14632.36999783072,9398.145489837154,115.67307484450919,47.64091489662608
2026-09-07 15:06:06.551647,-14633.294642070785,9400.0690714547,115.6506460087578,47.619898950066485
2026-09-07 15:06:06.641985,-14634.12712550598,9401.802664205818,115.54955252966306,47.64121211205982
2026-09-07 15:06:06.753315,-14635.066537749895,9403.768130556911,115.47480168044598,47.03631715351232
2026-09-07 15:06:06.851826,-14635.957477028405,9405.638139663452,115.54094540547266,47.024266061188364
2026-09-07 15:06:06.951857,-14636.864122419705,9407.535470646439,115.67527401767126,47.09506606475348
2026-09-07 15:06:07.052420,-14637.781438105456,9409.443618748062,115.6077525081966,47.149546875335304
2026-09-07 15:06:07.139863,-14638.578040350132,9411.105678727741,115.55882560538447,47.114399206083114
2026-09-07 15:06:07.255493,-14639.6287640135,9413.302758654369,115.45530824624234,47.10126428317353
2026-09-07 15:06:07.353974,-14640.52002483368,9415.175082913514,115.46632884323884,47.201946312815735
2026-09-07 15:06:07.453537,-14641.423368750733,9417.071850663073,115.47747052233194,47.17323681709107
2026-09-07 15:06:07.554422,-14642.237658000271,9418.781452726324,115.51133937809084,46.44974365135735
2026-09-07 15:06:07.650806,-14643.099641904235,9420.587719501103,115.45740972562413,46.40426449960359
2026-09-07 15:06:07.754179,-14644.02140279157,9422.523934057683,115.39956952429986,46.506334757927796
2026-09-07 15:06:07.854589,-14644.916809230603,9424.409692203873,115.35462367101155,46.50545737209543
2026-09-07 15:06:07.955191,-14645.812428539733,9426.299723729824,115.39965546796913,46.504578308560845
2026-09-07 15:06:08.054751,-14646.700224374717,9428.169446432077,115.29938337758853,46.474129760891735
2026-09-07 15:06:08.139834,-14647.455633552205,9429.767571417073,115.26129824627361,46.47784705094128
2026-09-07 15:06:08.256247,-14648.487834916887,9431.955033337757,115.35248929131893,46.4371582283527
2026-09-07 15:06:08.355438,-14649.369526457745,9433.815852128866,115.49678994298654,46.42155701327687
2026-09-07 15:06:08.454441,-14650.253924507215,9435.670298573163,115.3859998246441,46.45183521300452
2026-09-07 15:06:08.554975,-14651.148939449675,9437.556384936808,115.44225152286253,46.43865817277882
2026-09-07 15:06:08.654521,-14652.036739790927,9439.42253525422,115.57592884319246,46.39168701947039
2026-09-07 15:06:08.754442,-14652.803155847338,9441.022379858721,115.58711058456885,45.76183012172503
2026-09-07 15:06:08.855252,-14653.693831030141,9442.882436097187,115.54198568196955,45.73540369036542
2026-09-07 15:06:08.955097,-14654.574020484324,9444.72431694655,115.48611949929887,45.675204720125066
2026-09-07 15:06:09.046336,-14655.375645207267,9446.406006476494,115.47590932424612,45.69832495090699
2026-09-07 15:06:09.147146,-14656.261477658738,9448.265204203877,115.46462809859628,45.73091754958384
2026-09-07 15:06:09.255411,-14657.213103375128,9450.263502926839,115.50097454919586,45.7063209495872
2026-09-07 15:06:09.355396,-14658.092646903198,9452.107423565727,115.47859674249821,45.71593134344178
2026-09-07 15:06:09.455022,-14658.968498863247,9453.945452072994,115.59008403409524,45.7498822168256
2026-09-07 15:06:09.555611,-14659.857085726593,9455.80089992911,115.59008403409524,45.77185596532964
2026-09-07 15:06:09.652761,-14660.715705221823,9457.593773273697,115.5574690830424,45.822789956135836
2026-09-07 15:06:09.756026,-14661.628299005994,9459.502137504083,115.61524885522414,45.84985994358103
2026-09-07 15:06:09.855416,-14662.509019681156,9461.33908856296,115.67086045215581,45.93583877447424
2026-09-07 15:06:09.963387,-14663.46951304078,9463.337446611713,115.48962170382163,45.983954933333074
2026-09-07 15:06:10.055632,-14664.285559576227,9465.049121589976,115.48962170382163,45.96783413737521
2026-09-07 15:06:10.146572,-14665.089779375281,9466.735989736915,115.53032856467257,45.95988777071899
2026-09-07 15:06:10.263771,-14666.127583134268,9468.90882986697,115.42540656368578,45.95579141608629
2026-09-07 15:06:10.363009,-14667.002892538458,9470.750119551367,115.39209063458037,45.94191709835186
2026-09-07 15:06:10.462837,-14667.882063241814,9472.602308587138,115.3809193004451,45.96372460578968
2026-09-07 15:06:10.552328,-14668.670247687534,9474.263648822025,115.37090473676466,46.006733244907544
2026-09-07 15:06:10.651288,-14669.542323679983,9476.102646143945,115.33768213711267,46.003274382165955
2026-09-07 15:06:10.753219,-14670.439415393901,9477.99723235042,115.28064877674598,46.041573466490064
2026-09-07 15:06:10.852642,-14671.313321281805,9479.8476118007,115.22501871535405,45.99552911258717
2026-09-07 15:06:10.953095,-14672.193583829074,9481.71614665748,115.1800536142648,46.03853942940725
2026-09-07 15:06:11.053321,-14673.071213732146,9483.582891711336,115.19126948691604,46.08933455540269
2026-09-07 15:06:11.160137,-14674.007970864866,9485.574389568521,115.346662802928,46.04826664201686
2026-09-07 15:06:11.251897,-14674.816605319087,9487.28146925546,115.35693128091265,45.98813150310312
2026-09-07 15:06:11.352459,-14675.701984876827,9489.149697318211,115.35693128091265,45.95825522665135
2026-09-07 15:06:11.453101,-14676.587493133713,9491.01819694738,115.35693128091265,46.00750235778055
2026-09-07 15:06:11.553187,-14677.469053006565,9492.878365141982,115.4241325159324,46.03198988965689
2026-09-07 15:06:11.659883,-14678.41166055643,9494.861336061871,115.53159164565574,45.99096811308209
2026-09-07 15:06:11.892790,-14680.49098999667,9499.214723678951,115.47946434831567,45.98916546504676
2026-09-07 15:06:11.976539,-14681.231684974773,9500.769056445792,115.53569635110995,45.966479619331054
2026-09-07 15:06:12.068567,-14682.046874851487,9502.475400881285,115.50480094487733,45.835404205218225
2026-09-07 15:06:12.177693,-14683.009675386369,9504.49351897334,115.40710626932827,45.8096584491058
2026-09-07 15:06:12.277365,-14683.885428422182,9506.33726037658,115.38479851567348,45.83578656403959
2026-09-07 15:06:12.377628,-14684.766154064804,9508.193335031898,115.36235848934024,45.84980418550523
2026-09-07 15:06:12.477217,-14685.640504385572,9510.037838955566,115.2732017801851,45.88635308563162
2026-09-07 15:06:12.697256,-14687.567546962517,9514.119468979357,115.47019093687697,45.90942558054258
2026-09-07 15:06:12.794040,-14688.421752007225,9515.91274755075,115.48102162969809,45.95001926343449
2026-09-07 15:06:12.893904,-14689.304270198316,9517.76456372775,115.43632017871926,45.9456561891011
2026-09-07 15:06:12.994602,-14690.330270813542,9519.922056006846,115.34617064113473,46.35796318502952
2026-09-07 15:06:13.089487,-14691.172052712089,9521.699151550967,115.32493427379455,46.39941859519975
2026-09-07 15:06:13.194504,-14692.103825096172,9523.668113068064,115.16040608574815,46.3709716948245
2026-09-07 15:06:13.293748,-14692.97849266339,9525.530215276704,115.24925393484182,46.3475573680864
2026-09-07 15:06:13.394650,-14693.87025688694,9527.421089800595,115.26054545582707,46.3572559024737
2026-09-07 15:06:13.494392,-14694.752321999322,9529.29044359061,115.20473690465332,46.40954883207731
2026-09-07 15:06:13.584506,-14695.548493866505,9530.982031910358,115.15431549962364,46.391438193907355
2026-09-07 15:06:13.694295,-14696.516305715902,9533.043000659067,115.16660152762552,46.327162424750796
2026-09-07 15:06:13.794643,-14697.400071023949,9534.923942721423,115.24520820375449,46.35960565550195
2026-09-07 15:06:13.894026,-14698.278507226036,9536.78689779625,115.20072205957206,46.36568453861365
2026-09-07 15:06:13.994533,-14699.165531564602,9538.671858807686,115.09949619589298,46.35953690466311
2026-09-07 15:06:14.094300,-14700.042601668058,9540.54424584638,114.96552210133012,46.328153282671785
2026-09-07 15:06:14.194262,-14700.916404982618,9542.421070889171,114.86484513569496,46.30020220446849
2026-09-07 15:06:14.294543,-14701.789160185162,9544.30428578842,114.8199570258094,46.24675042827117
2026-09-07 15:06:14.394638,-14702.657819692691,9546.18251878115,114.87596309075434,46.22750849452363
2026-09-07 15:06:14.493959,-14703.521224115242,9548.04460953294,114.95376527594789,46.2483373772858
2026-09-07 15:06:14.589637,-14704.355770567166,9549.838077217573,114.80386832615972,46.22409229085618
2026-09-07 15:06:14.694850,-14705.267844380236,9551.81163585492,114.68612885643495,46.1110116748179
2026-09-07 15:06:14.794979,-14706.129870447883,9553.687010754498,114.70853889200862,46.04714175231376
2026-09-07 15:06:14.902944,-14707.058860139452,9555.705986569546,114.73270271558334,46.10280245067129
2026-09-07 15:06:14.993722,-14707.841624424736,9557.405282675696,114.72254412911337,46.13215163153318
2026-09-07 15:06:15.085916,-14708.636798542784,9559.13232490348,114.67095890356234,46.01936844937946
2026-09-07 15:06:15.187089,-14709.505580727977,9561.023717511178,114.72756814087364,46.001687390357894
2026-09-07 15:06:15.303516,-14710.507115508899,9563.19845339984,114.62333727022718,46.07493607895399
2026-09-07 15:06:15.403109,-14711.361813088157,9565.063267668496,114.67906245156547,46.181976442721776
2026-09-07 15:06:15.502426,-14712.217934642422,9566.926402537154,114.69017660182703,46.154205717507025
2026-09-07 15:06:15.592024,-14712.990138930394,9568.606053573369,114.71022967703334,46.12758676981778
2026-09-07 15:06:15.692794,-14713.85878942828,9570.49374735684,114.74405992528449,46.108215076289234
2026-09-07 15:06:15.792640,-14714.681272196489,9572.279089350797,114.78875331904442,46.031163774222605
2026-09-07 15:06:15.892361,-14715.541637280738,9574.142050287079,114.78875331904442,46.03029240889456
2026-09-07 15:06:15.992657,-14716.406946924708,9576.015717749902,114.7550822008684,46.076741062818144
2026-09-07 15:06:16.092987,-14717.272320639993,9577.892420597249,114.69894464658569,46.134602390943144
2026-09-07 15:06:16.188757,-14718.097642623587,9579.686886348387,114.67751020594523,46.04254984111539
2026-09-07 15:06:16.293093,-14718.994260238378,9581.638290127554,114.60745537253177,46.03707969303021
2026-09-07 15:06:16.392246,-14719.843968403558,9583.49357587336,114.59635957482465,46.0440109100354
2026-09-07 15:06:16.492073,-14720.69921951935,9585.361919950961,114.49581857476005,46.07279653149824
2026-09-07 15:06:16.599616,-14721.617616632753,9587.3775482954,114.55599201241802,46.11320424284678
2026-09-07 15:06:16.684790,-14722.347302223963,9588.97455952875,114.60364934370949,46.072270318449625
2026-09-07 15:06:16.798994,-14723.326598490603,9591.113168196753,114.50140860615465,46.07626199145428
2026-09-07 15:06:16.891352,-14724.115546763498,9592.8442443983,114.38771923184424,46.05366522997879
2026-09-07 15:06:16.999668,-14724.927813066637,9594.639959424461,114.48468875768384,45.58743746212148
2026-09-07 15:06:17.091081,-14725.699909828503,9596.33537163647,114.49491840434916,45.64015626594776
2026-09-07 15:06:17.199517,-14726.651480438664,9598.423095662545,114.37357221006636,45.84461278948195
2026-09-07 15:06:17.288761,-14727.406280107443,9600.08908446747,114.40353297889567,45.85475040999689
2026-09-07 15:06:17.400378,-14728.351602501572,9602.172694595636,114.39104238705607,45.90156543214256
2026-09-07 15:06:17.498276,-14729.18118167895,9604.002251993332,114.3362656075368,45.92209589362252
2026-09-07 15:06:17.599644,-14730.038737213436,9605.898326187205,114.31357826934271,45.96195495265527
2026-09-07 15:06:17.707626,-14730.952238390644,9607.920229316009,114.37399734027423,45.929874245391936
2026-09-07 15:06:17.786346,-14731.619278299795,9609.392486302784,114.40923424467474,45.929874245391936
2026-09-07 15:06:17.908215,-14732.653346086094,9611.671099851172,114.35468284347564,46.03423398179695
2026-09-07 15:06:17.997252,-14733.40895946951,9613.340348457548,114.25504525909076,45.992999547727855
2026-09-07 15:06:18.107259,-14734.33811402992,9615.402510171185,114.25504525909076,45.86130901982488
2026-09-07 15:06:18.198431,-14735.105977197309,9617.106702447227,114.22443722700228,45.701976241997386
2026-09-07 15:06:18.417356,-14736.889568833054,9621.072044585835,114.02844537497253,45.54971036084856
2026-09-07 15:06:18.510278,-14737.660024763678,9622.800207394555,113.92446024950544,45.46851481626641
2026-09-07 15:06:18.611186,-14738.49180333297,9624.675061126987,113.89058367224504,45.441180957719084
2026-09-07 15:06:18.707751,-14739.286243990296,9626.46861410144,113.84735893045848,45.39983534092585
2026-09-07 15:06:18.805626,-14740.03319100087,9628.160980429684,113.90212284080849,45.006938753777064
2026-09-07 15:06:18.910354,-14740.88694313582,9630.087388929242,113.91384251345863,45.013344570370656
2026-09-07 15:06:19.011917,-14741.652223209978,9631.81522042056,113.86838055053141,44.66626396288826
2026-09-07 15:06:19.108649,-14742.433782180713,9633.58153948405,113.79260643450209,44.67049019963441
2026-09-07 15:06:19.211831,-14743.207244888223,9635.337922084484,113.73487310323532,44.2045975085187
2026-09-07 15:06:19.296527,-14743.880916159102,9636.870053676137,113.63061537519229,44.276384918482016
2026-09-07 15:06:19.404951,-14744.741144064013,9638.836173231104,113.49714933304932,44.27354268121019
2026-09-07 15:06:19.509061,-14745.562692342633,9640.72586201996,113.53210087761045,44.23169571980852
2026-09-07 15:06:19.609759,-14746.285534281506,9642.388561030053,113.65605649178923,43.71543151938212
2026-09-07 15:06:19.710782,-14747.0776916449,9644.196912944977,113.58822612225305,43.74544475575359
2026-09-07 15:06:19.810181,-14747.855541346864,9645.978338311661,113.4881161834046,43.774975512928556
2026-09-07 15:06:19.901637,-14748.56884912144,9647.619764813255,113.60069522817543,43.75020200272813
2026-09-07 15:06:20.002512,-14749.358728616504,9649.427667747397,113.555541230063,43.79251155556456
2026-09-07 15:06:20.229454,-14751.042264181284,9653.290716251948,113.60633349097805,43.038888193817414
2026-09-07 15:06:20.311251,-14751.67248602886,9654.732802529532,113.6521012925096,43.03459972480457
2026-09-07 15:06:20.412614,-14752.454807430042,9656.519036212383,113.61807196380573,43.056742554235385
2026-09-07 15:06:20.512589,-14753.225766209012,9658.282175052324,113.5509452580618,43.09255953055462
2026-09-07 15:06:20.613963,-14754.006066852411,9660.072388987577,113.53960091752987,43.04915487507076
2026-09-07 15:06:20.713064,-14754.767757151942,9661.820850981458,113.65050070357529,43.04742297957484
2026-09-07 15:06:20.813942,-14755.446617727817,9663.370892637615,113.79725556176737,42.314956665930296
2026-09-07 15:06:20.910196,-14756.181307835574,9665.036874220807,113.79725556176737,42.36710304125465
2026-09-07 15:06:21.010690,-14756.949306398586,9666.778385979835,113.75227210812369,42.380274838660924
2026-09-07 15:06:21.105655,-14757.673984009682,9668.4251639797,113.76289924425942,42.384423874890906
2026-09-07 15:06:21.210315,-14758.473058967511,9670.240091445821,113.73947511815066,42.43197904333221
2026-09-07 15:06:21.310432,-14759.237595296345,9671.978498609229,113.64984571881462,42.45822381099841
2026-09-07 15:06:21.411092,-14760.00401682734,9673.728616428427,113.60478795970687,42.48812920257411
2026-09-07 15:06:21.510655,-14760.761257287824,9675.461476629864,113.63821299698617,42.46637958460088
2026-09-07 15:06:21.605671,-14761.363344964799,9676.837655056863,113.72327574364573,41.63660077349855
2026-09-07 15:06:21.710783,-14762.15047280171,9678.628804961689,113.80561425503885,41.643030077923214
2026-09-07 15:06:21.810809,-14762.902079032241,9680.33247226201,113.78322727206393,41.67799129504025
2026-09-07 15:06:21.910048,-14763.647736660103,9682.024445715779,113.81654353688685,41.68232706302242
2026-09-07 15:06:22.010146,-14764.400919184935,9683.730804542685,113.80534198818037,41.692822977817514
2026-09-07 15:06:22.102030,-14765.092163645528,9685.297669863907,113.73336550803691,41.67756815582172
2026-09-07 15:06:22.209874,-14765.900868507724,9687.137039908463,113.58854505383835,41.69264566566424
2026-09-07 15:06:22.310548,-14766.651735742622,9688.856644136533,113.57727904737988,41.69000658764549
2026-09-07 15:06:22.410656,-14767.397998044018,9690.566619099183,113.5884817151445,41.71624899604296
2026-09-07 15:06:22.510009,-14768.139430360226,9692.264620995931,113.62183625175754,41.765733530774185
2026-09-07 15:06:22.609974,-14768.88731033678,9693.974673857318,113.71132957361732,41.824257857106836
2026-09-07 15:06:22.717651,-14769.696895957135,9695.817970959726,113.79567735399701,41.84589821472305
2026-09-07 15:06:22.809218,-14770.388020408333,9697.385280093571,113.8674055151273,41.82829567566055
2026-09-07 15:06:22.917684,-14771.2086724374,9699.240034556982,113.85526753852446,41.825452337396634
2026-09-07 15:06:23.016779,-14771.958013693531,9700.934589739098,113.89962476720302,41.847099720390894
2026-09-07 15:06:23.105138,-14772.62768693633,9702.445820025598,113.91940053978891,41.868718066903504
2026-09-07 15:06:23.218661,-14773.48919317359,9704.3881435076,113.9066966554575,41.88359758167008
2026-09-07 15:06:23.317286,-14774.237532780495,9706.076335086414,113.8515130982849,41.85171140922186
2026-09-07 15:06:23.417282,-14774.955137543217,9707.699075617427,113.77318215809476,41.671116894927515
2026-09-07 15:06:23.517630,-14775.708703648324,9709.40980689337,113.71703453228832,41.65971792196089
2026-09-07 15:06:23.606055,-14776.371074835199,9710.917512494636,113.71703453228832,41.628811501394495
2026-09-07 15:06:23.721521,-14777.235362215979,9712.884824707076,113.72995584962678,41.667151436020035
2026-09-07 15:06:23.817822,-14777.957229760757,9714.52695162947,113.56830621497181,41.679773654879085
2026-09-07 15:06:23.919545,-14778.715073014673,9716.26420510882,113.38617188436524,41.63355299369665
2026-09-07 15:06:24.019577,-14779.45406338226,9717.973042491782,113.44214269897708,41.64666423653845
2026-09-07 15:06:24.104703,-14780.084553846156,9719.42708479873,113.45166879375603,41.67046691638813
2026-09-07 15:06:24.220922,-14780.946158548304,9721.413219863845,113.42565762891525,41.61562854552086
2026-09-07 15:06:24.320575,-14781.683204601211,9723.114342372579,113.48141638199945,41.62520702808115
2026-09-07 15:06:24.420710,-14782.42564957649,9724.823364557737,113.50382776044302,41.63833177118299
2026-09-07 15:06:24.519248,-14783.15714203385,9726.505374731805,113.48177380918645,41.66416261825485
2026-09-07 15:06:24.619850,-14783.903758342844,9728.223969506887,113.51554765690474,41.62196756859486
2026-09-07 15:06:24.720818,-14784.653347611988,9729.946628316793,113.47035202982755,41.63696601672031
2026-09-07 15:06:24.819854,-14785.387525041862,9731.637512972518,113.48143473455383,41.67504272685811
2026-09-07 15:06:24.919537,-14786.127504114189,9733.340857442272,113.44796941117954,41.64542759524237
2026-09-07 15:06:25.019735,-14786.869778191189,9735.052219187104,113.5152458469098,41.67869786328326
2026-09-07 15:06:25.111838,-14787.554477140753,9736.6257738103,113.59770074035498,41.679502662280555
2026-09-07 15:06:25.220266,-14788.363217747554,9738.477110425574,113.62196818871843,41.775194847264
2026-09-07 15:06:25.318979,-14789.101902175415,9740.166126759721,113.52254915639872,41.769156945524216
2026-09-07 15:06:25.419999,-14789.854741015968,9741.89567582329,113.51124443052686,41.75768163710663
2026-09-07 15:06:25.520175,-14790.600746633434,9743.610450914632,113.61213692677006,41.753304931442706
2026-09-07 15:06:25.615353,-14791.43045078283,9745.508925318145,113.60148595469491,42.16096591684028
2026-09-07 15:06:25.720599,-14792.224645691666,9747.326637139617,113.56615303510137,42.150849844313214
2026-09-07 15:06:25.820760,-14792.911873224528,9748.902259918777,113.49890144246297,41.87273317177053
2026-09-07 15:06:25.919495,-14793.648808516515,9750.59718392665,113.465754379239,41.9348511449944
2026-09-07 15:06:26.020337,-14794.43124061621,9752.399277360304,113.36419111951454,42.09655281778108
2026-09-07 15:06:26.112576,-14795.119626564116,9753.992775066305,113.27129239166578,42.15297193365997
2026-09-07 15:06:26.221707,-14795.932108210827,9755.881941300484,113.13695605796562,42.1300857685517
2026-09-07 15:06:26.329197,-14796.727575521569,9757.743560103965,113.00463973621083,42.161081054907505
2026-09-07 15:06:26.420699,-14797.401559485703,9759.331009398336,112.95344170479473,42.166677886986285
2026-09-07 15:06:26.529002,-14798.197722383387,9761.210897376995,112.89284302502318,42.11557471039695
2026-09-07 15:06:26.611941,-14798.805168031506,9762.649423891442,112.83715488451105,42.13079390743468
2026-09-07 15:06:26.729958,-14799.66784685036,9764.697936118364,112.91639561901252,42.11120041642996
2026-09-07 15:06:26.946608,-14801.25597209002,9768.454555809776,112.9648844105418,42.14716921606198
2026-09-07 15:06:27.044800,-14802.051710696798,9770.330531123705,113.07476697268925,42.59144659306143
2026-09-07 15:06:27.142951,-14802.784154343663,9772.04981895829,113.09673430884158,42.60345364570213
2026-09-07 15:06:27.242888,-14803.530807416722,9773.800599100274,113.07436724510251,42.62965122799343
2026-09-07 15:06:27.346152,-14804.302084997738,9775.611078070466,113.08592308763309,42.64950235988319
2026-09-07 15:06:27.442585,-14805.023018459877,9777.30243427938,113.07513167375464,42.61158379939364
2026-09-07 15:06:27.542698,-14805.77046775693,9779.05691437311,113.09753812834214,42.62208128703456
2026-09-07 15:06:27.635625,-14806.539710512196,9780.86024274611,113.15993256079696,43.096458824777145
2026-09-07 15:06:28.080559,-14809.96364719228,9788.864422207258,113.45867678378761,43.686726971830595
2026-09-07 15:06:28.181169,-14810.745843290943,9790.666904004718,113.52622985070337,43.728046243456184
2026-09-07 15:06:28.279866,-14811.515978640304,9792.435878996448,113.59249846262452,43.76857986985147
2026-09-07 15:06:28.380060,-14812.300598264883,9794.232443479394,113.65977221261511,43.80972829546775
2026-09-07 15:06:28.479872,-14813.085064109597,9796.02292110501,113.7267894744677,43.85071983845048
2026-09-07 15:06:28.580556,-14813.879237798461,9797.829803352988,113.79439222756724,43.892069500952715
2026-09-07 15:06:28.681561,-14814.67883491268,9799.643213372756,113.8622105112749,43.933550994149634
2026-09-07 15:06:28.781504,-14815.52716463072,9801.563251681358,113.92931573110161,44.3698887766669
2026-09-07 15:06:28.881743,-14816.33361820773,9803.380606639197,113.99661969566347,44.41105568322168
2026-09-07 15:06:28.982105,-14817.143949360283,9805.200929226048,114.06400624672,44.452273104341714
2026-09-07 15:06:29.081107,-14817.946154935433,9806.997309003938,114.1304796462905,44.49293199043133
2026-09-07 15:06:29.182126,-14818.76758078052,9808.831011803693,114.198307330087,44.53441923325356
2026-09-07 15:06:29.282265,-14819.584763549097,9810.649469605587,114.2655441511572,44.5755450710561
2026-09-07 15:06:29.382497,-14820.464780287135,9812.604388102627,114.33284341567463,45.034986067943116
2026-09-07 15:06:29.482959,-14821.29814320108,9814.447265026914,114.40029711022282,45.076244557815386
2026-09-07 15:06:29.581704,-14822.120147410791,9816.259338271951,114.46659795101988,45.116797897211754
2026-09-07 15:06:29.682565,-14822.96266483674,9818.110933805252,114.53431954809957,45.158220251405446
2026-09-07 15:06:29.782639,-14823.80154859681,9819.948778139758,114.60151272590025,45.19931939451904
2026-09-07 15:06:29.883128,-14824.646843441378,9821.794933430054,114.66898454919112,45.24058897295441
2026-09-07 15:06:29.983348,-14825.547658304782,9823.758897812339,114.73627575648953,45.663558681997735
2026-09-07 15:06:31.978010,-14842.575093237832,9860.71737794559,114.73627575648953,47.23879001849804
2026-09-07 15:06:32.067775,-14843.368302280012,9862.439065935565,114.64586872361463,47.32820813894028
2026-09-07 15:06:32.170202,-14844.27200557616,9864.408757504945,114.80633920665099,47.35595346269487
2026-09-07 15:06:32.269608,-14845.154922615598,9866.319009959621,114.96207674496327,47.37766878389097
2026-09-07 15:06:32.370510,-14846.056807539378,9868.256455411054,114.84916153511114,47.36708856455937
2026-09-07 15:06:32.470556,-14846.947054942017,9870.178793771425,114.78198715748806,47.3426108192793
2026-09-07 15:06:32.568618,-14847.816988490507,9872.063057990898,114.73809232365517,47.26806322216831
2026-09-07 15:06:32.663959,-14848.660049981409,9873.89279981912,114.77009996182636,47.220576935636345
2026-09-07 15:06:32.763439,-14849.539892566023,9875.799566277736,114.70330561636587,47.16407507059071
2026-09-07 15:06:32.864086,-14850.426744595947,9877.727427891647,114.70330561636587,47.04974569360544
2026-09-07 15:06:32.976990,-14851.419187696876,9879.884826075013,114.51378639692803,47.05862472288693
2026-09-07 15:06:33.068870,-14852.221166315348,9881.643486019959,114.47265877019635,47.106795747851145
2026-09-07 15:06:33.176947,-14853.164000124221,9883.714964970195,114.44846987971812,47.07279805608978
2026-09-07 15:06:33.268943,-14853.965224593383,9885.477290133504,114.56171364505593,46.99000006122355
2026-09-07 15:06:33.365144,-14854.805232482813,9887.315270384226,114.52941728987071,46.94965090343006
2026-09-07 15:06:33.477855,-14855.787344361874,9889.46738935985,114.6681604747373,46.942756796848435
2026-09-07 15:06:33.576877,-14856.654625151723,9891.35575648961,114.70140388887177,46.97909760947147
2026-09-07 15:06:33.676315,-14857.527324642562,9893.253018810283,114.65689312540911,46.981704286866105
2026-09-07 15:06:33.777555,-14858.414387390965,9895.185459909295,114.56625836419187,47.01708982283604
2026-09-07 15:06:33.864859,-14859.177280314498,9896.854358506382,114.5467187128848,47.02700707017409
2026-09-07 15:06:33.965448,-14860.055791679762,9898.777917749814,114.6030011852036,47.01470177101182
2026-09-07 15:06:34.065228,-14860.928882909755,9900.684650510872,114.55833733458002,47.08619600251236
2026-09-07 15:06:34.186857,-14861.99295995421,9903.01326848829,114.49028237006439,47.15421508357893
2026-09-07 15:06:34.276126,-14862.773028682646,9904.725742712917,114.50027209065297,47.146414729443954
2026-09-07 15:06:34.385546,-14863.729392751997,9906.824265723955,114.43904841688033,47.1531075379734
2026-09-07 15:06:34.476385,-14864.521603624567,9908.56752589661,114.39838676598043,47.19914527718578
2026-09-07 15:06:34.564792,-14865.292152278987,9910.26631811681,114.4379597970696,47.147387560804134
2026-09-07 15:06:34.686089,-14866.34981615033,9912.593825070231,114.56012435860941,47.11771044158661
2026-09-07 15:06:34.783743,-14867.204776924089,9914.464660258429,114.54919630772548,47.12368356829228
2026-09-07 15:06:34.884175,-14868.083803516296,9916.389127402861,114.52671845722517,47.145623020019194
2026-09-07 15:06:34.983253,-14868.950637789072,9918.288873459553,114.715204338327,47.117919123276174
2026-09-07 15:06:35.074761,-14869.756535977209,9920.039797738791,114.55135989483693,47.23386110413918
2026-09-07 15:06:35.185467,-14870.727831039338,9922.166057277063,114.37791885590167,47.183558768218454
2026-09-07 15:06:35.283548,-14871.581742134578,9924.050423854656,114.38889469057051,47.159561789480534
2026-09-07 15:06:35.383630,-14872.452999291176,9925.972089561725,114.42249396521049,47.21902913300684
2026-09-07 15:06:35.483692,-14873.326308703668,9927.895282157937,114.41129644511346,47.2784845928091
2026-09-07 15:06:35.583373,-14874.197013389097,9929.813734484067,114.43360621307306,47.26977443474159
2026-09-07 15:06:35.669175,-14874.94699098662,9931.46447659005,114.49121667175024,47.26227702818961
2026-09-07 15:06:35.786391,-14876.159168693872,9934.12449056531,114.47809951922801,47.70211476500397
2026-09-07 15:06:35.883409,-14877.016401630455,9936.007423522326,114.41295824653116,47.746197579181676
2026-09-07 15:06:35.983479,-14877.792333759782,9937.718236556142,114.46895032324869,47.48523254562246
2026-09-07 15:06:36.086247,-14878.695927080475,9939.703841960312,114.58395369569013,47.46996671370585
2026-09-07 15:06:36.170107,-14879.474507472456,9941.405866384359,114.55580042965516,47.61345402729971
2026-09-07 15:06:36.286963,-14880.508175187422,9943.668201799983,114.35964743324553,47.66042423690064
2026-09-07 15:06:36.384633,-14881.366497526453,9945.563910653033,114.32685790911438,47.645915695299216
2026-09-07 15:06:36.485617,-14882.252551590207,9947.523852745688,114.20255023922795,47.64503329383626
2026-09-07 15:06:36.585282,-14883.122817601581,9949.460051945076,114.16909095876798,47.63893716184864
2026-09-07 15:06:36.671080,-14883.870928957782,9951.127079823951,114.13068577680963,47.57596188279083
2026-09-07 15:06:36.776433,-14884.786964331563,9953.17196365903,114.09531693544807,47.43327230418769
2026-09-07 15:06:36.876875,-14885.656479650883,9955.116215826129,113.982916492365,47.449947947726294
2026-09-07 15:06:36.985879,-14886.596304453282,9957.228791877596,113.92192558269664,47.48614220607007
2026-09-07 15:06:37.086952,-14887.466326176758,9959.190080878547,113.7975083570131,47.54619838812313
2026-09-07 15:06:37.181327,-14888.275736265503,9961.025475383085,113.83975280382202,47.595677496536254
2026-09-07 15:06:37.282298,-14889.144067432959,9962.99055197419,113.73805962144121,47.58773690571943
2026-09-07 15:06:37.383003,-14890.006487195576,9964.951658530637,113.61409539051442,47.529659311292754
2026-09-07 15:06:37.483325,-14890.860354764198,9966.904774320647,113.71513493100434,47.54105533080443
2026-09-07 15:06:37.582619,-14891.709083852913,9968.836846311659,113.77069281314272,47.54018769661622
2026-09-07 15:06:37.683989,-14892.577454218648,9970.808436204095,113.78203670605143,47.537530373585845
2026-09-07 15:06:37.784335,-14893.437390969026,9972.75983055777,113.77080740470177,47.5813717035004
2026-09-07 15:06:37.884015,-14894.292027819638,9974.700228695749,113.84889080921943,47.57179062574449
2026-09-07 15:06:37.983673,-14895.304486529285,9976.98750134039,113.90465235994913,48.21002920175623
2026-09-07 15:06:38.083712,-14896.178140620848,9978.958581742838,113.94943214500154,48.22401550611378
2026-09-07 15:06:38.183795,-14897.053973903925,9980.930417258682,114.09503045655055,48.207399464694106
2026-09-07 15:06:38.280062,-14897.900938167357,9982.824270260373,114.14889464411294,48.1644990723215
2026-09-07 15:06:38.382980,-14898.807513966669,9984.846314664102,114.19496313658112,48.13122494207029
2026-09-07 15:06:38.483721,-14899.695890171226,9986.823506218534,114.09350159924645,48.060802692383454
2026-09-07 15:06:38.583959,-14900.575057302978,9988.789507151565,113.93646058195031,48.022263845188576
2026-09-07 15:06:38.683523,-14901.4422613499,9990.743107049873,113.81390088096231,47.97180422468482
2026-09-07 15:06:38.782047,-14902.295372429722,9992.676098510612,113.83595169885581,47.928758929521074
2026-09-07 15:06:38.883888,-14903.177182083627,9994.67203574692,113.94991770435172,47.952785958352386
2026-09-07 15:06:38.983776,-14904.046409082488,9996.628953288144,114.03934209222672,47.98769894153063
2026-09-07 15:06:39.083284,-14904.916003564127,9998.578490712849,114.15069733495693,48.005089024073584
2026-09-07 15:06:39.183510,-14905.796006029323,10000.541100017737,114.16191320760822,47.99720702176395
2026-09-07 15:06:39.404313,-14907.735224327422,10004.863739170638,114.06307664507835,48.002995173061926
2026-09-07 15:06:39.499090,-14908.564508255939,10006.720836459825,114.13731932996973,47.985603718647894
2026-09-07 15:06:39.597604,-14909.42867769485,10008.649340468306,114.22551364907832,48.01831482252003
2026-09-07 15:06:39.699941,-14910.330079366906,10010.652663803292,114.19115733157037,48.001324566125184
2026-09-07 15:06:39.800010,-14911.210017861607,10012.611424207922,114.09037260063121,48.01181744008501
2026-09-07 15:06:39.899438,-14912.081085419943,10014.55959829245,113.95685373894156,48.0735026010885
2026-09-07 15:06:39.997842,-14912.93978827448,10016.492191845167,113.81369799571172,48.03308930613727
2026-09-07 15:06:40.098557,-14913.812978139991,10018.47069707589,113.63336848215988,48.03044915334054
2026-09-07 15:06:40.193903,-14914.8750410749,10020.88774039155,113.56934984864279,48.82126079220723
2026-09-07 15:06:40.290591,-14915.718831472019,10022.821919977092,113.61262964809254,48.841537501226554
2026-09-07 15:06:40.389739,-14916.585948084561,10024.805479558087,113.64591536262662,48.81121495598452
2026-09-07 15:06:40.499627,-14917.547672851611,10027.001980889321,113.70740089601662,48.79873229224078
2026-09-07 15:06:40.599165,-14918.420727114779,10028.990156206668,113.72967865891178,48.802211357313254
2026-09-07 15:06:40.699543,-14919.30199139711,10030.9949101515,113.61734983555311,48.77677527706876
2026-09-07 15:06:40.799218,-14920.172725163064,10032.986297079982,113.67312089827743,48.70709820678422
2026-09-07 15:06:40.890780,-14920.97322106595,10034.81220453966,113.86780099029255,48.72309964121962
2026-09-07 15:06:40.990624,-14921.853172917634,10036.80094534832,113.9683591119475,48.72658940164374
2026-09-07 15:06:41.091880,-14922.749171638248,10038.816386072836,114.0023525188833,48.74251540938354
2026-09-07 15:06:41.199583,-14923.703802501754,10040.96028519,114.07466807365944,48.78486546300011
2026-09-07 15:06:41.298879,-14924.587178355176,10042.937441397093,114.0524444731808,48.839527517849795
2026-09-07 15:06:41.399061,-14925.634326393181,10045.285765508685,114.00760067799979,49.39126808042689
2026-09-07 15:06:41.499926,-14926.540433902446,10047.320189933038,114.08661234128903,49.33750502056368
2026-09-07 15:06:41.591717,-14927.366678290062,10049.168440890246,114.1174281824841,49.40969156637055
2026-09-07 15:06:41.691612,-14928.268268645184,10051.182327683027,114.08389168700876,49.40969156637055
2026-09-07 15:06:41.799761,-14929.243078150395,10053.363186363928,113.95076415996931,49.39268139599989
2026-09-07 15:06:41.900510,-14930.146153188052,10055.396226078234,114.0071361569436,49.37331373944231
2026-09-07 15:06:42.007454,-14931.106503882751,10057.552486245384,113.87549194153979,49.3564930969942
2026-09-07 15:06:42.099554,-14931.929007246124,10059.41071608763,113.89610499346617,49.34200718689667
2026-09-07 15:06:42.192154,-14932.756405077102,10061.278188148364,113.90646747233905,49.32744263450763
2026-09-07 15:06:42.308394,-14933.933942683885,10063.93401945744,113.88045160745389,49.899867967646124
2026-09-07 15:06:42.407990,-14934.833357368427,10065.965535035222,113.91388772340929,49.901608513794116
2026-09-07 15:06:42.495806,-14935.627464097573,10067.756366700918,113.95319620914148,49.92539602441956
2026-09-07 15:06:42.597681,-14936.550569151905,10069.834261068758,114.03299904657365,49.92361565031994
2026-09-07 15:06:42.705880,-14937.534014714218,10072.039696636206,114.14197192631553,50.00303314511906
2026-09-07 15:06:42.796417,-14938.361749349962,10073.88648986616,114.131840309148,50.00936206702762
2026-09-07 15:06:42.897248,-14939.283349812846,10075.943685651797,114.19954176318026,50.02081590609963
2026-09-07 15:06:42.997051,-14940.314235086204,10078.239981430199,114.31122712807758,50.53323322380145
2026-09-07 15:06:43.097842,-14941.251621478492,10080.314977966522,114.3676226252739,50.51033463321113
2026-09-07 15:06:43.193579,-14942.143539363931,10082.28415712846,112.93200994989371,50.565547131673235
2026-09-07 15:06:43.305863,-14943.132504254747,10084.621720794548,112.91944471687253,50.57241512027604
2026-09-07 15:06:43.396299,-14943.928733523493,10086.50487629788,112.92956503155233,50.55503000093549
2026-09-07 15:06:43.497015,-14944.8155368698,10088.601215440583,112.95210644455796,50.54974964291383
2026-09-07 15:06:43.604727,-14945.764722734915,10090.842564425811,112.9400528449429,50.5309258240162
2026-09-07 15:06:43.696184,-14946.569965003957,10092.74512841031,112.90934913337884,50.58127254040343
2026-09-07 15:06:43.804140,-14947.520216595301,10094.993665355103,112.93351094264875,50.58127254040343
2026-09-07 15:06:43.895937,-14948.329039457109,10096.905297337595,112.98487403514844,50.55079178434693
2026-09-07 15:06:44.004509,-14949.287115525673,10099.164040843512,112.92412484204988,50.604868006553
2026-09-07 15:06:44.103192,-14950.156679682845,10101.220171856045,112.85786563021759,50.604868006553
2026-09-07 15:06:44.195245,-14951.096360115327,10103.442032371064,112.94027576133499,51.21746628115405
2026-09-07 15:06:44.292967,-14951.968461118924,10105.5025426543,112.99495406373325,51.231128649174806
2026-09-07 15:06:44.392902,-14952.862560553116,10107.609424790158,112.96140413955965,51.27391717725674
2026-09-07 15:06:44.492711,-14953.755045179056,10109.715930950497,112.93906572371037,51.24252034336045
2026-09-07 15:06:44.593187,-14954.652117584432,10111.835565796951,112.87160262907332,51.17842907775782
2026-09-07 15:06:44.714754,-14955.733121034817,10114.398201929615,112.73556208165019,51.16568200115393
2026-09-07 15:06:44.802863,-14956.512001542942,10116.256934350615,112.65668280294523,51.1264171370618
2026-09-07 15:06:44.904030,-14957.40269126417,10118.39072654747,112.65668280294523,51.04332108791072
2026-09-07 15:06:45.012834,-14958.359061375824,10120.68186680981,112.66885860371508,51.029060094766926
2026-09-07 15:06:45.102619,-14959.14843861138,10122.571818539804,112.6588111397237,51.095746355014896
2026-09-07 15:06:45.213109,-14960.25572364068,10125.218960647899,112.6835400876862,51.77369737888519
2026-09-07 15:06:45.312205,-14961.140217638715,10127.335119010453,112.70571892583706,51.794479076272445
2026-09-07 15:06:45.410592,-14962.019549409497,10129.436640052185,112.66167861443898,51.76782810369449
2026-09-07 15:06:45.512012,-14962.92385760668,10131.602526252027,112.65032912623934,51.74921766754783
2026-09-07 15:06:45.590703,-14963.624918383115,10133.282555508473,112.64152314540797,51.74371683149289
2026-09-07 15:06:45.696913,-14964.570697795967,10135.550011514715,112.66529417955672,51.731651968029894
2026-09-07 15:06:45.811018,-14965.58755406745,10137.985026634318,112.71637023362979,51.6718287768725
2026-09-07 15:06:45.911657,-14966.485281759737,10140.129392618499,112.6713218746109,51.681502032132094
2026-09-07 15:06:46.010712,-14967.367385110632,10142.241096833352,112.71566119835825,51.671981028348874
2026-09-07 15:06:46.110807,-14968.260236410211,10144.373888868311,112.72686241134721,51.64924056119269
2026-09-07 15:06:46.211154,-14969.15535943826,10146.51093449465,112.81669771739098,51.63696486648416
2026-09-07 15:06:46.309122,-14970.032322853403,10148.595447285015,112.86055047463583,51.661790245644866
2026-09-07 15:06:46.411459,-14970.95050303466,10150.773266158367,112.83764626296391,51.633175076979875
2026-09-07 15:06:46.511051,-14971.842712962682,10152.891851992908,112.73734194370729,51.699313174241865
2026-09-07 15:06:46.612634,-14972.750135994247,10155.057151560293,112.6350323840735,51.733043324927486
2026-09-07 15:06:46.713346,-14973.64652826475,10157.20688991725,112.71392419623027,51.69256218789276
2026-09-07 15:06:46.808558,-14974.49609976244,10159.236470375166,112.78850763434161,51.6859064635728
2026-09-07 15:06:46.911987,-14975.42174108985,10161.439721045754,112.61489302948047,51.74917008022343
2026-09-07 15:06:47.011783,-14976.309508302438,10163.570883235903,112.48087999169252,51.73347370797486
2026-09-07 15:06:47.111921,-14977.195044969527,10165.71077736225,112.52570409144943,51.73697374432508
2026-09-07 15:06:47.213007,-14978.090715222075,10167.870375826913,112.50307986813743,51.75905606288158
2026-09-07 15:06:47.418587,-14979.911294560701,10172.264974993062,112.43406307310443,51.65307054564599
2026-09-07 15:06:47.516236,-14980.77177581506,10174.349141240464,112.44499056445926,51.65648358614572
2026-09-07 15:06:47.616866,-14981.658993820738,10176.496905049278,112.46751272966395,51.668793900938574
2026-09-07 15:06:47.716622,-14982.539552739374,10178.626176341955,112.59030877574241,51.65136047775497
2026-09-07 15:06:47.812176,-14983.387103281402,10180.663256853648,112.66516011638538,51.664719740908154
2026-09-07 15:06:47.916935,-14984.319458782571,10182.895936874434,112.72377582503782,51.72513531823345
2026-09-07 15:06:48.016829,-14985.211735529818,10185.026509286554,112.64552478560279,51.753940259485915
2026-09-07 15:06:48.117015,-14986.104198068442,10187.165720388193,112.53341082141725,51.73643168922374
2026-09-07 15:06:48.215994,-14986.981474523172,10189.28016482785,112.47802919094437,51.70529594773529
2026-09-07 15:06:48.308260,-14987.79685535005,10191.25080529006,112.4573789862859,51.69562126817641
2026-09-07 15:06:48.416048,-14988.74840062335,10193.552880874502,112.55387582194464,51.7040979634945
2026-09-07 15:06:48.516246,-14989.636690373753,10195.691711386198,112.6547904755401,51.64893936121618
2026-09-07 15:06:48.616581,-14990.529012594994,10197.82961312945,112.77829924978204,51.63315821257736
2026-09-07 15:06:48.716903,-14991.425551045526,10199.964657082392,112.87933879027196,51.65682686848622
2026-09-07 15:06:48.809616,-14992.25795047357,10201.937206597122,112.90008903873286,51.66735854804789
2026-09-07 15:06:48.910682,-14993.166308965803,10204.08758299551,112.786990303337,51.686787143643365
2026-09-07 15:06:49.010371,-14994.058437999858,10206.211223775405,111.30327166623545,51.725114914927815
2026-09-07 15:06:49.554354,-14998.628308262776,10217.93035759133,111.2423968029018,51.85820846500163
2026-09-07 15:06:49.654429,-14999.468880488543,10220.092734917409,111.23119782802917,51.882693305564
2026-09-07 15:06:49.755518,-15000.649025806464,10223.084728798749,111.21988538065574,52.65524032177715
2026-09-07 15:06:49.855829,-15001.503665137636,10225.285854380145,111.20865999600977,52.67978290325755
2026-09-07 15:06:49.956171,-15002.35853546057,10227.488853983954,111.19743114228339,52.70433306935007
2026-09-07 15:06:50.056178,-15003.210518270427,10229.685688935262,111.1862397770065,52.72880127269876
2026-09-07 15:06:50.155101,-15004.05323282089,10231.85988534305,111.17516971763786,52.75300425928833
2026-09-07 15:06:50.255238,-15004.906255428526,10234.061938937019,111.1639638046044,52.77750426907493
2026-09-07 15:06:50.355352,-17874.30932141621,8598.47343095565,82.48664320312707,52.75129995368902
2026-09-07 15:06:50.455446,-17874.00068043713,8600.813576242681,82.47544210204387,52.775789442884616
2026-09-07 15:06:50.555662,-17873.69965377234,8603.189348862561,82.61748600813166,53.17265873910937
2026-09-07 15:06:50.655677,-17873.394176305927,8605.547028420362,82.60629374760822,53.19712889977732
2026-09-07 15:06:50.755965,-17873.087262028894,8607.912171540303,82.5950709367961,53.22166585396486
2026-09-07 15:06:50.857729,-17872.775216758302,8610.313169814257,82.58368295299465,53.24656393355505
2026-09-07 15:06:50.957483,-17872.468723774124,8612.667784748135,82.57251989989004,53.270970236682295
2026-09-07 15:06:51.057279,-17872.161502048868,8615.024410972082,82.561352146741,53.29538681573562
2026-09-07 15:06:51.157309,-17871.85295818913,8617.38758556416,82.55015820763037,53.31986064637717
2026-09-07 15:06:51.256584,-17871.546144103744,8619.733940646347,82.5390487574133,53.34414975501399
2026-09-07 15:06:51.356581,-17871.236499400235,8622.098376756889,82.52785851119461,53.36861551171361
2026-09-07 15:06:51.456778,-17870.9256301693,8624.468567805612,82.51664588381198,53.39313020139463
2026-09-07 15:06:53.461307,-17864.63870717036,8670.762078943548,83.25606200601214,51.61768703844044
2026-09-07 15:06:53.560500,-17864.36991685234,8673.035137236215,83.15615954055284,51.64889009773043
2026-09-07 15:06:53.660118,-17864.095829360263,8675.318840144924,83.1784552083792,51.60362590157349
2026-09-07 15:06:53.759900,-17863.822420609395,8677.604404560861,83.26778470011936,51.64722081897462
2026-09-07 15:06:53.867878,-17863.530164091302,8680.0802512119,83.2194512338674,51.727419616201935
2026-09-07 15:06:53.958526,-17863.282676491137,8682.161754704688,83.20930719515388,51.76227136324918
2026-09-07 15:06:54.059667,-17863.005943349002,8684.485719379716,83.22062546162988,51.792319656606594
2026-09-07 15:06:54.155589,-17862.743773268896,8686.691095912303,83.25282815164428,51.850153355073175
2026-09-07 15:06:54.253980,-17862.481474955,8688.464196603207,83.36159418848092,50.9087785561254
2026-09-07 15:06:54.353809,-17862.218832547827,8690.720898791345,83.40627997264505,51.0893465264832
2026-09-07 15:06:54.567337,-17861.658842400135,8695.565402789298,83.50186007583159,51.221819361688105
2026-09-07 15:06:54.658752,-17861.4219485206,8697.64519398516,83.45071072344683,51.28332597847575
2026-09-07 15:06:54.766759,-17861.139525658193,8700.105170848365,83.35401782879262,51.288988590462374
2026-09-07 15:06:54.865986,-17860.876218539102,8702.364982068962,83.25408112015259,51.304595467783194
2026-09-07 15:06:54.954220,-17860.638505367002,8704.374636882872,83.14546824143167,51.29148861143366
2026-09-07 15:06:55.055307,-17860.36187127498,8706.675928583762,83.1228437943081,51.253506647781066
2026-09-07 15:06:55.155379,-17860.08731871821,8708.95231808772,83.10044651599776,51.24213902687467
2026-09-07 15:06:55.275002,-17859.758136357348,8711.672712297392,83.35479020275784,51.21600728565744
2026-09-07 15:06:55.357164,-17859.54044806251,8713.541222904627,83.40076223240976,51.24328878591469
2026-09-07 15:06:55.475921,-17859.22780191187,8716.243659510645,83.50707902752902,51.28479688642024
2026-09-07 15:06:55.565468,-17858.995649280074,8718.283477681489,83.48703736671632,51.3051409656693
2026-09-07 15:06:55.656800,-17858.75804705607,8720.364699224216,83.40527270836503,51.31471770936113
2026-09-07 15:06:55.776536,-17858.442598937803,8723.093236842593,83.37847439799077,51.365984304632256
2026-09-07 15:06:55.866306,-17858.25884740343,8724.465973459066,83.3870703069473,50.2236404619215
2026-09-07 15:06:55.975373,-17857.976843858894,8726.89845100344,83.42368600294822,50.25223139128464
2026-09-07 15:06:56.073795,-17857.723622788537,8729.094929247161,83.35760203562893,50.25739147902847
2026-09-07 15:06:56.154108,-17857.514904181066,8730.887214459419,83.31266457527704,50.2616021446009
2026-09-07 15:06:56.277664,-17857.191615469525,8733.644499695445,83.54771737736655,50.30046905248386
2026-09-07 15:06:56.372840,-17856.951113693052,8735.771101636132,83.6329233634749,50.25805485297151
2026-09-07 15:06:56.474326,-17856.69928010416,8738.02587009079,83.6555196244509,50.31725102216842
2026-09-07 15:06:56.573827,-17856.45195040139,8740.250320387793,83.70005858818001,50.34246486803512
2026-09-07 15:06:56.654052,-17856.25383008867,8742.044888554918,83.66414801074689,50.38242236100276
2026-09-07 15:06:56.777412,-17855.94721275127,8744.806350269253,83.52610099198262,50.48590303387319
2026-09-07 15:06:56.874149,-17855.701046835038,8746.97570665641,83.60187902471557,50.54084695143371
2026-09-07 15:06:56.973046,-17855.452047112834,8749.196246588956,83.60187902471557,50.60306684506739
2026-09-07 15:06:57.074083,-17855.19734619466,8751.467628880664,83.48881274200733,50.68075892799062
2026-09-07 15:06:57.159294,-17854.97842514123,8753.385744435604,83.5174195623282,50.76117318762062
2026-09-07 15:06:57.276471,-17854.678219592606,8756.027756002957,83.62232186789072,50.82875035143706
2026-09-07 15:06:57.373510,-17854.43328795405,8758.219077237423,83.58974418147568,50.888105446199276
2026-09-07 15:06:57.474933,-17854.17568819727,8760.511925767445,83.64649330106124,50.957231968014995
2026-09-07 15:06:57.573352,-17853.927585431815,8762.74013268745,83.71257525407566,50.92713237366941
2026-09-07 15:06:57.661306,-17853.708290099876,8764.73048995842,83.67320499633115,50.93020655327303
2026-09-07 15:06:57.776926,-17853.418199954256,8767.34687490082,83.54381948798539,50.98173140982949
2026-09-07 15:06:57.875407,-17853.165824561493,8769.577108788724,83.58790187597151,50.94644967294633
2026-09-07 15:06:57.975175,-17852.912065136617,8771.83512082225,83.62139573532977,50.924655272557104
2026-09-07 15:06:58.075311,-17852.658802991722,8774.100640582716,83.59898413307451,50.95265500412474
2026-09-07 15:06:58.175344,-17852.404776517462,8776.364975198067,83.47584710996455,50.94129181340076
2026-09-07 15:06:58.275665,-17852.140599895854,8778.677944216783,83.49839040298764,50.969538222260724
2026-09-07 15:06:58.375816,-17851.882208410094,8780.9452508792,83.43114552469842,50.968663099578755
2026-09-07 15:06:58.476306,-17851.62027695508,8783.219887214482,83.3524276141851,50.9695411844537
2026-09-07 15:06:58.573318,-17851.364389954208,8785.41548579941,83.33071519948919,50.994972004402705
2026-09-07 15:06:58.669845,-17851.108826931653,8787.601101058457,83.38472486461683,51.051483559926254
2026-09-07 15:06:58.771602,-17850.84129292515,8789.907943235457,83.33917606277373,51.10927869745589
2026-09-07 15:06:58.873059,-17850.57241521718,8792.210375221617,83.40729783506356,51.09775374827628
2026-09-07 15:06:58.972761,-17850.310937830902,8794.47278208513,83.56349911109123,51.125632126050085
2026-09-07 15:06:59.073475,-17850.05289708949,8796.760111788952,83.49587621494425,51.16875419356642
2026-09-07 15:06:59.174200,-17849.791908501233,8799.049314345837,83.48460450128903,51.17227474681669
2026-09-07 15:06:59.274136,-17849.53249962566,8801.32069038072,83.54052160110757,51.164415550771594
2026-09-07 15:06:59.373716,-17849.27626314395,8803.583878684782,83.55166518259955,51.180077949550224
2026-09-07 15:06:59.474248,-17849.001115807954,8806.020946074026,83.4955372363736,51.46072411778839
2026-09-07 15:06:59.574003,-17848.74115223267,8808.301038100944,83.46204774134242,51.43195925789051
2026-09-07 15:06:59.673816,-17848.479850200554,8810.581028249324,83.60725326346551,51.50434930373372
2026-09-07 15:06:59.773695,-17848.223798368006,8812.866393453485,83.51783693280947,51.566314265272396
2026-09-07 15:06:59.873967,-17847.96284517531,8815.16310691976,83.54027897344747,51.54440976567504
2026-09-07 15:06:59.973674,-17847.704366757545,8817.446010465097,83.55143676697867,51.57838824250318
2026-09-07 15:07:00.064277,-17847.469738783988,8819.521880953316,83.50074175222062,51.60926422850275
2026-09-07 15:07:00.173008,-17847.18579207416,8822.014336123893,83.42773596235065,51.63301660349996
2026-09-07 15:07:00.273071,-17846.902645679922,8824.476222039031,83.39421252644456,51.971109480094526
2026-09-07 15:07:00.373108,-17846.63527829223,8826.784968289363,83.42779669379888,52.02093469323261
2026-09-07 15:07:00.473986,-17846.366770706823,8829.115513727083,83.31490834134331,52.038564197863074
2026-09-07 15:07:00.566034,-17846.11749213058,8831.242296741257,83.2016005658769,51.975827362233154
2026-09-07 15:07:00.674052,-17845.820388177155,8833.734477490714,83.18951272308107,51.93146571744186
2026-09-07 15:07:00.773944,-17845.545383516368,8836.037150921962,83.22304821140403,51.858145516788674
2026-09-07 15:07:00.873202,-17845.273847442608,8838.322138513277,83.1675104723131,51.78702530802659
2026-09-07 15:07:00.973215,-17844.99839263952,8840.621083248056,83.10035825204227,51.76692522085598
2026-09-07 15:07:01.066337,-17844.73950887855,8842.760495534447,83.04825378348937,51.696946758358216
2026-09-07 15:07:01.174717,-17844.436353258086,8845.246809035249,83.03612543078702,51.56436284528556
2026-09-07 15:07:01.273939,-17844.159045179276,8847.517135234091,83.06943598841315,51.53748568873917
2026-09-07 15:07:01.375237,-17843.877429493212,8849.8339189505,83.14878683824088,51.468444362739255
2026-09-07 15:07:01.482493,-17843.572412330905,8852.374657759927,83.17280423711418,51.50086920264835
2026-09-07 15:07:01.566646,-17843.342097413264,8854.298369869579,83.21989028919779,51.41630606407294
2026-09-07 15:07:01.681873,-17843.02941637929,8856.928357014252,83.2069957173502,51.33273691163412
2026-09-07 15:07:01.771240,-17842.786845134902,8858.964735342697,83.17699365527358,51.212479583570634
2026-09-07 15:07:01.871601,-17842.513876107925,8861.246130427686,83.18822463521042,51.0809359332541
2026-09-07 15:07:01.971319,-17842.243795802908,8863.507139477018,83.25517878218102,51.006872108568395
2026-09-07 15:07:02.067081,-17841.987339978645,8865.675602975665,83.22302980695986,50.91482724820915
2026-09-07 15:07:02.171252,-17841.70754667666,8868.030069039012,83.25800183028605,50.89480175762106
2026-09-07 15:07:02.271964,-17841.4385392052,8870.305624338527,83.24673157140637,50.94936329014612
2026-09-07 15:07:02.371821,-17841.171085267935,8872.564227410356,83.1908586743865,50.9441279679434
2026-09-07 15:07:02.471711,-17840.898277855387,8874.84920581304,83.1349687471245,50.96750071061832
2026-09-07 15:07:02.563962,-17840.647036541344,8876.93603021191,83.22787956080174,50.96991898729658
2026-09-07 15:07:02.671693,-17840.35757465482,8879.373618353971,83.13143375419679,50.98403934180904
2026-09-07 15:07:02.771719,-17840.08493044463,8881.637039668254,83.07546629675949,50.94733006383615
2026-09-07 15:07:02.872160,-17839.809133786763,8883.907946961152,83.06422636435695,50.96049491450667
2026-09-07 15:07:02.971003,-17839.537216363664,8886.14324865688,83.13059300577595,50.99417895459536
2026-09-07 15:07:03.065182,-17839.280427185557,8888.274782191065,83.01466204599785,51.001585406968196
2026-09-07 15:07:03.171444,-17838.985783983237,8890.679545781923,83.06222739070586,50.97372978303074
2026-09-07 15:07:03.271365,-17838.710750731563,8892.939803354266,83.07340913208225,51.018258542691505
2026-09-07 15:07:03.378556,-17838.41592263523,8895.366687287622,83.04941853871594,51.00701888153143
2026-09-07 15:07:03.470895,-17838.185186412848,8897.256383670689,83.14241367338707,50.55698960776884
2026-09-07 15:07:03.565927,-17837.92873285358,8899.388836098218,83.2806639131195,50.55200725160385
2026-09-07 15:07:03.667377,-17837.66047983536,8901.66573356878,83.30336960386796,50.5528937249899
2026-09-07 15:07:03.779522,-17837.36493948421,8904.182826188859,83.40376702876631,50.54505431185013
2026-09-07 15:07:03.877967,-17837.10941513624,8906.392531030531,83.46986643908849,50.5700005642129
2026-09-07 15:07:03.970030,-17836.872723307766,8908.460279281244,83.5213783663279,50.64159656757669
2026-09-07 15:07:04.078945,-17836.594511467476,8910.910240345765,83.44824903243341,50.613045483641244
2026-09-07 15:07:04.166277,-17836.369051138405,8912.87331433862,83.43847607341695,50.62754457069162
2026-09-07 15:07:04.281706,-17836.1016722089,8915.204061938946,83.50305934332869,50.108433433376845
2026-09-07 15:07:04.380411,-17835.85149281285,8917.400901218356,83.44783102382837,50.07824637132703
2026-09-07 15:07:04.479276,-17835.598939232423,8919.599733539773,83.45889459265948,50.06010477430831
2026-09-07 15:07:04.579904,-17835.34240714362,8921.837015125991,83.45889459265948,50.09175924035161
2026-09-07 15:07:04.677596,-17835.09320235265,8924.010393484346,83.33863925630385,50.073832887284766
2026-09-07 15:07:04.780856,-17834.825069007293,8926.3062646986,83.31552846648924,50.06932144116137
2026-09-07 15:07:04.880937,-17834.564316477736,8928.53114890836,83.27072988125917,50.076317529319034
2026-09-07 15:07:04.979628,-17834.305433947706,8930.725237073182,83.21550939516624,50.040098192822306
2026-09-07 15:07:05.080547,-17834.03873781594,8932.966979137664,83.32844362900755,50.00482485318827
2026-09-07 15:07:05.165352,-17833.818494647683,8934.84988628015,83.48977657019373,49.993709420634694
2026-09-07 15:07:05.276538,-17833.567538019946,8937.055123064914,83.51466033182533,49.46403057488539
2026-09-07 15:07:05.380194,-17833.308649579092,8939.332538499522,83.49146091260195,49.489391560479525
2026-09-07 15:07:05.931473,-17831.92617735705,8951.450284628738,83.36807825621838,49.296707810143985
2026-09-07 15:07:06.031809,-17831.670808668336,8953.64665344677,83.34562189163546,49.2616382414253
2026-09-07 15:07:06.132419,-17831.414062221036,8955.8473529441,83.32310420266356,49.22647290387162
2026-09-07 15:07:06.232210,-17831.15873034466,8958.028479634286,83.30076981542379,49.19159382425905
2026-09-07 15:07:06.332014,-17830.90269643206,8960.20824520251,83.27843251863271,49.15671020086965
2026-09-07 15:07:06.432342,-17830.644647145236,8962.397800866775,83.2559779445429,49.12164342832133
2026-09-07 15:07:06.532783,-17830.385633072838,8964.588157583188,83.23349807973784,49.08653715986661
2026-09-07 15:07:06.632495,-17830.127830176854,8966.760961683405,83.21118137361748,49.0516856924364
2026-09-07 15:07:06.732194,-17829.869398331877,8968.931839517778,83.18886757704843,49.01683876878303
2026-09-07 15:07:06.832835,-17829.607857228268,8971.121570279776,83.16634294991582,48.98166259606918
2026-09-07 15:07:06.933292,-17829.34612300721,8973.305626319478,83.14385950412452,48.946550735273725
2026-09-07 15:07:07.033647,-17829.083986429105,8975.485798037073,83.12139888712056,48.911474525650426
2026-09-07 15:07:07.132227,-17828.825831931226,8977.625772836871,83.09933553577525,48.87701871632688
2026-09-07 15:07:07.232356,-17828.562969337294,8979.797741071334,83.07692550020158,48.842021498516395
2026-09-07 15:07:07.332556,-17828.315839816147,8981.829255072325,83.05449948864452,48.58367632075846
2026-09-07 15:07:07.432580,-17828.05314123297,8983.98571905983,83.03211295329288,48.548715802684015
2026-09-07 15:07:07.533699,-17827.78690673464,8986.164118039373,83.00948134419696,48.51337255879085
2026-09-07 15:07:07.634036,-17827.522070306877,8988.323992410813,82.9870247558024,48.47830264055087
2026-09-07 15:07:07.734134,-17827.257211807373,8990.477060740395,82.96462165838955,48.44331625790055
2026-09-07 15:07:07.834123,-17826.991992336327,8992.626128825317,82.94224295644528,48.40836797307145
2026-09-07 15:07:09.851318,-17821.686139016467,9035.475550409914,82.9422428818931,46.86813808459557
2026-09-07 15:07:09.941654,-17821.45358161754,9037.35392270272,83.01300675057792,46.88945077473516
2026-09-07 15:07:10.049751,-17821.177951962465,9039.602966822726,82.91623328373373,46.93573397401542
2026-09-07 15:07:10.137910,-17820.94983830036,9041.43861281781,82.86690575808825,46.944978008385945
2026-09-07 15:07:10.250705,-17820.65589859857,9043.787439780242,83.00575234393193,46.93709315747775
2026-09-07 15:07:10.338189,-17820.432371376803,9045.609435144212,83.17218181184921,46.899635694219434
2026-09-07 15:07:10.451076,-17820.15099300507,9047.959439964721,83.13428367515849,46.966711592069736
2026-09-07 15:07:10.539233,-17819.929725967413,9049.79711119712,83.14414895647599,46.97595541672748
2026-09-07 15:07:10.634494,-17819.69092337988,9051.783300394101,83.19745025776695,46.93350333784472
2026-09-07 15:07:10.740024,-17819.428662446942,9053.981854478745,83.18564083664978,47.029404291898054
2026-09-07 15:07:10.839508,-17819.180493663374,9056.058633421535,83.23017219078326,47.059829596401
2026-09-07 15:07:10.939562,-17818.932365995184,9058.148856137967,83.2749586901848,47.14026290494162
2026-09-07 15:07:11.039976,-17818.68456255661,9060.250379340803,83.31990633396629,47.16746294926092
2026-09-07 15:07:11.139800,-17818.439712934127,9062.34095286004,83.26405190140656,47.21020395118468
2026-09-07 15:07:11.239252,-17818.193522602036,9064.425384050392,83.16388858348228,47.20498986240068
2026-09-07 15:07:11.339473,-17817.94178468465,9066.525263973677,83.20874983597116,47.16558181690979
2026-09-07 15:07:11.439728,-17817.691815012713,9068.624299012354,83.14143512845067,47.20149910584087
2026-09-07 15:07:11.539126,-17817.441346714822,9070.706683028979,83.03020298212175,47.2727196272148
2026-09-07 15:07:11.633273,-17817.199917772206,9072.68156987271,83.00913178777091,47.227473352762296
2026-09-07 15:07:11.746461,-17816.909065910208,9075.0534934131,82.99646539188893,47.23835279727509
2026-09-07 15:07:11.838067,-17816.673193216033,9076.973543107191,82.98621414740057,47.280776975620434
2026-09-07 15:07:11.945869,-17816.394964163726,9079.23503832707,82.95002313398413,47.33070177611368
2026-09-07 15:07:12.038215,-17816.155149330316,9081.174188511774,82.95002313398413,47.29600411552961
2026-09-07 15:07:12.136139,-17815.901035322822,9083.228962261834,82.97193966489442,47.29942676786497
2026-09-07 15:07:12.246893,-17815.61449555364,9085.553230371896,83.08348581895245,47.331363245165655
2026-09-07 15:07:12.344682,-17815.36532612973,9087.607291406353,83.26951950783462,47.29462045683855
2026-09-07 15:07:12.445247,-17815.116136961013,9089.718842820752,83.26951950783462,47.31307400161363
2026-09-07 15:07:12.546501,-17814.865142629522,9091.845690622325,83.167541301332,47.35819679893042
2026-09-07 15:07:12.646255,-17814.613898191412,9093.942585295184,83.167541301332,47.36168341366288
2026-09-07 15:07:12.745929,-17814.362836762186,9096.037952569635,83.1340789994149,47.34949004869554
2026-09-07 15:07:12.846629,-17814.108020332533,9098.154195158073,83.07773441936638,47.36972820551596
2026-09-07 15:07:12.954155,-17813.833591750245,9100.414585371878,82.9574065680398,47.47589912632282
2026-09-07 15:07:13.041705,-17813.605771890212,9102.258694764982,82.9378118590696,47.452948684248284
2026-09-07 15:07:13.155013,-17813.310252095845,9104.644103113054,83.06461010487169,47.433146904765465
2026-09-07 15:07:13.245455,-17813.07868029935,9106.547849280665,83.10509404933043,47.50585313631074
2026-09-07 15:07:13.355518,-17812.798077590392,9108.868354934517,83.10509404933043,47.53759036025882
2026-09-07 15:07:13.453164,-17812.548965381466,9110.928442990726,83.15972982751725,47.54868240109969
2026-09-07 15:07:13.533345,-17812.34597530008,9112.62065197291,83.05205718149068,47.557790515376375
2026-09-07 15:07:13.656640,-17812.028885544572,9115.22268315038,83.03825975349241,47.64074690455575
2026-09-07 15:07:13.753565,-17811.778685840483,9117.271706820387,82.92979503807624,47.595012479923724
2026-09-07 15:07:13.853555,-17811.516824714327,9119.38300434052,82.82908987217468,47.522494063646654
2026-09-07 15:07:13.952326,-17811.254890448927,9121.464927727868,82.66329412691232,47.55874275993223
2026-09-07 15:07:14.032927,-17811.03605978773,9123.164528441006,82.63623496407331,47.53620534717274
2026-09-07 15:07:14.142180,-17810.73849242736,9125.467070297298,82.68513915000415,47.524749472139185
2026-09-07 15:07:14.241157,-17810.47075842848,9127.552768750065,82.74051966141883,47.44604682703193
2026-09-07 15:07:14.355493,-17810.16431542514,9129.958427954667,82.76610938894396,47.463031045446385
2026-09-07 15:07:14.453071,-17809.903610849105,9132.012346053123,82.86438530331884,47.44597825095372
2026-09-07 15:07:14.552873,-17809.64066244081,9134.112776445527,82.9202274262384,47.44336203162771
2026-09-07 15:07:14.653566,-17809.377446570954,9136.232099492081,82.97656808958322,47.44952104249643
2026-09-07 15:07:14.751365,-17809.12378703895,9138.291029089283,82.98751236681096,47.50592271726267
2026-09-07 15:07:14.853130,-17808.859936942736,9140.43605062354,83.09000522817689,47.50859039486143
2026-09-07 15:07:14.953592,-17808.603239151944,9142.554188772321,83.16870120514977,47.48752222982027
2026-09-07 15:07:15.053689,-17808.35048507674,9144.664044522422,83.07908971074471,47.49189548396139
2026-09-07 15:07:15.153988,-17808.09389110933,9146.77795401417,83.10153779429709,47.49189548396139
2026-09-07 15:07:15.240364,-17807.873629482176,9148.59850771632,83.27552538125406,47.416419855382294
2026-09-07 15:07:15.356980,-17807.584180829996,9151.053416323333,83.28857539028479,47.45004667009687
2026-09-07 15:07:15.455418,-17807.34015023246,9153.12718115371,83.17841753982168,47.46122867771923
2026-09-07 15:07:15.554202,-17807.09120262335,9155.20825069957,83.21158105320114,47.46209185551092
2026-09-07 15:07:15.655193,-17806.83792000463,9157.336000477977,83.14377216958235,47.48768327175723
2026-09-07 15:07:15.753302,-17806.589285238257,9159.403851971192,82.96810868107457,47.537405489707524
2026-09-07 15:07:15.856866,-17806.31985311104,9161.588148703371,82.85221453831105,47.522926360323126
2026-09-07 15:07:15.950848,-17806.12433243252,9163.136072517667,82.79962887205977,47.24085489447193
2026-09-07 15:07:16.050743,-17805.85991115704,9165.2290734106,82.75491354475923,47.239109122980565
2026-09-07 15:07:16.152672,-17805.588449315008,9167.364400561235,82.75491354475923,47.29611129280877
2026-09-07 15:07:16.247057,-17805.336775667143,9169.344073171427,82.77603800628015,47.36373990615992
2026-09-07 15:07:16.353621,-17805.053046190103,9171.58249425286,82.76411287454573,47.4382326808557
2026-09-07 15:07:16.453871,-17804.78526913352,9173.691543404613,82.8426427832826,47.496047872169676
2026-09-07 15:07:16.553501,-17804.52170036781,9175.790466780574,82.94298537432951,47.53957638052463
2026-09-07 15:07:16.653522,-17804.26054879609,9177.90001915755,83.17803694545489,47.56055206223097
2026-09-07 15:07:16.753606,-17803.987305209936,9180.179550221728,83.27883678445744,47.70658443092985
2026-09-07 15:07:16.853438,-17803.73812141664,9182.29401026447,83.267665002699,47.64464862820527
2026-09-07 15:07:16.952842,-17803.489918063024,9184.396623471868,83.27878888876683,47.59861307350099
2026-09-07 15:07:17.052552,-17803.241600297195,9186.503719646418,83.35689579350651,47.582930227726564
2026-09-07 15:07:17.152845,-17802.994801438115,9188.622776022936,83.40178927487136,47.522461147428935
2026-09-07 15:07:17.243459,-17802.7736021099,9190.535068994901,83.49305138011198,47.505041809953546
2026-09-07 15:07:17.352943,-17802.510116120025,9192.845164961815,83.61557034738178,47.45433804882479
2026-09-07 15:07:17.452920,-17802.274273239524,9194.952922249677,83.63794636358637,47.45783245788215
2026-09-07 15:07:17.553515,-17802.03778336118,9197.073957162549,83.66046069538368,47.42618837262132
2026-09-07 15:07:17.652560,-17801.805912740027,9199.161009285306,83.63829327162637,47.37339540911413
2026-09-07 15:07:17.752911,-17801.570429014762,9201.273136314752,83.64952313250512,47.35761174392198
2026-09-07 15:07:17.853173,-17801.335645997173,9203.382733098335,83.51488431737516,47.3129310211399
2026-09-07 15:07:17.953051,-17801.09966883071,9205.459583674437,83.47017659961728,47.21711028303319
2026-09-07 15:07:18.053266,-17800.859112506,9207.56119299137,83.49260588299182,47.1917155074678
2026-09-07 15:07:18.149982,-17800.60803825309,9209.756704361982,83.59001363237758,47.47545766106829
2026-09-07 15:07:18.253668,-17800.36236164079,9211.943519846873,83.56680749880502,47.43468713787686
2026-09-07 15:07:18.353329,-17800.125574191374,9214.04354426016,83.60026543639515,47.39027424452559
2026-09-07 15:07:18.453747,-17799.888446060988,9216.15767758581,83.61150279496371,47.35780838227054
2026-09-07 15:07:18.553834,-17799.652674469762,9218.263444976736,83.5891021594789,47.39628917397822
2026-09-07 15:07:18.646230,-17799.43408283522,9220.208892830558,83.62012110973603,47.39386709625587
2026-09-07 15:07:18.746287,-17799.19851934301,9222.315667369197,83.7096967942789,47.40086150671131
2026-09-07 15:07:18.846788,-17798.965184729277,9224.43247033646,83.75468338128542,47.441257832403636
2026-09-07 15:07:18.961340,-17798.70089715398,9226.84748705048,83.81877855838297,47.43224920062572
2026-09-07 15:07:19.049347,-17798.499966485844,9228.702748402906,83.82862705382752,47.426866144509376
2026-09-07 15:07:19.151504,-17798.267126252485,9230.856099268656,83.93151471892406,47.427758795684326
2026-09-07 15:07:19.251021,-17798.044066280498,9232.954245421788,83.93151471892406,47.46428127200076
2026-09-07 15:07:19.345513,-17797.832106375794,9234.947982149675,83.87864369550857,47.46345559784409
2026-09-07 15:07:19.446936,-17797.602628560293,9237.08771164413,83.91269316725993,47.42268867472199
2026-09-07 15:07:19.551307,-17797.367990951134,9239.28788391015,84.06452955680345,47.47193652236985
2026-09-07 15:07:19.651549,-17797.148008259417,9241.403800459579,84.10940020938108,47.53938219627487
2026-09-07 15:07:19.750834,-17796.9314598024,9243.502664289328,84.08717907083053,47.61485952877028
2026-09-07 15:07:19.851093,-17796.71161651094,9245.625398184726,84.16571602963404,47.61047919682292
2026-09-07 15:07:20.063140,-17796.252846289724,9250.115183802365,84.1894453229122,47.70682862165068
2026-09-07 15:07:20.169342,-17796.023543201885,9252.368501890902,84.34394540667404,47.79498829066799
2026-09-07 15:07:20.268970,-17795.81374801503,9254.486817224812,84.35509435964536,47.91686566741279
2026-09-07 15:07:20.369309,-17795.602333017072,9256.625731457185,84.24280917955628,47.92124949457312
2026-09-07 15:07:20.477323,-17795.338860264736,9259.222066946155,84.23072178447615,48.345338244670664
2026-09-07 15:07:20.560312,-17795.15856420671,9261.00656516773,84.27715654469114,48.37434466747399
2026-09-07 15:07:20.678378,-17794.92197443134,9263.376973505267,84.25073199970677,48.0970700368007
2026-09-07 15:07:20.776122,-17794.711443465912,9265.46802636417,84.27260824452208,48.07230141989841
2026-09-07 15:07:20.866315,-17794.5180130009,9267.396619835825,84.32307385235049,48.0573273421453
2026-09-07 15:07:20.977845,-17794.28099709167,9269.780928393096,84.26066957218359,48.13236790409166
2026-09-07 15:07:21.060823,-17794.10244759179,9271.557423642276,84.20495524570958,48.10626558382949
2026-09-07 15:07:21.162129,-17793.882470910103,9273.724918222746,84.22762870758208,48.08944649675116
2026-09-07 15:07:21.373845,-17793.412721680706,9278.368938917114,84.18024420269603,48.282736206804906
2026-09-07 15:07:21.476192,-17793.188721453116,9280.566642662881,84.23751032716689,48.21566285172203
2026-09-07 15:07:21.577415,-17792.969658545495,9282.737411243068,84.33945731194592,48.20770244304775
2026-09-07 15:07:21.685609,-17792.746661329606,9284.989725578658,84.30313469727832,48.003710554977935
2026-09-07 15:07:21.775072,-17792.55608798739,9286.900081796986,84.25307754569064,47.972441331306676
2026-09-07 15:07:21.876226,-17792.338865134552,9289.058486872915,84.2643972669423,47.94592472345279
2026-09-07 15:07:21.964509,-17792.14975883021,9290.941249117726,84.3039147927451,47.96598163600536
2026-09-07 15:07:22.065281,-17791.92692356529,9293.173612170143,84.31519176597965,48.2083320800419
2026-09-07 15:07:22.164990,-17791.71406886384,9295.311877844912,84.43792995674949,48.171739140232255
2026-09-07 15:07:22.287315,-17791.458748519355,9297.93370678495,84.31473004256895,48.189910097039814
2026-09-07 15:07:22.384292,-17791.251788337166,9300.012588169922,84.16279797354991,48.12296643183368
2026-09-07 15:07:22.476045,-17791.05104108559,9301.976225692162,84.27574261463258,48.06283588038694
2026-09-07 15:07:22.586132,-17790.815120621868,9304.329761210074,84.4974913814815,48.00704314162195
2026-09-07 15:07:22.672965,-17790.636428069403,9306.184703037134,84.46834002744356,47.9539306719604
2026-09-07 15:07:22.786138,-17790.40255975971,9308.59953117352,84.49366946203281,48.063699608674675
2026-09-07 15:07:22.883486,-17790.201853213595,9310.681537137652,84.60260753906482,48.01606432995242
2026-09-07 15:07:22.984060,-17789.99878707217,9312.830796520582,84.59135272318838,48.07582401309039
2026-09-07 15:07:23.084545,-17789.795225786173,9314.980786586339,84.5688630106713,48.096897001525434
2026-09-07 15:07:23.184377,-17789.592059911953,9317.117661674676,84.54651944715431,48.12655640001327
2026-09-07 15:07:23.284275,-17789.387799991513,9319.257188576668,84.53534027961166,48.17194782192182
2026-09-07 15:07:23.384014,-17789.183255656288,9321.395285010092,84.54650165412897,48.2564855153469
2026-09-07 15:07:23.483919,-17788.978429269788,9323.540738336089,84.5912214576623,48.35687742483767
2026-09-07 15:07:23.583714,-17788.775079000134,9325.688447237415,84.75873607631002,48.34379724570101
2026-09-07 15:07:23.683833,-17788.577422467777,9327.8431332774,84.75873607631002,48.44177966897409
2026-09-07 15:07:23.783797,-17788.379671952054,9329.998843845364,84.74754952298338,48.46099641971229
2026-09-07 15:07:23.885083,-17788.15690827668,9332.41202248621,84.78155300144499,48.91279654942824
2026-09-07 15:07:23.985323,-17787.957552890584,9334.594783143695,84.79277044077776,48.900533944292235
2026-09-07 15:07:24.085139,-17787.759515948343,9336.76780495728,84.66990053685845,48.940654934583925
2026-09-07 15:07:24.171579,-17787.58383809744,9338.650799120613,84.70859309296088,48.93687835698461
2026-09-07 15:07:24.287179,-17787.35061503975,9341.168973483593,84.85089253286105,48.861119616156046
2026-09-07 15:07:24.385689,-17787.157500624427,9343.312031758325,84.74065411020797,48.90932349612204
2026-09-07 15:07:24.485777,-17786.936560682178,9345.707035152624,84.67345153231963,49.35440664454093
2026-09-07 15:07:24.585974,-17786.73133839043,9347.90817483137,84.67345153231963,49.32638985633405
2026-09-07 15:07:24.681321,-17786.536160668984,9350.001580101418,84.59876234320905,49.33388816290338
2026-09-07 15:07:24.786485,-17786.31784442661,9352.31059234115,84.52815156168492,49.27323901797227
2026-09-07 15:07:24.886549,-17786.107666834578,9354.504669152053,84.60653576904508,49.122848672589306
2026-09-07 15:07:24.986690,-17785.90096447161,9356.694017301486,84.65136121167166,49.08084697811006
2026-09-07 15:07:25.082908,-17785.70417383194,9358.795954224732,84.69443062818095,49.08000622210948
2026-09-07 15:07:25.170793,-17785.52587262583,9360.715953708637,84.62558672763885,49.08231004803949
2026-09-07 15:07:25.286533,-17785.288009989537,9363.244328446492,84.61263474810596,49.083321387908406
2026-09-07 15:07:25.382402,-17785.090507678215,9365.338613836748,84.59117815011314,49.05483936938098
2026-09-07 15:07:25.483370,-17784.84851674962,9367.896265059388,84.57987924334452,49.81053618999778
2026-09-07 15:07:25.584288,-17784.63625358956,9370.133389222237,84.53470599743127,49.79289969494141
2026-09-07 15:07:25.682996,-17784.426987787287,9372.32058361001,84.51261399819623,49.83861292110685
2026-09-07 15:07:25.784019,-17784.21175355611,9374.561046557761,84.4786988134282,49.836847436614406
2026-09-07 15:07:25.884373,-17783.996634900457,9376.78646680374,84.42254783044712,49.78686433596906
2026-09-07 15:07:25.984443,-17783.780167667264,9379.003152438521,84.41134941510359,49.80172938929202
2026-09-07 15:07:26.079621,-17783.57380894288,9381.112062864246,84.43265135925401,49.80838273686719
2026-09-07 15:07:26.183470,-17783.349475872838,9383.413492301754,84.25833174773084,49.72489863169763
2026-09-07 15:07:26.284167,-17783.125539231234,9385.640657937745,84.08930304334729,49.62987011775033
2026-09-07 15:07:26.384073,-17782.897280934336,9387.84544197324,84.11166316892547,49.663043428583805
2026-09-07 15:07:26.483476,-17782.670876745655,9390.040680323005,84.07829184643958,49.64306593600764
2026-09-07 15:07:26.576265,-17782.458428874306,9392.088905907274,84.13020999180333,49.621174517244775
2026-09-07 15:07:26.683698,-17782.214708907795,9394.459559389432,84.20234425915203,49.66247965073395
2026-09-07 15:07:26.784070,-17781.98960876332,9396.67653122989,84.11248657194449,49.57214311065923
2026-09-07 15:07:26.883442,-17781.76372092959,9398.867071432845,84.1013662668629,49.4523155365048
2026-09-07 15:07:26.983382,-17781.53666454444,9401.064763189504,84.19083720755873,49.43484995736199
2026-09-07 15:07:27.076117,-17781.32923535575,9403.10362236741,85.55030099432065,49.43403963592822
2026-09-07 15:07:27.184023,-17781.144227815512,9405.481048683212,85.62275285038481,49.400095735494254
2026-09-07 15:07:27.283753,-17780.97613239429,9407.677043782554,85.72319615666913,49.34955198521464
2026-09-07 15:07:27.384432,-17780.810493692512,9409.89196086024,85.6781298927192,49.33371673067926
2026-09-07 15:07:27.484605,-17780.64400756274,9412.094908624827,85.58845035957597,49.29520287425701
2026-09-07 15:07:27.579331,-17780.483439346368,9414.176194002295,85.70505465666918,49.25133377487552
2026-09-07 15:07:27.684756,-17780.30960475701,9416.490851113509,85.75224534069389,49.25686101726435
2026-09-07 15:07:27.792663,-17780.133609235574,9418.86041337884,85.64356654944527,49.332292606160195
2026-09-07 15:07:27.882931,-17779.98239195686,9420.845387840212,85.6233635204411,49.385928606294414
2026-09-07 15:07:27.981268,-17779.816715049685,9423.01009069808,85.70039489835096,49.50794521484734
2026-09-07 15:07:28.079053,-17779.654462407896,9425.168180669016,85.66756676671218,49.556648779195605
2026-09-07 15:07:28.181613,-17779.48282117096,9427.433782395878,85.74790619254816,49.56381816001164
2026-09-07 15:07:28.282044,-17779.31783011337,9429.652907938722,85.88277195267972,49.522572401452564
2026-09-07 15:07:28.381954,-17779.15902407907,9431.859064251292,85.90513297350446,49.58455659540053
2026-09-07 15:07:28.481711,-17779.001123547805,9434.064660970704,85.9609499176147,49.595016754167084
2026-09-07 15:07:28.576695,-17778.85279261702,9436.165316642786,86.04598401638452,49.5883769680182
2026-09-07 15:07:28.682122,-17778.691635629028,9438.496858139868,86.0695798060201,49.60956513245818
2026-09-07 15:07:28.781800,-17778.5401097542,9440.702263713802,86.00265251644623,49.60956513245818
2026-09-07 15:07:28.881731,-17778.38561670835,9442.913088033198,86.01383537688082,49.586861924272114
2026-09-07 15:07:28.982159,-17778.230859809602,9445.133921195178,85.93516603349292,49.58861701050601
2026-09-07 15:07:29.079382,-17778.078084488872,9447.283748352655,85.82636783873511,49.54698966207243
2026-09-07 15:07:29.181735,-17777.913089167723,9449.544802632514,85.87218342405151,49.51210947272975
2026-09-07 15:07:29.281451,-17777.754218153717,9451.746180621187,85.92797742746882,49.50862418617821
2026-09-07 15:07:29.381663,-17777.596722398597,9453.958507227515,85.90554881552919,49.536645168640625
2026-09-07 15:07:29.481972,-17777.438117630816,9456.174166682973,85.73717140301414,49.50772056003458
2026-09-07 15:07:29.579408,-17777.2778251098,9458.32464788526,85.60632753803043,49.474516001997266
2026-09-07 15:07:29.681316,-17777.10515564666,9460.571932308687,85.57211524331194,49.46828267416306
2026-09-07 15:07:29.789146,-17776.921055506635,9462.949400115334,85.60831565681724,49.49089600294796
2026-09-07 15:07:29.880911,-17776.765590762727,9464.97368555799,85.7007369944406,49.499716303913765
2026-09-07 15:07:29.989009,-17776.586270026735,9467.358985339375,85.7128337897019,49.519552144246845
2026-09-07 15:07:30.088376,-17776.308328338102,9470.991346005218,85.72395353525451,50.766252898348206
2026-09-07 15:07:30.188797,-17776.13840126067,9473.264011112258,85.70147814668223,50.79082239296838
2026-09-07 15:07:30.288478,-17775.968759394676,9475.520954434898,85.57877442290476,50.80650067748989
2026-09-07 15:07:30.389211,-17775.792388711896,9477.80204833614,85.47732094278899,50.78625588850289
2026-09-07 15:07:30.478993,-17775.63165613866,9479.834065820429,85.48736807106297,50.76193582975535
2026-09-07 15:07:30.590794,-17775.432043317065,9482.36325811136,85.58745753114647,50.765843512792664
2026-09-07 15:07:30.690699,-17775.25760491823,9484.623818046784,85.62099738379641,50.848775959763294
2026-09-07 15:07:30.790749,-17775.08395536626,9486.89145922195,85.50903561152518,50.889865246376345
2026-09-07 15:07:30.890363,-17774.906507716034,9489.150700409296,85.5982147018442,50.935998055381134
2026-09-07 15:07:30.976136,-17774.756608027663,9491.098027475091,85.55022221262368,50.957733185696654
2026-09-07 15:07:31.076963,-17774.550868757426,9493.739464623266,85.62920410896504,51.374110497069054
2026-09-07 15:07:31.177130,-17774.375548556833,9496.033237851887,85.59557629834114,51.3802373345025
2026-09-07 15:07:31.292501,-17774.172042286296,9498.675371017958,85.60848698462667,51.36612371701302
2026-09-07 15:07:31.391444,-17773.998072236314,9500.9407002746,85.58634238965647,51.38600876120649
2026-09-07 15:07:31.492552,-17773.81933164454,9503.256425088892,85.57502781607252,51.36833906162703
2026-09-07 15:07:31.591344,-17773.64429870535,9505.518292878274,85.530806217247,51.35280060309984
2026-09-07 15:07:31.675945,-17773.49295928028,9507.454551996574,85.5213388730233,51.36980326750067
2026-09-07 15:07:31.783734,-17773.299668141895,9509.922298677217,85.54546330574965,51.36980326750067
2026-09-07 15:07:31.891789,-17773.106941630635,9512.396216591269,85.63010718892735,51.36413813896072
2026-09-07 15:07:31.991354,-17772.932744854912,9514.675764498585,85.65239099473683,51.36674814554571
2026-09-07 15:07:32.091638,-17772.75817425268,9516.971958700744,85.70850281068101,51.40618096335843
2026-09-07 15:07:32.191070,-17772.587185340268,9519.250561028044,85.7863919466962,51.43311500449569
2026-09-07 15:07:32.289853,-17772.39593584027,9521.830718972345,85.7311199839263,51.937523250004055
2026-09-07 15:07:32.392019,-17772.219363185573,9524.196243618753,85.68538810416283,51.93663052018682
2026-09-07 15:07:32.491624,-17772.045378965387,9526.502293770502,85.67424172502524,51.94098227876827
2026-09-07 15:07:32.591354,-17771.870712587403,9528.811397446047,85.6630813576603,51.94359661067928
2026-09-07 15:07:32.691692,-17771.6945199771,9531.134661137243,85.67430976376352,51.91904742324638
2026-09-07 15:07:32.891876,-17771.32479213893,9536.019078780024,85.62950625467738,52.41740494325183
2026-09-07 15:07:32.991484,-17771.146922121294,9538.346373631515,85.59606611011247,52.36344151156786
2026-09-07 15:07:33.091996,-17770.966253419305,9540.692267297036,85.55107459924977,52.34938907778118
2026-09-07 15:07:33.192344,-17770.78408935245,9543.033562447219,85.52861554892729,52.31431531480695
2026-09-07 15:07:33.290736,-17770.604696482325,9545.327612461131,85.5396261863059,52.316034819772945
2026-09-07 15:07:33.400130,-17770.405727865287,9547.878300754599,85.49065888549296,52.32177014966513
2026-09-07 15:07:33.491157,-17770.23833341311,9550.000824765697,85.48047243447388,52.28120490906865
2026-09-07 15:07:33.600359,-17770.037219320402,9552.54513484084,85.41937073804434,52.27547964538979
2026-09-07 15:07:33.700236,-17769.850817702623,9554.871728365462,85.49760846068693,52.20740682542401
2026-09-07 15:07:33.783574,-17769.698133132864,9556.810735024244,85.49760846068693,52.19065799212609
2026-09-07 15:07:33.900960,-17769.483137801108,9559.54105270169,85.3925190485943,52.33220772061795
2026-09-07 15:07:33.988476,-17769.318671986202,9561.58183726857,85.3435513001582,52.33603130883153
2026-09-07 15:07:34.089757,-17769.126305611622,9563.943616724118,85.43422276648414,52.414796011444835
2026-09-07 15:07:34.189934,-17768.939452361992,9566.283466233674,85.44543315575038,52.48219795149774
2026-09-07 15:07:34.298579,-17768.737040896085,9568.824406999844,85.54269721770663,52.531563815011076
2026-09-07 15:07:34.388821,-17768.572343480984,9570.93721446525,85.67397908206726,52.47952033875615
2026-09-07 15:07:34.489724,-17768.393779610786,9573.29769943835,85.77560377808652,52.496272518720474
2026-09-07 15:07:34.590300,-17768.219912403583,9575.651597847851,85.70807353995792,52.53845666331604
2026-09-07 15:07:34.689969,-17768.044723253992,9577.985938260425,85.60769166996852,52.472267431088504
2026-09-07 15:07:34.789559,-17767.865812405686,9580.31518001579,85.64112577161916,52.46269500398466
2026-09-07 15:07:34.889543,-17767.65551083828,9583.066754086309,85.6523145630623,53.1465688984488
2026-09-07 15:07:34.989669,-17767.47517289683,9585.438766456225,85.62990519892355,53.13519514344366
2026-09-07 15:07:35.096758,-17767.281343079307,9587.97511565783,85.5699857874755,53.08840778590854
2026-09-07 15:07:35.188197,-17767.113722536633,9590.1387213922,85.59045089990855,53.09559875840261
2026-09-07 15:07:35.296184,-17766.92439616166,9592.594249164404,85.54211340504696,52.96217712935115
2026-09-07 15:07:35.389080,-17766.75344291617,9594.787020674727,85.53171780205162,52.950001205496456
2026-09-07 15:07:35.496595,-17766.547643867118,9597.421392428903,85.57984401872613,53.115970764732374
2026-09-07 15:07:35.595377,-17766.366870930746,9599.759990980587,85.55773545742977,53.074539069582045
2026-09-07 15:07:35.683749,-17766.204467989613,9601.850445228569,85.59729282170429,53.102338175926
2026-09-07 15:07:35.797292,-17765.997553889967,9604.537873927356,85.53376220946541,53.13011816345508
2026-09-07 15:07:35.897067,-17765.813014871357,9606.900462586336,85.5225968063387,53.10047569927402
2026-09-07 15:07:35.995646,-17765.630335012043,9609.233393069451,85.5115652425718,53.08755490184818
2026-09-07 15:07:36.096638,-17765.44276903017,9611.622810998135,85.50026365006283,53.14579801208439
2026-09-07 15:07:36.185236,-17765.277627182066,9613.721260583536,85.52009291363038,53.09238013071472
2026-09-07 15:07:36.305807,-17765.05410263994,9616.574200000316,85.66851147563898,53.03338114572457
2026-09-07 15:07:36.396434,-17764.89182671845,9618.716651936422,85.65836978694767,53.027045932432685
2026-09-07 15:07:36.504690,-17764.6975546805,9621.27551913866,85.63414083418616,53.05447832103326
2026-09-07 15:07:36.595745,-17764.533155756362,9623.428847214995,85.67489917171395,53.043339339482394
2026-09-07 15:07:36.684519,-17764.374401968045,9625.52790540408,85.70470215333808,53.03247939825789
2026-09-07 15:07:36.784768,-17764.196396990224,9627.897897181148,85.69348370685282,53.04912299943172
2026-09-07 15:07:36.905303,-17763.98174632985,9630.748323660622,85.65301800304269,53.05438919310287
2026-09-07 15:07:37.003282,-17763.80560989859,9633.0654492733,85.60916032194177,53.07579278499342
2026-09-07 15:07:37.104159,-17763.62236377137,9635.451933159009,85.50756181188433,53.10311824629162
2026-09-07 15:07:37.203611,-17763.437439326153,9637.80559238623,85.58546661471428,53.063143565614276
2026-09-07 15:07:37.302724,-17763.25647108018,9640.14971123625,85.5521926502912,53.07786645988828
2026-09-07 15:07:37.383480,-17763.107870092736,9642.060113142064,85.44374785411094,53.08562859386957
2026-09-07 15:07:37.491481,-17762.90426978828,9644.615028429524,85.54043537728569,53.04787994441987
2026-09-07 15:07:37.606263,-17762.692619218644,9647.328787976883,85.7587965311709,52.984692907885105
2026-09-07 15:07:37.705667,-17762.51849047859,9649.67685096028,85.76992041723872,53.02551689035871
2026-09-07 15:07:37.803353,-17762.34768770396,9651.986143442882,85.82457857658949,53.03319914124789
2026-09-07 15:07:37.903381,-17762.175020838073,9654.35130907823,85.97009687547757,53.06291676998357
2026-09-07 15:07:37.988841,-17762.032553854613,9656.373514508434,85.93184299018708,53.12191019758513
2026-09-07 15:07:38.090647,-17761.861038286403,9658.785072984792,85.98880640941672,53.1521560578549
2026-09-07 15:07:38.669561,-17760.898811384763,9672.507033684995,86.50707717349542,52.93969614794751
2026-09-07 15:07:38.769872,-17760.7541762832,9674.876599976864,86.59688025066316,52.9028822757269
2026-09-07 15:07:38.869784,-17760.553245963292,9678.066764629273,86.6863261244556,53.8426994598431
2026-09-07 15:07:38.969462,-17760.414564785002,9680.461986779492,86.7755625105541,53.80611789695163
2026-09-07 15:07:39.068620,-17760.28040947587,9682.843306508765,86.86433336844414,53.76972717268758
2026-09-07 15:07:39.169083,-17760.14831617394,9685.254542140407,86.9542725230882,53.732857516868194
2026-09-07 15:07:39.270166,-17760.01930471169,9687.679200459028,87.0447667305964,53.695760322685345
2026-09-07 15:07:39.370330,-17759.89534670162,9690.080354913378,87.13443820652049,53.659000399076724
2026-09-07 15:07:39.470968,-17759.77466066177,9692.491412438128,87.22453402931171,53.622066518719265
2026-09-07 15:07:39.571038,-17759.658505839445,9694.88739740512,87.31412135205971,53.585341092862514
2026-09-07 15:07:39.670695,-17759.546638096424,9697.272037483892,87.4033389379806,53.54876723691562
2026-09-07 15:07:39.771343,-17759.437482761703,9699.678919785265,87.4934437132373,53.511829686584555
2026-09-07 15:07:39.871362,-17759.3328434236,9702.069277907998,87.58298537841097,53.47512297759319
2026-09-07 15:07:39.971547,-17759.231841718043,9704.462121639048,87.67267565451289,53.438355347039995
2026-09-07 15:07:40.071191,-17759.09889621511,9707.445181315668,87.76188160222853,54.26622990843586
2026-09-07 15:07:40.170413,-17759.004894888243,9709.850389020465,87.85070975589804,54.229815696340744
2026-09-07 15:07:40.271576,-17758.91291840735,9712.301147868346,87.94127558313062,54.19268914236906
2026-09-07 15:07:40.371585,-17758.825880528388,9714.722432010583,88.03080829583882,54.1559861033513
2026-09-07 15:07:40.472054,-17758.742300061203,9717.153339227836,88.12075282196224,54.11911424554775
2026-09-07 15:07:40.572153,-17758.662883659166,9719.573772750475,88.2103661068603,54.082378176767556
2026-09-07 15:07:42.561591,-17757.16076750223,9767.648926891592,89.1008848646959,53.908540439931926
2026-09-07 15:07:42.660336,-17757.123425816164,9770.02831669607,89.1229851449616,53.93356271317649
2026-09-07 15:07:42.757360,-17757.08762012781,9772.367335914463,89.16641534583243,53.91660673608271
2026-09-07 15:07:42.860125,-17757.051585012156,9774.844006226436,89.14341534277901,53.96060696711629
2026-09-07 15:07:42.960006,-17757.01556552103,9777.253121362155,89.09870628220449,53.96933460124859
2026-09-07 15:07:43.060692,-17756.977354526956,9779.68201669575,89.13250833018913,53.98517095677606
2026-09-07 15:07:43.160345,-17756.940943130892,9782.086719792806,89.04329432525446,54.01564794674061
2026-09-07 15:07:43.260090,-17756.90072770749,9784.494942034411,88.88702568192355,54.044409923087805
2026-09-07 15:07:43.359768,-17756.853950781584,9786.902709474693,88.83125294061199,54.00608638101103
2026-09-07 15:07:43.467083,-17756.801104151167,9789.493063719457,88.83125294061199,53.98733194209057
2026-09-07 15:07:43.559797,-17756.755463550846,9791.730203946716,88.78975199606691,54.002724562857175
2026-09-07 15:07:43.668113,-17756.700233668686,9794.344518118018,88.98369104774633,53.9147029722277
2026-09-07 15:07:43.755045,-17756.663070424653,9796.439426078821,89.09070121132231,53.94356832823611
2026-09-07 15:07:43.867647,-17756.619978299794,9799.154473791588,89.05289875410722,53.87174217383717
2026-09-07 15:07:43.958780,-17756.5837008233,9801.34891391587,89.14468357143005,53.859797327249055
2026-09-07 15:07:44.067544,-17756.544609144512,9803.96738557616,89.10816959781891,53.862648477313925
2026-09-07 15:07:44.167039,-17756.50732042682,9806.362811428378,89.15270587580846,53.86699542997756
2026-09-07 15:07:44.266759,-17756.466738168914,9808.966679983869,89.04111339274118,54.05697739247961
2026-09-07 15:07:44.367437,-17756.42602292232,9811.39928669155,88.81578431110756,53.99099782060126
2026-09-07 15:07:44.467587,-17756.37606596851,9813.816004393371,88.54680748369037,54.02337703652712
2026-09-07 15:07:44.575134,-17756.310197074632,9816.412494736669,88.51070207822579,54.06754524749538
2026-09-07 15:07:44.666548,-17756.252771441144,9818.621257229071,88.5925401467947,54.06115501955157
2026-09-07 15:07:44.755416,-17756.20001848326,9820.768326541354,88.60248499314969,54.00136209693839
2026-09-07 15:07:44.866648,-17756.134528990136,9823.45275382444,88.5900374850504,54.010109636308464
2026-09-07 15:07:44.975860,-17756.069645694057,9826.08884417216,88.65114477677093,53.91849702893552
2026-09-07 15:07:45.066627,-17756.01814480426,9828.276060727165,88.76287568733676,53.86218515492816
2026-09-07 15:07:45.176001,-17755.96128551694,9830.909014318104,88.92199031946575,53.8210894720754
2026-09-07 15:07:45.273554,-17755.91712705852,9833.25574161286,89.15124203578534,53.795516833860695
2026-09-07 15:07:45.353796,-17755.888541968805,9835.185249509257,89.16022158254259,53.8088388205677
2026-09-07 15:07:45.477758,-17755.84483858079,9838.166798356726,89.18796572090196,53.755762805977284
2026-09-07 15:07:45.574598,-17755.811857613753,9840.493724374273,89.18796572090196,53.71937659053795
2026-09-07 15:07:45.673508,-17755.778194464576,9842.86878079898,89.18796572090196,53.65974135445729
2026-09-07 15:07:45.774595,-17755.74382858541,9845.293417355444,89.18796572090196,53.60056015527769
2026-09-07 15:07:45.874516,-17755.709896568416,9847.687443372972,89.21032920365474,53.616276188099135
2026-09-07 15:07:45.973865,-17755.67924003121,9849.964762941621,89.26591785989353,53.45060010759378
2026-09-07 15:07:46.073460,-17755.64875078764,9852.344345954483,89.42195150100383,53.389681604076195
2026-09-07 15:07:46.174076,-17755.624523486298,9854.745658338206,89.57958472389612,53.40726532141692
2026-09-07 15:07:46.274339,-17755.606958841207,9857.139391458768,89.73666490822905,53.401132612025705
2026-09-07 15:07:46.364020,-17755.59711914092,9859.280273346738,89.87716646923525,53.34627812822671
2026-09-07 15:07:46.476840,-17755.591351070216,9861.970789517878,90.04129425826,53.39852684338642
2026-09-07 15:07:46.576663,-17755.59306847741,9864.353691426892,90.04129425826,53.382826224454114
2026-09-07 15:07:46.674907,-17755.594758221683,9866.69821104335,90.09626463484676,53.4600875573326
2026-09-07 15:07:46.776238,-17755.5988269839,9869.119896679005,90.06224604910153,53.53092224214828
2026-09-07 15:07:46.992674,-17755.604453890184,9874.299307416042,89.79582112198898,53.51200999436285
2026-09-07 15:07:47.081639,-17755.596869789446,9876.42751542875,89.83564392686685,53.46614463031545
2026-09-07 15:07:47.179956,-17755.59012891249,9878.777430056598,89.92366188240419,53.473017407360004
2026-09-07 15:07:47.279854,-17755.58694723207,9881.165447440293,90.0689910604575,53.49396729439473
2026-09-07 15:07:47.379791,-17755.589824945764,9883.555333443246,90.15845931541378,53.511432349255585
2026-09-07 15:07:47.479330,-17755.596410325503,9885.936471481516,90.10276434864659,53.5453535744955
2026-09-07 15:07:47.579563,-17755.60071359468,9888.335736409752,90.12519766063076,53.58826969532642
2026-09-07 15:07:47.679680,-17755.6059543898,9890.73414355606,90.19241971013287,53.58652004414867
2026-09-07 15:07:47.779245,-17755.613964430897,9893.119241334514,90.23698732175171,53.56563999146882
2026-09-07 15:07:47.874772,-17755.623425932423,9895.406709752193,90.17284715851486,53.53976373284264
2026-09-07 15:07:47.975041,-17755.630665764143,9897.806578787608,90.21772989692113,53.516983734827924
2026-09-07 15:07:48.071433,-17755.63942917944,9900.112666746996,90.27166402562057,53.52709105184653
2026-09-07 15:07:48.177629,-17755.651477764768,9902.65377580141,90.354851678371,53.52337927549542
2026-09-07 15:07:48.279395,-17755.666558206718,9905.088693492853,90.43456913166301,53.531382386934
2026-09-07 15:07:48.379061,-17755.684648014394,9907.473698964703,90.42341592627054,53.5888607795275
2026-09-07 15:07:48.478963,-17755.7023342618,9909.866922322288,90.37869746560716,53.68750378057327
2026-09-07 15:07:48.579593,-17755.718297230906,9912.282036028204,90.35617530040247,53.700693403565616
2026-09-07 15:07:48.673280,-17755.73227841583,9914.531076231515,90.27230233641421,53.78501332774746
2026-09-07 15:07:48.779258,-17755.744388592662,9917.079188035015,90.12998767732279,53.835019444370126
2026-09-07 15:07:48.878696,-17755.749817879892,9919.472297264721,90.12998767732279,53.88020185254389
2026-09-07 15:07:48.986401,-17755.755703478528,9922.066538426854,90.05767077967676,53.93855189882051
2026-09-07 15:07:49.077993,-17755.757926462476,9924.275066832628,90.02692174625588,53.955358909938084
2026-09-07 15:07:49.291597,-17755.760347329473,9929.427238243712,90.07472880753369,54.01321974873326
2026-09-07 15:07:49.390954,-17755.763476363005,9931.826317255964,90.11920331351087,54.00366971720645
2026-09-07 15:07:49.495644,-17755.768734600995,9934.353716881536,90.23635751580048,54.00275493259545
2026-09-07 15:07:49.595744,-17755.778703379125,9936.770249615485,90.28116460587285,54.06660635668502
2026-09-07 15:07:49.695985,-17755.79059270304,9939.19303896857,90.31481725958872,54.09638726625128
2026-09-07 15:07:49.795884,-17755.803866938113,9941.608884888392,90.37071365683073,54.08591221787753
2026-09-07 15:07:49.895045,-17755.819379529894,9944.006405506381,90.45948720046033,54.099775770356054
2026-09-07 15:07:49.995071,-17755.838779492013,9946.425432896236,90.5490351323599,54.05345215767598
2026-09-07 15:07:50.095303,-17755.86198799205,9948.847333284073,90.59390130870486,54.02980473518582
2026-09-07 15:07:50.195260,-17755.887013152373,9951.26151337442,90.52678668878934,54.03417187270427
2026-09-07 15:07:50.295407,-17755.90925438588,9953.680505597464,90.43713043205662,54.01754520583721
2026-09-07 15:07:50.402185,-17755.928926326604,9956.258906062876,90.60441754617352,53.883188940178655
2026-09-07 15:07:50.619219,-17755.98407484198,9961.486517317308,90.53155544337562,53.98180434651813
2026-09-07 15:07:50.720892,-17756.00683729838,9963.939987189122,90.4974220422597,53.96137064127084
2026-09-07 15:07:50.819231,-17756.027431837756,9966.312118782222,90.48641733588954,53.9287176453141
2026-09-07 15:07:50.920218,-17756.04810053693,9968.746655327097,90.52032043482916,53.86430042488919
2026-09-07 15:07:51.003933,-17756.066406516376,9970.762387285235,90.62337058717549,53.80504856997967
2026-09-07 15:07:51.360966,-17756.155496831198,9978.249235641948,90.94300315040823,52.92741741424496
2026-09-07 15:07:51.434712,-17756.184213658777,9979.993879286041,90.95950836351744,52.906796776270724
2026-09-07 15:07:51.538523,-17756.22532929923,9982.448816140733,90.92465719847632,52.85418475120026
2026-09-07 15:07:51.638889,-17756.26359869892,9984.8199486315,90.96958335634042,52.788409649279856
2026-09-07 15:07:51.737884,-17756.303129900378,9987.155750683341,91.00281770610343,52.83512081117253
2026-09-07 15:07:51.838708,-17756.344808219907,9989.536789573813,90.99153491377217,52.83423980779475
2026-09-07 15:07:51.938943,-17756.385776236948,9991.903887403685,90.94666739455727,52.859639651418924
2026-09-07 15:07:52.033053,-17756.422518117666,9994.12743829578,90.94666739455727,52.91720318740005
2026-09-07 15:07:52.139199,-17756.464004152407,9996.638096644165,90.85164055374173,52.96543356108025
2026-09-07 15:07:52.238724,-17756.49903001274,9998.994356178264,90.80709084705393,52.987174877922705
2026-09-07 15:07:52.339218,-17756.53256071963,10001.374560245758,90.84082843728663,52.99946855550189
2026-09-07 15:07:52.439529,-17756.56743743921,10003.750961058056,90.84082843728663,53.06345457150437
2026-09-07 15:07:52.539508,-17756.60224069422,10006.122356202623,90.81845197345876,53.08442144527405
2026-09-07 15:07:52.639170,-17756.637672057943,10008.676831935409,90.89652127784314,53.30718729038511
2026-09-07 15:07:52.738859,-17756.674842663724,10011.052174352862,90.90767705706946,53.32983551887137
2026-09-07 15:07:52.847399,-17756.7158344653,10013.63950508299,90.87123828416907,53.31655755437155
2026-09-07 15:07:52.939412,-17756.749181349252,10015.832347710175,90.87123828416907,53.32781373041285
2026-09-07 15:07:53.038438,-17756.785077425804,10018.192821537932,90.83799352716483,53.25339858439683
2026-09-07 15:07:53.147893,-17756.82318680438,10020.798272279644,90.82574487570662,53.14819223750953
2026-09-07 15:07:53.236405,-17756.8534939654,10022.901043050799,90.81583986782323,53.16211381052313
2026-09-07 15:07:53.348004,-17756.89125783979,10025.552990414562,90.69095409247404,53.12408273912851
2026-09-07 15:07:53.435743,-17756.91638518137,10027.636516435516,90.61240605499427,53.01291613665725
2026-09-07 15:07:53.534587,-17756.941422450942,10029.978876110263,90.64558971142128,52.942092566618776
2026-09-07 15:07:53.636817,-17756.968684006086,10032.398223757411,90.63414957950783,52.83221801330699
2026-09-07 15:07:53.737661,-17756.99504461885,10034.779823039224,90.53258430547862,52.770535543617484
2026-09-07 15:07:53.836711,-17757.017140357126,10037.151424868885,90.55475284829413,52.77322954127609
2026-09-07 15:07:53.936387,-17757.039908142087,10039.50284537436,90.57706149719547,52.75319718259453
2026-09-07 15:07:54.032648,-17757.062771376164,10041.772833116223,90.59860582935062,52.649737979069684
2026-09-07 15:07:54.253795,-17757.117150732087,10046.977584006236,90.62335346558496,52.42364839012071
2026-09-07 15:07:54.360590,-17757.14437948337,10049.480226667389,90.56359855569133,52.274339883051994
2026-09-07 15:07:54.461467,-17757.167567699264,10051.837479077643,90.52973238567222,52.259354952662655
2026-09-07 15:07:54.562319,-17757.18935094794,10054.193485024185,90.54101831136643,52.20471757401644
2026-09-07 15:07:54.661623,-17757.211233892285,10056.510898434966,90.4076659655359,52.1118713661827
2026-09-07 15:07:54.753761,-17757.226506035684,10058.657299333525,90.37673363038289,52.0225047302273
2026-09-07 15:07:54.858575,-17757.242533527613,10061.094815752911,90.34154574073125,51.942824203177146
2026-09-07 15:07:54.957586,-17757.257108051457,10063.484375550723,90.28614620532721,52.11226522406795
2026-09-07 15:07:55.057741,-17757.268760643026,10065.817584078983,90.25252242331283,52.095637229019964
2026-09-07 15:07:55.158516,-17757.27910435588,10068.164493497554,90.24124511436662,52.05072789309645
2026-09-07 15:07:55.258129,-17757.288863771704,10070.482343682028,90.21895056559856,52.057691266060836
2026-09-07 15:07:55.359033,-17757.297837275535,10072.830551337409,90.10603311763009,51.96334910708177
2026-09-07 15:07:55.459094,-17757.30213884567,10075.15493392702,90.08363830124779,51.90564291398384
2026-09-07 15:07:55.558739,-17757.30551404081,10077.467083940348,90.07248744587741,51.94047096348724
2026-09-07 15:07:55.658854,-17757.30845501673,10079.791699132755,90.00526673924514,51.968464823097115
2026-09-07 15:07:55.758823,-17757.30866850342,10082.114177182937,90.03882807781235,51.96409716129671
2026-09-07 15:07:55.858651,-17757.310240043156,10084.433184084777,89.99414274127162,51.940545053263875
2026-09-07 15:07:55.958740,-17757.30936588682,10086.63435726161,90.0949476152582,51.74287565664779
2026-09-07 15:07:56.058436,-17757.313187404823,10088.940435743472,89.99453855215461,51.788175294264114
2026-09-07 15:07:56.154479,-17757.31297545753,10091.163964287785,89.99453855215461,51.83768967811399
2026-09-07 15:07:56.258329,-17757.31274606267,10093.57053441128,89.94805287479187,51.87580235399311
2026-09-07 15:07:56.358258,-17757.310644987556,10095.887942797577,89.92568760154586,51.936051969869204
2026-09-07 15:07:56.458529,-17757.307625528203,10098.215982047239,89.95935032678551,51.94481368232782
2026-09-07 15:07:56.559128,-17757.30596816905,10100.552032034466,89.93683509974164,51.92459582395664
2026-09-07 15:07:56.656681,-17757.30347177446,10102.81646711751,89.91500160294925,51.96551204510017
2026-09-07 15:07:56.759001,-17757.29994554905,10105.193425889402,89.93790200982335,51.96461796962594
2026-09-07 15:08:00.693769,-17757.22492082376,10172.775285950425,89.93790200982335,47.585682024846925
2026-09-07 15:08:00.812701,-17757.222178768316,10175.305289612455,89.83142854655705,47.646996693277046
2026-09-07 15:08:00.904594,-17757.216420059518,10177.262612461851,89.78001173926407,47.69437156989603
2026-09-07 15:08:01.012593,-17757.207578903468,10179.565273689237,89.78001173926407,47.76609267566956
2026-09-07 15:08:01.104738,-17757.200024265057,10181.532863996885,89.79032330098914,47.76448234368026
2026-09-07 15:08:01.211781,-17757.191659836022,10183.81849871312,89.73042962787952,47.81592632974693
2026-09-07 15:08:01.311960,-17757.18158487038,10185.959864420993,89.61832349710141,47.82292926852199
2026-09-07 15:08:01.413131,-17757.167176721705,10188.122727191463,89.61832349710141,47.85387051014745
2026-09-07 15:08:01.512451,-17757.153023029554,10190.247392511976,89.62943798308038,47.843456173622755
2026-09-07 15:08:01.612073,-17757.139242705594,10192.378057173486,89.66288282768971,47.81037716363484
2026-09-07 15:08:01.712817,-17757.126573672176,10194.531236627392,89.5726921087637,47.77868620756826
2026-09-07 15:08:01.813083,-17757.110602068227,10196.672756947502,89.67367524872054,47.75590689112008
2026-09-07 15:08:01.913071,-17757.098444508883,10198.80734620213,89.76318916125115,47.734938129935394
2026-09-07 15:08:02.012043,-17757.08971534189,10200.919333906188,89.8517935032819,47.72628992451754
2026-09-07 15:08:02.117145,-17757.08391492558,10203.16173649945,89.8517935032819,47.754759849608135
2026-09-07 15:08:02.211800,-17757.07386160825,10206.588832228066,89.89416328460857,50.03558857389411
2026-09-07 15:08:02.321843,-17757.069314855973,10209.050259895565,89.93110664084861,49.95770227072493
2026-09-07 15:08:02.412182,-17757.066888923306,10211.067807565078,89.94121610066395,49.9742793579962
2026-09-07 15:08:02.521339,-17757.064386964248,10213.506428441415,89.89235488656766,49.96474118397934
2026-09-07 15:08:02.599711,-17757.061098126956,10215.256960988554,89.7958817749427,49.97227417179923
2026-09-07 15:08:02.724273,-17757.05118480289,10218.039609263787,89.54497594685915,49.901526430405845
2026-09-07 15:08:02.819281,-17757.034353119714,10220.158978837111,89.49181620642969,49.93224320071722
2026-09-07 15:08:02.919559,-17757.014500144087,10222.39726722917,89.35715590538246,49.98832207509088
2026-09-07 15:08:03.019533,-17756.98943466978,10224.631223547343,89.30121754345828,50.01540293264837
2026-09-07 15:08:03.119275,-17756.962236678955,10226.86117767138,89.37934951510158,50.03893475097
2026-09-07 15:08:03.219751,-17756.93789039121,10229.108634181868,89.39059336420769,50.06615158978755
2026-09-07 15:08:03.319749,-17756.914085934914,10231.346620064289,89.26749942483809,50.130811736250955
2026-09-07 15:08:03.420255,-17756.885290965776,10233.598823506232,89.20001618715355,50.176479419791576
2026-09-07 15:08:03.514964,-17756.855630205566,10235.723023915103,89.20001618715355,50.14503174802283
2026-09-07 15:08:03.619201,-17756.823005946673,10238.059459784845,89.14169255268962,50.123171917247056
2026-09-07 15:08:03.721154,-17756.78878524223,10240.343670732982,89.23296562470057,50.05101155932327
2026-09-07 15:08:03.819919,-17756.759202288475,10242.553320250003,89.2661227594482,50.07949094770295
2026-09-07 15:08:03.919264,-17756.73071564921,10244.77722753838,89.23277090857482,50.11334606098979
2026-09-07 15:08:04.007521,-17756.70424050116,10246.754242741576,89.2130179647761,50.085583130099934
2026-09-07 15:08:04.122862,-17756.66876967028,10249.336514007062,89.16138864833226,50.07348888937204
2026-09-07 15:08:04.221088,-17756.63550092429,10251.649657046974,89.15039658731962,50.240361717247204
2026-09-07 15:08:04.321437,-17756.602082198166,10253.903192748412,89.33007078039327,50.24737653974631
2026-09-07 15:08:04.421293,-17756.575856302225,10256.14606353218,89.38594311788415,50.30583705222841
2026-09-07 15:08:04.521132,-17756.551793697145,10258.391186043133,89.40828824808261,50.277047970504746
2026-09-07 15:08:04.622120,-17756.528353256665,10260.660856297392,89.36308366853996,50.217924730693994
2026-09-07 15:08:04.722617,-17756.503274323877,10262.916816373083,89.18314448248589,50.16787040634662
2026-09-07 15:08:04.822065,-17756.47147806634,10265.146914462433,89.17201567256211,50.074020583064595
2026-09-07 15:08:04.921911,-17756.43918019599,10267.381742801519,89.07145553660246,50.08274515888555
2026-09-07 15:08:05.022175,-17756.402802046905,10269.626257753096,88.97047441095026,50.12392233262839
2026-09-07 15:08:05.117834,-17756.364288952693,10271.769381038577,88.88483602075587,50.14398324719979
2026-09-07 15:08:05.219582,-17756.319899501497,10274.049769478035,88.81651886090549,50.19110434514405
2026-09-07 15:08:05.317768,-17756.27439749696,10276.252341153047,88.78355610656604,50.20139977452397
2026-09-07 15:08:05.415887,-17756.22765066891,10278.453834804623,88.75061584529635,50.20997344452554
2026-09-07 15:08:05.510950,-17756.181125620362,10280.58709893482,88.69742533076658,50.19834415450116
2026-09-07 15:08:05.620043,-17756.12547432908,10283.034586082436,88.6730090476633,50.2574461608932
2026-09-07 15:08:05.720595,-17756.07315718646,10285.29309091955,88.49297138448833,50.30664925233915
2026-09-07 15:08:05.819656,-17756.014567216844,10287.520111538373,88.4264583702577,50.28068130553908
2026-09-07 15:08:05.919386,-17755.953010653335,10289.760944865067,88.39297726816301,50.26673820201367
2026-09-07 15:08:06.019578,-17755.889870943825,10292.011498084019,88.3032807253353,50.256232430718036
2026-09-07 15:08:06.116676,-17755.82528017113,10294.191998337603,88.31414655658364,50.2290821757073
2026-09-07 15:08:06.219850,-17755.757123807252,10296.5077067427,88.32569232759045,50.24621139303125
2026-09-07 15:08:06.319516,-17755.691713293916,10298.74545525969,88.22531347905817,50.27843412827306
2026-09-07 15:08:06.419438,-17755.622159821167,10300.99027194917,88.15822235936469,50.24176301802566
2026-09-07 15:08:06.520024,-17755.549551137887,10303.248274222075,88.19199083560352,50.18902759446176
2026-09-07 15:08:06.611949,-17755.484479053044,10305.309722967559,88.20227777804826,50.17858542730391
2026-09-07 15:08:06.721344,-17755.407496738342,10307.762445734468,88.14106809250302,50.1795413243573
2026-09-07 15:08:06.820552,-17755.335305511897,10309.98673439198,88.10776223492144,50.0989212316363
2026-09-07 15:08:06.919612,-17755.26204883647,10312.20409432892,88.19644535864893,50.1274856847613
2026-09-07 15:08:07.020033,-17755.19122461708,10314.453312841004,88.14025688721858,50.144157841824985
2026-09-07 15:08:07.237899,-17755.032731556963,10319.334521439083,88.18901783370052,50.128928080506086
2026-09-07 15:08:07.335097,-17754.963896233574,10321.511605289585,88.11287868088846,50.14166786959096
2026-09-07 15:08:07.435110,-17754.89007177351,10323.752213940474,88.14645479102387,50.090106776414174
2026-09-07 15:08:07.535845,-17754.81711199132,10326.006720156149,88.0900906274569,50.0971485819573
2026-09-07 15:08:07.635712,-17754.742571699055,10328.242042008442,87.9783336428352,50.1259457376229
2026-09-07 15:08:07.735337,-17754.66381744373,10330.473079617495,87.98948226008906,50.13116889648452
2026-09-07 15:08:07.834867,-17754.58556383633,10332.70223728563,88.10086212209956,50.14595373467014
2026-09-07 15:08:07.935045,-17754.511140527775,10334.946718733172,88.03359911506755,50.15033052771439
2026-09-07 15:08:08.035083,-17754.434183311023,10337.188170316811,88.00001461199577,50.1206099280477
2026-09-07 15:08:08.135386,-17754.35575142712,10339.434182032404,87.98879012259636,50.126745084087986
2026-09-07 15:08:08.235236,-17754.27722614077,10341.670308397592,87.94409493834326,50.12412760648531
2026-09-07 15:08:08.334664,-17754.197299945612,10343.896806191598,87.94409493834326,50.124996411569875
2026-09-07 15:08:08.435335,-17754.092221735227,10347.009412204228,87.9328292676023,50.8510370453432
2026-09-07 15:08:08.534753,-17754.01070050735,10349.267955920697,87.9439547203516,50.86233037549822
2026-09-07 15:08:08.628021,-17753.943021869174,10351.094512735192,87.93351748839143,50.58018173103903
2026-09-07 15:08:08.735644,-17753.855271933906,10353.526433003755,87.88534292840279,50.572658424959045
2026-09-07 15:08:08.835244,-17753.77218356746,10355.776656449987,87.86305128918605,50.58484273732483
2026-09-07 15:08:08.934692,-17753.688327669075,10358.023954677112,87.87418009910982,50.537048845838605
2026-09-07 15:08:09.035462,-17753.603879213755,10360.29899200556,87.85162660027572,50.506230242497736
2026-09-07 15:08:09.136031,-17753.518757407102,10362.568073519265,87.91915213836,50.53435104824219
2026-09-07 15:08:09.236585,-17753.436276267963,10364.838178568922,87.9641624494003,50.57564732136652
2026-09-07 15:08:09.335678,-17753.3566860103,10367.07719148575,87.99742969947431,50.6553080829874
2026-09-07 15:08:09.443114,-17753.271670554335,10369.508588360712,88.09361140834574,50.66657343396271
2026-09-07 15:08:09.536190,-17753.201538866408,10371.615591518464,88.01028544000258,50.59662953912108
2026-09-07 15:08:09.634773,-17753.124119278877,10373.844068110171,87.93306136027184,50.67588031226219
2026-09-07 15:08:09.743983,-17753.034887234604,10376.316517651598,87.94528259480421,50.623394883805005
2026-09-07 15:08:09.833001,-17752.96265819188,10378.329760479073,87.9153976981205,50.60394882962081
2026-09-07 15:08:09.944209,-17752.87114755374,10380.84384175607,87.81583911924406,50.57771187375557
2026-09-07 15:08:10.043726,-17752.785392516646,10383.092312308716,87.84924871352018,50.56118980113623
2026-09-07 15:08:10.127590,-17752.714254000188,10384.986544413423,87.86801845279012,50.56558663922679
2026-09-07 15:08:10.229494,-17752.62855944074,10387.288473478175,87.9250367058711,50.570929281943314
2026-09-07 15:08:10.333091,-17752.543761101144,10389.628978849436,88.02937467038657,50.56821358011854
2026-09-07 15:08:10.433789,-17752.46548293515,10391.904012988796,88.10825551577307,50.57349299443269
2026-09-07 15:08:10.534138,-17752.39058957458,10394.171504246518,88.04087769337048,50.58226152255658
2026-09-07 15:08:10.633496,-17752.3137824062,10396.41690330587,88.07423390857082,50.58226152255658
2026-09-07 15:08:10.733820,-17752.237548425757,10398.684177839077,88.11914126625732,50.56560546968659
2026-09-07 15:08:10.831338,-17752.16519786127,10400.887369793518,88.01001294933235,50.61076758814914
2026-09-07 15:08:10.933467,-17752.084960121294,10403.196648711002,87.95286880220453,50.619691653249575
2026-09-07 15:08:11.033527,-17752.004077164835,10405.459464053713,87.99765798734575,50.59608481018184
2026-09-07 15:08:11.141061,-17751.919093331187,10407.89023387457,87.901388544312,50.62051533513487
2026-09-07 15:08:11.231927,-17751.84379477443,10409.945097336682,87.80987263667316,50.626867255544674
2026-09-07 15:08:11.328531,-17751.760241491116,10412.129864637482,87.71257768871078,50.59056971365804
2026-09-07 15:08:11.440061,-17751.659567797116,10414.650218174029,87.687615976644,50.51845280996933
2026-09-07 15:08:11.539697,-17751.568779027057,10416.898542288724,87.60956703911859,50.527159035922274
2026-09-07 15:08:11.639855,-17751.474419697675,10419.158908591877,87.49748440856251,50.56129120600213
2026-09-07 15:08:11.740343,-17751.375246387182,10421.428064631235,87.53121998449058,50.52177817305206
2026-09-07 15:08:11.828140,-17751.28983219154,10423.409141864497,87.51156999404554,50.507201885485514
2026-09-07 15:08:11.941916,-17751.17829579484,10425.975638067388,87.46064120803089,50.52907380969811
2026-09-07 15:08:12.040926,-17751.079206661605,10428.209930967783,87.41632202733103,50.50571468984866
2026-09-07 15:08:12.150076,-17750.968115578657,10430.671822642926,87.45296558788095,50.4761482465494
2026-09-07 15:08:12.239246,-17750.8786984975,10432.681943162512,87.52281608126816,50.469135713414786
2026-09-07 15:08:12.349612,-17750.771074811095,10435.169663301787,87.57221847190681,50.48649458370603
2026-09-07 15:08:12.439868,-17750.68478595978,10437.204866094913,87.60251898680372,50.488071903408965
2026-09-07 15:08:12.549861,-17750.580936075086,10439.685255685488,87.61482784359282,50.484227413821905
2026-09-07 15:08:12.647437,-17750.48928938946,10441.885488758495,87.60390852136277,50.49531150305329
2026-09-07 15:08:12.747717,-17750.3946513071,10444.14717256679,87.61513043692833,50.49355900327698
2026-09-07 15:08:12.827533,-17750.319681065223,10445.947269950799,87.63299418668464,50.50053335121005
2026-09-07 15:08:12.951178,-17750.204396262874,10448.736267937591,87.70217716185937,50.44759306447676
2026-09-07 15:08:13.047341,-17750.117445714983,10450.903200969851,87.69141596255213,50.430787556300764
2026-09-07 15:08:13.148315,-17750.02574827015,10453.177769712287,87.73661427536888,50.481079459010815
2026-09-07 15:08:13.247246,-17749.937576330296,10455.408609921313,87.73661427536888,50.48626623270556
2026-09-07 15:08:13.346870,-17749.84877763354,10457.655307720674,87.70316875932463,50.450575005410464
2026-09-07 15:08:13.447846,-17749.757509157705,10459.930832771643,87.79356717545136,50.44351635294089
2026-09-07 15:08:13.548174,-17749.670405855,10462.19157885472,87.77111260136155,50.47069310166584
2026-09-07 15:08:13.648013,-17749.582798245767,10464.44248392444,87.69290464566689,50.483779047903866
2026-09-07 15:08:13.748199,-17749.491779504453,10466.701675734334,87.73775023134112,50.44263390778777
2026-09-07 15:08:13.832266,-17749.416949673825,10468.595898609681,87.78478816392237,50.438226426773774
2026-09-07 15:08:13.935123,-17749.327305003942,10470.91337527752,87.76176757019823,50.44901164034527
2026-09-07 15:08:14.035489,-17749.23890388738,10473.175175298224,87.72807295180019,50.4542736484989
2026-09-07 15:08:14.135141,-17749.149801714142,10475.42106718184,87.7726795066443,50.41683086513499
2026-09-07 15:08:14.250540,-17749.048719519134,10478.02000410164,87.72102422805028,50.40069710193706
2026-09-07 15:08:14.349734,-17748.95984630544,10480.253189048879,87.66552229882154,50.37122724884785
2026-09-07 15:08:14.448429,-17748.869320791975,10482.473754007071,87.65447775397968,50.3867504507705
2026-09-07 15:08:14.549767,-17748.775902767404,10484.754469208023,87.65447775397968,50.39383440858188
2026-09-07 15:08:14.635083,-17748.697243501312,10486.674862886839,87.68311982463365,50.3848884809244
2026-09-07 15:08:14.751913,-17748.590862606226,10489.304197715257,87.67004586775761,50.36242946579152
2026-09-07 15:08:14.849538,-17748.501507548608,10491.500311884787,87.69189547898793,50.40081673433852
2026-09-07 15:08:14.949834,-17748.410498842073,10493.758265879322,87.71434289110528,50.35612085980827
2026-09-07 15:08:15.049530,-17748.32099335979,10496.000756977377,87.75896914137354,50.33172874724564
2026-09-07 15:08:15.148336,-17748.234060090213,10498.222220882624,87.8142539733127,50.348132777785416
2026-09-07 15:08:15.251515,-17748.14548883708,10500.542845930213,87.84889296492042,50.324691660240006
2026-09-07 15:08:15.346518,-17748.065265230238,10502.678636556377,87.98710101615882,50.28401483496989
2026-09-07 15:08:15.448660,-17747.98461777,10504.973266313204,88.06711300556742,50.254561671522545
2026-09-07 15:08:15.547875,-17747.9094380571,10507.200942362568,88.10042121317122,50.2614972225918
2026-09-07 15:08:15.639049,-17747.841532091534,10509.248396048431,88.13102991669462,50.24237686982695
2026-09-07 15:08:15.748258,-17747.761534357032,10511.699963781006,88.22879889770775,50.31299298150039
2026-09-07 15:08:15.847048,-17747.692856680926,10513.920878984552,88.19563337002364,50.31126652106062
2026-09-07 15:08:15.948531,-17747.620988724117,10516.202216485099,88.2183464465561,50.282890145344794
2026-09-07 15:08:16.047762,-17747.55163901906,10518.431698541528,88.39601886833304,50.279421810576096
2026-09-07 15:08:16.145827,-17747.489941090018,10520.63503332251,88.36309673580593,50.30941314070036
2026-09-07 15:08:16.247521,-17747.424608140172,10522.921230606229,88.32895628462347,50.3067473243025
2026-09-07 15:08:16.348615,-17747.35830995943,10525.193779676123,88.47602537435637,50.296146972544264
2026-09-07 15:08:16.447113,-17747.299410351097,10527.407663714173,88.5642053695201,50.30561443840302
2026-09-07 15:08:16.548007,-17747.2425574776,10529.67591834486,88.48517098934951,50.318838664003636
2026-09-07 15:08:16.638671,-17747.18864339077,10531.714649990312,88.49531681855615,50.302201939661295
2026-09-07 15:08:16.748214,-17747.12396033569,10534.177104594813,88.63016030942958,50.31273103276538
2026-09-07 15:08:16.847387,-17747.0706362441,10536.407046729359,88.6634544169001,50.34392780067205
2026-09-07 15:08:16.947183,-17747.018248660203,10538.6524194514,88.60761565115513,50.36485629700348
2026-09-07 15:08:17.047472,-17746.963380419256,10540.90977012441,88.65250734202687,50.34645339786414
2026-09-07 15:08:17.139754,-17746.914538130753,10542.98617552121,88.69381491331615,50.41338153558671
2026-09-07 15:08:17.239330,-17746.863382745476,10545.229716601183,88.5489541730226,50.46558743438771
2026-09-07 15:08:17.348138,-17746.801222228845,10547.683652735555,88.52460167623644,50.433261328222706
2026-09-07 15:08:17.447110,-17746.743769000084,10549.914304518401,88.51352613348263,50.437585430931634
2026-09-07 15:08:17.549570,-17746.683839459416,10552.223756032745,88.45619678222374,50.45459610810818
2026-09-07 15:08:17.648355,-17746.623811320234,10554.451064940145,88.43408754949246,50.45545929463791
2026-09-07 15:08:17.742473,-17746.56579929652,10556.573160909951,88.50781401283905,50.42749748613084
2026-09-07 15:08:17.847708,-17746.504022521123,10558.944680441438,88.70801296414766,50.409106549357844
2026-09-07 15:08:17.948630,-17746.45274347346,10561.21836812534,88.85483183246845,50.458490692834935
2026-09-07 15:08:18.048525,-17746.40770930886,10563.471245949191,88.95544131889449,50.45761780708925
2026-09-07 15:08:18.149461,-17746.36620383564,10565.747637895027,89.13616653142356,50.49818898080972
2026-09-07 15:08:18.249013,-17746.33232229751,10567.994740048587,89.29213280523061,50.5242856388269
2026-09-07 15:08:18.345609,-17746.305368260873,10570.176327182195,89.36780038691995,50.51922128496595
2026-09-07 15:08:18.446099,-17746.280327434375,10572.445666514532,89.41278205007052,50.60527360271157
2026-09-07 15:08:18.545651,-17746.257246082696,10574.697671469035,89.41278205007052,50.64615836693849
2026-09-07 15:08:18.641339,-17746.235042683995,10576.864016169176,89.27357747751068,50.61438562288874
2026-09-07 15:08:18.746527,-17746.20486807959,10579.243877463545,89.30889092549182,50.62725352900452
2026-09-07 15:08:18.845464,-17746.177859426814,10581.48289706332,89.35317742969244,50.625524499583214
2026-09-07 15:08:18.945282,-17746.15235720067,10583.741797601891,89.24147527892228,50.632502202920726
2026-09-07 15:08:19.045566,-17746.122307382822,10586.01150233647,89.18536346297799,50.623739354517895
2026-09-07 15:08:19.145310,-17746.09021411014,10588.268564330087,89.15187766083886,50.68039116419936
2026-09-07 15:08:19.245805,-17746.056512487838,10590.545145897768,89.0956477842551,50.73571326380174
2026-09-07 15:08:19.345921,-17746.020673099756,10592.815583358173,89.0956477842551,50.71209320882904
2026-09-07 15:08:19.445499,-17745.98504289957,10595.07276869395,89.10679114193556,50.70339205093489
2026-09-07 15:08:19.545162,-17745.94982770011,10597.331500042339,89.07333253291051,50.64156109586096
2026-09-07 15:08:19.639051,-17745.915452080662,10599.456756670195,89.06282580743652,50.48650452758687
2026-09-07 15:08:19.743979,-17745.876718164778,10601.824611012411,89.19198839939008,50.43791072166346
2026-09-07 15:08:19.852118,-17745.84233337367,10604.262661162189,89.3130022333894,50.43507595540932
2026-09-07 15:08:19.944681,-17745.817310408474,10606.349482485166,89.33371891010461,50.454487599221956
2026-09-07 15:08:20.052624,-17745.788998722328,10608.78399102966,89.39411615940128,50.51956904991709
2026-09-07 15:08:20.144242,-17745.76711881532,10610.853000821398,89.42487392147609,50.49795390152432
2026-09-07 15:08:20.240315,-17745.745349004585,10613.021701615655,89.44637617704313,50.45681894121596
2026-09-07 15:08:20.343403,-17745.7228812462,10615.3468682968,89.55020150100017,50.49104881997402
2026-09-07 15:08:20.453540,-17745.703365510508,10617.832751021731,89.4762516736381,50.46891406448513
2026-09-07 15:08:20.551557,-17745.683150884164,10620.044081264045,89.4762516736381,50.44750217146382
2026-09-07 15:08:20.651811,-17745.662483680037,10622.30492016068,89.54356570972368,50.44925421686244
2026-09-07 15:08:20.752843,-17745.644332238415,10624.583405846375,89.61140212217413,50.47220755996373
2026-09-07 15:08:20.852598,-17745.62906685136,10626.834135687186,89.65605478221573,50.491384133228976
2026-09-07 15:08:20.953292,-17745.615423178784,10629.106926309876,89.74620073881397,50.45706930332002
2026-09-07 15:08:21.053243,-17745.605436482307,10631.361431757192,89.80212623156888,50.45706930332002
2026-09-07 15:08:21.154262,-17745.597567180528,10633.640035893304,89.81343084553498,50.47913698567228
2026-09-07 15:08:21.253903,-17745.590245465413,10635.888542049019,89.79113003004102,50.47565432053045
2026-09-07 15:08:21.340364,-17745.5831333138,10637.839490122513,89.82015649718437,50.49076430090134
2026-09-07 15:08:21.440771,-17745.576019643588,10640.105804641647,89.8426287523937,50.506556774030145
2026-09-07 15:08:21.556741,-17745.568827770534,10642.724217743611,89.88156190600773,50.429542203186365
2026-09-07 15:08:21.655661,-17745.56421795034,10644.95426768935,89.92584080061272,50.43472840017098
2026-09-07 15:08:21.755609,-17745.561301245663,10647.207727490442,90.01531890328101,50.40241449229921
2026-09-07 15:08:21.855077,-17745.561900465455,10649.448929979462,89.99305680720056,50.3502652159481
2026-09-07 15:08:21.955049,-17745.56162777928,10651.699157978843,90.03780660149334,50.30658728723926
2026-09-07 15:08:22.040498,-17745.562895790805,10653.620824973365,90.04736884185206,50.34989334276561
2026-09-07 15:08:22.149864,-17745.606885116602,10654.101278544225,89.9494593071297,49.744899197648884
2026-09-07 15:08:22.254994,-17745.604822872327,10656.439154341855,89.9965179422876,49.79726107032806
2026-09-07 15:08:22.354939,-17745.604687656898,10658.664066721416,89.98533351517153,49.85752033299192
2026-09-07 15:08:22.455296,-17745.604115087503,10660.900854162302,89.92918085360316,49.868043405591685
2026-09-07 15:08:22.555233,-17745.59094824994,10663.65239235088,89.92918085360316,50.13285900373862
2026-09-07 15:08:22.654879,-17745.588187947487,10665.885596340653,89.8399731153944,50.19816225190993
2026-09-07 15:08:22.756061,-17745.581846225265,10668.156170902941,89.80600455155047,50.17517483048232
2026-09-07 15:08:22.855273,-17745.574311497563,10670.381514078384,89.82820935185146,50.198581607560435
2026-09-07 15:08:22.955240,-17745.56758528288,10672.624840841376,89.83939624089555,50.21255784570467
2026-09-07 15:08:23.053426,-17745.561407383902,10674.828815471128,89.8284086561157,50.19196698694483
2026-09-07 15:08:23.155499,-17745.554548340147,10677.119100486936,89.75987327991766,50.16342563717747
2026-09-07 15:08:23.256122,-17745.54509147018,10679.375557260719,89.87247627253373,50.14935768464526
2026-09-07 15:08:23.357146,-17745.540050613763,10681.640385356222,90.01944352797102,50.201439992716125
2026-09-07 15:08:23.455590,-17745.540800342642,10683.849670569947,90.07452581037717,50.26681571412808
2026-09-07 15:08:23.548241,-17745.543508424715,10685.931655121547,90.0848939964468,50.282197875469905
2026-09-07 15:08:23.648354,-17745.546842729535,10688.182008056558,90.18572304209044,50.35305591704616
2026-09-07 15:08:23.754450,-17745.55458402464,10690.570198446036,90.16197752246853,50.36139954960701
2026-09-07 15:08:23.864314,-17745.561576502874,10693.043618323862,90.16197752246853,50.36907951113171
2026-09-07 15:08:23.963196,-17745.56787097307,10695.270134758444,90.07345375262764,50.356118999348645
2026-09-07 15:08:24.055709,-17745.57054085857,10697.352711640593,90.09415923876088,50.33429269640316
2026-09-07 15:08:24.164889,-17745.574578182124,10699.809415783306,90.00863409725571,50.3476489536732
2026-09-07 15:08:24.263526,-17745.574912731125,10702.02947945302,90.03071020586435,50.34161570056665
2026-09-07 15:08:24.352523,-17745.57091531935,10704.510256260408,90.00083235924717,50.8073871362346
2026-09-07 15:08:24.453552,-17745.570948654888,10706.804921304145,89.8990807620288,50.803855957536946
2026-09-07 15:08:24.554774,-17745.56689945627,10709.103806591544,89.85377143863911,50.77820600521165
2026-09-07 15:08:24.654829,-17745.561102878895,10711.375036609777,89.87616491215158,50.77470886988819
2026-09-07 15:08:24.750168,-17745.556425687257,10713.539067243815,89.84415794541519,50.76554504191697
2026-09-07 15:08:24.971557,-17745.54275995292,10718.563301379354,89.72028435820198,50.732658469616396
2026-09-07 15:08:25.069782,-17745.531884472824,10720.790971435139,89.67631656177491,50.716350898216184
2026-09-07 15:08:25.177130,-17745.51813506873,10723.22475194924,89.61625223229089,50.67414043466706
2026-09-07 15:08:25.276325,-17745.50308485943,10725.471802361404,89.66065422329712,50.652471206591834
2026-09-07 15:08:25.377848,-17745.48946951154,10727.770616440037,89.66065422329712,50.63384187008111
2026-09-07 15:08:25.477779,-17745.476072597343,10730.032550194588,89.64947136286253,50.59891385748717
2026-09-07 15:08:25.575123,-17745.462601749532,10732.234404807712,89.736618243502,50.57849957688588
2026-09-07 15:08:25.677166,-17745.451995616455,10734.541635156436,89.7594566545522,50.56779971641478
2026-09-07 15:08:25.777603,-17745.442463625703,10736.812076813332,89.78193562411059,50.579208799284885
2026-09-07 15:08:25.877612,-17745.433857284843,10739.073356884226,89.80431880228753,50.588821499980014
2026-09-07 15:08:25.977597,-17745.426134722573,10741.334527144787,89.8378855123342,50.614157992869345
2026-09-07 15:08:26.061279,-17745.42077738431,10743.227954789643,89.84725001511003,50.59514637617957
2026-09-07 15:08:26.178377,-17745.413716440627,10745.876474292363,89.9258737009236,50.586960727244346
2026-09-07 15:08:26.277473,-17745.410817157284,10748.117468496232,90.01458905352717,50.57656987855072
2026-09-07 15:08:26.377654,-17745.411393904622,10750.382535767369,90.00337821663777,50.5949529598326
2026-09-07 15:08:26.476880,-17745.41152623024,10752.626826233529,89.98117028297395,50.54379759971382
2026-09-07 15:08:26.577502,-17745.410779044883,10754.9003901904,90.00369065768541,50.544676838009046
2026-09-07 15:08:26.675770,-17745.410922070903,10757.120804026437,90.04767770191347,50.53093813453732
2026-09-07 15:08:26.777177,-17745.412828252673,10759.411521507976,89.96824146794563,50.53005203688666
2026-09-07 15:08:26.877083,-17745.411577344395,10761.66829324583,89.95706140515642,50.48203803436452
2026-09-07 15:08:26.976879,-17745.409889542178,10763.920437873665,89.94589365200738,50.4680857034769
2026-09-07 15:08:27.077477,-17745.407746266243,10766.190053794282,89.8896061439267,50.4680857034769
2026-09-07 15:08:27.177641,-17745.40339218149,10768.44987494848,89.81114360249308,50.47246188485888
2026-09-07 15:08:27.278099,-17745.395920924366,10770.716517521205,89.73245075888315,50.46017261124801
2026-09-07 15:08:27.377269,-17745.385474806008,10772.95354178398,89.71025535867102,50.46970466864221
2026-09-07 15:08:27.478066,-17745.373974333517,10775.227692277982,89.5636183373067,50.52695455295066
2026-09-07 15:08:27.574377,-17745.35740576223,10777.403060613577,89.4450629622529,50.500024356547655
2026-09-07 15:08:27.795267,-17745.309107854635,10782.389535735505,89.22259307430409,50.45756118910179
2026-09-07 15:08:27.891719,-17745.27958921598,10784.564959655952,89.29814785492749,50.4659891961034
2026-09-07 15:08:27.991133,-17745.25211629348,10786.807602623227,89.33152287030543,50.47293865812023
2026-09-07 15:08:28.092784,-17745.225357242973,10789.101040981153,89.41115023941279,50.45872698243125
2026-09-07 15:08:28.190758,-17745.202644596637,10791.310930575624,89.41115023941279,50.46900018225677
2026-09-07 15:08:28.292346,-17745.17908934647,10793.602803634734,89.52483312318577,50.47077554072581
2026-09-07 15:08:28.392324,-17745.160382122078,10795.858475238418,89.56958560321823,50.458544986692615
2026-09-07 15:08:28.492018,-17745.143488989077,10798.10720814303,89.62536729699536,50.45767385729144
2026-09-07 15:08:28.592685,-17745.128641921172,10800.37786470686,89.70422385881898,50.494618380572355
2026-09-07 15:08:28.684618,-17745.117929158383,10802.453051163551,89.77623872265849,50.53317743009813
2026-09-07 15:08:28.792180,-17745.101633745955,10806.01565257749,89.72809146768986,51.42373128601627
2026-09-07 15:08:28.891660,-17745.09078088298,10808.302519306926,89.72809146768986,51.42633906440299
2026-09-07 15:08:28.991628,-17745.079874228126,10810.600720820381,89.6274084591405,51.485738670702204
2026-09-07 15:08:29.092384,-17745.064793873742,10812.919690483923,89.50338144904902,51.44523984788993
2026-09-07 15:08:29.191349,-17745.04506655427,10815.195609978184,89.5144562084622,51.393354285356374
2026-09-07 15:08:29.292968,-17745.02528188295,10817.530210995637,89.49171269354679,51.43064819012441
2026-09-07 15:08:29.392156,-17745.005051297503,10819.810607811818,89.45841355031428,51.44538222538971
2026-09-07 15:08:29.493051,-17744.98311814201,10822.130901855424,89.49228576324765,51.38543180848071
2026-09-07 15:08:29.593240,-17744.96272437458,10824.432287424816,89.57076788819973,51.39681271993438
2026-09-07 15:08:29.684338,-17744.94704398224,10826.525335615264,89.55037909553539,51.39760873720912
2026-09-07 15:08:29.800865,-17744.92603353635,10829.202669236422,89.64165944142451,51.410845554314406
2026-09-07 15:08:29.892449,-17744.91286943426,10831.307476070133,89.6109130937433,51.430051889317994
2026-09-07 15:08:30.001053,-17744.895913184166,10833.804364598489,89.52583915650177,51.40063334595498
2026-09-07 15:08:30.090252,-17744.878951345134,10835.85392144516,89.50587538213927,51.36166215839346
2026-09-07 15:08:30.190339,-17744.859132807676,10838.151905313638,89.51707569988173,51.3800279907994
2026-09-07 15:08:30.301820,-17744.837550749384,10840.71241339,89.49212495458528,51.371260869498734
2026-09-07 15:08:30.389112,-17744.816033794155,10843.254200670679,89.45305102345048,51.953345874871495
2026-09-07 15:08:30.850071,-17744.713836407394,10853.95958878568,89.65938700179868,51.71972914384631
2026-09-07 15:08:30.950343,-17744.7000542143,10856.277915445147,89.70427108307467,51.66891070478045
2026-09-07 15:08:31.050486,-17744.68811528117,10858.590994642149,89.74909742094792,51.61815764367294
2026-09-07 15:08:31.150922,-17744.677966371266,10860.908571406191,89.79405491244142,51.56725608844298
2026-09-07 15:08:31.250721,-17744.669696962377,10863.209185582631,89.8387272679073,51.51667736855774
2026-09-07 15:08:31.351329,-17744.663175207337,10865.52618019858,89.88376175060455,51.46568864271665
2026-09-07 15:08:31.451432,-17744.658502835515,10867.829267347957,89.92857018354675,51.41495585384429
2026-09-07 15:08:31.551261,-17744.655036711865,10870.225657377743,89.97325596771088,51.51792346769479
2026-09-07 15:08:31.650266,-17744.653972406868,10872.505798960405,90.01757291029446,51.46774715167721
2026-09-07 15:08:31.752083,-17744.65469090045,10874.848418812335,90.06314856953418,51.416145697528805
2026-09-07 15:08:31.851565,-17744.657211078396,10877.135018532575,90.1076790284211,51.3657276351071
2026-09-07 15:08:31.951718,-17744.661533150742,10879.43478122726,90.15250984252714,51.3149695059408
2026-09-07 15:08:32.052007,-17744.667656915342,10881.735387088842,90.19740153339887,51.264142451175005
2026-09-07 15:08:32.152544,-17744.675594950782,10884.039392133125,90.24240423484355,51.2131897085513
2026-09-07 15:08:32.251277,-17744.685158229608,10886.299799201634,90.28659942389561,51.16315124373271
2026-09-07 15:08:32.352610,-17744.696751485983,10888.61745606229,90.33195843346903,51.11179508362959
2026-09-07 15:08:32.452475,-17744.70997172993,10890.899234834813,90.3766603320712,51.061182914556355
2026-09-07 15:08:32.552745,-17744.726506430346,10891.406199197028,90.3766603320712,47.879601053923174
2026-09-07 15:08:32.653101,-17744.74092662461,10892.507092046986,90.3766603320712,45.869769378618926
2026-09-07 15:08:32.752963,-17744.75420503752,10893.838097663112,90.3766603320712,44.30127550465237
2026-09-07 15:08:34.759486,-17745.015439747993,10933.575307766047,88.8048691293925,44.65193676399158
2026-09-07 15:08:34.858447,-17744.97423833608,10935.550258533402,88.90453793550091,44.64156007091042
2026-09-07 15:08:34.958099,-17744.936217644037,10937.538606473023,88.97144776776702,44.68248590388957
2026-09-07 15:08:35.058028,-17744.900386914956,10939.53435248941,88.98263040438997,44.75583326234743
2026-09-07 15:08:35.158837,-17744.86457490978,10941.550985491183,88.93750594941389,44.81132821770657
2026-09-07 15:08:35.258581,-17744.827523907137,10943.548759251948,88.93750594941389,44.88976918495782
2026-09-07 15:08:35.365611,-17744.787696845564,10945.696216888695,88.96146050910647,44.882287332103495
2026-09-07 15:08:35.457091,-17744.75442904237,10947.531386354089,88.98193479781685,44.846316347963366
2026-09-07 15:08:35.557836,-17744.7185429005,10949.550813081112,89.06085246021792,44.88328949703839
2026-09-07 15:08:35.665667,-17744.683080637897,10951.714111097608,89.00051787817995,44.915325343243424
2026-09-07 15:08:35.756743,-17744.651181771176,10953.542543045334,89.0412856157966,44.915325343243424
2026-09-07 15:08:35.851585,-17744.619318674384,10955.44660395624,89.08373910267619,44.88797717179904
2026-09-07 15:08:35.952339,-17744.586987853938,10957.468147876576,89.24158852761138,44.873010512635425
2026-09-07 15:08:36.052843,-17744.56030179029,10959.484084572647,89.33156438736421,44.84402967479094
2026-09-07 15:08:36.165949,-17744.53384947104,10961.751374737069,89.31890716775956,44.875656039322074
2026-09-07 15:08:36.264374,-17744.510378229235,10963.725760147106,89.29687850721825,44.83953432412321
2026-09-07 15:08:36.363480,-17744.485999881555,10965.712196816245,89.23033527841642,44.83866833268508
2026-09-07 15:08:36.464717,-17744.45874123778,10967.7412768245,89.16236122180817,44.86962975916538
2026-09-07 15:08:36.552959,-17744.43286549145,10969.511091534157,89.07348808199936,44.86191914462306
2026-09-07 15:08:36.653347,-17744.400310657467,10971.52411691297,89.09595608478742,44.83034017517961
2026-09-07 15:08:36.753711,-17744.317275262452,10977.456053522603,89.05103082216988,49.84702097035889
2026-09-07 15:08:36.874211,-17744.272803713306,10980.140860507807,88.97012291477154,49.803850721331955
2026-09-07 15:08:36.963076,-17744.23724226593,10982.119059107852,88.96017840413401,49.82481636303907
2026-09-07 15:08:37.072908,-17744.192847339204,10984.565019720869,88.82497916466082,49.74707940158149
2026-09-07 15:08:37.164457,-17744.15109699403,10986.600543801353,88.80448943294732,49.72468057401572
2026-09-07 15:08:37.252568,-17744.110232343468,10988.558729929435,88.74532863104866,49.66847664966052
2026-09-07 15:08:37.353629,-17744.061098191898,10990.802129742005,88.71140068901718,49.65787975816311
2026-09-07 15:08:37.475847,-17744.000084349023,10993.514568143199,88.69772378358641,49.65787975816311
2026-09-07 15:08:37.572887,-17743.951125812477,10995.668208373116,88.67600510216471,49.598524051738636
2026-09-07 15:08:37.671689,-17743.900507705333,10997.858313238929,88.62072250834194,49.6546408316968
2026-09-07 15:08:37.772420,-17743.84668612514,11000.093652903097,88.62072250834194,49.64143797058538
2026-09-07 15:08:37.872150,-17743.79341355786,11002.306190740404,88.66536397780158,49.58566555648373
2026-09-07 15:08:37.971962,-17743.741880463167,11004.518100751808,88.64302489051738,49.6528219141363
2026-09-07 15:08:38.072215,-17743.683792662847,11007.039123706052,88.58693041997515,50.09891697488816
2026-09-07 15:08:38.172050,-17743.62865422833,11009.274370347961,88.55341406754735,50.044830564136326
2026-09-07 15:08:38.270501,-17743.573050846866,11011.476218196218,88.61951750647904,50.05859485256689
2026-09-07 15:08:38.356828,-17743.52650960806,11013.407499862014,88.69680145582322,50.08122469623301
2026-09-07 15:08:38.474584,-17743.46655053962,11016.04317585835,88.72315661915263,50.12855666037492
2026-09-07 15:08:38.572497,-17743.41765705488,11018.236809470309,88.6902855156793,50.147379133615566
2026-09-07 15:08:38.672171,-17743.366583899788,11020.47070591509,88.6902855156793,50.154346770739764
2026-09-07 15:08:38.771805,-17743.315524147354,11022.704016138916,88.62338776924173,50.120393171089844
2026-09-07 15:08:38.858118,-17743.26906360536,11024.637371562183,88.58475206129549,50.11813055372059
2026-09-07 15:08:38.973987,-17743.204946450653,11027.232602475062,88.61068489206275,50.15660430257416
2026-09-07 15:08:39.072831,-17743.15121106265,11029.448231949036,88.56644001682685,50.1315569424386
2026-09-07 15:08:39.173014,-17743.095041695186,11031.692711524,88.60007319893009,50.07903280449793
2026-09-07 15:08:39.273314,-17743.040183346147,11033.93749058627,88.7123147357496,50.12197761228918
2026-09-07 15:08:39.367903,-17742.992554972785,11036.056366514886,88.7123147357496,50.21620109131231
2026-09-07 15:08:39.472167,-17742.944741075014,11038.175720574804,88.72398248409945,49.86933961280452
2026-09-07 15:08:39.573201,-17742.894582446697,11040.427572547338,88.72398248409945,49.90553598575213
2026-09-07 15:08:39.674867,-17742.844073426033,11042.695155247162,88.74673651816181,49.98371173624425
2026-09-07 15:08:39.774474,-17742.79539350463,11044.920313199087,88.8136161358567,49.98893395139838
2026-09-07 15:08:39.874293,-17742.749208069592,11047.150495503922,88.94766005965084,49.97672284822528
2026-09-07 15:08:39.958729,-17742.71456225205,11049.036612174988,88.90986454059635,49.98557650226071
2026-09-07 15:08:40.065696,-17742.66908727,11051.426416221706,88.921834770376,49.97622969115321
2026-09-07 15:08:40.164727,-17742.62745614984,11053.638513093632,88.94399906077035,49.977960363324605
2026-09-07 15:08:40.270183,-17742.58403380308,11055.994226426628,88.97940248103009,50.049835642941645
2026-09-07 15:08:40.372260,-17742.543353343848,11058.27776332995,88.99082549135301,50.03824026522097
2026-09-07 15:08:40.472357,-17742.503917543625,11060.51649531638,88.97962405455246,50.05223467847259
2026-09-07 15:08:40.571060,-17742.46458836901,11062.724659370897,88.90230597393338,50.049647268439365
2026-09-07 15:08:40.672290,-17742.42119845966,11064.989183408603,88.93629065221523,50.022226186852706
2026-09-07 15:08:40.765143,-17742.382652333785,11067.065198432376,88.92589986117002,49.99626290616194
2026-09-07 15:08:40.871920,-17742.33541441376,11069.576840808142,88.8900529581482,50.19971119493608
2026-09-07 15:08:40.972010,-17742.29190424641,11071.822566954826,88.78924707700912,50.253935753980016
2026-09-07 15:08:41.072021,-17742.244429264745,11074.068864389066,88.77805526410896,50.31685650771569
2026-09-07 15:08:41.171604,-17742.196660820107,11076.308339894229,88.62204042317637,50.29597268020585
2026-09-07 15:08:41.269421,-17742.143771752195,11078.507051784754,88.63298671470875,50.25494573071587
2026-09-07 15:08:41.372055,-17742.088763816588,11080.81216800108,88.73635479148788,50.25225527306667
2026-09-07 15:08:41.471860,-17742.039318910665,11083.053718920906,88.84804239450159,50.22609229338364
2026-09-07 15:08:41.571699,-17741.99425170804,11085.294958142624,88.9039052199978,50.2356886539582
2026-09-07 15:08:41.671584,-17741.95134175837,11087.537701315434,88.92626064553167,50.24005264578499
2026-09-07 15:08:41.763347,-17741.912721525197,11089.5982733789,88.92626064553167,50.26250383164084
2026-09-07 15:08:41.872235,-17741.866873425228,11092.044486314588,89.02374225240067,50.24632889483429
2026-09-07 15:08:41.971259,-17741.82897579683,11094.268452298496,88.9240099956927,50.21431372281389
2026-09-07 15:08:42.071191,-17741.78685092697,11096.511310973237,88.91282702335218,50.15493550721797
2026-09-07 15:08:42.171987,-17741.743971071384,11098.770877705565,88.98050497716235,50.13467805682203
2026-09-07 15:08:42.271255,-17741.704385816363,11100.995340427977,88.96939631028602,50.119932137832684
2026-09-07 15:08:42.372046,-17741.66376728151,11103.253259393978,88.8791635147719,50.12609714299161
2026-09-07 15:08:42.472706,-17741.619644881335,11105.508454383875,88.92422127387965,50.11466272856561
2026-09-07 15:08:42.572122,-17741.577828900943,11107.735304185873,88.85746990025382,50.149410737692314
2026-09-07 15:08:42.672899,-17741.532779410813,11109.994153666477,88.76724963819152,50.09833636165773
2026-09-07 15:08:42.768514,-17741.486709781624,11112.135047783444,88.8207490127827,50.13092035337267
2026-09-07 15:08:42.880831,-17741.434907306495,11114.651597790249,88.84588686460916,50.111291761691845
2026-09-07 15:08:42.970925,-17741.394256025633,11116.669451788423,88.7954766501615,50.093972387307
2026-09-07 15:08:43.069179,-17741.348002728508,11118.869266582495,88.77348626141031,50.093113840672466
2026-09-07 15:08:43.170370,-17741.299498129763,11121.134780770133,88.7848101231773,50.08604015878718
2026-09-07 15:08:43.270611,-17741.251899174236,11123.378718427492,88.73993991822283,50.12195243208767
2026-09-07 15:08:43.370200,-17741.202828802474,11125.60962150588,88.73993991822283,50.09758649867008
2026-09-07 15:08:43.469546,-17741.153901960337,11127.833999247858,88.81776168693477,50.10366311863138
2026-09-07 15:08:43.569674,-17741.10762945825,11130.076222982421,88.79535187517274,50.15090889082179
2026-09-07 15:08:43.670964,-17741.05988781723,11132.34658841555,88.73867717295718,50.16772532153828
2026-09-07 15:08:43.764522,-17741.013700762625,11134.44430339673,88.6235106418311,50.1235796284795
2026-09-07 15:08:43.870288,-17740.956770525638,11136.8135441887,88.6235106418311,50.10139914686711
2026-09-07 15:08:43.969736,-17740.903264740595,11139.040271060627,88.63463945175499,50.075329751510985
2026-09-07 15:08:44.069325,-17740.850143869684,11141.26900512313,88.66807321768817,50.066627632433274
2026-09-07 15:08:44.169574,-17740.79798917875,11143.512150474815,88.69051011065858,50.08677514964371
2026-09-07 15:08:44.268789,-17740.747221360576,11145.7330727272,88.73492105413027,50.096311532363934
2026-09-07 15:08:44.370063,-17740.69714764636,11148.00055670707,88.72358790418036,50.085692306455734
2026-09-07 15:08:44.469760,-17740.647422678507,11150.232249333423,88.87978134680066,50.03603643638538
2026-09-07 15:08:44.569619,-17740.603754105996,11152.465479496073,89.03622859181928,50.038654149914926
2026-09-07 15:08:44.677254,-17740.563255838453,11154.872856325226,89.0121386260854,50.04523777672964
2026-09-07 15:08:44.763187,-17740.530110613556,11156.795082829834,89.00252222331017,50.01520236323197
2026-09-07 15:08:44.864156,-17740.490810380314,11159.052286006812,89.0251202606604,50.026671878334085
2026-09-07 15:08:44.964329,-17740.45269448432,11161.292223029044,89.0251202606604,50.02054467390328
2026-09-07 15:08:45.065343,-17740.414263294824,11163.55068874045,89.10424864171921,50.06644318130754
2026-09-07 15:08:45.165586,-17740.379188565305,11165.794023588776,89.13790196687,50.09622468506
2026-09-07 15:08:45.275901,-17740.342017621657,11168.264250159426,88.9403837194642,50.124178830312665
2026-09-07 15:08:45.375820,-17740.300613558004,11170.50280357131,88.80620550868673,50.171325985069515
2026-09-07 15:08:45.476988,-17740.253339743926,11172.771366612753,88.74959906902097,50.20403432772341
2026-09-07 15:08:45.576733,-17740.204489322037,11175.009431676892,88.55984428783336,50.215364803254126
2026-09-07 15:08:45.678689,-17740.146966937304,11177.297445210414,88.47997799980158,50.237637174015134
2026-09-07 15:08:45.764188,-17740.096032334764,11179.216926029674,88.48954583545117,50.21970694126191
2026-09-07 15:08:45.880761,-17740.02704757679,11181.833105913725,88.54172662377289,50.18303666986562
2026-09-07 15:08:45.978016,-17739.971523073076,11184.01420090231,88.61791042700679,50.15329306295964
2026-09-07 15:08:46.078953,-17739.91693878238,11186.27660337683,88.6066149893179,50.08802574557753
2026-09-07 15:08:46.179175,-17739.862369397775,11188.52004578629,88.61783041434592,50.074889599343415
2026-09-07 15:08:46.264289,-17739.816411097036,11190.424809053457,88.6083056624368,50.05927129267623
2026-09-07 15:08:46.380692,-17739.75314462703,11193.028964799754,88.6083056624368,49.89449571680494
2026-09-07 15:08:46.479088,-17739.70172344346,11195.134615188746,88.66336108744622,49.70982509113158
2026-09-07 15:08:46.579142,-17739.64985835182,11197.357438211437,88.75293408624941,49.63726025842645
2026-09-07 15:08:46.679710,-17739.601290769362,11199.588497556171,88.74167994180789,49.56168634445903
2026-09-07 15:08:46.764490,-17739.560041197386,11201.466435029974,88.85552844619349,49.58242903526969
2026-09-07 15:08:46.871439,-17739.519875754515,11203.499753069736,88.89143309261817,49.33838572648993
2026-09-07 15:08:46.969792,-17739.477906513755,11205.668643625131,88.86942054651479,49.355573960484655
2026-09-07 15:08:47.070329,-17739.44164781543,11207.532040119044,88.83566852043145,49.020915102631555
2026-09-07 15:08:47.170924,-17739.396852942475,11209.736054958845,88.9257258476207,49.0200361002632
2026-09-07 15:08:47.271416,-19431.29887131037,10814.476172036342,70.8245228645269,48.946915454805804
2026-09-07 15:08:47.371474,-19430.579738311244,10816.54409010673,70.93649358926359,49.03259783921212
2026-09-07 15:08:47.471128,-19429.8665427732,10818.559274254681,70.81935002500086,48.558769346739886
2026-09-07 15:08:47.679142,-19428.38298302488,10822.824114635563,70.60984823102285,48.56967514515837
2026-09-07 15:08:47.779866,-19427.65690828859,10824.887047301732,70.72256424851662,48.524788536857095
2026-09-07 15:08:47.878660,-19426.94938249579,10826.90997738962,70.82206486017844,48.558455878565894
2026-09-07 15:08:47.976723,-19426.25009512173,10828.920549924662,70.82206486017844,48.595301618390636
2026-09-07 15:08:48.071878,-19425.571029821018,10830.872980490056,70.81141646193714,48.56204291950463
2026-09-07 15:08:48.179921,-19424.80010643119,10833.088192026287,70.8476883832609,48.5818686674103
2026-09-07 15:08:48.288223,-19424.060557927434,10835.111229835858,70.74494124539183,47.81016284868735
2026-09-07 15:08:48.378670,-19423.42306233685,10836.936219160276,70.7550627910357,47.81885646565954
2026-09-07 15:08:48.487723,-19422.654675516696,10839.137165904876,70.7916737869923,47.79217502356264
2026-09-07 15:08:48.570363,-19422.07378470343,10840.804476913134,70.96738382832086,47.779177025620626
2026-09-07 15:08:48.688349,-19421.251968350218,10843.18679850538,70.84855394829196,47.77299123268263
2026-09-07 15:08:48.787614,-19420.556485369838,10845.189416276131,70.79301229249745,47.72875481263353
2026-09-07 15:08:48.887473,-19419.898031606637,10847.015227251923,70.71380021204118,47.12768627146764
2026-09-07 15:08:48.975943,-19419.282415336023,10848.774509655233,70.63459774932994,47.13387070127258
2026-09-07 15:08:49.072347,-19418.608852760524,10850.690887017126,70.66696225515898,47.12291974470269
2026-09-07 15:08:49.299216,-19452.07707190935,10857.766093285922,115.85356906218976,46.419579758837884
2026-09-07 15:08:49.378110,-19452.790993360737,10859.239393815658,115.88005515532814,46.458874323502116
2026-09-07 15:08:49.488274,-19453.789676441153,10861.29792382965,115.78143121385506,46.46657525630456
2026-09-07 15:08:49.586282,-19454.675153313834,10863.131136683518,115.69368988950328,46.45629849136182
2026-09-07 15:08:49.687575,-19455.57923480114,10864.965484701956,115.67122473812992,46.20794449663451
2026-09-07 15:08:49.775115,-19456.36260046019,10866.595292511396,115.57326238386077,46.17734740241476
2026-09-07 15:08:49.875821,-19457.259982558568,10868.470518664988,115.50564485919313,46.254784963930504
2026-09-07 15:08:49.975631,-19458.148674312913,10870.333227368368,115.39395166088843,46.278332825279605
2026-09-07 15:08:50.075732,-19459.036765503086,10872.204052735382,115.32674035434502,46.31681899961523
2026-09-07 15:08:50.196962,-19460.110545836586,10874.472911347062,115.42170475171315,46.32423418128242
2026-09-07 15:08:50.286903,-19460.910104387334,10876.155132793227,115.45189951561088,46.34781140242035
2026-09-07 15:08:50.395590,-19461.877874822334,10878.188497029647,115.47622493118865,46.38959866558472
2026-09-07 15:08:50.494071,-19462.75634247817,10880.032211265134,115.45418373719554,46.39131972592048
2026-09-07 15:08:50.573710,-19463.466188936567,10881.523503074963,115.39179926435872,46.38644850878947
2026-09-07 15:08:50.675837,-19464.374299584735,10883.436686328072,115.33465623628899,46.39537239912926
2026-09-07 15:08:50.780097,-19465.29960639626,10885.391127427141,115.26465243192911,46.36166439061772
2026-09-07 15:08:50.879729,-19466.180916375917,10887.258534017297,115.30925003430752,46.31117030731421
2026-09-07 15:08:50.974505,-19467.019739726748,10889.032337294222,115.37288594992242,46.29709165943035
2026-09-07 15:08:51.081947,-19467.97260765098,10891.04152580241,115.45704964522906,46.29239750104966
2026-09-07 15:08:51.180637,-19468.85047794154,10892.88557536353,115.42391768929087,46.2846362932998
2026-09-07 15:08:51.295515,-19477.764884209962,10888.804394971137,131.37210631552898,45.461325286747375
2026-09-07 15:08:51.394487,-19479.09431948906,10890.313824031886,131.39425740103684,45.4967829289606
2026-09-07 15:08:51.494648,-19480.435567280736,10891.831423757707,131.36776240551671,45.41728359713512
2026-09-07 15:08:51.593957,-19481.768122265166,10893.344626189566,131.42332868059157,45.38864734359796
2026-09-07 15:08:51.694585,-19483.119010037924,10894.875650480426,131.56971984487063,45.36666507551233
2026-09-07 15:08:51.779316,-19484.259224999478,10896.161273358255,131.5507560609101,45.3725881332924
2026-09-07 15:08:51.898065,-19485.85682824447,10897.96381522889,131.59062217334008,45.41201817241082
2026-09-07 15:08:51.993890,-19487.148153827915,10899.418749811912,131.75147280044484,45.411180850456965
2026-09-07 15:08:52.096106,-19488.529929768083,10900.966818851695,131.83154275706784,45.45226651952461
2026-09-07 15:08:52.195055,-19489.870846805923,10902.464892328762,131.8758346327479,45.43410950861675
2026-09-07 15:08:52.292927,-19491.197783552172,10903.945042922674,131.84297729369018,45.4272678389675
2026-09-07 15:08:52.395483,-19492.587126487444,10905.496594641378,131.7741176144275,45.47476313441086
2026-09-07 15:08:52.495815,-19493.94593447044,10907.017721012564,131.71797894108659,45.44933871070157
2026-09-07 15:08:52.595404,-19495.292446660096,10908.528058710317,131.67340058650916,45.4632621012259
2026-09-07 15:08:52.696278,-19496.65555972347,10910.059414023099,131.6846889741314,45.44298897479986
2026-09-07 15:08:52.781410,-19497.805692221013,10911.350989169145,131.75137633762847,45.439269543932376
2026-09-07 15:08:52.888995,-19499.260944190322,10912.981382410217,131.8958489885406,45.45431084336867
2026-09-07 15:08:52.995982,-19500.71267130368,10914.599594557501,131.96768379591686,45.45805026685426
2026-09-07 15:08:53.098236,-19502.10222773385,10916.144604875952,131.92191252530483,45.45000877797742
2026-09-07 15:08:53.192394,-19503.380402415987,10917.568058269326,131.85869155646833,45.47140042497769
2026-09-07 15:08:53.293787,-19504.755745508555,10919.103128252584,131.8359986229832,45.43330348629491
2026-09-07 15:08:53.394028,-19506.11372243734,10920.620023648624,131.847216174222,45.41841303151178
2026-09-07 15:08:53.494455,-19507.474070647204,10922.138969308016,131.85845453994284,45.42367823778527
2026-09-07 15:08:53.593230,-19508.812489605774,10923.632839368907,131.93582902109506,45.38656497436085
2026-09-07 15:08:53.694363,-19509.945558828706,10924.894863926911,131.89962540135184,44.885168968214124
2026-09-07 15:08:53.794289,-19511.28459458322,10926.387263292276,131.84371389682406,44.83277957073291
2026-09-07 15:08:53.886021,-19512.511057802873,10927.756883305941,131.8745099306891,44.79430482574365
2026-09-07 15:08:53.994091,-19513.955587548287,10929.36827965061,131.92288457828295,44.76503093176884
2026-09-07 15:08:54.094467,-19515.29766009804,10930.862842605058,131.9341172368072,44.801868658817874
2026-09-07 15:08:54.193588,-19516.624332883934,10932.339673511968,131.96739388696983,44.809663761395385
2026-09-07 15:08:54.294659,-19517.97821509591,10933.845033948857,131.95608345390133,44.822028024800225
2026-09-07 15:08:54.382621,-19519.15656396729,10935.155741911665,131.87733577643985,44.855847076227384
2026-09-07 15:08:54.484712,-19520.5231247385,10936.680011340986,131.77451458339988,44.91561606536986
2026-09-07 15:08:54.592871,-19521.969934956,10938.299629795907,131.65347836823685,44.91750625906058
2026-09-07 15:08:54.693561,-19523.31370302095,10939.810309801094,131.65347836823685,44.8708751375446
2026-09-07 15:08:54.793574,-19524.647050463853,10941.309274819312,131.7989748454902,44.877866472212645
2026-09-07 15:08:54.893180,-19525.978966066323,10942.798994996603,131.88814677383675,44.93269918083491
2026-09-07 15:08:54.985719,-19527.220049918895,10944.18278136513,131.85707981598307,44.910866743790685
2026-09-07 15:08:55.086511,-19528.570344769254,10945.68997940839,130.356944707087,44.907343848747736
2026-09-07 15:08:55.185146,-19529.852576153888,10947.198892037586,130.3679825375798,44.890106332250326
2026-09-07 15:08:55.293524,-19531.261242660934,10948.855944781693,130.41649505314285,44.867378080863425
2026-09-07 15:08:55.393674,-19532.56360027605,10950.38531751738,130.48373925999704,44.91550934778026
2026-09-07 15:08:55.494550,-19533.878615039976,10951.925887106545,130.49502787143092,44.922561009823916
2026-09-07 15:08:55.594637,-19535.183850453846,10953.454389998487,130.39422501174909,44.92431013671972
2026-09-07 15:08:55.688829,-19536.40972418155,10954.895080937025,130.3520624800001,44.91854876749102
2026-09-07 15:08:55.794758,-19537.786981287256,10956.516098460368,130.41133283769568,44.912069490259114
2026-09-07 15:08:55.895273,-19539.095248927457,10958.052691850417,130.42258105112887,44.961254476501956
2026-09-07 15:08:56.002720,-19540.495595360306,10959.696780099299,130.30234160539953,44.95656009967047
2026-09-07 15:08:56.089936,-19541.629351623294,10961.033548841677,130.35114149510673,44.89635449726352
2026-09-07 15:08:56.187054,-19542.89140297043,10962.519018756178,130.51416253557795,44.90059759841219
2026-09-07 15:08:56.287169,-19533.597969009446,10972.819978031906,120.62503397689102,44.84083130136059
2026-09-07 15:08:56.392148,-19534.66997271457,10974.630831059363,120.73076382598765,44.88119293706433
2026-09-07 15:08:56.491504,-19535.54549644235,10976.168281977913,120.8381204691268,44.290551293882515
2026-09-07 15:08:56.591401,-19536.559409191806,10977.866566402798,120.9834481924047,44.32197580986543
2026-09-07 15:08:56.692170,-19537.58724303133,10979.578289064557,120.93834164235955,44.33430312886932
2026-09-07 15:08:56.787487,-19538.55846210135,10981.198616212068,120.84234289950291,44.342631959203295
2026-09-07 15:08:56.891585,-19539.61638619657,10982.970322137377,120.74914952363179,44.289874480845654
2026-09-07 15:08:56.992127,-19540.634174459323,10984.68112819178,120.64788840961978,44.29075302009829
2026-09-07 15:08:57.092268,-19541.644910343246,10986.386933673768,120.61426932764948,44.28112763178014
2026-09-07 15:08:57.191844,-19542.648729979355,10988.083335603062,120.63655559538688,44.27851733684009
2026-09-07 15:08:57.282969,-19543.443929461315,10989.4558321573,120.57371087466913,43.81391327072979
2026-09-07 15:08:57.391460,-19544.524786209902,10991.28537647755,120.53728855192412,43.811069277113454
2026-09-07 15:08:57.492083,-19545.526113028238,10992.982765051134,120.53728855192412,43.77238240764987
2026-09-07 15:08:57.591516,-19546.514724079807,10994.658598627071,120.6485598652896,43.749792339507195
2026-09-07 15:08:57.691181,-19547.50838898882,10996.335548840283,120.73778461318307,43.767209859471855
2026-09-07 15:08:57.786503,-19548.46162983287,10997.938580329965,120.70578335364348,43.74805254482999
2026-09-07 15:08:57.885871,-19549.349415839828,10999.447614268594,120.57154714074227,43.281438079972595
2026-09-07 15:08:57.986148,-19550.336235139173,11001.118127354155,120.50421766165368,43.23236955422546
2026-09-07 15:08:58.098992,-19551.44325914731,11002.997164874096,120.44107816025371,43.21757903631878
2026-09-07 15:08:58.190158,-19552.335638455184,11004.515693131803,120.44107816025371,43.19925697271709
2026-09-07 15:08:58.299482,-19553.322556466796,11006.203580450854,120.37949569409307,42.735280579227634
2026-09-07 15:08:58.398240,-19554.27671317964,11007.831235477794,120.4126504788187,42.723199270787674
2026-09-07 15:08:58.486566,-19555.130681199298,11009.286052684272,120.35334531841318,42.713937725400235
2026-09-07 15:08:58.587669,-19556.106246199437,11010.951969482227,120.26283320597395,42.67329942611494
2026-09-07 15:08:58.687339,-19556.977787197102,11012.452217171787,120.27371237370858,42.167861029562864
2026-09-07 15:08:58.802255,-19558.069861630454,11014.323048518823,120.2608526045708,42.15982791172106
2026-09-07 15:08:58.898649,-19558.98539034741,11015.892248458513,120.21770440636465,42.15645873614393
2026-09-07 15:08:58.999974,-19559.946433341625,11017.542312642017,120.21770440636465,42.1387511135039
2026-09-07 15:08:59.100304,-19560.817776826396,11019.042130934818,120.22878419488279,41.573878008930855
2026-09-07 15:08:59.186207,-19561.621552974837,11020.421562141215,120.37297987889178,41.527339370749715
2026-09-07 15:08:59.302488,-19562.64780554691,11022.174414801353,120.6591638615339,41.06820471335426
2026-09-07 15:08:59.402128,-19563.5806223099,11023.74801101624,120.92677096172224,41.10216035770376
2026-09-07 15:08:59.500923,-19564.51357626568,11025.30521185703,120.81621360748409,41.163452805317505
2026-09-07 15:08:59.600929,-19565.456326506162,11026.88567306557,120.59238854006253,41.19141618667041
2026-09-07 15:08:59.698960,-19566.292710390073,11028.301280593421,120.43874289543078,40.560133286757775
2026-09-07 15:08:59.801241,-19567.232261419857,11029.900228385259,120.3242845043294,40.533321246028756
2026-09-07 15:08:59.901114,-19568.0761690581,11031.344569912391,120.35777519936096,39.94273062618083
2026-09-07 15:09:00.000630,-19568.97423981534,11032.877882328961,120.39118445791996,39.93577403392958
2026-09-07 15:09:00.101661,-19569.88673109876,11034.433734483033,120.48163211260703,39.961375586293464
2026-09-07 15:09:00.186529,-19570.655796387808,11035.740305892221,120.58610156646046,39.97324085562059
2026-09-07 15:09:00.302573,-19571.626084777086,11037.38177910697,120.61204999012898,39.35120994968027
2026-09-07 15:09:00.401442,-19572.511755197535,11038.878647420697,120.63417802303798,39.44019376369858
2026-09-07 15:09:00.500631,-19573.40288262576,11040.383412242665,120.52317975987148,39.542466333686725
2026-09-07 15:09:00.600986,-19574.303864737507,11041.911562289086,120.4894888343656,39.62489542630148
2026-09-07 15:09:00.693172,-19575.132403960015,11043.31873302394,120.45854038477455,39.643422484143066
2026-09-07 15:09:00.801752,-19576.107847844796,11044.977451607598,120.45854038477455,39.66144921972601
2026-09-07 15:09:00.901065,-19577.000446015583,11046.49529307108,120.50299519532768,39.715252832797546
2026-09-07 15:09:01.000725,-19577.898561147253,11048.019807760924,120.56991039907302,39.728315317418605
2026-09-07 15:09:01.101755,-19578.811126801167,11049.564723144196,120.68296884837378,39.73449494130573
2026-09-07 15:09:01.201931,-19579.71914077404,11051.095028983247,120.72780995781523,39.737120964704076
2026-09-07 15:09:01.302122,-19580.62854836451,11052.624953860306,120.81750560539649,39.7274907704681
2026-09-07 15:09:01.401216,-19581.530147965004,11054.136351154995,120.90621916750683,39.76558978006456
2026-09-07 15:09:01.509622,-19582.519979359804,11055.789831572969,120.90621916750683,39.808216261335815
2026-09-07 15:09:01.601913,-19583.36357154145,11057.199024250063,120.88556336755755,39.85740920792617
2026-09-07 15:09:01.701125,-19584.27099937727,11058.716093015815,120.9854849689118,39.83747010152629
2026-09-07 15:09:01.810375,-19584.98023678793,11059.891888607459,120.9732492348071,38.54924823662083
2026-09-07 15:09:01.908454,-19585.850078085427,11061.34107982153,120.88544434794971,38.5741017435078
2026-09-07 15:09:02.009079,-19586.740793634995,11062.830215439708,120.81788120951023,38.54860307273729
2026-09-07 15:09:02.098745,-19587.532413036035,11064.157227556414,120.79781291511244,38.56427316098443
2026-09-07 15:09:02.195283,-19588.384547911446,11065.586821178544,120.84102557107053,38.554150534933065
2026-09-07 15:09:02.299756,-19589.307648734033,11067.132819263874,120.89948125440128,38.56875675026055
2026-09-07 15:09:02.399712,-19590.19268212889,11068.611632693175,120.87710993824112,38.597579569527284
2026-09-07 15:09:02.500172,-19591.082261964555,11070.099360780088,120.87710993824112,38.60460215139915
2026-09-07 15:09:02.599494,-19591.96192475607,11071.57050366067,120.8659952284504,38.590716089749186
2026-09-07 15:09:02.694480,-19592.80260955527,11072.97707938722,120.83410676997687,38.61976576581286
2026-09-07 15:09:02.795572,-19593.697175814108,11074.475699236214,120.81148120379498,38.64891615643785
2026-09-07 15:09:02.899936,-19594.592926991154,11075.977644214801,120.85819662938661,38.56309068471458
2026-09-07 15:09:03.006162,-19595.53220575173,11077.549666392071,120.82253470668434,38.55844965357083
2026-09-07 15:09:03.098390,-19596.34676272565,11078.914877326788,120.82253470668434,38.59874421613794
2026-09-07 15:09:03.198957,-19597.235897881186,11080.405082525005,120.76626454400571,38.64707588982765
2026-09-07 15:09:03.298199,-19598.11297060638,11081.878357297288,120.71073575738046,38.641872810964465
2026-09-07 15:09:03.406298,-19599.066634865412,11083.483825626952,120.69863885021323,38.671154560430395
2026-09-07 15:09:03.497830,-19599.874467426518,11084.844444352384,120.73961070404448,38.69754827659674
2026-09-07 15:09:03.606345,-19600.833994286935,11086.457929754893,120.77604108400851,38.71556422070968
2026-09-07 15:09:03.706700,-19601.77657803856,11088.040600467904,120.7311201486541,38.943010236618356
2026-09-07 15:09:03.793813,-19602.551553876583,11089.344195121137,120.70187479372794,38.949861002559324
2026-09-07 15:09:03.907336,-19603.560788973085,11091.043814056793,120.73998644672201,38.91712607007286
2026-09-07 15:09:04.005014,-19604.42940176369,11092.504401764563,120.68533276360404,38.95126661118775
2026-09-07 15:09:04.105916,-19605.418083402583,11094.170034914363,120.66275006650108,39.357089489591026
2026-09-07 15:09:04.205708,-19606.31349240878,11095.680311366996,120.64041545544956,39.36842530405953
2026-09-07 15:09:04.294410,-19607.10909930891,11097.02344595119,120.67019426541651,39.35524892792428
2026-09-07 15:09:04.394641,-19608.008602365462,11098.540178541158,120.63654496887534,39.354373106199716
2026-09-07 15:09:04.494771,-19608.994582707994,11100.204446461528,120.68136570164324,39.853100810654574
2026-09-07 15:09:04.594510,-19609.9012914338,11101.732649958478,120.75949532326422,39.85745842371773
2026-09-07 15:09:04.716205,-19611.010260915402,11103.595957247557,120.78673208063879,39.90850041660428
2026-09-07 15:09:04.805152,-19611.822493983254,11104.959208551927,120.81659314138301,39.92249040841149
2026-09-07 15:09:04.913725,-19612.895584623246,11106.758548464442,120.81659325596752,40.44761549541438
2026-09-07 15:09:05.005224,-19613.743149388883,11108.179415839462,120.84731106766503,40.42602842231969
2026-09-07 15:09:05.102877,-19614.6480489603,11109.694553045725,120.94566251846777,40.42773501247381
2026-09-07 15:09:05.215380,-19615.770712652495,11111.567797759213,120.88271388913404,40.93853468338068
2026-09-07 15:09:05.312944,-19616.68719606115,11113.100178929126,120.83904197169318,40.963257687753895
2026-09-07 15:09:05.413226,-19617.62857878854,11114.67691934047,120.88393052920196,40.943979805741094
2026-09-07 15:09:05.513298,-19618.56877991819,11116.248881304951,120.93992372497769,40.9387332114766
2026-09-07 15:09:05.593057,-19619.319263259,11117.500867006745,120.97562570996365,40.940127084927525
2026-09-07 15:09:05.717748,-19620.588984796646,11119.616829943425,120.85004291566634,41.61577675968864
2026-09-07 15:09:05.813030,-19621.4979709232,11121.138644725212,120.67944115117984,41.61411160528411
2026-09-07 15:09:05.912947,-19622.44638085541,11122.737255479022,120.61235338866118,41.57133078414674
2026-09-07 15:09:06.012953,-19623.476024350348,11124.476384731204,120.7018834396008,42.1502897520365
2026-09-07 15:09:06.103122,-19624.343506408706,11125.937281633274,120.7018834396008,42.12271326454377
2026-09-07 15:09:06.215609,-19625.424993539233,11127.758577167162,120.61376779028319,42.10993536889965
2026-09-07 15:09:06.314490,-19626.372917145472,11129.360549766903,120.60270243095897,42.04772554147928
2026-09-07 15:09:06.414603,-19627.422135487817,11131.133716357777,120.60270244506046,42.71530897072366
2026-09-07 15:09:06.515237,-19628.40041379857,11132.787716587249,120.51261020325546,42.76015547145626
2026-09-07 15:09:06.615132,-19629.36994215092,11134.43282105764,120.46789487595515,42.798562444266295
2026-09-07 15:09:06.716663,-19630.354927359564,11136.107138772528,120.42244723697286,42.82872660393322
2026-09-07 15:09:06.815160,-19631.309862606104,11137.733326452533,120.47755917442123,42.798603154759206
2026-09-07 15:09:06.914542,-19632.27427700742,11139.372044554293,120.56653056753953,42.77515627011242
2026-09-07 15:09:07.014754,-19633.353838086077,11141.199729433336,120.6226021038276,43.44089302358017
2026-09-07 15:09:07.116215,-19634.357498841855,11142.89530016527,120.6680184091806,43.45507813565068
2026-09-07 15:09:07.216689,-19635.353051721635,11144.57413626697,120.6680184091806,43.48580621297598
2026-09-07 15:09:07.317305,-19636.350716590343,11146.25653389044,120.6680184091806,43.468222495635246
2026-09-07 15:09:07.416914,-19637.427312424512,11148.072310340547,120.71260571928838,44.05480840340708
2026-09-07 15:09:07.510806,-19638.37172428209,11149.662084328766,120.77564808643729,44.040040639336745
2026-09-07 15:09:07.732086,-19640.600840873256,11153.405078298409,120.72612304702056,43.98396763692085
2026-09-07 15:09:07.815703,-19641.440882752882,11154.818401803794,120.79162364930357,43.98469828497528
2026-09-07 15:09:07.916319,-19642.453662113887,11156.517919847814,120.83666171298705,44.02514083485896
2026-09-07 15:09:08.016793,-19643.57800364198,11158.402201533254,120.82541808931387,44.74595797409295
2026-09-07 15:09:08.109303,-19644.526243554898,11159.991285529952,120.83577049666314,44.73221593269285
2026-09-07 15:09:08.217560,-19645.63588741752,11161.85009094454,120.88422884980946,44.74356737076327
2026-09-07 15:09:08.317798,-19646.665052197393,11163.57077465439,120.90666328085194,44.791740929756884
2026-09-07 15:09:08.417191,-19647.774229154104,11165.424322372854,120.91778593668164,45.39168947488385
2026-09-07 15:09:08.517796,-19648.823150233336,11167.175707767576,120.96281907650905,45.382019487648364
2026-09-07 15:09:08.609467,-19649.77997437461,11168.770473813394,121.06540426017591,45.38682563265217
2026-09-07 15:09:08.837145,-19652.257747933134,11172.884669941048,120.68322686350666,45.89301382183022
2026-09-07 15:09:08.925741,-19653.185271893915,11174.447840564577,120.7030556794507,45.87365995388776
2026-09-07 15:09:09.026934,-19654.24484642151,11176.232150675574,120.74835202176541,45.92406093345615
2026-09-07 15:09:09.128458,-19655.310471205117,11178.023422150869,120.74835202176541,45.93648061346241
2026-09-07 15:09:09.229620,-19656.456363945883,11179.94925696667,120.80495510447486,46.53324154353355
2026-09-07 15:09:09.329533,-19657.52075449356,11181.734437682477,120.82731679673452,46.583004996258694
2026-09-07 15:09:09.429344,-19658.585892214604,11183.519287511037,120.76030020631674,46.59695942427408
2026-09-07 15:09:09.528796,-19659.645435268343,11185.299490865556,120.7157831761283,46.59087632069275
2026-09-07 15:09:09.629880,-19660.720818754067,11187.10950709743,120.69315940043953,46.57762719169981
2026-09-07 15:09:09.714665,-19661.621949249267,11188.627596662056,120.70264733533418,46.61170647920764
2026-09-07 15:09:09.831021,-19662.951505510777,11190.866178709844,120.70264733543127,47.24634039202476
2026-09-07 15:09:09.929620,-19664.01479891395,11192.656780428595,120.60334311848214,47.170523001522795
2026-09-07 15:09:10.029804,-19665.090301371307,11194.475113613658,120.63697663630296,47.164395124263486
2026-09-07 15:09:10.129613,-19666.162701979112,11196.285776035098,120.6034690125291,47.172244332737556
2026-09-07 15:09:10.228366,-19667.32290767252,11198.246588350921,120.61452004796911,47.787055642056885
2026-09-07 15:09:10.330017,-19668.428786333967,11200.115445959023,120.71689809396435,47.826137750201575
2026-09-07 15:09:10.430025,-19669.520966639608,11201.953652058663,120.72808957114694,47.847984578785145
2026-09-07 15:09:10.529266,-19670.605622112336,11203.778381663296,120.68366698947011,47.8028916830152
2026-09-07 15:09:10.630177,-19671.706052931735,11205.632922455288,120.66108193319474,47.695316525451
2026-09-07 15:09:10.721697,-19672.701167711217,11207.311482932522,120.66108193319474,47.684120659309265
2026-09-07 15:09:10.829919,-19673.877610368956,11209.295907432817,120.51575387419962,47.54700179480609
2026-09-07 15:09:10.929252,-19674.949708664695,11211.114825346502,120.49352199269015,47.49492329651735
2026-09-07 15:09:11.029343,-19676.028094333553,11212.946034336132,120.58312811561586,47.36285893811262
2026-09-07 15:09:11.129598,-19677.10810274072,11214.773456763014,120.58312811561586,47.351470529427154
2026-09-07 15:09:11.230023,-19678.2437531591,11216.694840377755,120.56065183180567,47.61021655872064
2026-09-07 15:09:11.330400,-19679.33000157383,11218.534468373975,120.5494190613756,47.575132659628835
2026-09-07 15:09:11.429955,-19680.406203201965,11220.357897928177,120.58284141291506,47.55077504481808
2026-09-07 15:09:11.530709,-19681.495884268857,11222.20170799091,120.60539133076304,47.513798592766804
2026-09-07 15:09:11.631225,-19682.582869254053,11224.039304565507,120.59414300542403,47.46373480513036
2026-09-07 15:09:11.723467,-19683.578997018536,11225.724057668,120.61478783860298,47.466958859465535
2026-09-07 15:09:11.838348,-19684.82044519709,11227.821995907403,120.61478783860298,47.48803937134646
2026-09-07 15:09:11.930044,-19685.811787435734,11229.497277104574,120.59426520657871,47.5224928039252
2026-09-07 15:09:12.039136,-19686.991342201163,11231.492250989431,120.61868126587001,47.52916554993227
2026-09-07 15:09:12.127100,-19687.94326999681,11233.100675854714,120.62852494936442,47.55299315065032
2026-09-07 15:09:12.228915,-19689.045962746088,11234.963110640638,120.58295018537137,47.53786888359648
2026-09-07 15:09:12.339406,-19690.240631529836,11236.984557874,120.60767935714557,47.548489096902344
2026-09-07 15:09:12.426806,-19691.13668329217,11238.499241117644,120.70548504326553,47.316826410464564
2026-09-07 15:09:12.528172,-19692.23153820703,11240.342784900336,120.63742437155315,47.352255986117754
2026-09-07 15:09:12.628541,-19693.314265489098,11242.170850502514,120.50264186935124,47.401369530207766
2026-09-07 15:09:12.728541,-19694.389839110423,11243.996619659873,120.42430779579809,47.38127205570884
2026-09-07 15:09:12.827767,-19695.454158499844,11245.808946074068,120.39099589530224,47.34659045562831
2026-09-07 15:09:12.927866,-19696.525993607822,11247.63650275148,120.33498759224085,47.3562118069755
2026-09-07 15:09:13.027945,-19697.596045318,11249.465112465008,120.27899047976166,47.38856806809028
2026-09-07 15:09:13.125831,-19698.641614717788,11251.255897173045,120.32280653189764,47.3543548265459
2026-09-07 15:09:13.226765,-19699.72037373768,11253.100286225535,120.40187224569763,47.34377125180986
2026-09-07 15:09:13.334964,-19700.879247589543,11255.075391010054,120.3050074637049,47.365516518242956
2026-09-07 15:09:13.426705,-19701.749092517442,11256.564976004314,120.28447476015504,46.87610427082776
2026-09-07 15:09:13.534997,-19702.89349231866,11258.52460032922,120.10269718530071,46.81270491758197
2026-09-07 15:09:13.627107,-19703.860282886646,11260.192220641218,119.97900544504387,46.80948547692788
2026-09-07 15:09:13.737048,-19705.009849628877,11262.185014631443,120.00361152041683,46.74608138766854
2026-09-07 15:09:13.832953,-19706.01204008005,11263.920606755348,120.07873781365788,46.6698214769922
2026-09-07 15:09:13.933610,-19707.06455582086,11265.73784561697,120.10126602177684,46.65838740334946
2026-09-07 15:09:14.033953,-19708.03386880879,11267.41103969085,120.12372395304033,46.2973757173994
2026-09-07 15:09:14.124450,-19708.973867486024,11269.031076104495,120.10346967117084,46.276815808750285
2026-09-07 15:09:14.235986,-19710.131179656026,11271.027265743996,120.30317411066358,46.19787278910998
2026-09-07 15:09:14.334044,-19711.15300698508,11272.775691278324,120.32512063233344,46.176451939605464
2026-09-07 15:09:14.435616,-19712.134111548767,11274.45271135813,120.31375413444903,45.81984162313452
2026-09-07 15:09:14.542956,-19713.243860823444,11276.35077350069,120.31375413444903,45.887373331706456
2026-09-07 15:09:14.621540,-19714.057509692087,11277.74239965459,120.34893016208366,45.93750020793677
2026-09-07 15:09:14.744447,-19715.332800946457,11279.920526800115,120.3764381791641,46.0406008812546
2026-09-07 15:09:14.833751,-19716.26226633536,11281.506255906177,120.31647635541071,46.09990681584658
2026-09-07 15:09:14.943471,-19717.403647841198,11283.458207457683,120.18141498390673,46.10661797424404
2026-09-07 15:09:15.041359,-19718.417984638625,11285.202313620892,120.1266437996785,46.098919837611966
2026-09-07 15:09:15.141821,-19719.457108687173,11286.992976975756,120.08167466997975,46.05502782710955
2026-09-07 15:09:15.241850,-19720.489370559553,11288.775035554385,120.12644997879966,46.025309901280764
2026-09-07 15:09:15.341646,-19721.519951605194,11290.550991077402,120.15995323824654,46.000893322227434
2026-09-07 15:09:15.441659,-19722.553265673298,11292.329260184575,120.15995323824654,45.979919318223324
2026-09-07 15:09:15.532629,-19723.492720758353,11293.946003831934,120.04797244198608,45.94255907431338
2026-09-07 15:09:15.643073,-19724.467145876195,11295.63225919496,119.93673850516393,45.12804977912779
2026-09-07 15:09:15.741500,-19725.4580818624,11297.352995511857,119.88166573475246,45.04720429759929
2026-09-07 15:09:15.842363,-19726.404812893637,11299.00186103511,119.76879416816973,44.48358752926731
2026-09-07 15:09:15.942041,-19727.388973241486,11300.722474199789,119.64609413728431,44.24232341210218
2026-09-07 15:09:16.020728,-19728.119531421224,11302.0072656313,119.61087200445195,43.84839173615131
2026-09-07 15:09:16.146001,-19729.332859932252,11304.142166727806,119.61087200445195,43.578015771822045
2026-09-07 15:09:16.241874,-19730.214397133615,11305.694294928144,119.71815947064829,43.35598610402062
2026-09-07 15:09:16.341766,-19731.17418404572,11307.37574200316,119.8187659356172,43.3690789969944
2026-09-07 15:09:16.443001,-19732.0959034567,11308.984299539767,119.7961083643711,43.018938689033924
2026-09-07 15:09:16.541607,-19733.038208557173,11310.629916167145,119.82921212004294,43.05685007559888
2026-09-07 15:09:16.642777,-19733.94542161526,11312.212377269845,119.87449816702224,42.52656628362083
2026-09-07 15:09:16.742749,-19734.89210167847,11313.860401348289,120.10943458705947,42.54403745510436
2026-09-07 15:09:16.842869,-19735.78708870333,11315.402965496012,120.19906667213536,41.99201237793509
2026-09-07 15:09:16.938782,-19736.69274539173,11316.959097791718,120.20979989498778,42.007098014147736
2026-09-07 15:09:17.043497,-19737.62268892099,11318.555461939228,120.22151811286199,41.43701327881755
2026-09-07 15:09:17.143076,-19738.55115900919,11320.14935606779,120.2438050520343,41.50314274290354
2026-09-07 15:09:17.244772,-19739.43974635014,11321.672751450076,120.2324246778287,40.916547766019605
2026-09-07 15:09:17.344252,-19740.355942285234,11323.244886531515,120.21015989600846,41.05128298266688
2026-09-07 15:09:17.444183,-19741.21071134153,11324.712562007957,120.29962277948539,40.36375760447703
2026-09-07 15:09:17.545085,-19742.129293075028,11326.284550004517,120.41253798933735,40.41842207102365
2026-09-07 15:09:17.640513,-19743.002149878128,11327.77155276974,120.50864852610766,40.49263498401801
2026-09-07 15:09:17.740583,-19743.921765770538,11329.332212017092,120.59823584885567,40.525862750269354
2026-09-07 15:09:17.841605,-19744.75758082503,11330.743848610437,120.64345564758969,39.69353132966765
2026-09-07 15:09:17.941306,-19745.65930816528,11332.265950330158,120.6099842813012,39.70572799761124
2026-09-07 15:09:18.042354,-19746.498522851154,11333.683491778607,120.73437073288437,38.99453909071468
2026-09-07 15:09:18.142329,-19747.38918361418,11335.181487721267,122.19997047496145,39.00676927775052
2026-09-07 15:09:18.242562,-19748.320555502225,11336.66048287051,122.16632050698536,39.0260377401644
2026-09-07 15:09:18.341840,-19749.242648232135,11338.126651879104,122.05522264763954,38.99567543687498
2026-09-07 15:09:18.442452,-19750.085299802213,11339.4675581113,122.08899985253242,38.256737094027805
2026-09-07 15:09:18.541846,-19750.988329268384,11340.907724572045,122.18910475561893,38.39482986466914
2026-09-07 15:09:18.641309,-19751.89777314299,11342.352506148947,122.14458280157442,38.46262051609295
2026-09-07 15:09:18.741863,-19752.817678693278,11343.816429568793,122.04330960173365,38.50831000976242
2026-09-07 15:09:18.839521,-19753.60417786133,11345.070529076387,121.96681011218334,37.6836556988638
2026-09-07 15:09:18.942015,-19754.518300991556,11346.53531931731,122.05856751258034,37.68813367832313
2026-09-07 15:09:19.041858,-19755.411170478572,11347.960964349439,122.11443257619294,37.67504720780315
2026-09-07 15:09:19.141618,-19756.304375928492,11349.384059394666,122.11443257619294,37.68376426891625
2026-09-07 15:09:19.241347,-19757.1975104197,11350.807041385286,122.03631078797912,37.76480774552069
2026-09-07 15:09:19.334021,-19758.02744035572,11352.133335827732,121.96371546865453,37.83202018386514
2026-09-07 15:09:19.874517,-19762.866574437987,11359.888493337612,121.903230820913,37.91703187185727
2026-09-07 15:09:19.974613,-19763.691963232886,11361.214462372196,121.89202949601804,37.54423269449441
2026-09-07 15:09:20.074859,-19764.58086528482,11362.64298615934,121.88081138525035,37.55999984480535
2026-09-07 15:09:20.174005,-19765.460105858787,11364.056600264727,121.8697163708839,37.57559398207495
2026-09-07 15:09:20.274215,-19766.34887428556,11365.486150113298,121.85850228872573,37.5913554701409
2026-09-07 15:09:20.374303,-19767.23665344785,11366.914732261816,121.84730185907756,37.60709776948771
2026-09-07 15:09:20.474347,-19768.124134669968,11368.343457893565,121.83610635328523,37.622833148312864
2026-09-07 15:09:20.574583,-19769.013411314303,11369.775698210377,121.82488936157574,37.638598725777975
2026-09-07 15:09:20.674664,-19769.901404798533,11371.206496896377,121.81368971526808,37.65433992413271
2026-09-07 15:09:20.774545,-19770.78771511329,11372.635206768211,121.80251245012437,37.670049665570836
2026-09-07 15:09:20.875025,-19771.679432228328,11374.073258437695,121.7912681533951,37.6858536204742
2026-09-07 15:09:20.974944,-19772.593862920497,11375.548465062991,121.78008663583023,37.82409973041516
2026-09-07 15:09:21.075126,-19773.486007683216,11376.988464519593,121.768875687035,37.83985681451278
2026-09-07 15:09:21.175284,-19774.378028459665,11378.42889331511,121.75766742397946,37.8556101237804
2026-09-07 15:09:21.274978,-19775.2660058238,11379.863419693354,121.74651108522403,37.8712904530015
2026-09-07 15:09:21.375609,-19776.16241826136,11381.312203199182,121.73524989071598,37.887118157876905
2026-09-07 15:09:21.475774,-19777.05476894868,11382.755055814667,121.72404084431946,37.90287256813661
2026-09-07 15:09:21.575790,-19777.94588074695,11384.19653556287,121.71284847189031,37.918603542993445
2026-09-07 15:09:21.675882,-19778.83775787243,11385.639883628073,121.70164759461863,37.93434647147859
2026-09-07 15:09:21.776481,-19779.734241093698,11387.091320305162,121.69038998109681,37.95016914324734
2026-09-07 15:09:23.762964,-19797.662052969783,11416.129358323851,123.24648303543563,40.772650436908016
2026-09-07 15:09:23.861948,-19798.651181088688,11417.638231410467,123.25755992105928,40.91536312760684
2026-09-07 15:09:23.957799,-19799.61263775505,11419.104274634145,123.32191762920888,41.02508206529977
2026-09-07 15:09:24.056537,-19800.607409339336,11420.61740792544,123.29981891562488,41.1752050618437
2026-09-07 15:09:24.157798,-19801.630732190304,11422.175278809435,123.15250687835828,41.317661387410205
2026-09-07 15:09:24.259544,-19802.658471835275,11423.748674549679,122.97033136640994,41.37633933709032
2026-09-07 15:09:24.357359,-19803.665858910805,11425.30259585554,122.8718167569225,41.538740026372864
2026-09-07 15:09:24.457198,-19804.67211579989,11426.85971110117,122.804781366327,41.61551091096932
2026-09-07 15:09:24.555745,-19805.6653843227,11428.400679723623,122.81580934910744,41.68956610247903
2026-09-07 15:09:24.655287,-19806.670767068266,11429.959783425058,122.77125203282412,41.78437443548614
2026-09-07 15:09:24.755548,-19807.684490368752,11431.53450872646,122.81613119024405,41.84219597061164
2026-09-07 15:09:24.856159,-19808.704399330767,11433.11611954439,122.77109536467697,41.89494450122411
2026-09-07 15:09:24.955793,-19809.771854206323,11434.775207024266,122.83799311111466,42.092651120461966
2026-09-07 15:09:25.056167,-19810.79605675057,11436.362146265747,122.79306337226421,42.08914283540917
2026-09-07 15:09:25.156620,-19811.81973434511,11437.951005375235,122.84926974862583,42.087387312273655
2026-09-07 15:09:25.256803,-19812.842171795208,11439.534525583142,122.87169187002792,42.096141335263766
2026-09-07 15:09:25.356950,-19813.865073949433,11441.11740583201,122.83807077375309,42.13201993218742
2026-09-07 15:09:25.457223,-19814.88920501632,11442.704229602847,122.90539756710223,42.15655321640136
2026-09-07 15:09:25.556811,-19815.995638734927,11444.41535312051,122.9499754740566,42.54186105434775
2026-09-07 15:09:25.657083,-19817.03284914674,11446.015574084175,122.91631241309938,42.60406983320423
2026-09-07 15:09:25.777607,-19818.280236711464,11447.942538518206,122.88933773915392,42.58721955135026
2026-09-07 15:09:25.865924,-19819.193265267186,11449.35444183199,122.86957136665683,42.58413268412361
2026-09-07 15:09:25.976254,-19820.33317486815,11451.11852736362,122.8572247976067,42.54846220091741
2026-09-07 15:09:26.067708,-19821.27695470963,11452.579779790614,122.8981617368222,42.57003865730275
2026-09-07 15:09:26.155755,-19822.18704144826,11453.986658672957,123.03610334030486,42.63081790279812
2026-09-07 15:09:26.256808,-19823.330384023684,11455.746067536229,123.01348650277691,43.133300087229486
2026-09-07 15:09:26.356171,-19824.374262408346,11457.3526712465,122.92453211934321,43.12982713877968
2026-09-07 15:09:26.456324,-19825.423840358653,11458.973549578492,122.85728589818405,43.18146040810401
2026-09-07 15:09:26.556360,-19826.4715440749,11460.59570333575,122.8908697298209,43.17971217248751
2026-09-07 15:09:26.678670,-19827.75363973963,11462.578214138097,122.75399772215997,43.227805865865065
2026-09-07 15:09:26.775622,-19828.852091720586,11464.285253899197,122.6346532991738,43.69562353833135
2026-09-07 15:09:26.875429,-19829.903471967773,11465.92706278882,122.56763939449593,43.715682224704494
2026-09-07 15:09:26.974988,-19830.95080408524,11467.56677002121,122.50079200567711,43.75309006467686
2026-09-07 15:09:27.055142,-19831.793180623285,11468.88899598965,122.51873140376733,43.774802100372774
2026-09-07 15:09:27.164697,-19833.02721299696,11470.823612085225,122.58003061396789,44.200579721271225
2026-09-07 15:09:27.277560,-19834.228075277206,11472.702790759487,122.65581077291154,44.227207136113854
2026-09-07 15:09:27.375192,-19835.26965592253,11474.327975071297,122.57933165022018,44.280100053973555
2026-09-07 15:09:27.475049,-19836.33402553064,11475.993606907983,122.53463333260402,44.26962940956813
2026-09-07 15:09:27.575806,-19837.406423087807,11477.674690610973,122.56845921652848,44.24321687168002
2026-09-07 15:09:27.660537,-19838.308545334636,11479.087012159345,122.50208597266601,44.26172642724272
2026-09-07 15:09:27.878826,-19840.74822498201,11482.915388959764,122.50208597266601,44.852251665231805
2026-09-07 15:09:27.975611,-19841.790974579944,11484.552046469518,122.41543953485098,44.83872029779265
2026-09-07 15:09:28.091207,-19843.033059193218,11486.508093362787,122.51892645561043,44.88013364307495
2026-09-07 15:09:28.178927,-19844.069172299056,11488.132982912688,122.40112991391766,45.38085079618068
2026-09-07 15:09:28.279866,-19845.166448447184,11489.861938088747,122.3333559449145,45.359682598144715
2026-09-07 15:09:28.381200,-19846.26545172164,11491.598150670092,122.3560356735129,45.409268345505126
2026-09-07 15:09:28.476455,-19847.30030205473,11493.231582925462,122.27075896292672,45.448388385448425
2026-09-07 15:09:28.580808,-19848.518009535117,11495.158942319315,122.27075896292672,45.97575016052207
2026-09-07 15:09:28.680894,-19849.61632085919,11496.898263711888,122.36036060961942,45.983621152910885
2026-09-07 15:09:28.781479,-19850.723029719633,11498.644827531472,122.37161665645999,45.98274223792286
2026-09-07 15:09:28.881179,-19851.820320278075,11500.375775534934,122.41624469722137,45.97403041962919
2026-09-07 15:09:28.982160,-19853.02090655319,11502.266374947782,122.47274650494614,46.53644815677268
2026-09-07 15:09:29.072659,-19854.031730423965,11503.854717333263,122.52338332867816,46.57203340047291
2026-09-07 15:09:29.175243,-19855.18000520781,11505.655525447804,122.54634282182496,46.57472254741725
2026-09-07 15:09:29.272845,-19856.273263544128,11507.368538155346,122.56818728538747,46.584103891228764
2026-09-07 15:09:29.376051,-19857.43021684465,11509.179830557458,122.49889117342923,46.57598753489041
2026-09-07 15:09:29.474708,-19858.533887999965,11510.91232123976,122.47681058858802,46.56995305845933
2026-09-07 15:09:29.580368,-19859.82126597779,11512.93490621158,122.48863455746164,47.18812562332796
2026-09-07 15:09:29.681100,-19860.96263961278,11514.727288445989,122.44354456947804,47.149396846261034
2026-09-07 15:09:29.788422,-19862.17618317004,11516.636318637842,122.32344500602267,47.09219207641381
2026-09-07 15:09:29.880134,-19863.208540773994,11518.267868385328,122.22081394096995,47.046513278095986
2026-09-07 15:09:29.988872,-19864.42790088021,11520.20262032246,122.06262454615558,46.887837198354795
2026-09-07 15:09:30.075908,-19865.396343624172,11521.74868982837,122.02366520657984,46.763871886246264
2026-09-07 15:09:30.176325,-19866.509511671047,11523.528494869131,121.96747897326554,46.61031866149288
2026-09-07 15:09:30.289529,-19867.758347059946,11525.529575779428,121.94214260051558,46.383796391394014
2026-09-07 15:09:30.388848,-19868.847909449687,11527.277164477395,122.15331570790568,46.276182664154845
2026-09-07 15:09:30.489187,-19869.952592360598,11529.034545085984,122.32174347803948,46.1937667135408
2026-09-07 15:09:30.588480,-19871.048910791393,11530.76729313696,122.27729761995192,46.06449052146347
2026-09-07 15:09:30.676631,-19872.018293566296,11532.302051104954,122.22797457053935,45.95280190893718
2026-09-07 15:09:30.776546,-19873.112884879243,11534.038351981742,122.25033671042229,45.867241979316795
2026-09-07 15:09:30.876742,-19874.209189072542,11535.775866341204,122.16063658660823,45.77005971514581
2026-09-07 15:09:31.105687,-19876.70269984313,11539.741533772454,122.10939603098086,45.654029043254035
2026-09-07 15:09:31.196067,-19877.68316403277,11541.30395837082,122.01836959939578,45.57584444987313
2026-09-07 15:09:31.303896,-19878.84795808349,11543.166689328717,121.97010282901192,45.50612066606743
2026-09-07 15:09:31.396745,-19879.848050798795,11544.769032139988,122.00127385927772,45.48502640926155
2026-09-07 15:09:31.491955,-19880.873992211033,11546.410800382362,121.97996475315472,45.498337578284456
2026-09-07 15:09:31.591776,-19881.949294099446,11548.132982880972,122.10284081189411,45.4712981652146
2026-09-07 15:09:31.692595,-19883.03842689809,11549.869018113955,122.14796974310275,45.4942031170925
2026-09-07 15:09:31.793027,-19884.12528799433,11551.598405064477,122.15920866835268,45.46348788467482
2026-09-07 15:09:31.892944,-19885.206183047063,11553.317550389274,122.20393384336535,45.42070706353745
2026-09-07 15:09:31.993149,-19886.290517856218,11555.039182690163,122.19272032073604,45.43646776518048
2026-09-07 15:09:32.092870,-19887.369654206523,11556.753305081702,122.20387968094883,45.48787831953524
2026-09-07 15:09:32.192904,-19888.453737821546,11558.474542162017,122.24865722788468,45.47913731621339
2026-09-07 15:09:32.293149,-19889.54124673753,11560.198228986874,122.24865722788468,45.470377875643194
2026-09-07 15:09:32.413000,-19890.841201122665,11562.258638987774,122.27548127659747,45.48713406636438
2026-09-07 15:09:32.612411,-19893.006499103532,11565.687049065486,122.16390501987394,45.718881216717264
2026-09-07 15:09:32.703920,-19894.002127806292,11567.270291690043,122.19462618874581,45.7268773027778
2026-09-07 15:09:32.791832,-19894.959603560957,11568.791053686025,122.25365337509606,45.6346959543526
2026-09-07 15:09:32.892671,-19896.057449999644,11570.530789164157,122.18594654958451,45.63822049214564
2026-09-07 15:09:32.992511,-19897.142467748534,11572.25470570105,121.98483836349351,45.66875467253218
2026-09-07 15:09:33.092299,-19898.221587421263,11573.982675494346,121.96250464768855,45.67398637718948
2026-09-07 15:09:33.215976,-19899.558363884065,11576.125083550965,122.10090640790031,45.701003717989515
2026-09-07 15:09:33.310703,-19900.58679983006,11577.764493312814,122.1751099257549,45.70265917317809
2026-09-07 15:09:33.411546,-19902.844834155432,11581.354536920147,122.23153451846429,47.98351057020032
2026-09-07 15:09:33.510766,-19903.97995826803,11583.154885182548,122.27594770005248,47.98611153292178
2026-09-07 15:09:33.611239,-19905.130892510977,11584.977176361743,122.33216526699607,47.95977344306964
2026-09-07 15:09:33.691174,-19906.047479392444,11586.42527291832,122.40372680036126,47.97164751159539
2026-09-07 15:09:33.815021,-19907.470743332986,11588.667655618974,122.3621492003299,48.036578257445875
2026-09-07 15:09:33.911086,-19908.574963423,11590.410171444812,122.38364966540371,48.02566580938473
2026-09-07 15:09:34.011145,-19909.72551214723,11592.22429021249,122.36125529664469,47.95222303161317
2026-09-07 15:09:34.111153,-19910.873008168313,11594.035160159261,122.22695757045221,48.02125900993725
2026-09-07 15:09:34.209763,-19912.00189804887,11595.82593776731,122.09453717628526,48.006610834578225
2026-09-07 15:09:34.312435,-19913.17262017429,11597.692624090947,122.03708920485792,47.978799145467626
2026-09-07 15:09:34.413407,-19914.321450801264,11599.528491886316,122.00319114168019,47.97615225564793
2026-09-07 15:09:34.511820,-19915.440045313666,11601.318395469447,122.04724309128346,47.93487532852732
2026-09-07 15:09:34.613208,-19916.90359910222,11603.653679196259,122.1266644417774,48.716740045967995
2026-09-07 15:09:34.813530,-19919.22364015349,11607.348320836689,122.23875042950795,48.66247702210547
2026-09-07 15:09:34.927274,-19920.543602533256,11609.441245040774,122.30239350709508,48.71813535245622
2026-09-07 15:09:35.018782,-19921.60860968958,11611.125763968756,122.14878934132321,48.6941473564156
2026-09-07 15:09:35.116022,-19922.734970342357,11612.917944748691,122.15967106319772,48.71029139553961
2026-09-07 15:09:35.216331,-19923.897616592032,11614.767080853566,122.17089622403205,48.67523126389592
2026-09-07 15:09:35.311388,-19924.998938779772,11616.517922499419,122.18153365550302,48.69848837595524
2026-09-07 15:09:35.411615,-19926.161057855632,11618.364655984384,122.13666971727457,48.733519846852694
2026-09-07 15:09:35.512005,-19927.324454444213,11620.216634978056,122.11420126686335,48.73439705792441
2026-09-07 15:09:35.612009,-19928.67013065222,11622.359939580223,122.09181920774449,49.34778458859246
2026-09-07 15:09:35.712819,-19929.851645494422,11624.24403317018,122.0692567564447,49.40063745131169
2026-09-07 15:09:35.815359,-19931.053967890395,11626.162985839352,122.01188264285815,49.48934123760598
2026-09-07 15:09:35.916919,-19932.245030426144,11628.0682049922,121.95505686778665,49.439644901707624
2026-09-07 15:09:36.017085,-19933.41670259775,11629.946549399247,122.10077592571474,49.49040961935034
2026-09-07 15:09:36.116179,-19934.581752578342,11631.803742334945,122.14513270677003,49.56054643247109
2026-09-07 15:09:36.216235,-19935.86083789437,11633.839292476738,122.16752640409413,49.99379209713537
2026-09-07 15:09:36.309065,-19936.965389679826,11635.595497589306,122.31296144505268,49.986491733213796
2026-09-07 15:09:36.410720,-19938.17964741985,11637.515301718966,122.33571301718712,50.07620646616554
2026-09-07 15:09:36.510852,-19939.378611934026,11639.409261308061,122.31330231017864,50.06833185623131
2026-09-07 15:09:36.728150,-19941.97848661585,11643.519743175191,122.36193613164983,50.05693931445652
2026-09-07 15:09:36.826923,-19943.161578242656,11645.386737679279,122.49457541359925,50.050034661069795
2026-09-07 15:09:36.926815,-19944.362275313015,11647.271848383245,122.55046789413768,50.01773885840113
2026-09-07 15:09:37.026736,-19945.5643836786,11649.155117831373,122.59519485964324,49.97495632460941
2026-09-07 15:09:37.133120,-19946.84471451053,11651.157485316531,122.70233975782594,49.91825152749953
2026-09-07 15:09:37.233026,-19948.04922875129,11653.033540544897,122.75824007177152,49.86499963379315
2026-09-07 15:09:37.332788,-19949.252548960412,11654.903720132055,122.78056796847363,49.80572242985167
2026-09-07 15:09:37.432755,-19950.45763780838,11656.775045507025,122.79175485751784,49.79873431077955
2026-09-07 15:09:37.527729,-19951.602723122545,11658.55243177333,122.88740814711014,49.71076640662108
2026-09-07 15:09:37.628808,-19952.82241334621,11660.43869464316,122.95527611700163,49.66572159624338
2026-09-07 15:09:37.733443,-19954.086178612804,11662.388052069866,123.10749656731718,49.58160562647558
2026-09-07 15:09:37.832584,-19955.286454706333,11664.228745394019,123.17406329634105,49.46119030604844
2026-09-07 15:09:37.932567,-19956.496135550227,11666.079159146764,123.19644065541547,49.195599279518376
2026-09-07 15:09:38.032508,-19957.861744406935,11668.171577882946,123.1069688194732,49.48721087692758
2026-09-07 15:09:38.139129,-19959.150103326618,11670.14739112956,122.99958522617794,49.29622103786116
2026-09-07 15:09:38.225737,-19960.189597228225,11671.748096737429,121.72994119055079,49.02377897451112
2026-09-07 15:09:38.326370,-19961.34946940338,11673.623896569052,121.92138530198758,48.71952926740996
2026-09-07 15:09:38.427137,-19962.613165048686,11675.648305696795,122.0905315074815,48.76331650909568
2026-09-07 15:09:38.527996,-19963.781211823964,11677.511015546012,122.19211188879626,48.431944246546465
2026-09-07 15:09:38.627922,-19964.967679507838,11679.395027184386,122.2815702960404,48.30504573678175
2026-09-07 15:09:38.728183,-19966.12399829882,11681.225445923616,122.24791092797545,47.950231771238954
2026-09-07 15:09:38.828082,-19967.281868171598,11683.06051027998,122.37088300190794,47.676132498441476
2026-09-07 15:09:38.928494,-19968.427669917502,11684.868034632249,122.44953981184403,47.34886106439754
2026-09-07 15:09:39.027936,-19969.56723306769,11686.660271546627,122.42728353486609,47.094757210987765
2026-09-07 15:09:39.127882,-19970.695558803345,11688.436358425784,122.40491445682233,46.79869787135932
2026-09-07 15:09:39.247995,-19972.04946265565,11690.569349572781,122.44523848786525,46.51297795495319
2026-09-07 15:09:39.337298,-19973.04567257549,11692.136389023843,122.46522553863815,46.26717321537452
2026-09-07 15:09:39.440042,-19974.187149880534,11693.930552503827,122.4307325841246,45.989423085798784
2026-09-07 15:09:39.547259,-19975.369263649947,11695.791059164605,122.4067361716559,45.98473875770454
2026-09-07 15:09:39.626315,-19976.18781444511,11697.08065132521,122.45097030393299,45.51837386360505
2026-09-07 15:09:39.727476,-19977.292347846687,11698.817699907475,122.4622908085255,45.486551732196226
2026-09-07 15:09:39.827523,-19978.329902843707,11700.448641815523,122.56305338211246,44.99309913653588
2026-09-07 15:09:39.927961,-19979.417219830604,11702.15124990292,122.72040773570279,44.98783335355226
2026-09-07 15:09:40.027461,-19980.441248523188,11703.744370228884,122.82061939694108,44.48037722623292
2026-09-07 15:09:40.132297,-19981.57113062372,11705.496219174333,122.7502288460696,44.52251600296431
2026-09-07 15:09:40.227441,-19982.535254532453,11706.994579422379,122.72893451151481,43.94917087834995
2026-09-07 15:09:40.349975,-19983.83686823521,11709.019800727023,122.87976945588093,44.0123425359477
2026-09-07 15:09:40.446489,-19984.80080844183,11710.510181520121,123.04177662962866,43.43928487054664
2026-09-07 15:09:40.547021,-19985.865268488702,11712.14669267445,123.0192763979644,43.57368800701094
2026-09-07 15:09:40.646376,-19986.919883884242,11713.769462457669,123.07486841137779,43.63532787879255
2026-09-07 15:09:40.733717,-19987.84967237615,11715.19712356604,123.21170393774173,43.63914382122779
2026-09-07 15:09:40.832942,-19988.810803452216,11716.663511026081,123.3782617616339,42.76020141543275
2026-09-07 15:09:40.934284,-19989.876583858477,11718.281187019158,123.41228404027106,42.776140949646695
2026-09-07 15:09:41.048046,-19990.993512725967,11719.9727469462,123.41228404027106,42.0897602059381
2026-09-07 15:09:41.145899,-19992.007378091555,11721.509637392051,123.43418468055506,42.019646705887766
2026-09-07 15:09:41.246393,-19993.047474883617,11723.084980973827,123.467922270788,42.047746540354474
2026-09-07 15:09:41.345910,-19994.079067695126,11724.645445181746,123.5458779907658,42.02948530219626
2026-09-07 15:09:41.433177,-19994.89705613232,11725.877830642921,123.50681525021287,41.316546486736186
2026-09-07 15:09:41.534708,-19995.932285529463,11727.44148750317,123.65452007690556,41.305013131569424
2026-09-07 15:09:41.642611,-19996.963849063686,11728.989787635417,123.67867002415869,40.71396008802855
2026-09-07 15:09:41.747930,-19998.02682923192,11730.58494531253,123.57259774325462,40.76825665719742
2026-09-07 15:09:41.847592,-19998.95940639027,11731.98957526078,123.72873635202359,40.11527052119905
2026-09-07 15:09:41.947621,-19999.955453069833,11733.48146274099,123.78470548804808,40.10390778485276
2026-09-07 15:09:42.047826,-20000.954428672925,11734.97457672559,123.964121850114,40.130175620924476
2026-09-07 15:09:42.133290,-20001.810990772214,11736.24619916659,124.05019712062699,40.18469108654276
2026-09-07 15:09:42.239647,-20002.782991035816,11737.682594327462,124.06209908785695,39.5270157707128
2026-09-07 15:09:42.333560,-20003.712438416213,11739.0573403587,124.06209908785695,39.6812913598659
2026-09-07 15:09:42.439797,-20004.767958890745,11740.618561159212,124.06209908785695,39.75462724528723
2026-09-07 15:09:42.538978,-20005.755195462225,11742.078783208533,124.21748412283819,39.86469138768779
2026-09-07 15:09:42.763417,-20007.85537137001,11745.16496527638,124.29283221341325,39.00181800430496
2026-09-07 15:09:42.860165,-20008.805773872224,11746.558577716298,124.30365887762491,38.9696932923105
2026-09-07 15:09:42.961606,-20009.801733062628,11748.01839902781,124.32636255406851,39.0042626873171
2026-09-07 15:09:43.061641,-20010.676890583476,11749.298695676302,124.33755705270823,38.25691763234322
2026-09-07 15:09:43.149524,-20011.524688330537,11750.539772395608,124.42606862481489,38.246166689334764
2026-09-07 15:09:43.249711,-20012.493093716235,11751.95271330236,124.49333767476105,38.232159693316504
2026-09-07 15:09:43.349278,-20013.45680108171,11753.355265574193,124.45991129461186,38.3035013063433
2026-09-07 15:09:43.464514,-20014.573300753418,11754.982220175614,124.3567466626123,38.28739033193386
2026-09-07 15:09:43.562667,-20015.52139083816,11756.36911563207,124.2908433112857,38.35857645167426
2026-09-07 15:09:43.664200,-20016.502298929205,11757.80756688113,124.25675691061406,38.40559797973942
2026-09-07 15:09:43.763928,-20017.466108265082,11759.222751709816,124.26791705416736,38.43522648054472
2026-09-07 15:09:43.848180,-20018.28121284695,11760.419088787954,124.32448678872424,38.51620811809393
2026-09-07 15:09:43.949343,-20019.263407508777,11761.857611304862,124.32448678872424,38.586041398183525
2026-09-07 15:09:44.065177,-20020.39008242235,11763.507739630126,124.36337428476418,38.65588052401679
2026-09-07 15:09:44.163909,-20021.353106718172,11764.916131599302,124.3191795433354,38.703330311787454
2026-09-07 15:09:44.263303,-20022.32268287211,11766.336455544844,124.30805677632566,38.70680434375328
2026-09-07 15:09:44.363713,-20023.3019793116,11767.771616892645,124.25187445971528,38.71733297374165
2026-09-07 15:09:44.455828,-20024.199327380175,11769.089456375948,124.15910061876093,38.73665066623001
2026-09-07 15:09:44.549344,-20025.10860938652,11770.42948080767,124.20096055717454,38.770153645549534
2026-09-07 15:09:44.656933,-20026.156758890516,11771.971730349578,124.20096055717454,38.73536934737432
2026-09-07 15:09:44.754844,-20027.109767946815,11773.373990022372,124.1133060717384,38.772157975419354
2026-09-07 15:09:44.855768,-20028.09082224318,11774.8222765522,124.04554217425903,38.78274050159151
2026-09-07 15:09:44.955518,-20029.059034957863,11776.255252675608,124.14600562359078,38.77751078920559
2026-09-07 15:09:45.056072,-20029.179950155794,11776.43759451512,124.14600562359078,36.028668604398014
2026-09-07 15:09:45.155945,-20029.606987573647,11777.069321731664,124.14600562359078,34.417713357448385
2026-09-07 15:09:45.256063,-20030.152843491076,11777.875442187707,124.14600562359078,33.20038697775642
2026-09-07 15:09:45.355810,-20031.31467411267,11779.587274764983,124.12368108406304,34.639570590110196
2026-09-07 15:09:45.456034,-20032.185314719318,11780.872061408629,124.04517154218524,34.66234036462702
2026-09-07 15:09:45.556686,-20033.05847810534,11782.164380454838,123.94379964141194,34.628919348051326
2026-09-07 15:09:45.656675,-20033.92278300043,11783.44848029753,123.89904223752342,34.58872882049786
2026-09-07 15:09:45.756274,-20034.96494686425,11784.997176145833,123.89904223752342,35.721294979981245
2026-09-07 15:09:45.857517,-20035.86664994069,11786.339100340962,123.89904223752342,35.72217964459459
2026-09-07 15:09:45.956579,-20036.748950172278,11787.652149014157,123.96555592318896,35.69794264958296
2026-09-07 15:09:46.191238,-20038.841140154746,11790.75797406566,123.70295884653342,35.68358944398335
2026-09-07 15:09:46.287246,-20039.69096064194,11792.032083585944,123.82114123949123,35.66345533965264
2026-09-07 15:09:46.388065,-20040.585618756388,11793.36744178139,123.84370570509577,35.70045564653234
2026-09-07 15:09:46.487892,-20041.472914213195,11794.69068328,123.8772193717839,35.68824356469962
2026-09-07 15:09:46.578664,-20042.28015325266,11795.893014061836,123.73500856129272,35.71600446836595
2026-09-07 15:09:46.678641,-20043.166652171378,11797.220505232694,123.65669250457654,35.71513086610162
2026-09-07 15:09:46.773954,-20044.010043986516,11798.487191009017,123.65669250457654,35.68348263901344
2026-09-07 15:09:46.879057,-20044.939240011932,11799.882745682044,123.66845414190902,35.7027689007993
2026-09-07 15:09:46.974013,-20045.77944097331,11801.144077777188,123.59407123902588,35.742595873777105
2026-09-07 15:09:47.079223,-20046.70959393246,11802.544384866078,123.52342957149585,35.771095053800146
2026-09-07 15:09:47.179161,-20047.592200115458,11803.876673322802,122.05837223692515,35.804278990081016
2026-09-07 15:09:47.386990,-20049.357849409764,11806.695907547817,121.84905676613653,35.80972703968228
2026-09-07 15:09:47.591556,-20051.085890971062,11809.47763239796,121.78038038860609,35.723926831647205
2026-09-07 15:09:47.690628,-20051.919170568202,11810.822602941027,121.7471201885985,35.717866971232034
2026-09-07 15:09:47.790679,-20052.75975316136,11812.181121867285,121.79190534513032,35.70213049141479
2026-09-07 15:09:47.906392,-20053.732719650707,11813.750851304707,121.83075221935746,35.72134146631357
2026-09-07 15:09:48.004793,-20054.561469695014,11815.085887800911,121.8858104420126,35.71704231068711
2026-09-07 15:09:48.105317,-20055.409308143546,11816.448749447836,122.05454875079477,35.68015026802874
2026-09-07 15:09:48.204922,-20056.252497082292,11817.795279475109,122.18830530044488,35.658391475121505
2026-09-07 15:09:48.305340,-20057.10521480515,11819.149985379592,122.24449209328804,35.704019173425905
2026-09-07 15:09:48.407189,-20057.972539516766,11820.52490470857,122.35846705124959,35.734277808699034
2026-09-07 15:09:48.505039,-20058.80914399633,11821.845297073934,122.36941703567413,35.71803249577961
2026-09-07 15:09:48.604813,-20059.662067782905,11823.190876930446,122.36941703567413,35.76511123174283
2026-09-07 15:09:48.705318,-20060.52237301181,11824.548101813465,122.32442865817461,35.73261724176151
2026-09-07 15:09:48.796675,-20061.302694434668,11825.78128384614,122.33465203811397,35.70467742688197
2026-09-07 15:09:48.896982,-20062.15903332696,11827.134065929278,122.26730241597761,35.744995774373244
2026-09-07 15:09:48.996613,-20063.008979748498,11828.480248503114,122.2784517046664,35.76937198371693
2026-09-07 15:09:49.096738,-20063.86398636709,11829.833862074769,122.11038315221299,35.74574980540235
2026-09-07 15:09:49.197358,-20064.718661239567,11831.19578223548,121.94148369905065,35.751025130317345
2026-09-07 15:09:49.297080,-20065.561850259208,11832.548238378107,120.46843337942641,35.81463543714112
2026-09-07 15:09:49.397452,-20066.37670822302,11833.933337130846,120.38980790311962,35.83743883560658
2026-09-07 15:09:49.497136,-20067.18460634125,11835.310927532215,120.25594526675286,35.828728415398096
2026-09-07 15:09:49.597528,-20067.994801939745,11836.69986166986,120.14360077657966,35.86294032876155
2026-09-07 15:09:49.698517,-20068.80784998094,11838.0999864103,120.07579323583082,35.864705219067794
2026-09-07 15:09:49.805617,-20069.66838128902,11839.585927377586,119.93197187678743,35.87219196522026
2026-09-07 15:09:49.906131,-20071.35291279468,11842.395626320471,119.88697947067794,37.54056439093125
2026-09-07 15:09:50.005763,-20072.186073603018,11843.845299624036,119.89812887127255,37.56232908201034
2026-09-07 15:09:50.105750,-20073.02297106592,11845.300818912834,119.86456148979096,37.56931859916765
2026-09-07 15:09:50.433645,-20075.765186056153,11850.076509963385,119.71778805523286,37.69252035579178
2026-09-07 15:09:50.532097,-20076.775140439775,11851.824655703664,119.6847360000495,38.17800631304674
2026-09-07 15:09:50.633244,-20077.630044071993,11853.324389543726,119.70737387587155,38.18419309338239
2026-09-07 15:09:50.732526,-20078.469902194243,11854.796377360366,119.72959434298718,38.17638532939594
2026-09-07 15:09:50.832958,-20079.31989211044,11856.284781453442,119.80826681973804,38.22728485740238
2026-09-07 15:09:50.932612,-20080.166451832956,11857.762463635441,119.86402613235123,38.248183574519416
2026-09-07 15:09:51.033082,-20081.021860287325,11859.252228263658,119.87526931002253,38.222724181204505
2026-09-07 15:09:51.132528,-20082.017683423368,11860.975670845253,119.86414072391017,38.67355091337276
2026-09-07 15:09:51.232332,-20082.876874644477,11862.472016544458,119.8306347787236,38.697969449745344
2026-09-07 15:09:51.332863,-20083.741988773625,11863.980719884723,119.8193847747973,38.720808971236714
2026-09-07 15:09:51.432186,-20084.596919115185,11865.472341983217,119.73046620122591,38.686961355181666
2026-09-07 15:09:51.532556,-20085.58711389666,11867.198757671596,119.70800222704725,39.21609566563497
2026-09-07 15:09:51.632214,-20086.452951931777,11868.71624084351,119.66339298646358,39.18910040584277
2026-09-07 15:09:51.732278,-20087.320533147104,11870.239533232922,119.61860201082914,39.19434658068172
2026-09-07 15:09:52.531974,-20094.425502811326,11882.73182537305,119.61860201082914,40.304296341231314
2026-09-07 15:09:52.630269,-20095.300795107156,11884.271454358586,119.58560266328664,40.333499107622465
2026-09-07 15:09:52.729722,-20096.186142784223,11885.830860366908,119.51882644656894,40.33436813115783
2026-09-07 15:09:52.829659,-20097.073991360063,11887.398924995767,119.54119351030795,40.36929824087955
2026-09-07 15:09:52.929806,-20098.065175882697,11889.145709856719,119.49636538194159,41.00998498091122
2026-09-07 15:09:53.022371,-20098.900726810647,11890.622759737218,119.4756482576031,41.067412334657526
2026-09-07 15:09:53.122516,-20099.80538684881,11892.223327812197,119.44202783276342,41.069162475165086
2026-09-07 15:09:53.222008,-20100.703253049043,11893.814054206317,119.43089409898357,41.09263531176808
2026-09-07 15:09:53.329083,-20101.75634173179,11895.67902110737,119.39494715215915,41.69004251145623
2026-09-07 15:09:53.429816,-20102.67780677629,11897.314695372681,119.25967584533828,41.75517791950137
2026-09-07 15:09:53.530440,-20103.595846721117,11898.953324487577,119.22589461183588,41.74462685024582
2026-09-07 15:09:53.629812,-20104.50128096963,11900.571690397848,119.2036540016727,41.73594369269839
2026-09-07 15:09:53.729896,-20105.48779225308,11902.334919352461,119.22605396572271,42.31709860577493
2026-09-07 15:09:53.824377,-20106.360471860404,11903.89472969866,119.27891883431812,42.34929614926936
2026-09-07 15:09:53.924781,-20107.352912662634,11905.664002254527,119.3350977937539,42.809443430847416
2026-09-07 15:09:54.024640,-20108.289170147862,11907.330001356522,119.26804897446027,42.756216589079905
2026-09-07 15:09:54.124575,-20109.223025929776,11908.996289379918,119.26804897446027,42.68548453245466
2026-09-07 15:09:54.225537,-20110.16491788487,11910.676916425877,119.36973309246969,42.676662440192224
2026-09-07 15:09:54.325446,-20111.178623103373,11912.478099155955,119.34737229545658,43.33295850214038
2026-09-07 15:09:54.425183,-20112.12553302039,11914.162208600415,119.4255003503963,43.255394544986096
2026-09-07 15:09:54.525676,-20113.08022149849,11915.854745927732,119.36927159287075,43.236076101026946
2026-09-07 15:09:54.625206,-20114.023694317835,11917.531242124414,119.39154756527296,43.151715553732515
2026-09-07 15:09:54.724994,-20115.067531935572,11919.384447188915,119.369213849468,43.79254820371491
2026-09-07 15:09:54.824917,-20116.026919356187,11921.089226724092,119.4027597450322,43.685153163212384
2026-09-07 15:09:54.925057,-20116.987030055367,11922.792956831676,119.481203486288,43.55739928492409
2026-09-07 15:09:55.024819,-20117.943035522858,11924.483984938965,119.49236743463916,43.58529443972008
2026-09-07 15:09:55.140434,-20119.052049714275,11926.444770296292,119.42767747811195,43.49740289722668
2026-09-07 15:09:55.239198,-20119.995625626114,11928.117457967068,119.35031161370785,43.41714361533915
2026-09-07 15:09:55.339626,-20120.951035461603,11929.816480755004,119.3390731360812,43.351327881568125
2026-09-07 15:09:55.439441,-20121.898843393254,11931.502759047407,119.29439361864274,43.28329731872699
2026-09-07 15:09:55.523853,-20122.883146147353,11933.255916646438,119.27550123059495,44.477291971652114
2026-09-07 15:09:55.625573,-20123.87217370023,11935.020110130341,119.24135205075845,44.46573714713976
2026-09-07 15:09:55.725464,-20124.842133008777,11936.752710462068,119.17428174554743,44.490176969359254
2026-09-07 15:09:55.824935,-20125.8065235007,11938.480104318178,119.15201897803195,44.46757826804058
2026-09-07 15:09:55.931670,-20126.840094317075,11940.333103613128,119.19979604855007,44.45638642139375
2026-09-07 15:09:56.025005,-20127.74502896539,11941.95230704801,119.22068550785025,44.51021366210487
2026-09-07 15:09:56.138881,-20128.851177899454,11943.929850699184,119.10599502407968,44.52911965345911
2026-09-07 15:09:56.239439,-20129.824876662027,11945.67881143485,119.0497298971627,44.52296890003101
2026-09-07 15:09:56.339221,-20130.789223516025,11947.414983665707,119.15022557537054,44.56482002073609
2026-09-07 15:09:56.439152,-20131.758969353177,11949.153684625604,119.16140843580524,44.6329296452943
2026-09-07 15:09:56.539271,-20132.732364943702,11950.898128951458,119.19502013199121,44.65742525111257
2026-09-07 15:09:56.631384,-20133.62935649528,11952.50343396705,119.27748397790174,44.69284025172774
2026-09-07 15:09:56.731194,-20134.779948838157,11954.55629119793,119.22163737874939,45.53972574884416
2026-09-07 15:09:56.831111,-20135.77298352286,11956.331542977938,119.18809349748994,45.5144064873547
2026-09-07 15:09:56.931771,-20136.771799728478,11958.119586552728,119.12050685882832,45.542552738249476
2026-09-07 15:09:57.031905,-20137.76391089172,11959.900558181193,119.07568454956458,45.5653020657705
2026-09-07 15:09:57.132756,-20138.76222086727,11961.695959809573,119.01925548062263,45.631395013619134
2026-09-07 15:09:57.231666,-20139.741000142654,11963.460325708516,118.89750083009903,45.666830443754016
2026-09-07 15:09:57.332215,-20140.732954425548,11965.25743305873,118.93125688479199,45.57106299809759
2026-09-07 15:09:57.432100,-20141.717341020107,11967.03834931496,118.95361231032575,45.57280859482831
2026-09-07 15:09:57.532674,-20142.841122441958,11969.067997628712,118.96486712620231,46.17428658301903
2026-09-07 15:09:57.632208,-20143.836089025463,11970.865563450614,118.9760055600268,46.2099455669746
2026-09-07 15:09:57.731339,-20144.828140678113,11972.657040927206,119.00928556736426,46.254122271310344
2026-09-07 15:09:57.832162,-20145.839148752606,11974.480250873657,119.03185092821514,46.2021435875656
2026-09-07 15:09:57.932543,-20146.845307518677,11976.293032013788,119.08801701848165,46.225826163160065
2026-09-07 15:09:58.031995,-20147.844426533276,11978.088978387092,119.12140479112304,46.23277828153874
2026-09-07 15:09:58.149251,-20149.023819915317,11980.206068489582,119.05579664734773,46.115975394772455
2026-09-07 15:09:58.236300,-20149.8953751422,11981.774790985315,119.00709019899978,46.1053264770302
2026-09-07 15:09:58.348204,-20151.15176176717,11984.040041349132,119.14483999590789,46.73154279471957
2026-09-07 15:09:58.436449,-20152.049588558122,11985.65015115774,119.18434051202621,46.74233802207618
2026-09-07 15:09:58.632554,-20154.047737879217,11989.227714044793,119.25017638414397,46.69607158234205
2026-09-07 15:09:58.745727,-20155.20210590509,11991.288971589185,119.14885864578719,46.74255032131116
2026-09-07 15:09:58.836114,-20156.12205825388,11992.938488068416,118.96679168248397,46.73781149410889
2026-09-07 15:09:58.937708,-20157.27180739114,11995.014304532659,118.86447104417402,47.26318300768203
2026-09-07 15:09:59.037230,-20158.286889580602,11996.855820779772,118.95356777180996,47.215353552403975
2026-09-07 15:09:59.137499,-20159.311436851887,11998.707690692265,118.9647884564115,47.207468168475806
2026-09-07 15:09:59.231301,-20160.27008353352,12000.439644431317,118.78633963205993,47.186977045617674
2026-09-07 15:09:59.331779,-20161.290731933455,12002.29724592734,118.78633963205993,47.044744282609884
2026-09-07 15:09:59.531926,-20163.3176827853,12005.98633899308,118.78633963205993,47.07097764714382
2026-09-07 15:09:59.632335,-20164.335122958684,12007.838101449492,118.79757598347624,47.0429015801252
2026-09-07 15:09:59.731857,-20165.505532469535,12009.965553160537,118.96463234779367,47.86158425725773
2026-09-07 15:09:59.832936,-20166.552857866274,12011.857731828844,118.96463234779367,47.897796751875106
2026-09-07 15:09:59.933048,-20167.590948571833,12013.73322639333,118.93102300162991,47.90042109757125
2026-09-07 15:10:00.032906,-20168.625364609747,12015.604672133606,118.91984831032005,47.90129366000973
2026-09-07 15:10:00.133359,-20169.66559593166,12017.487506021565,118.99853723722617,47.934648599584484
2026-09-07 15:10:00.232869,-20170.699342033036,12019.352545645694,119.0208087333956,47.98508085257079
2026-09-07 15:10:00.333113,-20171.856442140066,12021.438779984193,119.03202662035164,48.5723689657264
2026-09-07 15:10:00.433023,-20172.909260659308,12023.335613593155,119.06556815158888,48.555781646219195
2026-09-07 15:10:00.533208,-20173.965729434476,12025.236400505635,119.09920200512693,48.58204423947147
2026-09-07 15:10:00.652821,-20175.22908486136,12027.506276613885,119.04566044204194,48.591450879886764
2026-09-07 15:10:00.743864,-20176.18925420403,12029.23521709561,119.14754285716322,48.55167404573881
2026-09-07 15:10:00.852861,-20177.341507147725,12031.301370665675,119.22072724872078,48.55453130368832
2026-09-07 15:10:00.951999,-20178.39199783699,12033.179406775487,119.19853901048123,48.54846740630218
2026-09-07 15:10:01.031143,-20179.229941840953,12034.678820809611,119.15425563964345,48.550542094808804
2026-09-07 15:10:01.132883,-20180.42743221271,12036.826319691681,119.06317325514874,49.22084201497826
2026-09-07 15:10:01.237074,-20181.541110099133,12038.830233855906,119.06317325514874,49.20172310398875
2026-09-07 15:10:01.331959,-20182.554923962256,12040.654456088354,119.08440962248892,49.19094469734449
2026-09-07 15:10:01.454935,-20183.869468765337,12043.017739997746,119.00183924223825,49.14903653476396
2026-09-07 15:10:01.550733,-20184.889971597415,12044.858636473258,119.0125595959214,49.1398285884672
2026-09-07 15:10:01.651170,-20185.96005267387,12046.788116239226,118.97884114158387,49.13017474911558
2026-09-07 15:10:01.752028,-20187.15561544012,12048.946240618803,119.04656072435887,49.74413431118515
2026-09-07 15:10:01.838028,-20188.0841413451,12050.618140069759,119.07543242575412,49.73135930782974
2026-09-07 15:10:01.953721,-20189.33406913531,12052.866084791902,119.17900618542922,49.773818333448254
2026-09-07 15:10:02.050977,-20190.389120981316,12054.75550310599,119.24430725963612,49.75767163796239
2026-09-07 15:10:02.151422,-20191.480636817163,12056.704999193309,119.18810535950729,49.80418929612777
2026-09-07 15:10:02.251409,-20192.56628558625,12058.648486244472,119.0314575792604,49.814673571863715
2026-09-07 15:10:02.337585,-20193.49758884088,12060.32642848175,118.98323959981394,49.75744491223594
2026-09-07 15:10:02.438853,-20194.589076045955,12062.296882673396,119.05123447090455,49.70169727919416
2026-09-07 15:10:02.538574,-20195.80858512212,12064.492047133801,119.00659703005431,50.430516084727984
2026-09-07 15:10:02.639338,-20196.910141232354,12066.478767451408,118.96149271812601,50.451647583027906
2026-09-07 15:10:02.753186,-20198.15348547949,12068.72537940781,119.07615500163001,50.39494355486489
2026-09-07 15:10:02.852008,-20199.2354124909,12070.671123728715,119.05403748786807,50.429483948341975
2026-09-07 15:10:02.953112,-20200.442442617612,12072.843805189217,118.98615273210385,51.02289896006956
2026-09-07 15:10:03.052869,-20201.545090165906,12074.834168316236,119.07545984268017,51.00285032243367
2026-09-07 15:10:03.153094,-20202.655589743066,12076.831354770078,119.12032288566206,51.00285032243367
2026-09-07 15:10:03.238893,-20203.607586725415,12078.54032901044,119.13952570045308,51.026091470107815
2026-09-07 15:10:03.344666,-20204.782449687802,12080.647718715052,119.04483278660246,50.969712348203174
2026-09-07 15:10:03.438463,-20205.820052744886,12082.516154735109,119.05532921674103,50.95250072249574
2026-09-07 15:10:03.545131,-20207.00002828647,12084.640047393765,118.9956453670427,50.96554968064267
2026-09-07 15:10:03.638234,-20208.02827764868,12086.495390887956,119.03732043704304,50.9435841808412
2026-09-07 15:10:03.753691,-20209.304532258408,12088.79428243373,119.1536032287172,50.95165511688719
2026-09-07 15:10:03.848852,-20210.360446693838,12090.687216628585,119.16425229839342,50.96828551489408
2026-09-07 15:10:03.950919,-20211.637040290698,12092.975695832702,119.02718960321613,51.70973080670107
2026-09-07 15:10:04.051497,-20212.765184141797,12095.008645432948,118.94840275871798,51.66666696943259
2026-09-07 15:10:04.136177,-20213.711862818833,12096.720132015735,118.87259328044979,51.67406633526116
2026-09-07 15:10:04.242385,-20214.896541807568,12098.868602642813,118.75374034782226,51.70933219513947
2026-09-07 15:10:04.343886,-20216.02522548344,12100.925602869953,118.75374034782226,51.72707057565352
2026-09-07 15:10:04.435646,-20217.045939979773,12102.785831732725,118.84615664968373,51.75112463121902
2026-09-07 15:10:04.543720,-20218.358498406484,12105.167853980767,118.88243897824873,52.32836139946557
2026-09-07 15:10:04.651323,-20219.574313828703,12107.37189619058,118.97877019329462,52.33212235346298
2026-09-07 15:10:04.751563,-20220.71046622006,12109.423361650528,118.97877019329462,52.421464190882446
2026-09-07 15:10:04.851253,-20221.842313740923,12111.467054127548,118.85605539084122,52.40926886859585
2026-09-07 15:10:04.950784,-20222.967721410903,12113.509427398018,118.95629827380299,52.352738036972845
2026-09-07 15:10:05.042163,-20224.003114542946,12115.3806906803,119.02787916687498,52.40623570531628
2026-09-07 15:10:05.142730,-20225.237756746097,12117.605953870034,118.98286303673217,52.95550067561187
2026-09-07 15:10:05.242245,-20226.379274888528,12119.666760515338,118.93831780627715,52.92854415151727
2026-09-07 15:10:05.341761,-20227.518621674495,12121.727425243718,118.92718138675764,52.965935834867764
2026-09-07 15:10:05.443490,-20228.683717886586,12123.835628910088,118.97271765514893,53.03260418214933
2026-09-07 15:10:05.543340,-20229.830379716703,12125.906586622901,118.93919626695924,53.03260418214933
2026-09-07 15:10:05.643627,-20230.98084285525,12127.987281460852,118.91675086914643,53.00894378368107
2026-09-07 15:10:05.750200,-20232.202005796225,12130.197886547581,118.89289859137284,53.0061500687031
2026-09-07 15:10:05.851333,-20233.35990026108,12132.296023343568,118.9042159626024,53.02735895101788
2026-09-07 15:10:05.952559,-20234.519738187722,12134.396700771063,118.87023262719026,53.02824346708468
2026-09-07 15:10:06.050952,-20235.64592336949,12136.43928917256,118.88124337647469,53.06263391592594
2026-09-07 15:10:06.151545,-20236.92511869071,12138.757901633198,118.81370172395259,53.69296777876259
2026-09-07 15:10:06.243845,-20237.992892815793,12140.699075808712,118.7827150025712,53.647802636940824
2026-09-07 15:10:06.344334,-20239.15328147769,12142.811324120068,118.67026196375309,53.68204760628082
2026-09-07 15:10:06.451420,-20240.386214787406,12145.066100386157,118.68224551032517,53.66146174567551
2026-09-07 15:10:06.549169,-20241.51164537079,12147.123254488379,118.69318419226192,53.54359126358778
2026-09-07 15:10:06.659566,-20242.780348998516,12149.441243654579,118.90320332684269,53.47317162657263
2026-09-07 15:10:06.747680,-20243.79840622561,12151.285207468423,119.01166848988214,53.60098216226295
2026-09-07 15:10:06.844001,-20244.91776901502,12153.303621866771,118.77453312049443,53.64474827519468
2026-09-07 15:10:06.943727,-20246.068982097033,12155.399877220205,118.64061408359453,53.63864841206722
2026-09-07 15:10:07.044761,-20247.23019528202,12157.526105381494,118.66322666870133,53.545067545422185
2026-09-07 15:10:07.144064,-20248.37034561591,12159.611809411435,118.70767700302144,53.520771586167974
2026-09-07 15:10:07.244837,-20249.52848975796,12161.72653023933,118.8317249395011,53.51196600878676
2026-09-07 15:10:07.344491,-20250.67810944053,12163.814940713084,118.90978797715957,53.57640371989762
2026-09-07 15:10:07.449950,-20251.899174845155,12166.026004039146,118.83897912233533,53.57916823237134
2026-09-07 15:10:07.549703,-20253.05164676837,12168.118968626155,118.77200147514259,53.532099405336844
2026-09-07 15:10:07.648960,-20254.19494776143,12170.201034814156,118.73867916740551,53.50434545714429
2026-09-07 15:10:07.749068,-20255.34623240592,12172.300533231062,118.69386849634702,53.49559798767847
2026-09-07 15:10:07.843069,-20256.425565293022,12174.272476037306,118.71490701419862,53.44713634449497
2026-09-07 15:10:07.942714,-20257.56943370192,12176.360504546843,118.6926053034581,53.51679244350177
2026-09-07 15:10:08.042903,-20258.720227503265,12178.463116614694,118.6253349106421,53.57807427440616
2026-09-07 15:10:08.143462,-20260.12691942754,12181.037557196061,118.67034745979868,54.37894927660869
2026-09-07 15:10:08.243408,-20261.29258838485,12183.169313521717,118.71508561588621,54.40078256124205
2026-09-07 15:10:08.344158,-20262.46978440866,12185.318162686577,118.69253659328501,54.43863790206726
2026-09-07 15:10:08.443620,-20263.631904160622,12187.441474412459,118.58123282723159,54.410826632382225
2026-09-07 15:10:08.543731,-20264.79685751684,12189.579816239984,118.54762381678552,54.40732753973951
2026-09-07 15:10:08.644310,-20265.965921233466,12191.728702382643,118.59264531840768,54.41611616533789
2026-09-07 15:10:08.756238,-20267.26898733359,12194.119424802924,118.71789926390261,54.45425935442612
2026-09-07 15:10:08.855186,-20268.426368440247,12196.231857697494,118.6182435507751,54.46722851686125
2026-09-07 15:10:08.956867,-20269.612221955853,12198.405220061048,118.54997137706414,54.44057376071527
2026-09-07 15:10:09.056941,-20270.776214325804,12200.544575617787,118.52757365113052,54.385483419945984
2026-09-07 15:10:09.144091,-20271.788130152752,12202.406155722188,118.55683142760267,54.409090525154696
2026-09-07 15:10:09.363908,-20274.34397496313,12207.10232198386,118.6060290305918,54.34954671510693
2026-09-07 15:10:09.465364,-20275.52418660728,12209.26644140381,118.58332199697338,54.332702724636285
2026-09-07 15:10:09.565670,-20276.68981119671,12211.405829629271,118.41494962022034,54.39843850541093
2026-09-07 15:10:09.665340,-20277.843186735998,12213.537623404563,118.43725692625162,54.35489252099119
2026-09-07 15:10:09.765045,-20278.996873214568,12215.668009666402,118.63809318120161,54.32875575540534
2026-09-07 15:10:09.859567,-20280.097130509657,12217.68283586357,118.64867074305926,54.347752290251215
2026-09-07 15:10:10.087698,-20282.754453082107,12222.546874621105,118.49549562419861,54.15040409958315
2026-09-07 15:10:10.173961,-20283.750712997702,12224.382101178702,118.51480228758987,54.11271565517661
2026-09-07 15:10:10.283816,-20285.019343140168,12226.717188412367,118.65002983923523,54.138633401980584
2026-09-07 15:10:10.373825,-20286.063799904383,12228.628883977724,118.6399573083404,54.16301495026206
2026-09-07 15:10:10.483179,-20287.33289736212,12230.952715914731,118.57877056348798,54.1677926442324
2026-09-07 15:10:10.561923,-20288.24513972355,12232.627362554807,118.62283012268699,54.09992125472469
2026-09-07 15:10:10.667021,-20289.462756867015,12234.858514612832,118.76396305632602,54.1384919433096
2026-09-07 15:10:10.762569,-20290.654873509695,12237.031021788094,118.83880969692473,54.45302232539237
2026-09-07 15:10:10.867561,-20291.88764983911,12239.26984011098,118.79181283377898,54.4860495712764
2026-09-07 15:10:10.970120,-20293.090793860094,12241.459091914954,118.61965859986071,54.485153407412426
2026-09-07 15:10:11.082688,-20294.40410837622,12243.865915903638,118.56927054276503,54.464497327978826
2026-09-07 15:10:11.181738,-20295.521432055415,12245.918050658225,118.52493345713424,54.261942074960295
2026-09-07 15:10:11.281218,-20296.67379237685,12248.038233579531,118.52493345713424,54.215002063999314
2026-09-07 15:10:11.382129,-20297.841717967905,12250.187054434828,118.46847081644637,54.198248555854065
2026-09-07 15:10:11.467352,-20298.825980397534,12252.002221630226,118.40171216894214,54.185588973168514
2026-09-07 15:10:11.569285,-20300.000426097948,12254.174158380763,118.40171216894214,54.15886815749765
2026-09-07 15:10:11.669264,-20301.1517902568,12256.303409762066,118.3569592412864,54.1719724536037
2026-09-07 15:10:11.784250,-20302.4743826948,12258.753891346492,118.29262122856085,54.20512924955597
2026-09-07 15:10:11.882205,-20303.59942445278,12260.843965421775,118.2268508213474,54.17260375896788
2026-09-07 15:10:11.983377,-20304.7582398597,12263.00271720927,118.19288561467829,54.21415383698103
2026-09-07 15:10:12.082427,-20305.892366186046,12265.118484652046,118.07095862919277,54.19511279059816
2026-09-07 15:10:12.183492,-20307.044562903146,12267.278992285304,117.95786101285512,54.211891866226175
2026-09-07 15:10:12.268930,-20308.015296498004,12269.10792037388,117.9674220222496,54.211891866226175
2026-09-07 15:10:12.386090,-20309.346869136214,12271.61568311918,117.94120025065695,54.211891866226175
2026-09-07 15:10:12.482656,-20310.443436239053,12273.683141632886,117.97361914271437,54.208516678882766
2026-09-07 15:10:12.582724,-20311.580911954643,12275.824800611914,117.97361914271437,54.19452632007818
2026-09-07 15:10:12.683623,-20312.727537667837,12277.983687364913,117.96232795744686,54.16102328833046
2026-09-07 15:10:12.768711,-20313.5695086616,12279.572417506253,117.94328427273103,53.63655757854599
2026-09-07 15:10:12.883020,-20314.853870848685,12281.993730549397,117.8793250612041,53.67351450109487
2026-09-07 15:10:12.980291,-20315.94524686767,12284.056780986026,117.96640658884508,53.67011467250011
2026-09-07 15:10:13.081067,-20317.079124216994,12286.192313786294,117.93257432628911,53.64898065764686
2026-09-07 15:10:13.182251,-20318.215878057497,12288.33631975089,118.02315895369952,53.65340140299403
2026-09-07 15:10:13.279249,-20319.308942331554,12290.390071601902,118.06657751636521,53.6695052646451
2026-09-07 15:10:13.381830,-20320.466914106466,12292.561808093627,118.04361869465333,53.62737652791293
2026-09-07 15:10:13.481910,-20321.59491843585,12294.679385049958,118.18921264187543,53.66672913058831
2026-09-07 15:10:13.580948,-20322.717322716515,12296.773606854424,118.21137849895126,53.62086307623635
2026-09-07 15:10:13.681564,-20323.857458340208,12298.898937219452,118.22263801487225,53.60327935889562
2026-09-07 15:10:13.766763,-20324.82293233478,12300.697831586554,118.27030933439096,53.569033664298935
2026-09-07 15:10:13.873449,-20326.032996939924,12302.947958019597,118.22255419741327,53.557846955615155
2026-09-07 15:10:13.970664,-20327.133699381255,12304.998820481282,118.15728065203803,53.5629437625284
2026-09-07 15:10:14.070807,-20328.265253816062,12307.112944006765,118.02280163841829,53.550693023640385
2026-09-07 15:10:14.172364,-20329.40748899279,12309.259115040202,118.05689609630895,53.58175231608345
2026-09-07 15:10:14.273174,-20330.393280311622,12311.109680552176,118.01177119370959,53.04709805300308
2026-09-07 15:10:14.372814,-20331.503014049544,12313.195752139298,117.9783203061861,53.04883936809792
2026-09-07 15:10:14.472848,-20332.615949554598,12315.29079141209,117.89995959904809,53.02960916078985
2026-09-07 15:10:14.581107,-20333.81685540551,12317.558911744087,117.9847632837359,52.996500188088866
2026-09-07 15:10:14.681946,-20334.937877356868,12319.668600657216,118.13146140567756,53.025577624881436
2026-09-07 15:10:14.782020,-20336.056365127224,12321.760576589228,118.15385913161117,53.03694547297668
2026-09-07 15:10:14.881868,-20337.173382254634,12323.847839127293,118.13151198710784,53.01949597181348
2026-09-07 15:10:14.973758,-20338.20028457714,12325.7685131293,118.06981383266111,53.005043091478385
2026-09-07 15:10:15.074066,-20339.318697612634,12327.865773212026,117.95756334337602,52.98751320041718
2026-09-07 15:10:15.182141,-20340.518884710833,12330.127035669728,118.00594022908604,52.9572935891967
2026-09-07 15:10:15.282243,-20341.631663614087,12332.219345060432,118.08435420339401,52.95204542208638
2026-09-07 15:10:15.382135,-20342.74485418157,12334.30553662339,118.11788969171721,52.964265455528576
2026-09-07 15:10:15.483012,-20343.870514151335,12336.412127086141,118.20819947843506,52.9986426487747
2026-09-07 15:10:15.574161,-20344.891282984503,12338.315198914172,118.17759916784826,53.02333299912087
2026-09-07 15:10:15.673822,-20346.006784856258,12340.397555595198,118.19990445957501,52.97369505949298
2026-09-07 15:10:15.790056,-20347.307514251763,12342.82341537915,118.2129117205825,52.9137713285349
2026-09-07 15:10:15.877906,-20348.289913027726,12344.654590362148,118.1047715320426,52.928356415300065
2026-09-07 15:10:15.979144,-20349.4183516467,12346.767544569053,118.09344241070198,52.86908681344676
2026-09-07 15:10:16.079374,-20350.5338904535,12348.857338721862,118.12709137152592,52.85507380566222
2026-09-07 15:10:16.175229,-20351.60162690095,12350.854757737648,118.22363196235983,52.928781206006704
2026-09-07 15:10:16.274116,-20352.533888214293,12352.590274362428,118.13510371628627,52.39793550238186
2026-09-07 15:10:16.374499,-20353.64268141139,12354.663800915001,118.07893650696133,52.3610952063513
2026-09-07 15:10:16.475253,-20354.752750781307,12356.74461684665,118.04511163018947,52.34172658861016
2026-09-07 15:10:16.574552,-20355.845174398815,12358.795270165469,118.0117752223191,52.35127104527231
2026-09-07 15:10:16.672071,-20356.917039095304,12360.810155387937,117.95721050432758,52.36064441126026
2026-09-07 15:10:16.779519,-20358.096133156236,12363.03170966777,117.93316239137016,52.278961494183484
2026-09-07 15:10:16.879901,-20359.195099303797,12365.104393708223,117.92192906141099,52.281592917685856
2026-09-07 15:10:16.980078,-20360.29147076758,12367.173164022608,117.9555602292096,52.224695176082754
2026-09-07 15:10:17.079416,-20361.37867939399,12369.221737636612,117.88886122750705,52.25854790388675
2026-09-07 15:10:17.173157,-20362.403043902475,12371.157335371901,117.74199893972855,52.24052744221106
2026-09-07 15:10:17.273684,-20363.495862015654,12373.235145057048,117.86574405906094,52.162349113999376
2026-09-07 15:10:17.373966,-20364.588852727244,12375.3024331424,117.87696619843814,52.210543819031365
2026-09-07 15:10:17.473964,-20365.680159179625,12377.36555756616,117.88815655656254,52.27520396549477
2026-09-07 15:10:17.573999,-20366.773625025373,12379.431787859136,117.84337856200341,52.28132272898629
2026-09-07 15:10:17.674159,-20367.866968025606,12381.501697294061,117.77612764079981,52.290949943553215
2026-09-07 15:10:17.774314,-20368.95802713194,12383.573166595408,117.80975142281432,52.25594363818904
2026-09-07 15:10:17.874453,-20370.04939608065,12385.642278337049,117.85457597019467,52.277819083828696
2026-09-07 15:10:17.974482,-20371.14163986352,12387.70912856865,117.91054510621916,52.33900304877031
2026-09-07 15:10:18.074919,-20372.241651320823,12389.785764383067,117.93302407577767,52.324961100622495
2026-09-07 15:10:18.186992,-20373.469682667514,12392.101882878576,118.03335704292408,52.33573337316801
2026-09-07 15:10:18.287216,-20374.57173169158,12394.171627794072,117.98849444756524,52.33310609149299
2026-09-07 15:10:18.386933,-20375.666538104157,12396.231657044125,117.94385879720835,52.328749439613404
2026-09-07 15:10:18.488488,-20376.77979672003,12398.330350342527,117.98931717914934,52.37666854710379
2026-09-07 15:10:18.573838,-20377.717671261882,12400.095029487919,117.91290788568926,52.41395810033168
2026-09-07 15:10:18.676630,-20378.845175316743,12402.223354494034,117.80938067883494,52.40767070155306
2026-09-07 15:10:18.789832,-20380.082478920864,12404.569178574291,117.7713767911448,52.42448646817908
2026-09-07 15:10:18.888930,-20381.16460984904,12406.624110193134,117.74919750537083,52.405436194434
2026-09-07 15:10:18.988504,-20382.250744406745,12408.688582599314,117.74919750537083,52.40978659862043
2026-09-07 15:10:19.088892,-20383.345848825975,12410.770104487505,117.68179349700631,52.45276908480735
2026-09-07 15:10:19.173625,-20384.268866109647,12412.529551548172,117.67231138121451,52.40020070620868
2026-09-07 15:10:19.290266,-20385.53779119531,12414.949338234836,117.62010015450983,52.40733519606138
2026-09-07 15:10:19.388464,-20386.60436520008,12416.987764093436,117.52119980566272,52.418489941022685
2026-09-07 15:10:19.489187,-20387.69498578164,12419.080935425905,117.46484235644516,52.445773686954254
2026-09-07 15:10:19.589149,-20388.775884770595,12421.160437528764,117.40891070887005,52.44402674456656
2026-09-07 15:10:19.679989,-20389.756268800957,12423.051070336305,117.42924175813164,52.428151487318885
2026-09-07 15:10:19.779453,-20390.83013605319,12425.120184977866,117.47376415979943,52.41424557285933
2026-09-07 15:10:19.880656,-20391.92412386052,12427.224067561658,117.56436579689421,52.41601420304343
2026-09-07 15:10:20.091421,-20394.209461665796,12431.602145309838,117.65870911696493,52.338664004375524
2026-09-07 15:10:20.199746,-20395.38600101901,12433.84705192597,117.65870911696493,52.31973305720077
2026-09-07 15:10:20.292683,-20396.395043142453,12435.772363929074,117.71071007263504,52.29049794261371
2026-09-07 15:10:20.400621,-20397.568328158104,12438.006127937064,117.7227889629653,52.36217853886908
2026-09-07 15:10:20.499796,-20398.64827048179,12440.061128564466,117.65619940515421,52.40724144571187
2026-09-07 15:10:20.583680,-20399.560468785436,12441.801842278714,117.61865097414875,52.39478076685763
2026-09-07 15:10:20.685204,-20400.662850569603,12443.908833350606,117.61865097414875,52.37082852684555
2026-09-07 15:10:20.784806,-20401.743868217924,12445.974990979737,117.69667327808907,52.393456989902546
2026-09-07 15:10:20.885606,-20402.841208550853,12448.065411212112,117.66283295831408,52.43925826048236
2026-09-07 15:10:20.985135,-20403.924439215385,12450.131917573792,117.57372996395225,52.45839138825057
2026-09-07 15:10:21.085595,-20405.01495513536,12452.220213629094,117.50627761227406,52.37587605125612
2026-09-07 15:10:21.290322,-20407.412797037367,12456.821884494713,117.460457326913,52.748258959284875
2026-09-07 15:10:21.389959,-20408.49623612178,12458.9066632752,117.54965700790285,52.70472739261858
2026-09-07 15:10:21.489177,-20409.577456706174,12460.979280975358,117.66068772375684,52.663112827926376
2026-09-07 15:10:21.589522,-20410.674152066385,12463.071664791798,117.71683367097603,52.639438745699394
2026-09-07 15:10:21.683836,-20411.706395555968,12465.036396146563,117.66406224373964,52.6221322511743
2026-09-07 15:10:21.886990,-20413.925237463867,12469.269115764264,118.00507396613807,52.47479345389106
2026-09-07 15:10:21.997140,-20415.138523612986,12471.550487721777,118.09135894815677,52.4719059710875
2026-09-07 15:10:22.088425,-20416.146805155407,12473.439516870883,118.12200491631802,52.45515529406475
2026-09-07 15:10:22.196712,-20417.343697198332,12475.679025972042,118.21894848000761,52.481649322842934
2026-09-07 15:10:22.295471,-20418.43928394651,12477.720665059576,118.23000018682183,52.461801258002545
2026-09-07 15:10:22.384343,-20419.425170253173,12479.55702580756,118.37917959649644,52.430738601417005
2026-09-07 15:10:22.485226,-20420.549056351643,12481.637416225856,118.4582053599188,52.449250498772386
2026-09-07 15:10:22.585319,-20421.66738204172,12483.700703691295,118.49180832745083,52.42738510186998
2026-09-07 15:10:22.685271,-20423.097045644045,12486.349607326683,118.46943790653722,53.07648706093243
2026-09-07 15:10:22.784889,-20424.223782096688,12488.427440032305,118.50288140827683,53.09737822838948
2026-09-07 15:10:22.897254,-20425.49656297735,12490.771329696829,118.80466454569819,53.07086830513038
2026-09-07 15:10:22.996674,-20426.633053135927,12492.838199020214,119.02717807691647,53.0682620995895
2026-09-07 15:10:23.104532,-20427.87463762753,12495.075573172653,119.12373757983414,53.08051416665844
2026-09-07 15:10:23.195779,-20428.928439762803,12496.967037431885,119.09310436893634,53.17938175261272
2026-09-07 15:10:23.305988,-20430.202378885886,12499.256502663487,119.04377225515213,53.18708583110681
2026-09-07 15:10:23.383323,-20431.095063236917,12500.864050294784,119.05242649169259,53.15059502141976
2026-09-07 15:10:23.505804,-20432.508285916327,12503.408078870203,118.97018847172512,53.1495247784745
2026-09-07 15:10:23.603018,-20433.62704842996,12505.428858805484,119.06809778263596,53.14187964674691
2026-09-07 15:10:23.703787,-20434.79013320287,12507.521250480022,119.21469407028212,53.178861603758584
2026-09-07 15:10:23.803170,-20435.94329875492,12509.583355283932,119.30366635864698,53.17451954439309
2026-09-07 15:10:23.883138,-20436.87368676333,12511.241038656288,119.28576858952147,53.17382078141886
2026-09-07 15:10:23.990210,-20438.11870661785,12513.460929749004,119.41757036831882,53.13171884423204
2026-09-07 15:10:24.090316,-20439.286572537392,12515.532072530646,119.69763146714399,53.08098453494205
2026-09-07 15:10:24.189505,-20440.452643068726,12517.576608179133,119.93072781979345,53.08358468502649
2026-09-07 15:10:24.290557,-20441.649137877088,12519.654796504814,120.06642750209085,53.06150979379751
2026-09-07 15:10:24.404460,-20443.00277450248,12521.993098983323,120.2831164473173,53.081415555865775
2026-09-07 15:10:24.503332,-20444.18589253034,12524.019133141792,120.2388590386297,53.10128633085236
2026-09-07 15:10:24.603024,-20445.37769046536,12526.063656244036,120.29463961334864,53.062086294222524
2026-09-07 15:10:24.704906,-20446.596802387252,12528.150364404155,120.29463961334864,53.04962281919792
2026-09-07 15:10:24.788662,-20447.598784626825,12529.865419829392,120.24777569431649,53.114026731599495
2026-09-07 15:10:24.890856,-20448.821112819795,12531.961567587387,120.25921179762031,53.0595552881884
2026-09-07 15:10:24.990916,-20450.017098351695,12534.011600394537,120.25921179762031,53.02720516991039
2026-09-07 15:10:25.191188,-20452.40942674415,12538.1122785041,120.21438859310979,52.92920610942364
2026-09-07 15:10:25.306331,-20453.780472181606,12540.46661026485,120.0855368755224,52.99661636808338
2026-09-07 15:10:25.403863,-20454.938803285022,12542.465999332251,120.04187928202668,52.9753104237048
2026-09-07 15:10:25.505360,-20456.142154670713,12544.546751250475,120.06459549192209,52.97974484407266
2026-09-07 15:10:25.604689,-20457.320708077877,12546.582761163634,120.17575042323574,53.00751892469185
2026-09-07 15:10:25.697062,-20458.42097523157,12548.47505113757,121.67462647975822,53.00994039948997
2026-09-07 15:10:25.805446,-20459.769648055855,12550.660903134518,121.78378568268931,53.010887462392624
2026-09-07 15:10:25.905472,-20461.01818173681,12552.675854811296,121.89572059756392,53.01962776667188
2026-09-07 15:10:26.005697,-20462.273348185983,12554.692699796877,121.89572059756392,53.013497381597276
2026-09-07 15:10:26.107375,-20463.546564028875,12556.73854717432,122.02088255647527,52.94952785426191
2026-09-07 15:10:26.195122,-20464.64785903739,12558.49955906422,123.3268627473667,52.98019729938986
2026-09-07 15:10:26.295984,-20465.960324075884,12560.495556155382,123.34943683687152,52.9511132304307
2026-09-07 15:10:26.395357,-20467.253477943737,12562.460497961281,123.41615933879598,52.9511132304307
2026-09-07 15:10:26.494900,-20468.479039118487,12564.304176078898,123.3827410158658,52.82873183267909
2026-09-07 15:10:26.603134,-20469.88548796859,12566.438566440054,123.39485303031847,52.753071656855894
2026-09-07 15:10:26.705008,-20471.207819797415,12568.444379975072,123.55445713850122,52.72725648581415
2026-09-07 15:10:26.803209,-20472.48723045073,12570.373372591508,123.6643497721725,52.75986365952903
2026-09-07 15:10:26.903430,-20473.79754194965,12572.340752601507,123.67556508529469,52.75373351911934
2026-09-07 15:10:26.992758,-20474.965643446736,12574.093866121451,123.68556140832675,52.76310013060825
2026-09-07 15:10:27.093619,-20476.28513629454,12576.073442697189,123.59526594555382,52.61768122758782
2026-09-07 15:10:27.192512,-20477.57226551768,12578.01107523123,123.60633264774788,52.6263225299601
2026-09-07 15:10:27.293688,-20478.815188636574,12579.871301012618,123.53839954866953,52.308514802942454
2026-09-07 15:10:27.387275,-20480.024291433456,12581.695398723912,123.56981833841928,52.246364568903
2026-09-07 15:10:27.495530,-20481.42239202736,12583.802116075776,123.60616143184416,52.260553604350044
2026-09-07 15:10:27.593801,-20482.693108248488,12585.71425160117,123.56217304474626,52.28116228869597
2026-09-07 15:10:27.694641,-20483.996050344496,12587.67814881948,123.55088846192211,52.185117681390125
2026-09-07 15:10:27.802629,-20485.388374173683,12589.777666736729,123.68381780375535,52.17851246289737
2026-09-07 15:10:27.903158,-20486.688893150633,12591.728906317103,123.70631736398468,52.18290459118846
2026-09-07 15:10:28.002931,-20487.98050102651,12593.665128106863,123.80680397782089,52.10879991620133
2026-09-07 15:10:28.103431,-20489.283086359843,12595.610407090919,123.9080227914335,52.14041411739138
2026-09-07 15:10:28.196073,-20490.487720138946,12597.402549154584,124.10499919086192,52.137985591001126
2026-09-07 15:10:28.303539,-20491.774677923757,12599.292352931643,124.225259898697,51.82117182390316
2026-09-07 15:10:28.404072,-20493.084597401437,12601.218014196731,124.15775853226978,51.83522719366873
2026-09-07 15:10:28.502834,-20494.369560032614,12603.111781057132,124.1246024046743,51.86284273142821
2026-09-07 15:10:28.603692,-20495.681372223025,12605.047528610708,124.14717559893256,51.87341833707871
2026-09-07 15:10:28.834465,-20498.685284405048,12609.47642899381,124.1988252822357,51.78267574937683
2026-09-07 15:10:28.920678,-20499.688813229615,12610.946195595741,124.24706396425881,51.353310786309486
2026-09-07 15:10:29.022038,-20500.998316653906,12612.869670841235,124.34914892891311,51.352425099346355
2026-09-07 15:10:29.122618,-20502.301119184955,12614.77599316493,124.4054263654698,51.34451525766552
2026-09-07 15:10:29.216909,-20503.52402731539,12616.561642638715,124.48984005837724,51.3774719701521
2026-09-07 15:10:29.317357,-20504.710601295694,12618.282465622726,124.50108077412051,50.84501843667749
2026-09-07 15:10:29.422842,-20506.068681588138,12620.25840486084,124.53649393018645,50.95378273559369
2026-09-07 15:10:29.521777,-20507.34630543518,12622.114824882829,124.64720795257176,50.88808094576505
2026-09-07 15:10:29.622060,-20508.643296156246,12623.991609770634,124.71454146026986,50.84514341675478
2026-09-07 15:10:29.722122,-20509.93853464496,12625.861157733229,124.74813402056088,50.84514341675478
2026-09-07 15:10:29.818585,-20511.188242862187,12627.662729960302,124.75892879161393,50.84092893266219
2026-09-07 15:10:29.915755,-20512.328923783898,12629.302198746034,124.88941545322223,50.226729405625164
2026-09-07 15:10:30.015649,-20513.611881752357,12631.142000073269,124.93413033289926,50.217127758541004
2026-09-07 15:10:30.116320,-20514.90601803536,12632.99474797464,124.88906764993544,50.21976675791746
2026-09-07 15:10:30.216695,-20516.194963653885,12634.843159691647,124.94523038302759,50.18205231786455
2026-09-07 15:10:30.316605,-20517.478776063384,12636.68036915952,124.90050834137787,50.14975069566631
2026-09-07 15:10:30.417454,-20518.77237322005,12638.534662136935,124.88922275140112,50.10921449155147
2026-09-07 15:10:30.517537,-20519.95588684638,12640.229895678482,124.92282236175856,49.536388036124315
2026-09-07 15:10:30.629789,-20521.378934519573,12642.26805608257,124.88513740565372,49.59131628639275
2026-09-07 15:10:30.728056,-20522.536581790202,12643.92709318883,124.85214745820008,49.13977817997937
2026-09-07 15:10:30.828097,-20523.792449707904,12645.73054562173,124.96409915894765,49.10131507404926
2026-09-07 15:10:30.928191,-20525.05151995883,12647.531084439996,124.98650136111405,49.06458084025586
2026-09-07 15:10:31.017291,-20526.17208564926,12649.132220824858,125.0164137866293,49.07781633791826
2026-09-07 15:10:31.117740,-20527.436665222438,12650.937126913774,124.99393213133135,49.062017258836974
2026-09-07 15:10:31.217314,-20528.689123730033,12652.726226271552,125.08307541178806,48.968918609247446
2026-09-07 15:10:31.317681,-20529.847873526902,12654.374566482671,125.1504653200193,48.37584477912814
2026-09-07 15:10:31.417067,-20531.085289541745,12656.131939085102,125.20607467883451,48.33937037946591
2026-09-07 15:10:31.517252,-20532.249398904958,12657.780481513333,125.18365210980892,47.911098505011175
2026-09-07 15:10:31.617183,-20533.482660913454,12659.529801288943,125.01590920328977,47.92070370847451
2026-09-07 15:10:31.737874,-20534.966230520036,12661.647306626845,125.02941522853416,47.88273804125234
2026-09-07 15:10:31.828261,-20536.076787600585,12663.231614740214,125.1103338788912,47.8053371969487
2026-09-07 15:10:31.938147,-20537.34571974726,12665.03590757366,125.13492764462399,47.22378859477553
2026-09-07 15:10:32.035675,-20538.530628187797,12666.719678962485,125.13492764462399,47.09851477979253
2026-09-07 15:10:32.136170,-20539.690436548026,12668.367455010251,125.08994374335703,46.59613787924256
2026-09-07 15:10:32.215806,-20540.644042774242,12669.724805771004,125.03647335237292,46.55995305797377
2026-09-07 15:10:32.339949,-20542.03888416445,12671.71414474075,124.81419616624498,45.780629916580935
2026-09-07 15:10:32.435524,-20543.155607097455,12673.320049284335,124.81419616624498,45.71047837113757
2026-09-07 15:10:32.535854,-20544.257617638374,12674.90536784226,124.78051363367535,45.04513217946905
2026-09-07 15:10:32.635995,-20545.407919375775,12676.561636839822,124.76930727301874,44.99525516727495
2026-09-07 15:10:32.720994,-20546.29458308739,12677.839514969248,124.86442610041786,44.24985193958068
2026-09-07 15:10:32.823333,-20547.451812229105,12679.500560896697,125.03621104513218,44.17831261983301
2026-09-07 15:10:33.053431,-20549.944055332988,12683.054531337732,125.08770965557915,43.08579540332604
2026-09-07 15:10:33.135460,-20550.77551356275,12684.237640755073,125.10606870049196,42.39250956993034
2026-09-07 15:10:33.236833,-20551.880342564196,12685.809299531818,125.00397064285698,42.372136157106546
2026-09-07 15:10:33.337206,-20552.875217958812,12687.229887093985,124.95904135162982,41.49065082605807
2026-09-07 15:10:33.430178,-20553.863307686996,12688.643174687684,124.9382331359543,41.45490556277067
2026-09-07 15:10:33.531633,-20554.85380232186,12690.061189979382,125.06312058989079,40.62191723476246
2026-09-07 15:10:33.630294,-20555.883064719743,12691.527687825866,125.10728355006677,40.659849767365806
2026-09-07 15:10:33.731516,-20556.83329051211,12692.878852151533,125.27719351277801,39.78043370101731
2026-09-07 15:10:33.838290,-20557.929915158275,12694.428978646418,125.32498804060401,39.95303771505968
2026-09-07 15:10:33.938498,-20558.964787585726,12695.889230601315,125.40348504903022,40.062490308787304
2026-09-07 15:10:34.038675,-20560.004178533585,12697.35160736077,125.33622271343302,40.09225220439508
2026-09-07 15:10:34.138759,-20560.89830703634,12698.611782574362,125.31382274938323,38.88428841805605
2026-09-07 15:10:34.229424,-20561.80932930873,12699.897807493177,125.27323898493364,38.848637901253866
2026-09-07 15:10:34.328930,-20562.6751208256,12701.121552310848,125.1841565812424,37.763974874983155
2026-09-07 15:10:34.429331,-20563.651773521968,12702.50685885733,125.08303747571495,37.71835490109938
2026-09-07 15:10:34.529933,-20564.526349587584,12703.752654161475,124.9929738817998,36.86344413139236
2026-09-07 15:10:34.629109,-20565.46361828701,12705.091562008462,124.83759668022572,36.864310734492754
2026-09-07 15:10:34.735107,-20566.461497815948,12706.525314048902,124.83759668022572,36.92080978589196
2026-09-07 15:10:34.838160,-20567.433139596684,12707.921367726032,124.79146775861523,36.99374870250177
2026-09-07 15:10:34.938037,-20568.25388373169,12709.104017893682,124.75793730605415,36.045748974447356
2026-09-07 15:10:35.038189,-20569.173950122564,12710.429895887886,124.55620065688186,36.02999660888723
2026-09-07 15:10:35.138559,-20570.002771029907,12711.634899888197,124.55620065688186,35.304493359558315
2026-09-07 15:10:35.229950,-20570.820909846294,12712.822801379134,124.58688221109355,35.330846417659934
2026-09-07 15:10:35.330508,-20571.614406504956,12713.97481430599,124.6093882618602,34.44328305796237
2026-09-07 15:10:35.431881,-20572.500960532947,12715.25949712165,124.67745363361723,34.471628675804176
2026-09-07 15:10:35.529486,-20573.356734169894,12716.496430908643,124.60099566112558,34.497214945349405
2026-09-07 15:10:35.632464,-20574.258543362655,12717.803629153557,124.5779479861933,34.48551721905534
2026-09-07 15:10:36.084163,-20578.06522170001,12723.326839025067,124.62849573289304,33.22607949204254
2026-09-07 15:10:36.181467,-20578.886514392576,12724.516104701745,124.6720512682814,33.17761549832833
2026-09-07 15:10:36.281784,-20579.615119452435,12725.569307295269,124.6945033804434,32.24364937776809
2026-09-07 15:10:36.382544,-20580.441812185236,12726.763447973697,124.84108657510865,32.14151785709879
2026-09-07 15:10:36.482174,-20581.171903749153,12727.811578460205,124.96372751972149,31.447976131106564
2026-09-07 15:10:36.581759,-20581.974193776885,12728.958912605425,124.9414392376791,31.456677900662978
2026-09-07 15:10:36.678450,-20582.678928254987,12729.96687089821,124.86569723861999,30.80880423660673
2026-09-07 15:10:36.778581,-20583.467286467967,12731.098398971206,124.86569723861999,30.717809652788727
2026-09-07 15:10:36.878749,-20584.166338798776,12732.101422981123,124.96658167764417,29.887148092626298
2026-09-07 15:10:36.979803,-20584.940112003456,12733.207858592108,125.13620963769063,29.81562402948318
2026-09-07 15:10:37.080588,-20585.611763301473,12734.160880542724,125.22643706172539,28.8698657076754
2026-09-07 15:10:37.180446,-20586.35513541162,12735.21364607316,125.27113582696461,28.816639398927858
2026-09-07 15:10:37.281295,-20586.99787928394,12736.120906294604,125.28242141694159,27.81637506632697
2026-09-07 15:10:37.380624,-20587.711316206238,12737.129185181751,125.40469184138647,27.749543684837057
2026-09-07 15:10:37.593937,-20589.122211318776,12739.112700168387,125.73888536602271,26.536157897296366
2026-09-07 15:10:37.685901,-20589.653742375172,12739.848807037151,125.83150712696852,25.54604197573502
2026-09-07 15:10:37.793860,-20590.375488137586,12740.848373197803,125.97648201119796,25.496987815313133
2026-09-07 15:10:37.885972,-20590.879650949646,12741.540130499685,126.1207921748603,24.400125414850308
2026-09-07 15:10:37.982488,-20591.500253927083,12742.390541192113,126.08839006867561,24.341933579388154
2026-09-07 15:10:38.082272,-20592.0196654786,12743.100835428713,126.25588622286318,23.199363310230908
2026-09-07 15:10:38.182489,-20592.634332138277,12743.938954399782,126.42410920534735,23.15207554305683
2026-09-07 15:10:38.282250,-20593.12971481257,12744.607442932083,126.52458373335548,21.915233362697986
2026-09-07 15:10:38.395566,-20593.790443297356,12745.499565436883,126.58798733248932,21.707299998233957
2026-09-07 15:10:38.494119,-20594.242628949567,12746.106280323782,126.55490136984281,20.542781091930532
2026-09-07 15:10:38.595328,-20594.79620103062,12746.85289279369,126.56622724591466,20.45788180998708
2026-09-07 15:10:38.692232,-20595.207799431475,12747.406331769265,126.46863015223994,19.32634032965754
2026-09-07 15:10:38.781243,-20595.66489368406,12748.02476704946,126.2893348722705,19.264895630567416
2026-09-07 15:10:38.881935,-20596.037576461094,12748.532596024434,126.06397445700759,17.87640320377628
2026-09-07 15:10:38.981624,-20596.5065616209,12749.176585370806,125.49502971646484,18.054104688822363
2026-09-07 15:10:39.081700,-20596.83730673779,12749.644760759087,124.89027903043029,16.63180534968802
2026-09-07 15:10:39.181284,-20597.260829223083,12750.25208556545,124.78998276839252,16.534346509315796
2026-09-07 15:10:39.297634,-20597.606858611915,12750.756524204515,125.23267099920486,15.380834093756715
2026-09-07 15:10:39.395603,-20597.995468735357,12751.306747815714,125.45193702354527,15.531500001729155
2026-09-07 15:10:39.496424,-20598.28461234267,12751.713321012334,125.40680719709007,14.350728218860096
2026-09-07 15:10:39.596389,-20598.65617349716,12752.236026818222,125.7871538149941,14.693139202776523
2026-09-07 15:10:39.696869,-20598.894601479395,12752.565083552283,126.15821560706559,13.669018873515583
2026-09-07 15:10:39.795886,-20599.25159310404,12753.053597867123,126.25794081370714,14.006452237280572
2026-09-07 15:10:39.895954,-20599.622160146784,12753.558840686186,126.43711187821691,14.155974197004534
2026-09-07 15:10:39.988147,-20599.968678905705,12754.02821048248,126.75693680755307,14.487875390130428
2026-09-07 15:10:40.088561,-20600.145513111318,12754.257766812056,126.6895153418809,12.935249026344273
2026-09-07 15:10:40.188672,-20600.49139291266,12754.721977422623,126.49906428268537,13.408501306271685
2026-09-07 15:10:40.398442,-20601.05398420081,12755.480316395087,126.12347254304586,11.894639068236334
2026-09-07 15:10:40.497679,-20601.365066439274,12755.906549724526,126.21231412541374,11.972681319069592
2026-09-07 15:10:40.597439,-20601.680508325866,12756.337352104652,126.05602198186057,12.072927521870236
2026-09-07 15:10:40.698010,-20601.838255723338,12756.555311915306,125.75215101756748,11.004840528976114
2026-09-07 15:10:40.797133,-20602.123177534,12756.95106194249,125.38610047999259,10.992714569190637
2026-09-07 15:10:41.016275,-20602.580263269367,12757.59899287872,124.4051698773319,9.846656204031945
2026-09-07 15:10:41.106462,-20602.80457883414,12757.926534094984,124.05193412275571,9.680376192385895
2026-09-07 15:10:41.212349,-20603.06116070083,12758.30618959369,125.5805030455756,9.635964478669
2026-09-07 15:10:41.306724,-20603.29770189162,12758.636824477546,125.54881971046893,9.772032026805075
2026-09-07 15:10:41.412628,-20603.56667941222,12759.013238222113,125.54881971046893,9.733165538347667
2026-09-07 15:10:41.507096,-20603.805657219116,12759.347669630963,125.43253300209108,10.062525851462823
2026-09-07 15:10:41.612588,-20603.867582909945,12759.434886999023,125.17281929077717,8.846815648070368
2026-09-07 15:10:41.711029,-20604.091849970664,12759.753126228752,124.59998101106157,9.146158513082447
2026-09-07 15:10:41.811893,-20604.32603004155,12760.092589807402,124.12591573137024,9.307446093612155
2026-09-07 15:10:41.906521,-20604.54691689705,12760.418520675794,123.80823301513419,9.553024264748966
2026-09-07 15:10:42.012743,-20604.79932342443,12760.795443870591,123.5942695361382,9.62913430943177
2026-09-07 15:10:42.110610,-20605.032420617372,12761.146359488726,123.24380915778761,9.940414375253619
2026-09-07 15:10:42.210310,-20605.27529814452,12761.516896591233,122.77521472979333,10.10681010466262
2026-09-07 15:10:42.419467,-20605.786870017095,12762.311455389925,122.42412644789033,9.631628738062314
2026-09-07 15:10:42.624940,-20606.261235782702,12763.058240970005,122.10221570598719,9.681900770486706
2026-09-07 15:10:42.723432,-20606.487781120628,12763.419354160773,121.92586645861843,9.572601232134435
2026-09-07 15:10:42.823460,-20606.714144977555,12763.782657210988,121.81392930562743,9.500929304007197
2026-09-07 15:10:42.923082,-20606.93720007533,12764.14221304605,121.6467050825811,9.515727808475477
2026-09-07 15:10:43.022778,-20607.159715775095,12764.503247390809,121.5462960194775,9.746581730943264
2026-09-07 15:10:43.123702,-20607.389780691872,12764.877999181885,121.78346966065556,9.593135101447022
2026-09-07 15:10:43.223901,-20607.119239242733,12764.47404302782,121.88438532140322,7.686401573036586
2026-09-07 15:10:43.329065,-20607.310110555245,12764.78087697495,121.69608990400616,7.558670798105931
2026-09-07 15:10:43.423004,-20607.47688866507,12765.050954971653,121.52789277176612,7.64075500058222
2026-09-07 15:10:43.529712,-20607.66748281404,12765.361636758425,121.33683283300729,7.600661028286676
2026-09-07 15:10:43.629485,-20607.668619982764,12765.375820296964,121.2028506812253,6.876890509098845
2026-09-07 15:10:43.730594,-20607.82965354124,12765.641688452406,121.01050102789827,6.920181701232099
2026-09-07 15:10:43.830061,-20607.98818471711,12765.905419136063,120.78788230520968,6.929742305778113
2026-09-07 15:10:43.929642,-20608.1460883615,12766.170432381892,120.76559491841408,7.000223808062584
2026-09-07 15:10:44.030203,-20608.16318285256,12766.209975505928,120.5405276963977,6.3741738202914435
2026-09-07 15:10:44.130387,-20608.30824650913,12766.455846866782,120.42841597032862,6.494980543403469
2026-09-07 15:10:44.229640,-20608.454199934004,12766.704336015324,120.03967138021062,6.680577592185457
2026-09-07 15:10:44.330527,-20608.60502934236,12766.965162979346,119.65581673868132,6.791653380286075
2026-09-07 15:10:44.429817,-20608.754187553026,12767.227134357241,119.40026077617995,6.849782529103853
2026-09-07 15:10:44.529901,-20608.904635990977,12767.494134479304,119.12026122555562,6.8104283535826475
2026-09-07 15:10:44.630724,-20609.054015869977,12767.762293954806,118.93973833874793,6.738186793123852
2026-09-07 15:10:44.730218,-20609.199037400063,12768.024569900439,118.67252335655076,6.6790688310846615
2026-09-07 15:10:44.830451,-20609.34263124039,12768.287148277768,118.34724033278076,6.61425673023798
2026-09-07 15:10:45.054638,-20609.470786784786,12768.546711178265,117.72004458465085,5.614971552581161
2026-09-07 15:10:45.148285,-20609.58012764568,12768.754797916781,117.58380920919626,5.5241413049383326
2026-09-07 15:10:45.253048,-20609.699923790777,12768.9841046072,117.50174408372004,5.429852788740118
2026-09-07 15:10:45.348702,-20609.807142005044,12769.190053573968,117.35188473428707,5.406449611731349
2026-09-07 15:10:45.453670,-20609.818503361203,12769.226264357334,117.22267290377317,4.874879290910252
2026-09-07 15:10:45.548226,-20609.91276670268,12769.409502591172,117.20151017046192,4.809606853041158
2026-09-07 15:10:45.765676,-20610.126487555473,12769.825331435435,117.37184761340313,4.566395954687542
2026-09-07 15:10:45.863033,-20610.15053690231,12769.877282423675,117.42632168768091,4.16804056090201
2026-09-07 15:10:45.965503,-20610.23848089028,12770.046752976872,117.42632168768091,4.261160723527278
2026-09-07 15:10:46.181733,-20610.428204485735,12770.41235571356,117.30533471107833,4.399088729829846
2026-09-07 15:10:46.280605,-20610.51739973769,12770.585128876304,117.1725624850153,4.409456090692409
2026-09-07 15:10:46.382106,-20610.608770252056,12770.763126280288,117.0930526170182,4.453802041977529
2026-09-07 15:10:46.482168,-20610.59255526941,12770.73742376045,116.89149725527318,3.7440038181533444
2026-09-07 15:10:46.582032,-20610.668155040315,12770.886493873577,116.77974362782606,3.7501121222200946
2026-09-07 15:10:46.681867,-20610.743564871667,12771.035911201885,116.74622727539804,3.7012598802506957
2026-09-07 15:10:46.780555,-20610.817051966882,12771.18173081542,116.74622727539804,3.681426084617195
2026-09-07 15:10:46.880017,-20610.89071853307,12771.327906551187,116.65718426255557,3.7283576022106995
2026-09-07 15:10:46.980292,-20610.965702001547,12771.477272543572,116.55619205822723,3.9114846975908666
2026-09-07 15:10:47.080222,-20610.924738899084,12771.401757847325,116.43318182441044,3.1923016440823107
2026-09-07 15:10:47.179904,-20610.988064187008,12771.529140527387,116.2100819066984,3.2288846749632163
2026-09-07 15:10:47.403114,-20611.130363990807,12771.818203505245,116.11016791493967,3.170372188664451
2026-09-07 15:10:47.501445,-20611.19169738623,12771.943344325484,115.86808407021977,3.2863668161726154
2026-09-07 15:10:47.600895,-20611.255443402813,12772.074810388725,115.64550339550988,3.4436553313222666
2026-09-07 15:10:47.701614,-20611.322550207282,12772.214588104922,115.40881150888413,3.5299037479907973
2026-09-07 15:10:47.792816,-20611.384301472717,12772.344584367887,115.19448478359868,3.5418576384424343
2026-09-07 15:10:47.898034,-20611.455220572236,12772.495332789602,114.87657310805616,3.5087592999268655
2026-09-07 15:10:47.993525,-20611.518229006608,12772.631218298968,114.58805114594679,3.5521482793806056
2026-09-07 15:10:48.099419,-20611.588196661625,12772.784125153445,114.29179727506016,3.473497337211001
2026-09-07 15:10:48.197711,-20611.65098497108,12772.92323894269,114.11580612631337,3.372149652999297
2026-09-07 15:10:48.411717,-20611.782798105785,12773.217692939343,113.80447540819569,3.4918291000286463
2026-09-07 15:10:48.510525,-20611.62486183805,12772.893850871253,113.61650317480462,2.4537582703501855
2026-09-07 15:10:48.609611,-20611.668404547807,12772.993437997899,113.41691377449433,2.423454686638437
2026-09-07 15:10:48.710318,-20611.711764555414,12773.09355596617,113.18025008813493,2.367135900847457
2026-09-07 15:10:48.810176,-20611.75335898561,12773.190695504747,113.05732848372713,2.296458343330232
2026-09-07 15:10:48.909812,-20611.793419963662,12773.284811321204,113.01272909085537,2.192854254490307
2026-09-07 15:10:49.009798,-20611.83173776595,12773.375026675987,112.97916204509147,2.1203387392399944
2026-09-07 15:10:49.225093,-20611.66516324806,12773.016362711565,112.97916204509147,0.7850119839568221
2026-09-07 15:10:49.320444,-20611.638635663887,12772.95884174416,112.97916204509147,0.5368958876773771
2026-09-07 15:10:49.420814,-20611.615250275016,12772.907452822272,112.97916204509147,0.29292581020672703
2026-09-07 15:10:49.520164,-20611.61271633264,12772.902250269812,112.97916204509147,0.22081705710927507
2026-09-07 15:10:49.620678,-20611.611620332427,12772.900098391314,112.97916204509147,0.1639712815656294
2026-09-07 15:10:49.721734,-20611.61124778679,12772.899456386322,112.97916204509147,0.12070114975137244
2026-09-07 15:10:49.820239,-20611.611157084215,12772.89937029566,112.97916204509147,0.08859492632778364
2026-09-07 15:10:50.044642,-20611.6129409299,12772.903639969307,112.97916204509147,0.05944369771870948
2026-09-07 15:10:50.137605,-20611.61288674614,12772.903541890557,112.97916204509147,0.04180280871402176
2026-09-07 15:10:50.243140,-20611.61298292433,12772.903783595288,112.97916204509147,0.029810146594534823
2026-09-07 15:10:50.337263,-20611.613022970818,12772.903885725109,112.97916204509147,0.021585764808587322
2026-09-07 15:10:50.437992,-20611.619733229923,12772.91962816618,112.97916204509147,0.1412003440271838
2026-09-07 15:10:50.542437,-20611.620671078686,12772.921855584978,112.97916204509147,0.10703003626297852
2026-09-07 15:10:50.643182,-20611.63556141126,12772.956878916055,112.94534018977697,0.37880578355468925
2026-09-07 15:10:50.741659,-20611.642062684925,12772.972235673007,112.9673804885233,0.36159587923963915
2026-09-07 15:10:50.837314,-20611.648096230463,12772.986472345185,112.94597178622121,0.3691184076347492
2026-09-07 15:10:50.943940,-20611.654955646838,12773.002674578956,112.89824350664048,0.3775037206100982
2026-09-07 15:10:51.042040,-20611.697581667344,12773.103312805368,112.81041981960561,0.9935621050204374
2026-09-07 15:10:51.141905,-20611.714777837155,12773.144200060537,112.6763141237991,0.9909442342063045
2026-09-07 15:10:51.243452,-20611.7321204621,12773.185707128981,112.61949562260565,1.0078033327349596
2026-09-07 15:10:51.341898,-20611.749178936294,12773.226648210371,112.61949562260565,1.0353305115109082
2026-09-07 15:10:51.442436,-20611.76707574402,12773.269601328775,112.64199719713952,1.0186389298012177
2026-09-07 15:10:51.643302,-20611.86648447286,12773.507190496011,112.50712875126828,1.7809534746713587
2026-09-07 15:10:51.742649,-20611.89676223727,12773.580261769403,112.41818869177928,1.8017878099657396
2026-09-07 15:10:51.835248,-20611.92520657695,12773.649210776197,112.35601448997704,1.852763192831367
2026-09-07 15:10:52.168803,-20612.08511080874,12774.036798629088,112.43066798113136,2.561717741610877
2026-09-07 15:10:52.262271,-20612.125953030558,12774.135738938588,112.39928914175925,2.6540078261111457
2026-09-07 15:10:52.472293,-20612.22090533064,12774.366118599157,112.11725693383187,3.087110079265226
2026-09-07 15:10:52.571889,-20612.272655192213,12774.493453103842,112.0058032139807,3.205467217328934
2026-09-07 15:10:52.671811,-20612.326306846386,12774.626206893632,111.86043912131163,3.3844571602031737
2026-09-07 15:10:52.771325,-20612.3823687073,12774.765943873328,111.77134955564793,3.5627162540482433
2026-09-07 15:10:52.871903,-20612.441783084923,12774.914706107165,111.6475416571509,3.6892712043882576
2026-09-07 15:10:52.971773,-20612.50254421791,12775.067799950411,111.52460528117513,3.6744358603754175
2026-09-07 15:10:53.071735,-20612.468946581463,12774.989284832056,111.4239283155398,3.0067316923854213
2026-09-07 15:10:53.291741,-20612.576961649345,12775.264568330489,111.15310884690098,3.0394128248064574
2026-09-07 15:10:53.389567,-20612.624927355064,12775.38853211831,110.93416287320383,3.0624926072364413
2026-09-07 15:10:53.600180,-20612.727950190223,12775.657840319345,110.65133702920548,2.9723157896557995
2026-09-07 15:10:53.699955,-20612.697424347174,12775.586007374051,110.53968299793769,2.387679465688406
2026-09-07 15:10:53.799109,-20612.734557480715,12775.685115141549,110.49529935948567,2.4370648849182284
2026-09-07 15:10:53.899369,-20612.772802172287,12775.78743080448,110.41676161734154,2.4046501052005302
2026-09-07 15:10:53.999364,-20612.81030038732,12775.888170251415,110.26010130364284,2.348729494069535
2026-09-07 15:10:54.099115,-20612.846568681758,12775.986426415991,110.08149782544865,2.3618039061048117
2026-09-07 15:10:54.199366,-20612.8829119607,12776.085838553778,109.95809245218379,2.341655986944893
2026-09-07 15:10:54.299200,-20612.91858383209,12776.184069708916,109.93574844104364,2.29803835065955
2026-09-07 15:10:54.398832,-20612.953482896017,12776.280289691153,109.88000143807062,2.328508918170287
2026-09-07 15:10:54.499127,-20612.894755182202,12776.128592641266,109.82388346730636,1.7177268482138908
2026-09-07 15:10:54.599862,-20612.92098813677,12776.201362285577,109.79006496916622,1.8268748341323768
2026-09-07 15:10:54.704855,-20612.95001967929,12776.28204439036,109.81356362455062,1.9580676437103788
2026-09-07 15:10:55.139709,-20612.909563148405,12776.180686011045,109.81356362455062,0.5710102820397632
2026-09-07 15:10:55.239708,-20612.89911462325,12776.152781649793,109.81356362455062,0.39266569974093996
2026-09-07 15:10:55.339976,-20612.89446297353,12776.14040432641,109.81356362455062,0.2779738054962447
2026-09-07 15:10:55.439990,-20612.89239247402,12776.134928879143,109.81356362455062,0.19967957572836373
2026-09-07 15:10:55.539924,-20612.891532909834,12776.132684187494,109.81356362455062,0.14452835588928706
2026-09-07 15:10:55.640241,-20612.8912471354,12776.13196518398,109.81356362455062,0.10499579923925545
2026-09-07 15:10:55.740524,-20612.891212088933,12776.131907135392,109.81356362455062,0.07642666775043572
2026-09-07 15:10:55.840465,-20612.89127491578,12776.132102323732,109.81356362455062,0.055702990927847064
2026-09-07 15:10:55.940681,-20612.89137181368,12776.132382327878,109.81356362455062,0.040618390393545194
2026-09-07 15:10:56.040768,-20612.891467750793,12776.132654488443,109.81356362455062,0.029629187335643025
2026-09-07 15:10:56.140969,-20612.89155206302,12776.1328916314,109.81356362455062,0.021615334850763095
2026-09-07 15:10:56.241167,-20612.8916209211,12776.133084416311,109.81356362455062,0.01576990946640987
2026-09-07 15:10:56.341187,-20612.89167471148,12776.133234600975,109.81356362455062,0.011507106853476149
2026-09-07 15:10:56.441343,-20612.891716287308,12776.13335046884,109.81356362455062,0.008396477122278447
2026-09-07 15:10:56.541512,-20612.891747750196,12776.133438046958,109.81356362455062,0.006126617500440674
2026-09-07 15:10:56.641780,-20612.891771376817,12776.133503757574,109.81356362455062,0.0044700169023151135
2026-09-07 15:10:56.742190,-20612.89178900394,12776.1335527537,109.81356362455062,0.0032608723857824842
2026-09-07 15:10:56.842059,-20612.891801788723,12776.13358827636,109.81356362455062,0.002379555983581607
2026-09-07 15:10:56.942187,-20612.891811302583,12776.133614702705,109.81356362455062,0.0017363975710742293
2026-09-07 15:10:57.042649,-20612.89181836866,12776.133634325663,109.81356362455062,0.0012667527306914983
2026-09-07 15:10:59.020436,-20613.03216836418,12776.523172666846,103.83776500609815,1.5820719171036592
2026-09-07 15:10:59.118547,-20613.04876436216,12776.590547729502,103.59622278554389,1.4689087004451946
2026-09-07 15:10:59.218500,-20613.064193763483,12776.654343632084,103.22710714757682,1.5387801045701053
2026-09-07 15:10:59.318306,-20613.135179203673,12776.91008134092,102.98139195901854,2.657791008509956
2026-09-07 15:10:59.419026,-20613.16206107945,12777.026692309119,102.8123246471273,2.6454696837962834
2026-09-07 15:10:59.519113,-20613.18830970916,12777.142111160507,102.63311956324833,2.5938704403700803
2026-09-07 15:10:59.619117,-20613.21367123466,12777.255264824811,102.35334382426277,2.6165902333416264
2026-09-07 15:10:59.719786,-20613.238863646122,12777.370293023663,101.95905318173709,2.50839340846298
2026-09-07 15:10:59.817901,-20613.261661480763,12777.47792658074,101.69554183453738,2.397797574267494
2026-09-07 15:10:59.919566,-20613.283752100506,12777.584639962815,101.4338730166537,2.29030697464274
2026-09-07 15:11:00.559992,-20613.545219867206,12778.821519972927,100.57386426140897,3.302771440529612
2026-09-07 15:11:00.660405,-20613.572425443108,12778.967259323177,100.43902267293447,3.189585286536121
2026-09-07 15:11:00.760296,-20613.59823251697,12779.107333634722,100.30488206251243,3.0769875341677646
2026-09-07 15:11:00.860379,-20613.62285936947,12779.242780845363,100.17048362108267,2.964173358213152
2026-09-07 15:11:00.960353,-20613.64625166865,12779.373175164597,100.03623155246441,2.851482047731987
2026-09-07 15:11:01.060784,-20613.66856218784,12779.49923819936,99.90136579233285,2.7382756040272853
2026-09-07 15:11:01.160821,-20613.689619013647,12779.619871392742,99.76702912291535,2.62551327955688
2026-09-07 15:11:01.261255,-20613.70961651877,12779.736043133278,99.63215933417428,2.512303454233643
2026-09-07 15:11:01.361133,-20613.72838554513,12779.846634744834,99.49803618106012,2.399720355545606
2026-09-07 15:11:01.460728,-20613.746016053014,12779.952012693355,99.36429306010837,2.2874562562060614
2026-09-07 15:11:01.561289,-20613.76274797896,12780.053474441793,99.2292527268985,2.174103275698165
2026-09-07 15:11:01.661531,-20613.7783737137,12780.149639525542,99.09464076916538,2.061109873961184
2026-09-07 15:11:01.761579,-20613.792944856,12780.240664725123,98.96028932817967,1.948335150222816
2026-09-07 15:11:01.861985,-20613.806565493436,12780.32704950088,98.82545713979403,1.8351568866725745
2026-09-07 15:11:01.960955,-20613.819022652402,12780.407282044149,98.69255331248746,1.7235972911945412
2026-09-07 15:11:02.061973,-20613.830786201645,12780.4842240625,98.55689928776451,1.6097291774631077
2026-09-07 15:11:02.162054,-20613.841502109917,12780.555442004328,98.42250353207419,1.4969172559208521
2026-09-07 15:11:02.262172,-20613.851315287662,12780.621716584537,98.28805809020014,1.384063627749995
2026-09-07 15:11:02.362397,-20613.86025437164,12780.68308131317,98.15346896125402,1.271089388518047
2026-09-07 15:11:02.462049,-20613.868285221433,12780.739133969115,98.01964929672204,1.1587610384263325
2026-09-07 15:11:04.438824,-20614.246490438334,12783.298782884973,95.80752303603867,2.6852735806485972
2026-09-07 15:11:44.351601,-20614.89669333124,12789.24290578414,95.80752303603867,58.36454950135943
2026-09-07 15:11:44.504485,-20615.30032195865,12793.211372779844,96.08126078463488,58.59833293656657
2026-09-07 15:11:44.586064,-20615.52671616238,12795.336374038287,96.07213161979735,58.80505652044609
2026-09-07 15:11:44.704226,-20615.85529846396,12798.425214124356,95.90023241924132,58.887656791115376
2026-09-07 15:11:44.783870,-20616.070825796072,12800.51074626648,95.86458191093243,58.98299945480319
2026-09-07 15:11:44.901136,-20616.38676329252,12803.586604797245,95.95644114562515,59.125429155584996
2026-09-07 15:11:44.982968,-20616.61121634598,12805.737864194627,95.92896871459516,59.20193957691195
2026-09-07 15:11:45.082914,-20616.88444667658,12808.368848987893,95.86186148046386,59.26656609942671
2026-09-07 15:11:45.179994,-20617.147135102827,12810.927488143732,95.90531674823819,59.307283932282836
2026-09-07 15:11:45.278388,-20617.41553010262,12813.522337902743,95.94936019299939,59.353711510072294
2026-09-07 15:11:45.377702,-20617.688661527423,12816.143291070972,95.98270163663142,59.48214723450411
2026-09-07 15:11:45.501140,-20618.049382384856,12819.585264307003,95.92744791450991,60.08009126019051
2026-09-07 15:11:45.582942,-20618.276270133585,12821.770572467982,95.87252319549748,60.193027847240884
2026-09-07 15:11:45.682127,-20618.538324729143,12824.320099798882,95.80592692333744,60.03291137517127
2026-09-07 15:11:45.796239,-20618.848118401045,12827.366826868669,95.80592692333744,60.07479017796297
2026-09-07 15:11:45.893817,-20619.115826108275,12829.999099957917,95.88236374562894,60.18484569052916
2026-09-07 15:11:45.981390,-20619.357299786254,12832.34284790736,95.86276388899114,60.25294988876925
2026-09-07 15:11:46.199844,-20619.95834388939,12838.196233337689,95.74053251967712,60.25294988876925
2026-09-07 15:11:46.283170,-20620.18283954662,12840.429403376282,95.84310382702233,60.30755778529417
2026-09-07 15:11:46.396138,-20620.492896506144,12843.459184563224,95.93159626323381,60.42008924221078
2026-09-07 15:11:46.482951,-20620.735214362296,12845.791466469,95.90245162354518,60.571804203399935
2026-09-07 15:11:46.599042,-20621.058477970917,12848.918315213876,95.8504865896432,60.57991945874621
2026-09-07 15:11:46.693232,-20621.318490497095,12851.455849044298,95.8504865896432,60.56839696495371
2026-09-07 15:11:46.778234,-20621.553094817707,12853.745417201122,95.8409743711859,60.68649425141018
2026-09-07 15:11:46.879350,-20621.832264646062,12856.47438031438,95.82965890235528,60.72095289185623
2026-09-07 15:11:46.979887,-20622.109457357317,12859.189312587732,95.7734055255496,60.66033669804527
2026-09-07 15:11:47.081280,-20622.386045409712,12861.924900100383,95.79609845903474,60.7090653405465
2026-09-07 15:11:47.178753,-20622.65319616359,12864.5567327884,95.9488076020632,60.801051341519575
2026-09-07 15:11:47.280353,-20622.938657686303,12867.296157774077,95.93743797081606,60.90940342481374
2026-09-07 15:11:47.380359,-20623.22033746229,12870.004607109835,95.94862922418724,60.9469792185067
2026-09-07 15:11:47.480796,-20623.503937354144,12872.726351898109,96.03854510242104,61.04615047730066
2026-09-07 15:11:47.587878,-20623.811353400022,12875.632412609146,95.94268031083016,61.014337153828485
2026-09-07 15:11:47.679887,-20624.07118345201,12878.128549432453,95.97356933843093,61.02478886291772
2026-09-07 15:11:47.780278,-20624.35620103806,12880.852397058354,95.84999163020439,61.06864985340515
2026-09-07 15:11:47.889969,-20624.66142138433,12883.831380238176,95.67814077296202,61.02647657892187
2026-09-07 15:11:47.988076,-20624.926233030023,12886.494731926448,95.60128956342146,61.08819945327316
2026-09-07 15:11:48.089198,-20625.19577274068,12889.243073613792,95.45417973997019,61.02369611953905
2026-09-07 15:11:48.191055,-20625.459883732034,12892.009155634281,95.46557813101299,60.967624244329336
2026-09-07 15:11:48.296338,-20625.733195621484,12894.865594474035,95.44201457025315,60.93634539134638
2026-09-07 15:11:48.392197,-20625.98084632331,12897.465118029959,95.52783200975864,60.858446819979726
2026-09-07 15:11:48.493928,-20626.24745778095,12900.219956728244,95.69859637340073,60.82466752659994
2026-09-07 15:11:48.593070,-20626.515135865036,12902.902410218898,95.79844747408879,60.8749132750229
2026-09-07 15:11:48.693462,-20626.7911500224,12905.620451517372,95.82091637212352,60.85561424697171
2026-09-07 15:11:48.793333,-20627.066704719036,12908.323422040145,95.91032554080698,60.85997762713624
2026-09-07 15:11:48.893378,-20627.346984549094,12911.030861872983,95.9439123939012,60.86434860938895
2026-09-07 15:11:48.992854,-20627.62726846275,12913.722932805485,95.96617628047488,60.875648528020385
2026-09-07 15:11:49.092508,-20627.90915416475,12916.42021223233,95.9996318680428,61.01323174904088
2026-09-07 15:11:49.191469,-20628.19127977075,12919.104623982812,95.89996306193416,61.109216160041576
2026-09-07 15:11:49.292239,-20628.474251618558,12921.842903217117,95.87740956310017,61.1065745654695
2026-09-07 15:11:49.392110,-20628.75361862891,12924.556746290102,95.7768242483312,61.17987935223355
2026-09-07 15:11:49.491903,-20629.028335632996,12927.272209336552,95.68748490887879,61.1362796289146
2026-09-07 15:11:49.624670,-20629.387935643594,12930.882916989083,95.74691450855539,61.03070849538908
2026-09-07 15:11:49.723139,-20629.656951557758,12933.555960433996,95.69181823792178,60.97736212607649
2026-09-07 15:11:49.804741,-20629.877563826412,12935.769408522994,95.77400388596561,60.912475402433195
2026-09-07 15:11:49.889613,-20630.11007089884,12938.068774229132,95.8594829222734,60.87242823103913
2026-09-07 15:11:50.455083,-20631.680997731786,12953.376178609456,95.73292415492483,60.6056090915326
2026-09-07 15:11:50.554922,-20631.932693185612,12955.885511888879,95.71057902472626,60.35258274778744
2026-09-07 15:11:50.655055,-20632.201510795807,12958.573694678422,95.68816809390592,60.30533461632829
2026-09-07 15:11:50.755421,-20632.46968987043,12961.266128326872,95.66570501497404,60.25797654294559
2026-09-07 15:11:50.868220,-20632.76966793455,12964.289833069175,95.6404592859376,60.204751911900274
2026-09-07 15:11:50.956624,-20633.003518916954,12966.657612353021,95.62067344182788,60.16303815306438
2026-09-07 15:11:51.058277,-20633.271290984656,12969.378454052352,95.59792231731672,60.11507280390658
2026-09-07 15:11:51.157657,-20633.531811439294,12972.036439643764,95.57567991666065,60.06817997832051
2026-09-07 15:11:51.258134,-20633.793959736195,12974.721770963148,95.55319199463656,60.02076952917166
2026-09-07 15:11:51.358927,-20634.055668469133,12977.41352443335,95.53063334813487,59.973209974238095
2026-09-07 15:11:51.458750,-20634.313604428058,12980.077362701397,95.50829179892276,59.92610811744117
2026-09-07 15:11:51.558209,-20634.569363856783,12982.729502835196,95.48603171714694,59.879178015408904
2026-09-07 15:11:51.658379,-20634.8196240677,12985.33758254092,95.46361250529617,59.7454863865437
2026-09-07 15:11:51.758955,-20635.075391190974,12988.011624957475,95.44110242592001,59.6980292238737
2026-09-07 15:11:51.859162,-20635.328971624258,12990.673840239815,95.41867493303835,59.6507461752371
2026-09-07 15:11:51.959609,-20635.581914298866,12993.340417231657,95.39619372536367,59.60334988170073
2026-09-07 15:11:52.061669,-20635.8376523119,12996.047762467653,95.37335150951549,59.55519248806705
2026-09-07 15:11:52.161533,-20636.08663020651,12998.694813518372,95.35100078402616,59.50807128526641
2026-09-07 15:11:52.262536,-20636.3372050103,13001.370035206603,95.32839513708018,59.46041264104554
2026-09-07 15:11:52.262536,-20636.15506250542,12999.51071732932,95.32839513708018,56.14613818632548
2026-09-07 15:11:52.392274,-20636.345528988913,13001.60526340749,95.32839513708018,53.8594330585661
2026-09-07 15:11:52.491040,-20636.489094078126,13003.177919477392,95.32839513708018,52.04971034971635
2026-09-07 15:11:52.588788,-20636.64327610451,13004.853533086572,95.32839513708018,50.47504268222334
2026-09-07 15:11:52.675791,-20636.3983101298,13002.380246177388,95.28945056907264,36.65935845940997
2026-09-07 15:11:52.763442,-20636.53073177636,13003.810571443602,95.26002459815413,36.65935845940997
2026-09-07 15:11:52.884954,-20636.71329165493,13005.793548531721,95.26002459815413,36.64661714990746
2026-09-07 15:11:52.975691,-20636.849567729725,13007.273787980246,95.26002459815413,36.62758844162633
2026-09-07 15:11:53.084624,-20637.01308705953,13009.049945408757,95.3209757812565,36.60188821940069
2026-09-07 15:11:53.182854,-20637.162139201715,13010.650308473836,95.37593832443599,36.6053215670877
2026-09-07 15:11:53.282718,-20636.910239389465,13007.9794670239,95.44299050090422,20.28647447051014
2026-09-07 15:11:53.362167,-20636.97858378717,13008.696730585028,95.48744452811661,20.297582117476853
2026-09-07 15:11:53.469666,-20637.071861627974,13009.667688143227,95.48744452811661,20.291946139012957
2026-09-07 15:11:53.562862,-20637.15270617401,13010.50922373557,95.50830287759891,20.37012370701582
2026-09-07 15:11:53.686896,-20637.044783676967,13009.358916620044,95.61934388878831,12.161456855605122
2026-09-07 15:11:53.783052,-20637.09597247021,13009.87917166378,95.72694804845355,12.368989773520745
2026-09-07 15:11:53.883737,-20637.15152739955,13010.433123858968,95.83962042267763,12.558144363644113
2026-09-07 15:11:53.982031,-20637.207672090484,13010.982082043065,96.03761449362742,12.730782490964934
2026-09-07 15:11:54.082860,-20637.147325111757,13010.325986723457,96.17301471595215,8.344870163220802
2026-09-07 15:11:54.167991,-20637.181474887675,13010.641725711856,96.24922795041675,8.479511979039856
2026-09-07 15:11:54.270462,-20637.17332330715,13010.52880933203,96.5359054808116,6.669269942116837
2026-09-07 15:11:54.469979,-20637.21997281018,13010.918287888002,97.22804599501956,5.773517994208011
2026-09-07 15:11:54.570454,-20637.25260082471,13011.175552410286,97.49789568782785,5.813903869213603
2026-09-07 15:11:54.670394,-20637.27990711104,13011.374318425305,97.7215730395676,5.476355546308471
2026-09-07 15:11:54.770861,-20637.31295389432,13011.618046527445,97.9014585108282,5.371009478283239
2026-09-07 15:11:54.876095,-20637.347688754646,13011.868320378664,98.16053704471119,5.2588258300079165
2026-09-07 15:11:54.969236,-20637.378770317413,13012.085068872208,98.48365066226688,5.065124990178147
2026-09-07 15:11:55.074341,-20637.421253654702,13012.377731350849,98.66007857942668,5.264260650799344
2026-09-07 15:11:55.169600,-20637.455008344597,13012.599351871662,98.66007857942668,5.0278658021840075
2026-09-07 15:11:55.369025,-20637.522500608826,13013.042480539008,98.97251403179303,4.348258779462327
2026-09-07 15:11:55.475783,-222.04825028968844,-979.4577351889056,178.65645209776085,3.624677983949419
2026-09-07 15:11:55.569261,-222.19967815925142,-979.4541836551457,178.9493525988637,3.2726312396703836
2026-09-07 15:11:55.674807,-222.35406568751213,-979.4513522940906,179.10289834979812,2.990418343453043
2026-09-07 15:11:55.774762,-222.48767281269184,-979.4492601859268,179.22593935771692,2.5641942499714747
2026-09-07 15:11:55.874442,-222.6019253099376,-979.4477165514207,179.46018957126944,2.149594885261382
2026-09-07 15:11:56.085301,-222.80454230578243,-979.4458075451271,180.09729099871765,1.6594918079360867
2026-09-07 15:11:56.184101,-222.87783789083383,-979.4459320046874,180.29630430786892,1.373733682265006
2026-09-07 15:11:56.284427,-222.9394486586224,-979.4462506267362,180.55452676223285,1.1151213901602723
2026-09-07 15:11:56.395266,-220.6220369928181,-983.3107756236967,185.52341504222204,0.5911892822804936
2026-09-07 15:11:56.497659,-221.29755643920905,-983.3230340304405,185.13489099670733,4.169402502779652
2026-09-07 15:11:56.595234,-221.47869558980017,-983.3393114606146,185.20040625865295,3.8795139091974224
2026-09-07 15:11:56.697233,-221.65486409130767,-983.355345309682,185.36020620201998,3.859014686183263
2026-09-07 15:11:56.797232,-221.8266213799832,-983.3714608045549,185.06925398123167,3.8380436181580304
2026-09-07 15:11:56.884226,-221.97529830526906,-983.3846494520974,184.80640534029408,3.655606084603986
2026-09-07 15:11:56.984594,-222.1387431238292,-983.3983926981931,184.4582206786854,3.453891752553163
2026-09-07 15:11:57.084163,-222.29201525874396,-983.4103430269865,184.29108542076574,3.0615049992005545
2026-09-07 15:11:57.183303,-222.42731941661816,-983.4204954271446,184.37984016421797,2.676006602804259
2026-09-07 15:11:57.285996,-223.37934392428323,-983.4825964724726,184.41023567917728,5.001125183327128
2026-09-07 15:11:57.383865,-220.87369045517318,-985.9190527775914,199.82381820048613,4.4011038659238535
2026-09-07 15:11:57.484414,-221.05979428463417,-985.9861416842131,199.93633838279493,4.134887939007359
2026-09-07 15:11:57.584112,-221.2330380922653,-986.0489793692104,199.8693976645227,3.8831214409031625
2026-09-07 15:11:57.684240,-221.7068930229052,-986.1662864983721,199.77281990107258,4.863749470706067
2026-09-07 15:11:57.784738,-221.91252171302548,-986.2402072107467,199.90777563348274,4.606450120396252
2026-09-07 15:11:57.883921,-222.10456079008193,-986.3097538644514,199.8744781688365,4.303117627079099
2026-09-07 15:11:57.991839,-222.2997943272242,-986.3803290734077,199.9952446909756,4.086229701781587
2026-09-07 15:11:58.084466,-222.4587974643306,-986.4381865381185,200.08853419394654,3.8401788729966904
2026-09-07 15:11:58.191395,-222.631196296881,-986.5012364347721,200.2321259222481,3.586970276240807
2026-09-07 15:11:58.289961,-222.77949681592756,-986.5558948300962,200.26521624922316,3.375958415585161
2026-09-07 15:11:58.500239,-219.89622731121014,-989.0540853828292,228.32150044555237,2.4638244977340698
2026-09-07 15:11:58.612496,-219.9784437497483,-989.1464328370234,228.32150044555237,2.1842664866360697
2026-09-07 15:11:58.710343,-220.0419751746971,-989.2177928406878,228.29960114813912,1.8602251798598304
2026-09-07 15:11:58.811438,-220.09790159611325,-989.2805624002852,228.39010609860634,1.745386899868107
2026-09-07 15:11:58.911075,-220.1495269460286,-989.3386892111878,228.32320633786367,1.555589269203066
2026-09-07 15:11:58.999088,-220.19022397432485,-989.3844038193184,228.28380967034536,1.4502279882634408
2026-09-07 15:11:59.099679,-220.233620159111,-989.433082927905,228.25003951552026,1.340357061235099
2026-09-07 15:11:59.198814,-220.2731741786598,-989.4773995241892,228.07253898108138,1.3542169786921499
2026-09-07 15:11:59.299186,-220.31377610876822,-989.5226075060243,227.89282360666584,1.1937161356467847
2026-09-07 15:11:59.399041,-217.56685507086343,-991.191186913283,252.4814506384937,0.33258899802677516
2026-09-07 15:11:59.498929,-217.57132556021813,-991.2053495046868,252.39202625061807,0.2566532596141051
2026-09-07 15:11:59.599056,-217.574800708984,-991.2162992741917,252.3472070747157,0.20678322036985405
2026-09-07 15:11:59.720252,-217.57819811906353,-991.2269751276773,252.36076961239814,0.12100303990501869
2026-09-07 15:11:59.818119,-217.57980230156073,-991.2320201638255,252.26220263098912,0.026934888145668304
2026-09-07 15:12:00.040575,-217.58061836363694,-991.2345714122695,251.86389669575692,-0.12468367507015131
2026-09-07 15:12:00.121086,-217.57922149401736,-991.2303067860923,251.65667475903865,-0.20136601718439168
2026-09-07 15:12:00.221975,-217.57636332881714,-991.221686364258,251.4082933024274,-0.2762995819241241
2026-09-07 15:12:00.320645,-217.57247771006135,-991.2101349510341,251.28683408326833,-0.4237326451007974
2026-09-07 15:12:00.422198,-216.4656926541145,-994.1875098502645,264.2532830440923,3.9236741937827126
2026-09-07 15:12:00.522594,-216.48332558486828,-994.3627233551007,263.9387059381552,3.721903588803293
2026-09-07 15:12:00.622278,-216.50083893849458,-994.5276543300535,263.79368808209074,3.4022311671519865
2026-09-07 15:12:00.721932,-216.51722468698523,-994.6783331035615,263.70447318190963,3.1819238575432265
2026-09-07 15:12:00.822152,-216.5328570913114,-994.820031074889,263.5138147612306,3.054943644642815
2026-09-07 15:12:00.920267,-216.54799352985654,-994.9531672863951,263.2393237745655,2.9512064668315454
2026-09-07 15:12:01.021723,-216.74156098572846,-995.5573349964452,262.32441447801284,4.041840903300179
2026-09-07 15:12:01.118910,-216.7650153072886,-995.7313653682728,262.1286502424191,3.8244397758842887
2026-09-07 15:12:01.218611,-216.7883592028153,-995.9002159001705,261.9055078004967,3.576150464175605
2026-09-07 15:12:01.320052,-216.81119399371,-996.0607721448556,261.7238783889479,3.3935531469612616
2026-09-07 15:12:01.418490,-214.48930860013326,-997.2832207812976,287.9959867137313,3.771232380209152
2026-09-07 15:12:01.519253,-214.43682549801608,-997.4447856664422,287.8268472225882,3.688468166576144
2026-09-07 15:12:01.620928,-214.38550052999486,-997.6043872472527,287.65617685983307,3.5329912639919234
2026-09-07 15:12:01.721084,-214.33752226737667,-997.7551209596704,287.5440964673944,3.5399925949690174
2026-09-07 15:12:01.820508,-214.29060745293785,-997.9217244609954,287.41316836226906,3.6280966025675596
2026-09-07 15:12:01.920901,-214.24187957780484,-998.0770901564051,287.289588192114,3.628973839853373
2026-09-07 15:12:02.021064,-214.19358611440126,-998.2322419134279,287.16629114368334,3.6806122646168173
2026-09-07 15:12:02.120718,-214.14519138560294,-998.38890624872,287.07707624350223,3.7563701141660744
2026-09-07 15:12:02.321706,-214.04607931049003,-998.7115343254085,286.67222516070797,3.874038170995441
2026-09-07 15:12:02.421599,-212.4634980096238,-999.4148865833528,303.07527014676634,4.088741828721982
2026-09-07 15:12:02.639496,-212.24614113602615,-999.7486261380568,302.8070467812322,4.170613443608235
2026-09-07 15:12:02.738630,-212.1459989097942,-999.9039744923942,302.4964239793262,4.37764387223319
2026-09-07 15:12:02.838864,-212.0406146260669,-1000.0694174683349,301.99166942392185,4.592226617205675
2026-09-07 15:12:02.938946,-211.93176315308963,-1000.2436726117162,301.43168151325517,4.7277771796553445
2026-09-07 15:12:03.038856,-211.8549897830615,-1000.3407170954483,300.9960096220293,4.4582860677861245
2026-09-07 15:12:03.139268,-211.75193007047594,-1000.5122643220698,300.5015953881448,4.431086565224833
2026-09-07 15:12:03.237352,-211.65331479528223,-1000.6796691784449,300.1174294246266,4.404517668985123
2026-09-07 15:12:03.336951,-211.55491192167278,-1000.8493040890531,299.7050382396301,4.437589041932734
2026-09-07 15:12:03.436911,-211.50882064479885,-1001.4125237908337,297.44849643409725,4.582242410439755
2026-09-07 15:12:03.537084,-211.41423396773297,-1001.5946225768937,296.8095297604523,4.4763293052785835
2026-09-07 15:12:03.637098,-211.32396659913974,-1001.7732477638713,296.97741198971744,4.277948200539634
2026-09-07 15:12:03.738051,-211.2363852341215,-1001.945303523315,297.4970844860891,4.056533423967627
2026-09-07 15:12:03.959685,-211.05081813756078,-1002.3018188911032,297.14985460493153,4.614287204389961
2026-09-07 15:12:04.058135,-210.9581488986068,-1002.4825225640179,296.9295120466086,4.7871993214544295
2026-09-07 15:12:04.157213,-210.86212005663347,-1002.6715643581265,296.8186379989038,4.913598350344461
2026-09-07 15:12:04.255175,-210.77073821274263,-1002.8510694621622,296.83746875889665,5.0185527634586675
2026-09-07 15:12:04.349422,-210.67528010944426,-1003.0397377103028,296.93238984871095,5.230200831514659
2026-09-07 15:12:04.457298,-211.83652182753946,-1003.5013689543745,285.8798444504264,5.332556767784476
2026-09-07 15:12:04.554796,-211.77292626493195,-1003.7249213560556,285.69436435963144,5.335964530512644
2026-09-07 15:12:04.656300,-211.6900415953334,-1004.0032464822948,285.48774626837076,5.4446392703655935
2026-09-07 15:12:04.754625,-211.62613536282623,-1004.2338764375896,285.3226991730389,5.383638410892727
2026-09-07 15:12:04.854174,-211.56282385589566,-1004.4649446203108,285.1333172620416,5.3097001080423105
2026-09-07 15:12:04.953525,-211.50125816743008,-1004.6925908005718,285.0332556665071,5.0075900829327
2026-09-07 15:12:05.156045,-211.3836658456418,-1005.1304346270438,284.10406583848635,4.90495175638474
2026-09-07 15:12:05.256895,-211.32977887757932,-1005.3449032252826,284.16049434789966,4.358588805082843
2026-09-07 15:12:05.355902,-211.28258521481598,-1005.5319529953066,284.0607792127812,4.378486711659995
2026-09-07 15:12:05.455864,-213.30559881380395,-1005.5065541572917,269.21545085783146,4.381865606614345
2026-09-07 15:12:05.556488,-213.30829773971732,-1005.7036449333124,268.51730536545074,4.584973689783636
2026-09-07 15:12:05.657594,-213.31365991210254,-1005.9108091436814,268.00815962569504,4.296963283835623
2026-09-07 15:12:05.757155,-213.32030715723926,-1006.1019417542442,267.5847843249994,3.9350569108041267
2026-09-07 15:12:05.857310,-213.32773178523652,-1006.2779706931234,267.24854650485577,3.6830115121820794
2026-09-07 15:12:05.957050,-213.33561478357046,-1006.4419986471113,267.05880123566203,3.6952129510913494
2026-09-07 15:12:06.057933,-213.34416574273274,-1006.6084285576615,266.8781709192681,3.684634724031131
2026-09-07 15:12:06.158159,-213.35315642823915,-1006.7732737361022,266.57534235768253,3.6636160512054334
2026-09-07 15:12:06.377148,-215.54162569598273,-1006.9638833785674,251.0146766960861,5.073694846236556
2026-09-07 15:12:06.476131,-215.61466389189434,-1007.1761783440726,250.69345025826806,5.023529679948305
2026-09-07 15:12:06.694881,-215.77708240715376,-1007.6398029108013,250.22834169654743,5.021618235362809
2026-09-07 15:12:06.793393,-215.85189003157575,-1007.8479120187038,249.98581224285408,5.052607073050711
2026-09-07 15:12:06.894123,-215.96172074124044,-1008.3806437524303,249.7427111792149,6.021097885096486
2026-09-07 15:12:06.998887,-216.05935604327038,-1008.6451921746554,249.43789494646626,6.071446602493139
2026-09-07 15:12:07.092927,-216.14900257187585,-1008.8841727014242,249.21689885815977,6.095276614908136
2026-09-07 15:12:07.199430,-216.25197559909944,-1009.155492142194,248.93085952665206,6.133432308120712
2026-09-07 15:12:07.299290,-216.39403194208163,-1009.6246551583695,248.78652862314448,6.800425163832512
2026-09-07 15:12:07.397673,-219.00509697420085,-1007.8220662894768,228.3813518220777,6.701028052483081
2026-09-07 15:12:07.493496,-219.19574686218752,-1008.0366597076943,228.0596572822178,6.879373906251759
2026-09-07 15:12:07.599877,-219.4144059459219,-1008.2800143063109,227.7025176931329,6.992780302351661
2026-09-07 15:12:07.805467,-219.89487188951344,-1008.8564887071078,226.9164148726577,7.65284585663485
2026-09-07 15:12:07.900761,-220.11755980994133,-1009.0945949038452,226.62848813760138,7.572075696945561
2026-09-07 15:12:08.000414,-220.3492114093973,-1009.3398037094142,226.46121187834797,7.509380174732783
2026-09-07 15:12:08.201693,-220.81465896804835,-1009.8296185687892,226.0557746328741,7.461893049349707
2026-09-07 15:12:08.301512,-221.04572796567206,-1010.0693641275299,225.85470874718158,7.331059801066556
2026-09-07 15:12:08.401841,-223.70816094519213,-1006.8455050096674,199.22685487717717,6.772430401932042
2026-09-07 15:12:08.502582,-223.99614693814098,-1006.9459437174324,199.29449590206605,6.71609260218258
2026-09-07 15:12:08.602657,-224.27973221385616,-1007.0452232861979,199.26089897744896,6.649633749227587
2026-09-07 15:12:08.702589,-224.56016757712732,-1007.1432155539997,199.2832649221291,6.506427464555074
2026-09-07 15:12:08.804570,-224.84015147500574,-1007.2411727226583,199.36315079367887,6.412860570023825
2026-09-07 15:12:08.903421,-225.28376360574913,-1007.4674320224692,199.52327655005683,7.046195028527367
2026-09-07 15:12:09.002053,-225.5765850758807,-1007.5712594396932,199.5453515396075,7.007411796042578
2026-09-07 15:12:09.101627,-225.8705358749345,-1007.6756147995342,199.4896369893213,6.939545490734329
2026-09-07 15:12:09.202452,-226.16539868624352,-1007.7799711820093,199.37680794695007,6.861135412427577
2026-09-07 15:12:09.304845,-226.46166940687505,-1007.8841697957719,199.3997246920735,6.734086116643084
2026-09-07 15:12:09.402527,-228.07437472187436,-1003.9297867824486,172.2919740250054,6.324849545007385
2026-09-07 15:12:09.502728,-228.41527255329814,-1003.9231820999618,172.35769381742284,6.571298400916138
2026-09-07 15:12:09.602657,-228.70621983852055,-1003.8841427672384,172.3465111808,6.363480885285545
2026-09-07 15:12:09.703025,-228.98919623457212,-1003.8461167437065,172.25665707457847,6.101252253619475
2026-09-07 15:12:09.802388,-229.25773797962893,-1003.8096015948704,172.1343447973577,5.794764552924347
2026-09-07 15:12:09.902407,-229.60467945291202,-1003.792217926336,172.14958145503078,5.828862294873146
2026-09-07 15:12:09.999250,-229.8546616191663,-1003.7577504975945,172.14958145503078,5.597844979937682
2026-09-07 15:12:10.099163,-230.12317925690007,-1003.7259324674399,172.18015156128422,5.478804769620515
2026-09-07 15:12:10.199983,-230.36781583968016,-1003.6923350825722,172.11245749303635,5.339611758368726
2026-09-07 15:12:10.299806,-230.59032581384034,-1003.6590494711086,172.05279033272927,5.094689981185946
2026-09-07 15:12:10.518939,-231.1004179118874,-1000.1671908452338,149.44577926400052,4.786952351161669
2026-09-07 15:12:10.616494,-231.28019446918543,-1000.06106507419,149.3256925697151,4.762231627414912
2026-09-07 15:12:10.953178,-231.81244877802234,-999.7201163393047,149.12589956809643,4.34494734367455
2026-09-07 15:12:11.051951,-231.90478995892136,-999.6469483747384,148.99229281301996,3.910121140251484
2026-09-07 15:12:11.270135,-232.231671189588,-999.450478465717,148.79696433868776,3.940625121998084
2026-09-07 15:12:11.369652,-232.38162100848388,-999.3596547684617,148.7412816815613,3.93540762538145
2026-09-07 15:12:11.470583,-232.0710913955903,-997.222654152608,134.35018676687469,3.2973635299909216
2026-09-07 15:12:11.571217,-232.17478719500716,-997.1165791608325,134.30514064597264,3.266586519684237
2026-09-07 15:12:11.790656,-232.32502280973384,-996.9369622732962,134.04021056520105,2.588324505561143
2026-09-07 15:12:11.882320,-232.33375346707473,-996.9084081180987,133.95912402345493,2.087147934170321
2026-09-07 15:12:11.983395,-232.39921611492932,-996.8405227078233,133.97043490414762,2.0738999848117623
2026-09-07 15:12:12.089061,-232.34291655488548,-996.873932039838,133.90743778914475,1.1450884295509711
2026-09-07 15:12:12.183150,-232.34026742468083,-996.8706590521554,133.89244174714804,0.8445300604499864
2026-09-07 15:12:12.288625,-232.32888679236413,-996.8773392235895,133.87969916430302,0.48650784594474167
2026-09-07 15:12:12.382953,-232.06950186598675,-995.6835651337481,125.7496714049339,0.38134105517502415
2026-09-07 15:12:12.489053,-232.07333498297183,-995.6754181355195,125.73906311117025,0.2845007350574986
2026-09-07 15:12:12.587524,-232.07556052955698,-995.6707642464653,125.73321110863435,0.21036453852894174
2026-09-07 15:12:12.688157,-232.07726428901577,-995.6675463562528,125.73003228494417,0.1545415728832659
2026-09-07 15:12:12.787365,-232.07842999616418,-995.6654677321006,125.72832091815872,0.11325286302869489
2026-09-07 15:12:12.887963,-232.07930319788093,-995.6640080591565,125.72740399096256,0.08280128641597838
2026-09-07 15:12:12.987396,-232.0799074817034,-995.6630365410924,125.7269140577464,0.06051335328748614
2026-09-07 15:12:13.087372,-232.08035159507517,-995.6623489147992,125.72665254066123,0.04419776076051316
2026-09-07 15:12:13.188190,-232.080680935191,-995.6618536150311,125.72651316407791,0.032250835309474896
2026-09-07 15:12:13.288261,-232.08091322828852,-995.6615107266108,125.7264389492957,0.023534277329812052
2026-09-07 15:12:13.379766,-231.9396649442353,-994.9657393564204,121.60356036869416,0.02715948915640386
2026-09-07 15:12:13.488286,-231.93993600305444,-994.9651933032274,121.60292118053258,0.019766978717929623
2026-09-07 15:12:13.580121,-231.9400526108696,-994.9649474630958,121.6025801247215,0.01449166636495108
2026-09-07 15:12:13.686637,-231.94017918677767,-994.9647116667248,121.60239806692334,0.010551741211540056
2026-09-07 15:12:13.785230,-231.94024967662742,-994.964581118337,121.60230134027915,0.007699369431574164
2026-09-07 15:12:13.884837,-231.94030161930903,-994.9644881818441,121.60224981990905,0.0056202674045034325
2026-09-07 15:12:13.986059,-231.940340657878,-994.9644201992221,121.6022223939508,0.004098623316111073
2026-09-07 15:12:14.085499,-231.94036711580736,-994.9643747839929,121.602207796921,0.0029912978257772556
2026-09-07 15:12:14.186251,-231.9403870602089,-994.9643410833831,121.60220002598362,0.0021819604597360788
2026-09-07 15:12:14.286196,-231.94040109983698,-994.9643175807059,121.6021958900019,0.0015920804122116763
2026-09-07 15:12:14.386717,-231.86489808631487,-994.4988963290979,119.33391345833115,0.010131691514197216
2026-09-07 15:12:14.486412,-231.86497751212096,-994.4987309591231,119.33371521788467,0.007395339250942988
2026-09-07 15:12:14.587107,-231.8650329657669,-994.4986194794483,119.33360965707652,0.005395011747444899
2026-09-07 15:12:14.797216,-231.86518282938118,-994.4983464848889,119.33355764537737,0.0036438160348277434
2026-09-07 15:12:14.896050,-231.86519703136946,-994.4983182188056,119.33353296628411,0.0025598854213418933
2026-09-07 15:12:14.995890,-231.86520857459624,-994.4982961722247,119.33352055833348,0.0018320079865091286
2026-09-07 15:12:15.095780,-231.86521744910942,-994.4982796015602,119.33351414330355,0.0013234853933294707
2026-09-07 15:12:15.195593,-231.8652241839147,-994.498267208579,119.33351077870066,0.0009608649358678218
2026-09-07 15:12:15.296499,-231.86522946588252,-994.4982575935903,119.33350900202822,0.0006988642233390891
2026-09-07 15:12:15.396115,-231.8228547339099,-994.1506710846849,117.97318699759126,0.008596557708114705
2026-09-07 15:12:15.501785,-231.8229276933848,-994.150520572805,117.97304900637937,0.006244216139109104
2026-09-07 15:12:15.596455,-231.8229644732011,-994.1504443447216,117.97297575411903,0.004563459312620769
2026-09-07 15:12:16.038558,-231.82328374766087,-994.1498402121338,117.97294447043168,0.0026667041516268714
2026-09-07 15:12:16.138755,-231.82328440793714,-994.1498378196536,117.97293241046464,0.0017592291013020006
2026-09-07 15:12:16.239017,-231.8232873010835,-994.1498318458858,117.97292688762718,0.0012212116546648593
2026-09-07 15:12:16.338911,-231.82329048051565,-994.1498255994885,117.9729241603327,0.0008687447909256188
2026-09-07 15:12:16.438709,-231.79961192614385,-993.8780925806772,117.13792254058535,0.008264897185872273
2026-09-07 15:12:16.539228,-231.7996652589464,-993.8779795938389,117.13780443324868,0.005989149546372545
2026-09-07 15:12:16.639398,-231.79970195376302,-993.8779032938884,117.13774221219683,0.004354095343432447
2026-09-07 15:12:16.739393,-231.79972773591365,-993.8778504992605,117.1377092663788,0.0031712327226153646
2026-09-07 15:12:16.839877,-231.79974640969843,-993.8778127428384,117.13769177884024,0.0023111402936842273
2026-09-07 15:12:16.939943,-231.79975963157483,-993.8777862432687,117.13768248490123,0.001685385281869617
2026-09-07 15:12:17.039962,-231.79976916177014,-993.8777672754502,117.13767754058244,0.001229512742430746
2026-09-07 15:12:17.139868,-231.79977604042134,-993.8777536558646,117.13767490852297,0.0008971980668823008
2026-09-07 15:12:17.240501,-231.79978115027586,-993.8777435804191,117.1376735075155,0.0006544521916911592
2026-09-07 15:12:17.340688,-231.79978480324195,-993.8777363970026,117.13767276197177,0.00047744201495208516
2026-09-07 15:12:17.440670,-231.7881622791096,-993.6593937973918,116.6080860758666,0.0060848191975160365
2026-09-07 15:12:17.540841,-231.78820887214945,-993.6592972093483,116.60802753967255,0.00444063744061534
2026-09-07 15:12:17.640972,-231.78824016485225,-993.6592328358821,116.60799636561569,0.003240533538680261
2026-09-07 15:12:17.741054,-231.78826154841852,-993.6591891339916,116.6079797645034,0.002364771470081961
2026-09-07 15:12:17.841300,-231.78827646293584,-993.6591588203397,116.60797092492976,0.0017254827991842415
2026-09-07 15:12:17.941275,-231.78828685615818,-993.6591377849819,116.60796621805275,0.0012591883923302543
2026-09-07 15:12:19.896194,-231.79919481235638,-993.4127572232657,116.28714789153673,0.012272805439465682
2026-09-07 15:12:19.987641,-231.79915151980407,-993.4128374599774,116.28698961117516,0.0068946315313192855
2026-09-07 15:12:20.093793,-231.7991587274523,-993.4128201710088,116.28693203501825,0.004464362827267752
2026-09-07 15:12:20.187751,-231.79915989707635,-993.4128165952278,116.28690626058415,0.0030864377872580995
2026-09-07 15:12:20.295192,-231.79917126711206,-993.4127929866083,116.2868936772411,0.0021795478215219178
2026-09-07 15:12:20.393297,-231.80825770534517,-993.2414751103124,116.08393767482266,0.006512326749784759
2026-09-07 15:12:20.604179,-231.8084218273123,-993.2411380894412,116.08389185425767,0.0043643562553092145
2026-09-07 15:12:20.704191,-231.8157352734262,-993.2262852335981,116.0861288810338,0.14102935384688586
2026-09-07 15:12:20.804062,-231.81672791200688,-993.2242424468362,116.08572800225738,0.10595676015805379
2026-09-07 15:12:20.903541,-231.83188549032866,-993.1933646164139,116.05446193449279,0.4503943120228944
2026-09-07 15:12:21.003599,-231.8407341692355,-993.1752658197671,115.99847657212558,0.5378253165191363
2026-09-07 15:12:21.103168,-231.87321224724013,-993.1088586320203,115.91119076626273,1.0211478219853378
2026-09-07 15:12:21.203325,-231.8931913214994,-993.067733796677,115.73186034786704,1.1034142823412343
2026-09-07 15:12:21.423282,-232.00352613626313,-992.7242943088446,114.97577378969254,1.6208296778981883
2026-09-07 15:12:21.641485,-232.11664915400831,-992.4838920724773,114.7199245099273,2.378910189701156
2026-09-07 15:12:21.734567,-232.15804497411568,-992.3939734836979,114.50117974289424,2.417951159189345
2026-09-07 15:12:21.839580,-232.25060864703008,-992.1937655944371,114.27342151348785,3.0901061036386257
2026-09-07 15:12:21.939672,-232.30744911869445,-992.0677220416206,114.340626777117,2.9108116403355653
2026-09-07 15:12:22.039593,-232.41941444806258,-991.8230555633648,114.51404040959642,3.5095920316429785
2026-09-07 15:12:22.247042,-232.60508210146435,-991.4169607316654,115.23686799759162,4.299659909820098
2026-09-07 15:12:22.342403,-232.68323214015365,-991.2511604545613,115.35425395683342,4.2179996941514775
2026-09-07 15:12:22.442040,-232.78792105248843,-990.8530526758714,114.27712355224139,4.846727014183742
2026-09-07 15:12:22.542385,-232.87731156562592,-990.6548636886743,114.14237327891533,4.61787755265625
2026-09-07 15:12:22.641912,-233.01773875966413,-990.3450209428476,114.04258877925895,5.179564724147687
2026-09-07 15:12:22.742140,-233.1122898079713,-990.1330799305376,114.14353364742601,4.822240155876392
2026-09-07 15:12:22.843472,-233.20163898145526,-989.933743825169,114.38166609766449,4.490199294040762
2026-09-07 15:12:22.942472,-233.2836742423255,-989.7527441676574,114.5035315349487,4.291234296501392
2026-09-07 15:12:23.042274,-233.47699318395325,-989.328524175401,114.53461624076772,5.596003931371025
2026-09-07 15:12:23.142059,-233.5806485787163,-989.1014368509774,114.3001192748834,5.493116833040899
2026-09-07 15:12:23.242960,-233.77613800977142,-988.6701497732114,114.01125241315276,6.297773635407858
2026-09-07 15:12:23.343402,-233.89120575433225,-988.4118399270033,113.69653117251983,5.858940910707608
2026-09-07 15:12:23.442408,-233.36889189360568,-987.6928600068572,103.86342161613538,6.719373031623959
2026-09-07 15:12:23.543492,-233.44164631122283,-987.3980661155933,103.63718385924949,6.5480176299820485
2026-09-07 15:12:23.643603,-233.56933067606116,-986.9541031095915,103.26684124966232,7.4811733427897735
2026-09-07 15:12:23.742581,-233.64529538924208,-986.631917020295,102.6133446125259,7.340199048682982
2026-09-07 15:12:23.843331,-233.77021416951993,-986.1414126769978,102.01129371347452,8.068713784097822
2026-09-07 15:12:23.942325,-233.84452310197034,-985.7921551641381,101.63464155429028,7.745199004939358
2026-09-07 15:12:24.042902,-233.9654474173096,-985.2664029335992,101.35788935649362,8.645064808600612
2026-09-07 15:12:24.143187,-234.04177430125984,-984.8864226282797,101.06610500403258,8.504857836070189
2026-09-07 15:12:24.243152,-234.11472511115224,-984.5134213740755,100.79762503845268,8.345007810415327
2026-09-07 15:12:24.342928,-234.1844569507781,-984.1477919300613,100.5631492227676,8.256951372512678
2026-09-07 15:12:24.442449,-232.30060708716385,-983.2198426405121,83.491966407968,9.500994388313327
2026-09-07 15:12:24.542438,-232.25247213433687,-982.7978935941085,83.22342198463593,9.560406472522793
2026-09-07 15:12:24.641204,-232.2207952924622,-982.2320561688962,83.04095736224008,10.4283984027948
2026-09-07 15:12:24.859534,-232.10328423049316,-981.0699313468962,82.73162122055146,11.52781005118234
2026-09-07 15:12:24.958849,-232.03853158653286,-980.5622348845121,82.58714017670354,11.572936570900934
2026-09-07 15:12:25.057322,-231.97005364556608,-979.9248521927695,82.56107271674773,12.399829363008182
2026-09-07 15:12:25.158747,-231.8972632687231,-979.3673631065246,82.43622219173267,12.441483344964496
2026-09-07 15:12:25.260281,-231.81587615852897,-978.6896153042853,82.36686272562474,13.143440111772012
2026-09-07 15:12:25.357950,-231.7396494480008,-978.1208321956818,82.30128434879771,13.235611079414728
2026-09-07 15:12:25.459862,-229.02847953557927,-977.7688902933901,67.09642382677157,13.825165420120912
2026-09-07 15:12:25.558353,-228.79157935310354,-977.2081666548055,67.06335867860616,13.806231834060382
2026-09-07 15:12:25.654933,-228.5448400832486,-976.5686617555464,67.08699266747863,14.402906498077861
2026-09-07 15:12:25.754451,-228.2953694337791,-975.9784558467002,67.08699266747863,14.43334220083936
2026-09-07 15:12:25.856176,-228.01442795901667,-975.2747692429281,67.12139402914181,15.06071038171911
2026-09-07 15:12:25.955562,-227.75427970259716,-974.6582699721789,67.13251590090476,15.058105067457522
2026-09-07 15:12:26.056978,-227.45784219370586,-973.9303923998647,67.15815196734547,15.698476659669009
2026-09-07 15:12:26.156852,-227.18576048912584,-973.2844566526994,67.23638733996631,15.735130154043114
2026-09-07 15:12:26.257498,-226.8783725651763,-972.5364903162025,67.35767627514178,16.359175905866756
2026-09-07 15:12:26.357321,-226.59732915017355,-971.8627301241236,67.40235937356738,16.369642985154965
2026-09-07 15:12:26.456832,-224.23794671639604,-972.0114141703002,57.22789964209369,16.947996001156078
2026-09-07 15:12:26.557306,-223.82589139589345,-971.3713451985217,57.27287414327111,16.951507781421824
2026-09-07 15:12:26.657674,-223.37994595617542,-970.6477418816081,57.31433107252997,17.51104163214768
2026-09-07 15:12:26.757224,-222.95910560707784,-969.9918548670876,57.358891969799515,17.418835292949847
2026-09-07 15:12:26.870131,-222.41815925612863,-969.118277354907,57.37699016918668,18.283242500694584
2026-09-07 15:12:26.961996,-222.0133724760988,-968.4858895831586,57.37699016918668,18.28805881676809
2026-09-07 15:12:27.070687,-221.4669700756967,-967.6150208185712,57.460387132345204,19.03823755647733
2026-09-07 15:12:27.161673,-221.05045072980667,-966.9622128341395,57.490932720986166,19.00882112771816
2026-09-07 15:12:27.261555,-220.59429494573376,-966.2464416712544,57.52446485213477,18.937253811314704
2026-09-07 15:12:27.384890,-220.03366663345824,-965.365601734104,57.4140496182863,18.91138888591653
2026-09-07 15:12:27.460999,-219.58971675187456,-964.6606896796042,57.343188098297105,19.829100506185537
2026-09-07 15:12:27.585052,-218.9963361764966,-963.7348701410288,57.19048331959493,19.741298196478915
2026-09-07 15:12:27.670789,-218.50298754426487,-962.9628695183691,57.19367309230256,20.47450941545077
2026-09-07 15:12:27.758078,-218.07011580717864,-962.2913469263605,57.23274568056695,20.425694432451486
2026-09-07 15:12:27.885630,-217.43975308774992,-961.3119866661486,57.31838854699345,20.455787377154422
2026-09-07 15:12:27.982232,-216.9627529439852,-960.5684577919272,57.296767895069934,20.45663148855944
2026-09-07 15:12:28.085192,-216.3492800768427,-959.6094935842037,57.28698082767187,21.307870482165182
2026-09-07 15:12:28.170888,-215.90812868355303,-958.922673005812,57.25821118438398,21.25769991577291
2026-09-07 15:12:28.269229,-215.4026797667522,-958.1366170800861,57.21419146365588,21.217312494135587
2026-09-07 15:12:28.381247,-214.82734180678813,-957.2433815128802,57.21419146365588,21.13900714114704
2026-09-07 15:12:28.480302,-214.21251108364814,-956.2866519747892,57.303735342595246,22.017258680342568
2026-09-07 15:12:28.582988,-213.66654740073866,-955.4361041728345,57.3382088254948,21.86292762215986
2026-09-07 15:12:28.684803,-213.12951312616963,-954.5983589752439,57.31542144349805,21.90385210948202
2026-09-07 15:12:28.768984,-212.68438419202968,-953.9045887299529,57.230638349481524,21.82367429227047
2026-09-07 15:12:28.862880,-212.18856173180257,-953.13431860209,57.199115823035754,21.834340354032285
2026-09-07 15:12:28.963903,-211.65438798642887,-952.3054712900055,57.14259051508816,21.730176768978374
2026-09-07 15:12:29.064465,-211.1243787330116,-951.4848648347312,57.075069677050124,21.683604926274146
2026-09-07 15:12:29.163992,-210.5999939521802,-950.6750622078524,57.03051907511508,21.635773068037185
2026-09-07 15:12:29.264743,-209.8784584594311,-949.5597548440138,56.97457809086154,22.696481792109335
2026-09-07 15:12:29.364860,-209.32483039361327,-948.7080699234479,56.940967066109806,22.69735661769821
2026-09-07 15:12:29.464518,-208.16757272480598,-948.3913267604688,55.17986123155242,22.65108374573146
2026-09-07 15:12:29.565284,-207.58495037867766,-947.5536714723388,55.17986123155242,22.669574173741257
2026-09-07 15:12:29.665282,-207.00629657903238,-946.7217218938677,55.191051589677954,22.68617610323862
2026-09-07 15:12:29.780006,-206.34212890108174,-945.7664282375085,55.28091957222023,22.693193337434664
2026-09-07 15:12:29.879640,-205.76644521753934,-944.9356266896497,55.28091957222023,22.67404002481163
2026-09-07 15:12:29.978971,-205.19299666915157,-944.1080507912217,55.36984530776317,22.77732696676593
2026-09-07 15:12:30.080124,-204.47350283165187,-943.06055802881,55.36078201305827,23.634900573857106
2026-09-07 15:12:30.164995,-203.96379779191435,-942.3227794306945,55.284801542698915,23.613394012992863
2026-09-07 15:12:30.270440,-203.32989497983928,-941.4078261677852,55.20220217884162,23.608787103865605
2026-09-07 15:12:30.364880,-202.76108105708443,-940.5893430639644,55.20220217884162,23.56587567535809
2026-09-07 15:12:30.470105,-202.39228187248523,-939.4847508961776,56.24455530611158,23.563760430972373
2026-09-07 15:12:30.564051,-201.842399238977,-938.6619626485273,56.24455530611158,23.455401209761742
2026-09-07 15:12:30.678692,-201.17447078736475,-937.6625426873045,56.334358271373276,23.360236216486534
2026-09-07 15:12:30.775570,-200.61364334859272,-936.820524000205,56.23678736365946,23.61503967017636
2026-09-07 15:12:30.876789,-199.8876281155811,-935.7399208361,56.01561608930206,24.33477741446318
2026-09-07 15:12:30.976787,-199.27956146007784,-934.8378947301009,56.02680644742759,24.40293270397866
2026-09-07 15:12:31.072451,-198.6963887383506,-933.9724324588407,55.9625742976059,24.43469747894287
2026-09-07 15:12:31.169264,-198.10446063479475,-933.0960982570051,55.94090642142692,24.411010735306952
2026-09-07 15:12:31.275641,-197.45432365581058,-932.1343716421709,55.8456727786579,24.448191762172556
2026-09-07 15:12:31.377221,-196.83103067942574,-931.2156494052768,55.8456727786579,24.420675872934456
2026-09-07 15:12:31.477692,-196.10507861076678,-930.1484099367053,55.84641884103257,25.01170379611549
2026-09-07 15:12:31.576664,-195.48380262235705,-929.2326350361948,55.82426775552449,25.073106054582293
2026-09-07 15:12:31.677806,-194.8469836268319,-928.2947300756645,55.96008829610582,25.013008873681255
2026-09-07 15:12:31.762547,-194.3165687050291,-927.509537995521,55.912673240913136,24.96265694068868
2026-09-07 15:12:31.866695,-193.66519606544313,-926.5470060949775,55.88936370636475,24.900773636062695
2026-09-07 15:12:31.968612,-193.02897475566257,-925.6076868032052,55.83233817940527,24.95598798698767
2026-09-07 15:12:32.070558,-192.39022435726426,-924.6666520882264,55.76388807544026,24.907884384681388
2026-09-07 15:12:32.176571,-191.7261058367201,-923.6907549999173,55.657116830789164,24.944011840767534
2026-09-07 15:12:32.277014,-191.09424348282477,-922.765967016306,55.623396362147105,24.93435742470577
2026-09-07 15:12:32.377596,-190.30255362669843,-921.6099730546126,55.55093026168652,25.60074607500304
2026-09-07 15:12:32.477626,-189.65497117991487,-920.6659381350283,55.52854238346481,25.446036502733225
2026-09-07 15:12:32.569261,-189.06498615871408,-919.8065878174529,55.54905136297748,25.396392507648894
2026-09-07 15:12:32.669777,-188.4194208764115,-918.865559642593,57.13506523576871,25.366529897479783
2026-09-07 15:12:32.769802,-187.80389797835753,-917.9128281045931,57.146258615350234,25.328072943124468
2026-09-07 15:12:32.869751,-187.18996093112827,-916.9621437960797,57.02322499321781,25.282658347954012
2026-09-07 15:12:32.970523,-186.57002535317687,-916.0066790373328,56.910455260931485,25.28529999495428
2026-09-07 15:12:33.069742,-185.95772926619708,-915.0670439811671,56.877145710457626,25.230680328299727
2026-09-07 15:12:33.169944,-185.34015229397738,-914.1205083301656,56.89957208428132,25.2166712351537
2026-09-07 15:12:33.269924,-184.5092771452641,-912.8551644266864,56.953002606465816,26.079625921284194
2026-09-07 15:12:33.483394,-182.94964236809366,-910.6470923219551,56.52077835399177,26.11184459495622
2026-09-07 15:12:33.582969,-182.30845389992368,-909.6775985001045,56.53192137595397,26.261500001910857
2026-09-07 15:12:33.684098,-181.6537192278405,-908.6872038894435,56.52060445234747,26.22438592584943
2026-09-07 15:12:33.783250,-181.01249985524743,-907.7176697349147,56.454030337539734,26.129082653211636
2026-09-07 15:12:33.883853,-180.36312277093532,-906.7382761894821,56.56661094899209,26.095677906852252
2026-09-07 15:12:33.984282,-179.71761746777818,-905.7605562737867,56.66775825478544,26.164126951540645
2026-09-07 15:12:34.084833,-179.07136645261733,-904.7779385652714,56.66775825478544,26.193121342073372
2026-09-07 15:12:34.184451,-178.43040240574732,-903.8033596351023,56.645462586959184,26.1704892439949
2026-09-07 15:12:34.284119,-177.78929169458155,-902.8293834553851,56.645462586959184,26.08949533824821
2026-09-07 15:12:34.384908,-176.47118159831325,-901.4362461356543,55.6142980778186,26.325037303259872
2026-09-07 15:12:34.484241,-175.8109843775749,-900.4715360666784,55.536486492535914,26.34847262748981
2026-09-07 15:12:34.584780,-175.03361888622712,-899.33441763582,55.484698197689795,26.9738600922763
2026-09-07 15:12:34.794297,-173.6020722831326,-897.2526956472099,55.43780585457898,26.869506411327727
2026-09-07 15:12:34.893412,-172.92667608145908,-896.27226970059,55.42671430929295,26.938792017761156
2026-09-07 15:12:34.994039,-172.2390153902747,-895.2744537617543,55.3028460935584,27.002100320709438
2026-09-07 15:12:35.099212,-171.51634110969226,-894.2306687810101,55.26753768133858,26.964421112403134
2026-09-07 15:12:35.192676,-170.87444823778603,-893.304779024722,55.35121100534525,26.86478475435911
2026-09-07 15:12:35.298576,-170.15136191927576,-892.2585129340673,55.60007835702345,26.823143661000575
2026-09-07 15:12:35.393408,-169.0361646819694,-891.0607880633123,54.846495573567154,26.95738099722071
2026-09-07 15:12:35.499262,-168.3016852428516,-890.0178012281579,54.78726718055259,27.042476919845086
2026-09-07 15:12:35.600771,-167.59409390826747,-889.0151996667465,54.616875463289034,27.028285096965703
2026-09-07 15:12:35.697710,-166.91587049830326,-888.0602510828469,54.627723501513174,26.978308785771517
2026-09-07 15:12:35.800188,-166.20041057445445,-887.0524688165561,54.558916194173435,27.023977046022274
2026-09-07 15:12:35.898308,-165.51305657431422,-886.0867350546988,54.50401519919433,27.035980306356922
2026-09-07 15:12:36.000124,-164.79853408516257,-885.084862966758,54.41286477596077,27.20857657850259
2026-09-07 15:12:36.099603,-164.09438905782008,-884.10085688823,54.49079072899076,27.421543005933582
2026-09-07 15:12:36.199596,-163.38242223776996,-883.1030554977268,54.39008254163309,27.328926346210736
2026-09-07 15:12:36.299844,-162.66929932677846,-882.1073401284291,54.311554199577586,27.43579471928697
2026-09-07 15:12:36.399819,-161.63221037328535,-880.7407969840972,54.18353693728204,27.79664409369718
2026-09-07 15:12:36.500156,-160.90258945547322,-879.729765071984,54.1498520546902,27.781739378445188
2026-09-07 15:12:36.715009,-159.50924601512813,-877.8059647117227,53.76965648937585,26.968938257509276
2026-09-07 15:12:37.242585,-155.7499462731098,-872.6752364699003,52.82503529648784,26.590920211025743
2026-09-07 15:12:37.342452,-155.03261602631218,-871.7293308156381,52.64622412109384,26.51936364240213
2026-09-07 15:12:37.442787,-154.09738054175506,-870.5801010577086,52.33608362059749,26.54916582592789
2026-09-07 15:12:37.543637,-153.3660146165148,-869.6325914613028,52.15551239047636,26.476904919465383
2026-09-07 15:12:37.642317,-152.68712443983063,-868.7612629962146,51.9805741612563,26.21914700378683
2026-09-07 15:12:37.742927,-151.96079027911756,-867.8322470784432,51.80043264948108,26.147058061801776
2026-09-07 15:12:37.843480,-151.2339559062945,-866.9085909936281,51.62039319581163,26.07500996138011
2026-09-07 15:12:37.943170,-150.51247922132893,-865.9976480909103,51.44189893769726,26.003580216558618
2026-09-07 15:12:38.043326,-149.78677583361142,-865.0872104621285,51.262570309792864,25.93181657404341
2026-09-07 15:12:38.142964,-149.06399467953503,-864.1862389471005,51.08416915732232,25.86042408819203
2026-09-07 15:12:38.243617,-148.33303820624306,-863.2808666429542,50.903950654341315,25.788304335904762
2026-09-07 15:12:38.343779,-147.60485362225705,-862.3847094687586,50.724611283480044,25.716536394277618
2026-09-07 15:12:38.443840,-146.6404514485116,-861.2206202194003,50.52961254587899,25.770214103096574
2026-09-07 15:12:38.544464,-145.90355904468544,-860.3257563438226,50.349445967200154,25.698115129850336
2026-09-07 15:12:38.644040,-145.1736083593322,-859.4449809989987,50.17115582530096,25.626767068155633
2026-09-07 15:12:38.744648,-144.43538223610025,-858.5598409567189,49.99101789451197,25.55467955920789
2026-09-07 15:12:38.844872,-143.69928162567703,-857.6828696490588,49.811567513077534,25.48286719342407
2026-09-07 15:12:38.944892,-142.96401386043544,-856.8124413508256,49.63248239223685,25.411200997446077
2026-09-07 15:12:39.044998,-142.19959484789513,-855.9117131432859,49.45218883084817,25.445674156476198
2026-09-07 15:12:41.134966,-130.062813530204,-838.3417476813744,53.36027077021754,21.04454611186694
2026-09-07 15:12:41.234695,-129.48563331904495,-837.5679819382758,53.39296929701959,20.940605683561614
2026-09-07 15:12:41.329895,-128.95419310875616,-836.8525805046565,53.39296929701959,20.787543317777793
2026-09-07 15:12:41.436279,-128.3223158829333,-834.6722105804606,55.868813273120395,20.654918826638735
2026-09-07 15:12:41.534917,-127.8112859018618,-833.9183067084923,55.83569877449008,20.635095079742484
2026-09-07 15:12:41.635433,-127.29058255672089,-833.1510871811973,55.76820882245556,20.492808525407302
2026-09-07 15:12:41.736896,-126.76769214571894,-832.3825948754444,55.84768892350439,20.42631450187194
2026-09-07 15:12:41.836325,-126.28521006757747,-831.66882234874,55.858658259492586,20.19872570496911
2026-09-07 15:12:41.936522,-125.77743560577888,-830.9200070179066,55.881083514257625,20.272269774012152
2026-09-07 15:12:42.035343,-125.2751011017274,-830.178589446672,55.95849402908425,20.322352837748056
2026-09-07 15:12:42.137254,-124.75681549262816,-829.4113988421493,55.96989846304132,20.315228824796197
2026-09-07 15:12:42.237124,-124.24923738525676,-828.6597354849551,55.93637036050313,20.412094894527097
2026-09-07 15:12:42.337294,-123.73726389005225,-827.9025188570253,55.90274154272629,20.51100251814579
2026-09-07 15:12:42.553496,-122.94109065143581,-825.3734441324351,59.05632177623011,20.60029315286371
2026-09-07 15:12:42.650831,-122.48017987523188,-824.6046489691159,58.936505894027505,20.659829299657062
2026-09-07 15:12:42.851406,-121.64163620504604,-823.1968777242959,58.97569879405637,19.850757719796032
2026-09-07 15:12:42.951931,-121.18186337425952,-822.4324218565779,58.97569879405637,19.94298874393537
2026-09-07 15:12:43.051995,-120.7220726165971,-821.6679361821716,59.14366495268587,19.93686820662327
2026-09-07 15:12:43.151935,-120.26523221334044,-820.9032896549254,59.166032687859115,19.9700528069946
2026-09-07 15:12:43.252628,-119.80448489944095,-820.1314196208396,59.15476455519092,20.069476839589562
2026-09-07 15:12:43.352798,-119.34369696651146,-819.3598263745721,59.087506919637235,20.11499185222825
2026-09-07 15:12:43.452522,-118.38034233972643,-818.0825274670178,58.32655774779232,20.320474063601218
2026-09-07 15:12:43.553199,-117.90012960990211,-817.3041900631335,58.349090432144294,20.431318643364772
2026-09-07 15:12:43.653351,-117.42012142658717,-816.5254990673737,58.349090432144294,20.54858625364573
2026-09-07 15:12:43.753294,-116.93836563183321,-815.7439730172566,58.38264304205768,20.58351846049523
2026-09-07 15:12:43.853054,-116.45713216241982,-814.9622698826818,58.337988143899565,20.641922769952995
2026-09-07 15:12:44.072412,-115.39462287916544,-813.2393667137042,58.4116304540712,20.7492611792676
2026-09-07 15:12:44.170410,-114.91847428151398,-812.465046070149,58.323898082184314,20.771525231421766
2026-09-07 15:12:44.268616,-114.7497846248761,-812.1908315717563,58.292146580382905,19.313837074333804
2026-09-07 15:12:44.371645,-114.28224320367345,-811.4340495370722,58.31520566970903,19.32283978172576
2026-09-07 15:12:44.468129,-113.28775032651387,-810.3953361779216,57.22857367625147,19.49482076368993
2026-09-07 15:12:44.568737,-112.81315079318254,-809.6580946666238,57.13850471085607,19.443832037848843
2026-09-07 15:12:44.668416,-112.3430188391451,-808.9303093375072,57.04926742951102,19.41160509961345
2026-09-07 15:12:44.768581,-111.87024111889855,-808.2009231802606,56.98201315113147,19.286445062550214
2026-09-07 15:12:44.868526,-111.5209600029537,-807.6698605034518,56.86407815336679,18.535522319381084
2026-09-07 15:12:44.969194,-111.06499261200099,-806.9713655839159,56.84154748332003,18.375427794841894
2026-09-07 15:12:45.069564,-110.67722034433481,-806.3809918453171,56.749220239697024,17.886901183092125
2026-09-07 15:12:45.169569,-110.23876526628302,-805.7122565606763,56.715646815300715,17.843208836629838
2026-09-07 15:12:45.390883,-108.9263208138573,-803.7783619768827,56.37542711284914,17.50991630250448
2026-09-07 15:12:45.489847,-108.49735722474904,-803.1333202274745,56.275755285283594,17.43035924385201
2026-09-07 15:12:45.586938,-108.12858888986423,-802.5835232445692,56.23082295637505,16.9255291108959
2026-09-07 15:12:45.685536,-107.71390880402525,-801.9633600836862,56.20875557642103,16.907436508024794
2026-09-07 15:12:45.788283,-107.28199231519203,-801.3179576066705,56.20875557642103,16.854465917795174
2026-09-07 15:12:45.886998,-106.86832518482582,-800.6998247094533,56.23084914233732,16.86309166646979
2026-09-07 15:12:45.986161,-106.53111632420193,-800.1975027520313,56.24093008158525,16.312230739079425
2026-09-07 15:12:46.086943,-106.12271743350158,-799.5865000225102,56.21837389701068,16.33160473944852
2026-09-07 15:12:46.187773,-105.71339783888195,-798.9746413485179,56.15067311441271,16.33512896267239
2026-09-07 15:12:46.287864,-105.30627299056925,-798.3676166587016,56.06106699148768,16.334254364272358
2026-09-07 15:12:46.387972,-104.61256531122761,-797.3801173130302,55.92204934031906,15.719357208475259
2026-09-07 15:12:46.488265,-104.21766439890453,-796.796367330117,55.94449608100331,15.751782657330507
2026-09-07 15:12:46.587685,-103.8903783741941,-796.3138020444841,55.94420939906013,15.212446371532256
2026-09-07 15:12:46.688586,-103.50611511498113,-795.7453031963358,55.910335171822226,15.187759437756755
2026-09-07 15:12:46.788834,-103.12462491733183,-795.1816255373619,55.87668016808493,15.115053905254069
2026-09-07 15:12:46.889091,-102.7445973934151,-794.6208190320888,55.932776876745265,15.174625231365827
2026-09-07 15:12:46.988802,-102.44878154982332,-794.1842776873225,55.932615417885245,14.549933758680561
2026-09-07 15:12:47.088496,-102.08554097352511,-793.6471151926626,55.91030274037439,14.564742958500487
2026-09-07 15:12:47.190134,-101.78755415972559,-793.2074505278512,55.955701041391876,13.919529950116967
2026-09-07 15:12:47.289910,-101.43997310668783,-792.6929988578844,55.989197586488444,13.95178824915061
2026-09-07 15:12:47.389969,-100.75763733680009,-791.7261104338517,55.89635634793376,14.053338852418623
2026-09-07 15:12:47.488889,-100.40919244601447,-791.2115299730007,55.79672883507192,14.017899839690456
2026-09-07 15:12:47.589763,-100.13010618306045,-790.8019395921126,55.72956120467279,13.297327833660262
2026-09-07 15:12:47.689320,-99.79685791474523,-790.3128740636434,55.69613818169819,13.260790677449409
2026-09-07 15:12:47.788908,-99.52479090813499,-789.9148598289455,55.72986647222933,12.640874092671883
2026-09-07 15:12:47.889155,-99.20580109179394,-789.4467142325229,55.752302917575435,12.541014477900275
2026-09-07 15:12:47.989726,-98.9422762756726,-789.0599658607214,55.741222044995084,12.01192135985278
2026-09-07 15:12:48.090009,-98.63913730033187,-788.614893231306,55.68511078857773,11.926922577934494
2026-09-07 15:12:48.189092,-98.41898478054097,-788.292871810185,55.718540907198985,11.136874208279044
2026-09-07 15:12:48.289558,-98.13725243296648,-787.8795804079765,55.77475455744025,11.121072455359844
2026-09-07 15:12:48.390058,-97.6435859201259,-787.1052444521669,55.94103010397703,10.464332125293721
2026-09-07 15:12:48.489092,-97.38412866586297,-786.7214359382114,55.96319506580585,10.490292994287547
2026-09-07 15:12:48.586632,-97.18617314230664,-786.4281527189804,55.941798348176235,9.867860096866886
2026-09-07 15:12:48.687299,-96.93747560906709,-786.0602501546701,55.919267901941566,9.876656411933771
2026-09-07 15:12:48.787501,-96.77051910435318,-785.813428587481,55.91963625655444,9.043111366135786
2026-09-07 15:12:48.886249,-96.54682426963275,-785.4827886660925,55.91963625655444,9.019814059127466
2026-09-07 15:12:48.985408,-96.32277708469165,-785.15162794122,55.89744331827205,9.072667786911891
2026-09-07 15:12:49.086680,-96.18554447460156,-784.9490098184884,55.85232124439062,8.16850073147599
2026-09-07 15:12:49.188646,-96.04412646595627,-784.7406759158531,55.841032711097796,7.5206632086491165
2026-09-07 15:12:49.288370,-95.85587214694525,-784.4632409192831,55.85219240702645,7.555518870334872
2026-09-07 15:12:49.388063,-95.43019975538267,-783.8860410821761,55.71470176912226,6.948748967880603
2026-09-07 15:12:49.488507,-95.2544366989486,-783.6282400045249,55.72594203724293,6.995266162930263
2026-09-07 15:12:49.589194,-95.13733691590691,-783.4566871880829,55.74897821589002,6.287533667848207
2026-09-07 15:12:49.688758,-94.9798304778332,-783.2253668673469,55.82697075288161,6.309283504272241
2026-09-07 15:12:49.789878,-94.88770543089566,-783.0895741166194,55.849941026252054,5.645390926885615
2026-09-07 15:12:49.889501,-94.74656766887148,-782.8815063236461,55.83879263280869,5.679340777919639
2026-09-07 15:12:49.989699,-94.67197217473353,-782.7714986405928,55.861426708261206,4.9890641658407215
2026-09-07 15:12:50.089232,-94.54739244029126,-782.5877617129933,55.87256503018034,5.034289739894497
2026-09-07 15:12:50.189626,-94.48930293741695,-782.5019106438398,55.82775744346145,4.3610881932621695
2026-09-07 15:12:50.289940,-94.37945452313575,-782.3401050490223,55.78285456200865,4.380372226849768
2026-09-07 15:12:50.389460,-93.97056799111859,-781.8725685233031,55.42554228669178,4.414433487422839
2026-09-07 15:12:50.489262,-93.85880225846014,-781.7104002494424,55.43671071127392,4.408328975662146
2026-09-07 15:12:50.588828,-93.82663996677861,-781.6646827542288,55.4371262205259,3.5808874053425734
2026-09-07 15:12:50.689092,-93.73558519497303,-781.5325081965489,55.459566470670325,3.593152946457463
2026-09-07 15:12:50.789088,-93.71387559137884,-781.5014332592779,55.48217653917709,2.9491576298814874
2026-09-07 15:12:50.889078,-93.63917475385192,-781.3928152668507,55.493366002056064,2.9596422201866055
2026-09-07 15:12:51.107744,-93.55356076914279,-781.2684691419614,55.493502057539445,2.2127958498053966
2026-09-07 15:12:51.200114,-93.50179789783317,-781.1931719923388,55.50383879807487,2.2055316613379214
2026-09-07 15:12:51.299933,-93.44605897361477,-781.112059712623,55.50383879807487,2.2264649810632258
2026-09-07 15:12:51.399676,-93.3160302098982,-780.934379575794,55.468370680511725,1.1190176956311835
2026-09-07 15:12:51.500128,-93.31478559213603,-780.9326905095961,55.46821787537738,0.8037282350319226
2026-09-07 15:12:51.600706,-93.3230165371956,-780.9447501699651,55.46809348768511,0.4554560026566198
2026-09-07 15:12:51.824542,-93.30671589812242,-780.9210801703738,55.46806902115168,0.31617988685853343
2026-09-07 15:12:51.916672,-93.30568342261212,-780.919589299557,55.46805687114829,0.22617802310345653
2026-09-07 15:12:52.022722,-93.30411512868842,-780.9173150822546,55.46805062146814,0.1626356335105282
2026-09-07 15:12:52.117013,-93.30338107775327,-780.9162508915128,55.46804735372643,0.11826061737101509
2026-09-07 15:12:52.222459,-93.30250950624735,-780.9149856253844,55.46804562975558,0.08580209099796686
2026-09-07 15:12:52.321265,-93.30199959206182,-780.9142453024506,55.46804471894029,0.06248003810982538
2026-09-07 15:12:52.416561,-93.12869400693236,-780.6556226468431,55.485677936339926,0.05544593670057984
2026-09-07 15:12:52.522080,-93.12808659134564,-780.6547399849112,55.48567337996428,0.04035917878378548
2026-09-07 15:12:52.621183,-93.12773875621365,-780.6542345033379,55.485670961214055,0.029433440582083335
2026-09-07 15:12:52.721783,-93.12749061117424,-780.6538738300288,55.485669674882956,0.021463698789833372
2026-09-07 15:12:52.821432,-93.12732294709686,-780.6536301072773,55.48566899039906,0.015662124262925046
2026-09-07 15:12:52.921110,-93.1272047866503,-780.6534583277729,55.48566862581538,0.011432415670591849
2026-09-07 15:12:53.023371,-93.12711441974503,-780.6533269416958,55.48566843189474,0.008330717203296437
2026-09-07 15:12:53.119830,-93.12706087245168,-780.6532490866374,55.48566832857978,0.006090745811429835
2026-09-07 15:12:53.222011,-93.12701413111542,-780.6531811220023,55.485668273488045,0.004442356295825471
2026-09-07 15:12:53.320877,-93.12698393053965,-780.6531372076918,55.48566824414593,0.0032437693480029733
2026-09-07 15:12:53.422297,-92.97818390147789,-780.4366784513547,55.48487090478193,0.01057313194758035
2026-09-07 15:12:53.522021,-92.97807946915188,-780.4365266997237,55.48487041374028,0.007716349871866907
2026-09-07 15:12:53.619507,-92.97801335967439,-780.4364306242262,55.48487015171668,0.005641932130375555
2026-09-07 15:12:53.718252,-92.97796650971993,-780.4363625277456,55.48487001162721,0.004125488795636914
2026-09-07 15:12:53.820405,-92.97793096914525,-780.4363108622418,55.48486993690858,0.003009254446803505
2026-09-07 15:12:53.918003,-92.97790925175543,-780.4362792902353,55.484869897070894,0.0021994769619558506
2026-09-07 15:12:54.246420,-92.97778120139425,-780.4360930853381,55.48486987884644,0.0013768134285904387
2026-09-07 15:12:54.340272,-92.97778023195752,-780.4360916773767,55.4848698710739,0.0009379611870959065
2026-09-07 15:12:54.439586,-92.87102896494727,-780.2468089826158,55.55278611145877,0.008767181055983933
2026-09-07 15:12:54.540535,-92.87095937036851,-780.2467071894484,55.55278578034631,0.006282752247173328
2026-09-07 15:12:54.640065,-92.87091355632047,-780.2466402256582,55.55278560876468,0.0045431445277178805
2026-09-07 15:12:54.740069,-92.87088075608501,-780.2465923162684,55.552785518651945,0.0032995690995970017
2026-09-07 15:12:54.840548,-92.87085700276826,-780.246557638881,55.55278547102898,0.0024010753952579803
2026-09-07 15:12:54.940230,-92.87084035962125,-780.2465333497446,55.552785445770496,0.0017500697797535293
2026-09-07 15:12:55.039756,-92.87082836162752,-780.246515844575,55.55278543233908,0.0012768110255543168
2026-09-07 15:12:55.140680,-92.87081925131618,-780.2465025556213,55.55278542519227,0.000931063560275128
2026-09-07 15:12:55.597175,-92.79186876248107,-780.0790796358112,55.63679789253729,0.009225690505928091
2026-09-07 15:12:55.694554,-92.7918395552378,-780.0790363218551,55.63679783004591,0.00607800099581416
2026-09-07 15:12:55.794518,-92.79181281836497,-780.0789969459473,55.63679780147868,0.004217461764103093
2026-09-07 15:12:56.014557,-92.7916831734175,-780.0788072186648,55.636797788489275,0.0027634658850828747
2026-09-07 15:12:56.107339,-92.79168163177837,-780.0788049073016,55.636797782568465,0.0019223600332184043
2026-09-07 15:12:56.215221,-92.7916716885988,-780.0787903376744,55.636797779652625,0.0013612054270750102
2026-09-07 15:12:56.307630,-92.79166832288684,-780.0787854010987,55.63679777816105,0.0009833038483493257
2026-09-07 15:12:56.414031,-92.73629141622943,-779.9316730552063,55.72669670434516,0.006204010270591466
2026-09-07 15:12:56.512058,-92.73624124007313,-779.9315990524307,55.726696805973916,0.004511314802397961
2026-09-07 15:12:56.607610,-92.73620905300298,-779.931551622155,55.72669685997971,0.0032968026410552702
2026-09-07 15:12:56.713736,-92.7361787729252,-779.9315070832694,55.72669688867609,0.002397080733580252
2026-09-07 15:12:56.807477,-92.73616425170091,-779.9314857185047,55.726696903942866,0.0017539849284791496
2026-09-07 15:12:56.913322,-92.7361490297319,-779.9314633516965,55.72669691207193,0.0012764349739070875
2026-09-07 15:12:57.012500,-92.73614020985994,-779.931450393439,55.72669691638475,0.0009307235602688186
2026-09-07 15:12:57.111930,-92.73613378298646,-779.9314409541196,55.72669691868214,0.0006792257152984012
2026-09-07 15:12:57.212120,-92.73612901316062,-779.9314339503192,55.7266969199045,0.0004956377486018832
2026-09-07 15:12:57.312975,-92.7361254885565,-779.931428775876,55.72669692055388,0.00036147724930551137
2026-09-07 15:12:57.412871,-92.69235182062461,-779.8048517271678,55.79492409947852,0.0044402980679383915
2026-09-07 15:12:57.513113,-92.69230835999441,-779.804787608826,55.79492422729163,0.003240162441335721
2026-09-07 15:12:57.604637,-92.69228527594241,-779.804753551613,55.7949242957784,0.0023793116216735575
2026-09-07 15:12:57.711859,-92.692261085116,-779.8047179110421,55.79492433241103,0.0017330510371250786
2026-09-07 15:12:57.804768,-92.69224998528577,-779.8047015536881,55.794924351965165,0.0012700758487923585
2026-09-07 15:12:57.913052,-92.69223778222475,-779.8046835861649,55.794924362384336,0.000923403707696234
2026-09-07 15:12:58.009077,-92.6922318163537,-779.8046748015255,55.7949243679177,0.0006745200497467681
2026-09-07 15:12:58.109764,-92.69222680499345,-779.80466742478,55.79492437086628,0.000492272950864828
2026-09-07 15:12:58.211192,-92.69222314382242,-779.8046620363444,55.79492437243607,0.00035890002523502224
2026-09-07 15:12:58.310581,-92.69222067995958,-779.804658410394,55.79492437327099,0.00026190928708545003
2026-09-07 15:12:58.410853,-92.65762880387915,-779.6818599201963,55.85784474504362,0.004086990291446155
2026-09-07 15:12:58.511760,-92.6575880895726,-779.68179972956,55.857844877780735,0.002980968439616474
2026-09-07 15:12:58.611890,-92.65756137881436,-779.6817602600128,55.857844948412094,0.0021746986341263977
2026-09-07 15:12:58.711792,-92.65754327612188,-779.681733521986,55.857844986012424,0.0015869375345011771
2026-09-07 15:12:58.812246,-92.65753054733355,-779.681714728627,55.85784500602858,0.0011577346811472134
2026-09-07 15:12:58.912910,-92.65752158342694,-779.6817014978312,55.857845016678766,0.0008443691642713621
2026-09-07 15:12:59.012044,-92.65751552746293,-779.6816925609165,55.857845022348556,0.000616415473459835
2026-09-07 15:12:59.112498,-92.65751101363605,-779.6816859011387,55.8578450253699,0.0004497993475244995
2026-09-07 15:12:59.212187,-92.65750785378795,-779.6816812396199,55.8578450269797,0.00032832370746272707
2026-09-07 15:12:59.313442,-92.65750546189561,-779.6816777114278,55.85784502783463,0.00023942143272514413
2026-09-07 15:12:59.413300,-92.63007264043536,-779.5576165140883,55.91618469439527,0.003977948265849592
2026-09-07 15:12:59.512934,-92.63003417407234,-779.5575595282204,55.91618482412741,0.0029039996136923708
2026-09-07 15:12:59.848769,-92.62985857688041,-779.5572999522271,55.916184883106325,0.0018084323008680412
2026-09-07 15:12:59.947355,-92.62985433005241,-779.5572936496465,55.91618490799192,0.0012253517212782827
2026-09-07 15:13:00.047451,-92.62984981919499,-779.5572869705912,55.91618491984627,0.0008613955420677189
2026-09-07 15:13:00.146494,-92.629846194228,-779.5572816069883,55.91618492581438,0.0006170168744224229
2026-09-07 15:13:00.247275,-92.6298429906994,-779.557276869262,55.9161849289012,0.00044566627145355034
2026-09-07 15:13:00.347217,-92.62984056961133,-779.5572732894469,55.9161849305201,0.00032349742611487153
2026-09-07 15:13:00.447517,-92.6014608058136,-779.4390988689955,55.958579032714624,0.00407954946058072
2026-09-07 15:13:00.546834,-92.60142422347116,-779.439044607947,55.9585791671052,0.002974550435558113
2026-09-07 15:13:00.646987,-92.60139886823691,-779.4390070173322,55.95857923857511,0.0021695957050811257
2026-09-07 15:13:00.747498,-92.60138123807134,-779.4389808891377,55.95857927659563,0.0015823472287148424
2026-09-07 15:13:00.847165,-92.60136922830125,-779.4389630950968,55.958579296831886,0.0011547123781658751
2026-09-07 15:13:00.952814,-92.60135925808885,-779.4389483278915,55.95857930756392,0.0008392399839929123
2026-09-07 15:13:01.046654,-92.60135441873736,-779.4389411597645,55.95857931327009,0.000613908400896556
2026-09-07 15:13:01.153004,-92.60134918212259,-779.4389334057729,55.958579316305986,0.00044652923356046305
2026-09-07 15:13:01.246467,-92.60134673359447,-779.4389297800126,55.95857931792307,0.0003268622790159826
2026-09-07 15:13:01.352897,-92.60134398368123,-779.4389257087448,55.95857931878527,0.00023781772291517103
2026-09-07 15:13:01.451388,-92.5730132626703,-779.3347829795863,55.98636235888989,0.0034479205144333836
2026-09-07 15:13:01.552105,-92.57297923003283,-779.3347324931665,55.98636245272428,0.002514807875654235
2026-09-07 15:13:01.646594,-92.57295980283871,-779.3347036755714,55.986362502859265,0.00184218874338658
2026-09-07 15:13:01.753031,-92.57294163980188,-779.3346767453854,55.98636252959113,0.0013408458920295594
2026-09-07 15:13:01.851655,-92.57293152743273,-779.3346617522759,55.98636254378471,0.0009781704151997329
2026-09-07 15:13:01.950421,-92.57292437168658,-779.3346511443086,55.98636255134625,0.000714384822834459
2026-09-07 15:13:02.051743,-92.57291888904943,-779.3346430176957,55.98636255537531,0.0005210705510140074
2026-09-07 15:13:02.151272,-92.57291519876007,-779.3346375481252,55.9863625575199,0.00038030698231631863
2026-09-07 15:13:02.252789,-92.572912382789,-779.3346333747277,55.98636255866222,0.0002772603842638643
2026-09-07 15:13:02.351424,-92.57291053720985,-779.3346306395804,55.986362559269764,0.0002024402249180862
2026-09-07 15:13:02.443516,-92.54469137486659,-779.2454661271518,56.003418503909415,0.0029775149826655103
2026-09-07 15:13:02.552848,-92.54465580602778,-779.2454133582021,56.00341857045714,0.002165670760375965
2026-09-07 15:13:02.648820,-92.5446385445967,-779.2453877482711,56.003418605823754,0.0015823635750233018
2026-09-07 15:13:02.743091,-92.54462721113761,-779.2453709352519,56.003418624773985,0.0011604194080126204
2026-09-07 15:13:02.851758,-92.5446156413559,-779.245353775705,56.00341863487847,0.0008437441828248225
2026-09-07 15:13:02.950101,-92.54460960683738,-779.2453448256615,56.003418640237214,0.0006153146424128288
2026-09-07 15:13:03.049813,-92.54460512616019,-779.2453381806787,56.00341864308757,0.00044898887910192986
2026-09-07 15:13:03.260523,-92.54459114287539,-779.2453174463218,56.00341864449365,0.00030316190760225434
2026-09-07 15:13:03.359192,-92.54458995623253,-779.2453156865326,56.0034186451594,0.00021297555295071412
2026-09-07 15:13:03.459953,-92.51615983829218,-779.1672021691155,56.0138406203514,0.0030301309198543292
2026-09-07 15:13:03.559392,-92.51613453189398,-779.16716461102,56.01384068284824,0.0021894411411837057
2026-09-07 15:13:03.659540,-92.51611699355651,-779.1671385851848,56.01384071562825,0.0015893255180054594
2026-09-07 15:13:03.759557,-92.51610487512845,-779.1671206038973,56.01384073294503,0.0011566197805619714
2026-09-07 15:13:03.859640,-92.5160963253023,-779.1671079186742,56.013840742127286,0.0008428081876245058
2026-09-07 15:13:03.959028,-92.51609036914343,-779.16709908212,56.01384074700945,0.0006148716642560524
2026-09-07 15:13:04.178723,-92.51607007123205,-779.1670689727677,56.013840749401425,0.0004126257041015049
2026-09-07 15:13:04.276304,-92.51606866087882,-779.1670668803786,56.01384075052374,0.0002892564309937485
2026-09-07 15:13:04.378433,-92.48780214484601,-779.0909349430196,56.02199618243503,0.0031054848540124605
2026-09-07 15:13:04.474724,-92.48777881901397,-779.0909003157134,56.0219962360643,0.0022466341398527786
2026-09-07 15:13:04.574725,-92.4877609699179,-779.0908738226456,56.02199626424954,0.0016320637327318656
2026-09-07 15:13:04.674816,-92.48774852992403,-779.0908553596774,56.02199627915434,0.001188128345539633
2026-09-07 15:13:04.774678,-92.4877398203154,-779.0908424339917,56.0219962870633,0.0008660644356503306
2026-09-07 15:13:04.875061,-92.48773351909422,-779.0908330829986,56.021996291268806,0.0006314948600568585
2026-09-07 15:13:04.974814,-92.48772909394255,-779.0908265163098,56.021996293504344,0.0004607439030155577
2026-09-07 15:13:05.075743,-92.48772578574074,-779.0908216072647,56.02199629469396,0.000335985527853718
2026-09-07 15:13:05.175837,-92.48772346361596,-779.0908181615237,56.02199629532879,0.0002450892763885917
2026-09-07 15:13:05.275896,-92.48772178199994,-779.0908156662548,56.0219962956653,0.00017881959204538723
2026-09-07 15:13:05.376737,-92.45621624528948,-779.0267466143649,56.025413060160645,0.0024381177867039993
2026-09-07 15:13:05.476093,-92.45619303025585,-779.0267121588709,56.0254130897647,0.001779838215896336
2026-09-07 15:13:05.576033,-92.45617722821751,-779.0266887063771,56.02541310553897,0.001299213639881763
2026-09-07 15:13:05.675913,-92.45616645875664,-779.0266727233343,56.02541311394452,0.0009483876461599481
2026-09-07 15:13:05.775898,-92.45615897358728,-779.0266616147577,56.025413118422875,0.0006922464357891192
2026-09-07 15:13:05.875521,-92.45615377735193,-779.0266539032564,56.02541312081121,0.000505398671197338
2026-09-07 15:13:05.975158,-92.45615009083012,-779.0266484323224,56.02541312208268,0.00036902478694779433
2026-09-07 15:13:06.075164,-92.45614742790104,-779.0266444804771,56.025413122759346,0.0002693925661004309
2026-09-07 15:13:06.175273,-92.45614551171602,-779.0266416368371,56.025413123121325,0.00019662300493177818
2026-09-07 15:13:06.275671,-92.45614411962829,-779.0266395709748,56.02541312331414,0.00014346571436510343
2026-09-07 15:13:06.375536,-92.41884326265875,-778.9681588103639,56.02601256466187,0.0023454891468433366
2026-09-07 15:13:06.475243,-92.41882055474044,-778.9681251108237,56.02601258686627,0.0017124507986815568
2026-09-07 15:13:06.580279,-92.41880340589249,-778.9680996613374,56.02601259865878,0.0012454802764759682
2026-09-07 15:13:06.674998,-92.41879459074157,-778.9680865793407,56.02601260492884,0.0009108313940702519
2026-09-07 15:13:06.780920,-92.4187861894205,-778.9680741115624,56.02601260826668,0.0006626095039329598
2026-09-07 15:13:06.880950,-92.41878124042258,-778.9680667671271,56.02601261003474,0.0004827571899188153
2026-09-07 15:13:06.980587,-92.418777771923,-778.968061619797,56.02601261097516,0.000352103197689607
2026-09-07 15:13:07.081703,-92.41877517728277,-778.9680577692998,56.02601261147356,0.000256680405210161
2026-09-07 15:13:07.181459,-92.4187733955303,-778.9680551251463,56.026012611739134,0.0001872535318853551
2026-09-07 15:13:07.281800,-92.41877208378358,-778.9680531784917,56.026012611881015,0.0001365995666806975
2026-09-07 15:13:07.380889,-92.37690769767886,-778.917969398702,56.02459404712681,0.002193910292094981
2026-09-07 15:13:07.481022,-92.3768862594731,-778.9179375877567,56.02459406339767,0.001601669291062708
2026-09-07 15:13:07.581782,-92.37687169453208,-778.9179159753754,56.02459407206152,0.0011684980761469488
2026-09-07 15:13:07.681308,-92.37686209057296,-778.9179017242814,56.024594076676294,0.0008529333408304326
2026-09-07 15:13:07.781455,-92.37685531807489,-778.9178916746318,56.02459407913557,0.0006224849702663501
2026-09-07 15:13:07.881995,-92.3768505207934,-778.9178845559368,56.02459408044524,0.00045412882125697235
2026-09-07 15:13:07.982010,-92.37684718244881,-778.9178796021353,56.02459408114191,0.00033136644302746924
2026-09-07 15:13:08.082034,-92.37684479993395,-778.9178760666834,56.02459408151299,0.00024181171407118172
2026-09-07 15:13:08.186564,-92.37684285716463,-778.9178731837644,56.02459408171126,0.0001758900692549547
2026-09-07 15:13:08.281819,-92.37684183054223,-778.9178716603365,56.02459408181494,0.00012858677540728006
2026-09-07 15:13:08.386857,-92.31877331090234,-778.874221110778,56.02028020877515,0.00231963945272661
2026-09-07 15:13:08.481470,-92.31875354756605,-778.8741917940391,56.020280222297515,0.0016974210989580086
2026-09-07 15:13:08.586786,-92.31873628936457,-778.8741661913514,56.02028022950253,0.0012357865439990305
2026-09-07 15:13:08.680956,-92.31872760700017,-778.8741533110857,56.02028023334242,0.0009045877469552855
2026-09-07 15:13:08.787654,-92.31871905248609,-778.8741406197149,56.020280235385144,0.0006580234243715549
2026-09-07 15:13:08.880823,-92.31871507979216,-778.8741347259374,56.02028023647472,0.0004818072682660699
2026-09-07 15:13:08.986859,-92.31871084983342,-778.8741284502323,56.020280237054976,0.0003507031477603389
2026-09-07 15:13:09.080360,-92.31870883854793,-778.8741254662382,56.020280237364204,0.0002568106074291976
2026-09-07 15:13:09.187306,-92.31870660574411,-778.8741221535147,56.02028023752791,0.00018681584155427758
2026-09-07 15:13:09.286410,-92.31870535423386,-778.8741202966958,56.020280237617044,0.0001361970968969928
2026-09-07 15:13:09.386523,-92.25091433033592,-778.827731530337,56.01565922757982,0.0025633993588281574
2026-09-07 15:13:09.486117,-92.25088962674134,-778.8276948912387,56.01565923904127,0.0018710843221558032
2026-09-07 15:13:09.586983,-92.25087257041923,-778.8276695930609,56.01565924514216,0.001364815615027359
2026-09-07 15:13:09.677874,-92.25086386155492,-778.8276566760453,56.0156592484127,0.0010024602739346397
2026-09-07 15:13:09.785797,-92.25085397330761,-778.8276420085508,56.01565925016075,0.0007299003932507174
2026-09-07 15:13:09.877672,-92.25084971135806,-778.8276356868014,56.01565925109389,0.0005352094256833678
2026-09-07 15:13:09.986550,-92.25084463400879,-778.8276281551897,56.0156592515923,0.00038906938216559076
2026-09-07 15:13:10.083949,-92.25084208210268,-778.8276243697652,56.01565925185605,0.00028389877584645906
2026-09-07 15:13:10.184534,-92.25084003538575,-778.8276213336799,56.01565925199611,0.00020708960520095617
2026-09-07 15:13:10.284924,-92.2508385733212,-778.8276191648479,56.01565925207069,0.00015105651256352358
2026-09-07 15:13:10.384204,-92.18493586416459,-778.7833165788967,56.01174897783312,0.002478214328737399
2026-09-07 15:13:10.485024,-92.18491124320902,-778.7832800664526,56.01174898633508,0.001808138974474509
2026-09-07 15:13:10.585370,-92.1848949748509,-778.7832559400217,56.011748990860724,0.0013191043166750668
2026-09-07 15:13:10.684651,-92.18488419431618,-778.783239951787,56.011748993270885,0.0009630298322893845
2026-09-07 15:13:10.784931,-92.18487650862473,-778.7832285531115,56.01174899455509,0.0007028303838080001
2026-09-07 15:13:10.885782,-92.18487104136226,-778.7832204444394,56.01174899523903,0.0005126259724286144
2026-09-07 15:13:10.985223,-92.18486733800897,-778.7832149518102,56.01174899560283,0.0003741611518470354
2026-09-07 15:13:11.085235,-92.18486464356775,-778.783210955501,56.01174899579564,0.0002730862370413238
2026-09-07 15:13:11.186145,-92.18486265764685,-778.7832080100196,56.011748995897506,0.00019918074327765218
2026-09-07 15:13:11.285787,-92.18486128597841,-778.783205975575,56.011748995953894,0.00014535848008336786
2026-09-07 15:13:11.386723,-92.12037004966012,-778.7404814554022,56.008383338234125,0.002411076836486241
2026-09-07 15:13:11.486820,-92.12034653833166,-778.7404465922313,56.0083833446206,0.0017591956619737081
2026-09-07 15:13:11.586941,-92.12033079761704,-778.7404232508563,56.00838334802029,0.0012836250299607744
2026-09-07 15:13:11.805911,-92.12028715571348,-778.740358529903,56.00838334968648,0.0008618958361288927
2026-09-07 15:13:11.904775,-92.12028327679329,-778.7403527779421,56.00838335046865,0.000603818211846967
2026-09-07 15:13:12.004864,-92.12028012277122,-778.7403481007314,56.00838335086155,0.00043144690048712805
2026-09-07 15:13:12.104882,-92.12027772312162,-778.7403445421338,56.00838335106346,0.00031140453606787167
2026-09-07 15:13:12.205681,-92.12027584967143,-778.7403417638326,56.00838335116896,0.00022581401009502742
2026-09-07 15:13:12.304638,-92.12027453418477,-778.7403398129699,56.00838335122535,0.00016437060514405805
2026-09-07 15:13:12.405137,-92.05674307008115,-778.7026573299315,56.00517794733605,0.002335057211294973
2026-09-07 15:13:12.505058,-92.05672121854691,-778.7026249319571,56.005177952296435,0.0017030159727476262
2026-09-07 15:13:12.605952,-92.05670613789546,-778.7026025720447,56.00517795493579,0.0012416554840628583
2026-09-07 15:13:12.704644,-92.05669640174396,-778.7025881360869,56.00517795633823,0.000906582630364277
2026-09-07 15:13:12.805503,-92.05668917569704,-778.7025774216327,56.005177957085834,0.0006613921508526978
2026-09-07 15:13:12.906484,-92.0566840878794,-778.7025698775291,56.00517795748419,0.0004822622362247382
2026-09-07 15:13:13.115925,-92.05666917768329,-778.7025477681252,56.005177957678825,0.0003257915170110624
2026-09-07 15:13:13.207386,-92.0566683679485,-778.7025465674963,56.00517795777159,0.0002300929687931649
2026-09-07 15:13:13.308518,-92.05666713752815,-778.702544743011,56.00517795781889,0.00016495613312324912
2026-09-07 15:13:13.408291,-91.99430793989306,-778.6770566185635,56.00175880894494,0.002052405890979566
2026-09-07 15:13:13.508153,-91.99428971839428,-778.6770296067184,56.00175881242649,0.0014910758698986613
2026-09-07 15:13:13.608049,-91.99427736206515,-778.6770112888356,56.001758814265486,0.0010856864674207677
2026-09-07 15:13:13.708513,-91.99426869788446,-778.6769984440513,56.00175881524228,0.0007911199754144638
2026-09-07 15:13:13.808574,-91.99426270850334,-778.6769895645007,56.001758815762514,0.0005768790854163334
2026-09-07 15:13:13.908133,-91.99425853125466,-778.676983371416,56.001758816039,0.0004209671372399318
2026-09-07 15:13:14.008004,-91.99425551646347,-778.6769789016954,56.00175881618634,0.00030724411301104066
2026-09-07 15:13:14.107536,-91.99425337350492,-778.676975724518,56.001758816264555,0.00022431832934245716
2026-09-07 15:13:14.207900,-91.99425178546204,-778.6769733700448,56.00175881630639,0.00016370422849168643
2026-09-07 15:13:14.308035,-91.99425064715628,-778.6769716823536,56.00175881632822,0.0001194616479284368
2026-09-07 15:13:14.407640,-91.93583580919646,-778.653151085419,55.99888474572799,0.0017702544592681571
2026-09-07 15:13:14.507808,-91.9358184861867,-778.6531254070778,55.998884747863485,0.0012922122483205573
2026-09-07 15:13:14.614210,-91.93580517932396,-778.6531056812611,55.9988847489949,0.0009388051353892133
2026-09-07 15:13:14.712328,-91.93579790115695,-778.6530948922301,55.998884749593344,0.0006844558673186505
2026-09-07 15:13:14.812888,-91.9357924658772,-778.6530868348826,55.998884749913486,0.0004990605174573893
2026-09-07 15:13:15.243855,-91.93575229953031,-778.6530272885165,55.99888475004991,0.0002932489381455439
2026-09-07 15:13:15.344133,-91.93575223571558,-778.6530271939857,55.99888475010448,0.0001938610319483551
2026-09-07 15:13:15.444245,-91.88311418596433,-778.6341429419621,55.99642182727257,0.0019574291934945217
2026-09-07 15:13:15.544580,-91.88310084936079,-778.6341231758604,55.99642182956086,0.001393136322975833
2026-09-07 15:13:15.644585,-91.88309158599856,-778.6341094460375,55.99642183073411,0.0010034925581296572
2026-09-07 15:13:15.744607,-91.88308492760225,-778.6340995768423,55.99642183134529,0.0007273212675657159
2026-09-07 15:13:15.844794,-91.88308007003384,-778.6340923766736,55.99642183166907,0.0005288082007959967
2026-09-07 15:13:15.944834,-91.88307654817913,-778.6340871562786,55.99642183184005,0.0003851543794517592
2026-09-07 15:13:16.044913,-91.88307397238687,-778.6340833381652,55.996421831931,0.0002807790368771999
2026-09-07 15:13:16.145193,-91.88307207796946,-778.6340805300293,55.996421831980115,0.00020475747568742236
2026-09-07 15:13:16.245217,-91.88307070608694,-778.6340784964437,55.99642183200558,0.00014937337360473147
2026-09-07 15:13:16.345345,-91.8830696999046,-778.6340770049393,55.996421832018314,0.00010898278840084771
2026-09-07 15:13:16.445483,-91.83872185781512,-778.6156100109762,55.99460817379986,0.001368445207480697
2026-09-07 15:13:16.545508,-91.83870862103461,-778.6155903921019,55.99460817477848,0.0009987536771876046
2026-09-07 15:13:16.645666,-91.83869971871296,-778.6155771973326,55.994608175302346,0.0007288510691693734
2026-09-07 15:13:16.745679,-91.83869366664376,-778.6155682270111,55.99460817558065,0.0005319100787230568
2026-09-07 15:13:16.845823,-91.83868945759815,-778.615561988334,55.99460817572799,0.00038815595653384356
2026-09-07 15:13:16.946113,-91.83868649399464,-778.6155575956217,55.994608175806206,0.00028321177701860143
2026-09-07 15:13:17.046088,-91.83868441585241,-778.6155545153377,55.99460817584986,0.00020667248059633622
2026-09-07 15:13:19.122699,-91.76805653746092,-778.5974633246345,55.99219624833677,0.0029139969894556523
2026-09-07 15:13:19.223974,-91.76806419992205,-778.5974746884033,55.99219625099795,0.0016178810027243527
2026-09-07 15:13:19.322853,-91.76806502165026,-778.5974759088396,55.99219625195474,0.0010480752459216787
2026-09-07 15:13:19.423002,-91.71350314869633,-778.5928228401712,55.98983064231834,0.0019452090439460927
2026-09-07 15:13:19.521919,-91.7134900185461,-778.5928033856007,55.98983064368986,0.0013795752557730866
2026-09-07 15:13:19.624143,-91.71347992696677,-778.5927884320977,55.98983064438835,0.0009903577094661367
2026-09-07 15:13:19.722258,-91.71347368835502,-778.592779187635,55.989830644752146,0.0007175238891590963
2026-09-07 15:13:19.823420,-91.71346867423388,-778.5927717573289,55.98983064494314,0.0005212092795406919
2026-09-07 15:13:19.922617,-91.71346527344863,-778.592766717699,55.989830645043185,0.0003796695655843312
2026-09-07 15:13:20.023399,-91.7134626560261,-778.5927628388612,55.989830645097754,0.0002766580785434015
2026-09-07 15:13:20.123405,-91.71346079983267,-778.5927600880825,55.98983064512686,0.00020174511582551108
2026-09-07 15:13:20.222981,-91.71345946289748,-778.5927581068,55.98983064514141,0.00014722115141619063
2026-09-07 15:13:20.323393,-91.71345845788058,-778.5927566173965,55.989830645148686,0.00010740788171222267
2026-09-07 15:13:20.423740,-91.65937566304524,-778.5900444066183,55.98745131047872,0.0010380200296384553
2026-09-07 15:13:20.523967,-91.65936536830183,-778.5900291526519,55.98745131076248,0.0007574093638675805
2026-09-07 15:13:20.747942,-91.65933829837256,-778.589989039474,55.987451310900724,0.0005068630835165905
2026-09-07 15:13:20.844500,-91.65933609338434,-778.5899857723111,55.98745131096621,0.0003551073413504117
2026-09-07 15:13:20.945100,-91.65933409166139,-778.5899828061979,55.98745131099895,0.00025364776676493325
2026-09-07 15:13:21.044541,-91.65933265969691,-778.5899806843092,55.98745131101532,0.0001831185261637277
2026-09-07 15:13:21.145723,-91.65933151246125,-778.5899789843093,55.987451311022596,0.00013276753189221774
2026-09-07 15:13:21.237621,-91.65933092429631,-778.5899781127539,55.98745131102805,9.713309479580035e-05
2026-09-07 15:13:21.344397,-91.65933014722606,-778.5899769612563,55.98745131103169,7.063335225542275e-05
2026-09-07 15:13:21.436686,-91.60193463864952,-778.5965464939259,55.98484939189984,0.0008667103082536775
2026-09-07 15:13:21.545242,-91.60192456909594,-778.5965315749933,55.98484939206355,0.000629975749528732
2026-09-07 15:13:21.643211,-91.60191934463182,-778.5965238345029,55.98484939215086,0.0004594638775245872
2026-09-07 15:13:21.743116,-91.60191556541118,-778.5965182351343,55.98484939219816,0.000335235815152656
2026-09-07 15:13:21.843170,-91.60191293181236,-778.5965143330824,55.98484939222362,0.0002446208743195013
2026-09-07 15:13:21.943577,-91.60191106412003,-778.5965115657959,55.984849392236356,0.00017846301337588223
2026-09-07 15:13:22.043474,-91.60190976138982,-778.5965096355748,55.98484939224363,0.0001302319309800801
2026-09-07 15:13:22.143586,-91.60190882436387,-778.5965082471978,55.98484939224545,9.503412763936778e-05
2026-09-07 15:13:22.244288,-91.60190813958904,-778.5965072325716,55.98484939224727,6.931878793833307e-05
2026-09-07 15:13:22.344574,-91.60190765331997,-778.5965065120673,55.98484939224909,5.0565301762771754e-05
2026-09-07 15:13:22.445151,-91.5545519387015,-778.6144199662655,55.98259986258927,0.00039767244016920025
2026-09-07 15:13:22.544770,-91.55454806518901,-778.6144142278164,55.98259986264384,0.00029025912103665304
2026-09-07 15:13:22.649424,-91.55454516444739,-778.6144099303763,55.98259986267294,0.0002111345468926392
2026-09-07 15:13:22.745758,-91.55454358606272,-778.6144075920006,55.98259986268749,0.00015423284100640937
2026-09-07 15:13:22.844674,-91.5545423949027,-778.6144058272662,55.98259986269477,0.00011270866189568767
2026-09-07 15:13:22.945921,-91.5545415009655,-778.6144045028584,55.982599862700226,8.224043443469067e-05
2026-09-07 15:13:23.044529,-91.55454091803416,-778.6144036392149,55.982599862702045,6.007620291398048e-05
2026-09-07 15:13:23.145398,-91.55454047095279,-778.6144029768351,55.982599862703864,4.3839266161262536e-05
2026-09-07 15:13:23.245665,-91.55454015730032,-778.6144025121368,55.982599862703864,3.198687148117508e-05
2026-09-07 15:13:23.345640,-91.5545399336509,-778.6144021807834,55.982599862703864,2.3342369416371992e-05
2026-09-07 15:13:23.551582,-91.51377225034388,-778.6329087480767,55.98092494898265,0.00028947051858722655
2026-09-07 15:13:23.648495,-91.51377023875936,-778.6329057682348,55.98092494901539,0.00020397116509878575
2026-09-07 15:13:23.749020,-91.51376872201378,-778.6329035213395,55.98092494903176,0.00014612270216493223
2026-09-07 15:13:23.849364,-91.51376767577753,-778.6329019714259,55.980924949039036,0.0001055834212863526
2026-09-07 15:13:23.949032,-91.51376694929246,-778.6329008951836,55.98092494904449,7.6670781690703e-05
2026-09-07 15:13:24.049391,-91.5137664152101,-778.6329001039651,55.98092494904631,5.5793195279479035e-05
2026-09-07 15:13:24.149262,-91.51376603550358,-778.6328995414431,55.98092494904813,4.066047524776116e-05
2026-09-07 15:13:24.249463,-91.51376575683223,-778.6328991285988,55.98092494904813,2.96482371732691e-05
2026-09-07 15:13:24.348717,-91.51376556033024,-778.6328988374852,55.98092494904813,2.1639659457924836e-05
2026-09-07 15:13:24.448853,-91.48608429884472,-778.6592629814536,55.97969557646138,-0.0001888470032239956
2026-09-07 15:13:24.549075,-91.48608614081546,-778.6592657100649,55.97969557644865,-0.00013782427520934206
2026-09-07 15:13:24.648567,-91.48608735305092,-778.6592675058323,55.97969557643955,-0.00010062573477447
2026-09-07 15:13:24.748619,-91.48608819329226,-778.6592687505508,55.979695576435915,-7.345210497912652e-05
2026-09-07 15:13:24.848513,-91.48608877270307,-778.6592696088858,55.979695576434096,-5.361700289064011e-05
2026-09-07 15:13:24.948503,-91.48608918021901,-778.6592702125804,55.979695576434096,-3.913560427334641e-05
2026-09-07 15:13:25.048319,-91.48608946729735,-778.6592706378605,55.979695576434096,-2.856810153450561e-05
2026-09-07 15:13:25.149207,-91.48608967879727,-778.6592709511792,55.979695576434096,-2.0838775926034134e-05
2026-09-07 15:13:25.248629,-91.48608982343865,-778.6592711654533,55.979695576434096,-1.5211008496728539e-05
2026-09-07 15:13:25.348747,-91.4860899302579,-778.6592713236976,55.979695576434096,-1.110146501934525e-05
2026-09-07 15:13:25.448329,-91.37912384898661,-778.6782593170572,55.97726485039675,0.0014031520871040327
2026-09-07 15:13:25.555839,-91.37910788003633,-778.6782356643077,55.97726485046769,0.0010188263781682244
2026-09-07 15:13:25.652828,-91.37909962911964,-778.6782234433127,55.97726485050771,0.0007431857227490682
2026-09-07 15:13:25.755157,-91.37909310425277,-778.6782137786211,55.9772648505259,0.0005413348312118032
2026-09-07 15:13:25.853927,-91.37908902380877,-778.6782077345794,55.97726485053863,0.00039502758713879103
2026-09-07 15:13:25.954882,-91.37908596045463,-778.6782031970096,55.97726485054409,0.000288083447767709
2026-09-07 15:13:26.054764,-91.37908386241688,-778.6782000892837,55.977264850547726,0.00021018664748926932
2026-09-07 15:13:26.154786,-91.37908235626107,-778.6781978582698,55.977264850549545,0.00015337404151164377
2026-09-07 15:13:26.253954,-91.37908130215445,-778.6781962968525,55.977264850551364,0.00011199567399514916
2026-09-07 15:13:26.354969,-91.37908049437094,-778.6781951003011,55.977264850551364,8.170082188031669e-05
2026-09-07 15:13:26.455103,-91.26276845132101,-778.6729513118154,55.97452720388719,0.0022875736071469245
2026-09-07 15:13:26.555652,-91.26274586555962,-778.6729178627805,55.974527203970865,0.0016688698724077189
2026-09-07 15:13:26.655033,-91.26273118311906,-778.6728961179685,55.97452720401452,0.0012182920278516547
2026-09-07 15:13:26.754725,-91.26272107721114,-778.6728811507368,55.97452720403817,0.0008894708442965014
2026-09-07 15:13:26.855356,-91.26271389726675,-778.6728705167839,55.9745272040509,0.0006489956268300609
2026-09-07 15:13:26.955901,-91.26270888887842,-778.672863098952,55.97452720405818,0.00047340753383130735
2026-09-07 15:13:27.055531,-91.26270544374869,-778.6728579963881,55.974527204059996,0.00034550664544114507
2026-09-07 15:13:27.156599,-91.26270287565454,-778.6728541927638,55.974527204061815,0.0002519667963287044
2026-09-07 15:13:27.255276,-91.26270116992275,-778.6728516663802,55.974527204063634,0.0001839966873694832
2026-09-07 15:13:27.355538,-91.26269986977846,-778.6728497407079,55.974527204063634,0.0001343021713288306
2026-09-07 15:13:27.455613,-91.16152760034208,-778.657110069353,55.971551854223435,0.0023329831054057005
2026-09-07 15:13:27.555497,-91.16150485227908,-778.6570763841021,55.971551854278005,0.0017031376450740653
2026-09-07 15:13:27.656204,-91.16148932828636,-778.6570533956226,55.97155185430529,0.0012425482539027781
2026-09-07 15:13:27.872313,-91.16144781258292,-778.6569919129905,55.97155185431984,0.0008358633080492764
2026-09-07 15:13:27.960579,-91.16144581744626,-778.6569889587469,55.97155185432712,0.000590480295281814
2026-09-07 15:13:28.060745,-91.16144248154744,-778.6569840186212,55.971551854328936,0.0004236677491508792
2026-09-07 15:13:28.161135,-91.16143996118498,-778.6569802861613,55.971551854330755,0.0003063633280340965
2026-09-07 15:13:28.261005,-91.16143811110153,-778.6569775463047,55.971551854332574,0.00022252674666299949
2026-09-07 15:13:28.361090,-91.16143671825195,-778.656975483567,55.971551854332574,0.00016198656288108685
2026-09-07 15:13:28.460857,-91.09721370948735,-778.6293086743431,55.969647595789866,0.002060689408887537
2026-09-07 15:13:28.568137,-91.0971910348551,-778.6292750985872,55.96964759581169,0.001495330149453083
2026-09-07 15:13:28.664690,-91.09717941604116,-778.6292578939181,55.96964759582261,0.0010907593914517726
2026-09-07 15:13:28.766589,-91.0971701133153,-778.6292441184785,55.96964759582988,0.000794750485566106
2026-09-07 15:13:28.865162,-91.0971642380662,-778.629235418366,55.9696475958317,0.0005801302806327882
2026-09-07 15:13:28.966230,-91.09715976485218,-778.6292287943157,55.96964759583352,0.0004231083192967547
2026-09-07 15:13:29.066313,-91.09715668735338,-778.6292242370469,55.96964759583534,0.00030866927239576363
2026-09-07 15:13:29.166023,-91.09715450949206,-778.6292210119752,55.96964759583534,0.00022527607469612437
2026-09-07 15:13:29.267396,-91.0971528599872,-778.6292185693047,55.96964759583534,0.000164250091942672
2026-09-07 15:13:29.366894,-91.05059558548828,-778.6043450121624,55.96825302570687,0.0016480345888396138
2026-09-07 15:13:29.467313,-91.05057940514241,-778.6043210538293,55.96825302570869,0.0012025296869603783
2026-09-07 15:13:29.567615,-91.05056860864894,-778.6043050672133,55.96825302570869,0.0008773573792867406
2026-09-07 15:13:29.667214,-91.05056138225598,-778.6042943668276,55.96825302570869,0.0006404040949109012
2026-09-07 15:13:29.766960,-91.05055635069212,-778.6042869163427,55.96825302570869,0.00046750894262189503
2026-09-07 15:13:30.097392,-91.05052921635595,-778.604246736171,55.96825302570869,0.0002921181952060889
2026-09-07 15:13:30.184656,-91.05052939453736,-778.6042470000607,55.96825302570869,0.00019974929000310393
2026-09-07 15:13:30.285283,-91.05052865203191,-778.6042459005852,55.96825302570869,0.00014098315724614724
2026-09-07 15:13:30.384968,-91.02578364775982,-778.5768686592761,55.96794817715636,0.001445741225107512
2026-09-07 15:13:30.485135,-91.02577170843115,-778.5768509801417,55.967948177147264,0.001045781003933285
2026-09-07 15:13:30.585196,-91.02576355257499,-778.5768389033274,55.967948177143626,0.0007596243163987321
2026-09-07 15:13:30.684560,-91.02575796762144,-778.5768306333616,55.96794817713999,0.0005532613481110565
2026-09-07 15:13:30.784825,-91.02575389745571,-778.5768246064135,55.96794817713817,0.00040327243037311533
2026-09-07 15:13:30.884576,-91.02575103878503,-778.576820373394,55.96794817713817,0.00029417679576647317
2026-09-07 15:13:30.984314,-91.02574898333022,-778.5768173297438,55.96794817713817,0.00021468623462392972
2026-09-07 15:13:31.084913,-91.0257474587861,-778.5768150722461,55.96794817713817,0.0001566123917176717
2026-09-07 15:13:31.184512,-91.02574639196669,-778.5768134925318,55.96794817713817,0.00011430688150259507
2026-09-07 15:13:31.284891,-91.02574559729592,-778.5768123158064,55.96794817713817,8.3404768181672e-05
2026-09-07 15:13:31.384434,-91.01575811939432,-778.5556323358726,55.96815507754036,0.0008095146905788621
2026-09-07 15:13:31.485158,-91.01575012768993,-778.5556205017728,55.9681550775349,0.0005906679120679885
2026-09-07 15:13:31.584911,-91.01574490309635,-778.5556127652177,55.968155077531264,0.0004311141941693392
2026-09-07 15:13:31.685237,-91.01574128330378,-778.5556074050537,55.968155077529445,0.00031457851088100415
2026-09-07 15:13:31.784905,-91.01573882243109,-778.5556037610146,55.968155077529445,0.00022962256972049324
2026-09-07 15:13:31.892031,-91.01573672829892,-778.5556006600468,55.968155077529445,0.00016673282286632985
2026-09-07 15:13:31.984727,-91.0157357937914,-778.5555992762377,55.968155077529445,0.00012200744170267444
2026-09-07 15:13:32.091800,-91.01573472302964,-778.5555976906674,55.968155077529445,8.8712115906593e-05
2026-09-07 15:13:32.191344,-91.01573411726262,-778.5555967936554,55.968155077529445,6.463825370935009e-05
2026-09-07 15:13:32.290756,-91.01573368023809,-778.5555961465153,55.968155077529445,4.715426983509592e-05
2026-09-07 15:13:32.390728,-91.0143189939545,-778.5431282490127,55.96845853079685,0.00039326008136330475
2026-09-07 15:13:32.491213,-91.01431512627701,-778.5431225216745,55.96845853079685,0.00028693065094837763
2026-09-07 15:13:32.591279,-91.01431256458007,-778.5431187282694,55.96845853079503,0.00020937036089280293
2026-09-07 15:13:32.690958,-91.01431083505595,-778.5431161671659,55.96845853079503,0.00015282628243535432
2026-09-07 15:13:32.790806,-91.01430963053922,-778.5431143835041,55.96845853079503,0.00011155893182247701
2026-09-07 15:13:32.892250,-91.01430874752302,-778.543113075926,55.96845853079503,8.134248822582763e-05
2026-09-07 15:13:32.991030,-91.01430817203943,-778.5431122237457,55.96845853079503,5.938984389344221e-05
2026-09-07 15:13:33.091163,-91.0143077419291,-778.5431115868357,55.96845853079503,4.334986549374073e-05
2026-09-07 15:13:33.191644,-91.01430743021608,-778.5431111252495,55.96845853079503,3.1629297646145596e-05
2026-09-07 15:13:33.292478,-91.01430720363776,-778.5431107897314,55.96845853079503,2.306678161041194e-05
2026-09-07 15:13:33.391561,-91.01639763227536,-778.5334021540643,55.96877802449853,0.00023791685117239444
2026-09-07 15:13:33.727076,-91.0163831124261,-778.533380652746,55.96877802449853,0.0001482114105992354
2026-09-07 15:13:33.825143,-91.01638270755693,-778.5333800531911,55.96877802449853,0.00010047465969604195
2026-09-07 15:13:33.926375,-91.01638227783653,-778.5333794168447,55.96877802449853,7.059187953364579e-05
2026-09-07 15:13:34.026853,-91.01638194383413,-778.5333789222433,55.96877802449853,5.049873246733943e-05
2026-09-07 15:13:34.127139,-91.01638168131434,-778.5333785334967,55.96877802449853,3.6463173703830806e-05
2026-09-07 15:13:34.226670,-91.01638148309655,-778.5333782399708,55.96877802449853,2.6471123238898644e-05
2026-09-07 15:13:34.326919,-91.01638132649707,-778.5333780080746,55.96877802449853,1.926180813666425e-05
2026-09-07 15:13:34.426910,-91.01815611865105,-778.5297296400514,55.96891137086641,8.148399943601148e-05
2026-09-07 15:13:34.526780,-91.01815536220089,-778.5297285198722,55.96891137086641,5.94366629429445e-05
2026-09-07 15:13:34.626679,-91.0181548509851,-778.5297277628459,55.96891137086641,4.336949669336225e-05
2026-09-07 15:13:34.726688,-91.01815449870739,-778.5297272411815,55.96891137086641,3.164887037510495e-05
2026-09-07 15:13:34.826132,-91.01815425711864,-778.5297268834291,55.96891137086641,2.3106518540900413e-05
2026-09-07 15:13:34.926748,-91.01815408077793,-778.5297266222984,55.96891137086641,1.6859596792886803e-05
2026-09-07 15:13:35.026035,-91.01815396057032,-778.5297264442914,55.96891137086641,1.2309507647387455e-05
2026-09-07 15:13:35.125976,-91.01815387257363,-778.5297263139834,55.96891137086641,8.98620795522624e-06
2026-09-07 15:13:35.226137,-91.01815380886589,-778.5297262196432,55.96891137086641,6.5586091076975396e-06
2026-09-07 15:13:35.326396,-91.01815376278343,-778.529726151403,55.96891137086641,4.785886947301635e-06
2026-09-07 15:13:35.426420,-91.02272541363614,-778.5269374272356,55.9690758683264,-4.41629997067443e-06
2026-09-07 15:13:35.532986,-91.02272546293824,-778.5269375002443,55.9690758683264,-3.208171158675918e-06
2026-09-07 15:13:35.625673,-91.02272548604574,-778.5269375344631,55.9690758683264,-2.348161115112815e-06
2026-09-07 15:13:35.733495,-91.02272550976423,-778.5269375695864,55.9690758683264,-1.7066480909946946e-06
2026-09-07 15:13:35.825967,-91.02272552026142,-778.526937585131,55.9690758683264,-1.249678206124044e-06
2026-09-07 15:13:35.934232,-91.02272553209895,-778.5269376026605,55.9690758683264,-9.081807242469114e-07
2026-09-07 15:13:36.025228,-91.02272553690769,-778.5269376097814,55.9690758683264,-6.656926384218827e-07
2026-09-07 15:13:36.133172,-91.02272554293549,-778.5269376187075,55.9690758683264,-4.841583332207435e-07
2026-09-07 15:13:36.232581,-91.02272554624952,-778.526937623615,55.9690758683264,-3.52857079279077e-07
2026-09-07 15:13:36.333125,-91.02272554873387,-778.5269376272939,55.9690758683264,-2.5723341972419506e-07
2026-09-07 15:13:36.432417,-91.04843999454327,-778.5251738911683,55.96961665786148,-0.00041463885335884783
2026-09-07 15:13:36.532855,-91.0484440780628,-778.5251799384454,55.96961665786148,-0.0003025594064674481
2026-09-07 15:13:36.632431,-91.0484467534776,-778.5251839004467,55.96961665786148,-0.0002208652755889866
2026-09-07 15:13:36.732783,-91.04844861601964,-778.5251866586597,55.96961665786148,-0.00016117291684744525
2026-09-07 15:13:36.832814,-91.04844989288627,-778.5251885495483,55.96961665786148,-0.00011761897258618426
2026-09-07 15:13:36.933357,-91.04845080065407,-778.5251898938416,55.96961665786148,-8.580477807978487e-05
2026-09-07 15:13:37.032704,-91.04845142001933,-778.5251908110444,55.96961665786148,-6.263889576026184e-05
2026-09-07 15:13:37.132853,-91.04845187391042,-778.5251914831994,55.96961665786148,-4.5717397031924525e-05
2026-09-07 15:13:37.232830,-91.0484521976997,-778.5251919626896,55.96961665786148,-3.336742473989722e-05
2026-09-07 15:13:37.333468,-91.04845243580306,-778.5251923152897,55.96961665786148,-2.434200977674052e-05
2026-09-07 15:13:37.432796,-91.08443559788529,-778.5239997550593,55.97008649239615,-0.0006312847071069196
2026-09-07 15:13:37.533437,-91.0844418590331,-778.5240090273222,55.97008649239615,-0.00046066122354619573
2026-09-07 15:13:37.632506,-91.0844458892848,-778.5240149957856,55.97008649239615,-0.0003364089811453857
2026-09-07 15:13:37.965230,-91.08446581186703,-778.5240444990333,55.97008649239615,-0.00020993417053839298
2026-09-07 15:13:38.058391,-91.08446602048285,-778.5240448079891,55.97008649239615,-0.00014289824454593832
2026-09-07 15:13:38.156217,-91.08446647978204,-778.5240454881705,55.97008649239615,-0.00010083531706101227
2026-09-07 15:13:38.255508,-91.08446691730965,-778.5240461361063,55.97008649239615,-7.23535668162259e-05
2026-09-07 15:13:38.356806,-91.0844673046708,-778.5240467097489,55.97008649239615,-5.228780401593804e-05
2026-09-07 15:13:38.456256,-91.1161668845548,-778.5270988398321,55.97020676955435,-0.0007332289224255676
2026-09-07 15:13:38.557254,-91.11617360381221,-778.5271087904371,55.97020676955253,-0.0005334897106656849
2026-09-07 15:13:38.657645,-91.11617808585842,-778.5271154279287,55.97020676955253,-0.000388613892715359
2026-09-07 15:13:38.757190,-91.11618110971041,-778.5271199059663,55.97020676955253,-0.00028343064489188684
2026-09-07 15:13:38.858268,-91.11618332481534,-778.5271231863228,55.97020676955253,-0.00020662116747186988
2026-09-07 15:13:38.957850,-91.11618482059228,-778.5271254014227,55.97020676955253,-0.00015075441556591202
2026-09-07 15:13:39.058612,-91.11618592825594,-778.5271270417637,55.97020676955253,-0.00010994786719304022
2026-09-07 15:13:39.158486,-91.11618670004613,-778.5271281847087,55.97020676955253,-8.022134449457584e-05
2026-09-07 15:13:39.259651,-91.11618727927183,-778.5271290424843,55.97020676955253,-5.849022314359706e-05
2026-09-07 15:13:39.359275,-91.11618767693273,-778.5271296313804,55.97020676955253,-4.267759666095501e-05
2026-09-07 15:13:39.459430,-91.14728505881921,-778.5254463645728,55.97012501928293,-0.0005440411906888678
2026-09-07 15:13:39.558783,-91.14729028291337,-778.5254541008808,55.97012501928293,-0.0003972656411566213
2026-09-07 15:13:39.659259,-91.14729388050696,-778.5254594285246,55.97012501928293,-0.00028991914441734443
2026-09-07 15:13:39.759044,-91.14729628747787,-778.525462992988,55.97012501928293,-0.00021162006170320088
2026-09-07 15:13:39.858687,-91.14729794843939,-778.5254654526933,55.97012501928293,-0.00015449932331215642
2026-09-07 15:13:39.959540,-91.1472991539932,-778.5254672379896,55.97012501928293,-0.00011270953648030667
2026-09-07 15:13:40.058528,-91.14729995953971,-778.5254684309181,55.97012501928293,-8.230137912588635e-05
2026-09-07 15:13:40.159275,-91.14730056763507,-778.5254693314428,55.97012501928293,-6.005036356230816e-05
2026-09-07 15:13:40.258517,-91.14730098311547,-778.5254699467251,55.97012501928293,-4.3845113930469366e-05
2026-09-07 15:13:40.359118,-91.1473012963508,-778.5254704105936,55.97012501928293,-3.199294452915281e-05
2026-09-07 15:13:40.564754,-91.18196732579774,-778.5323710324217,55.96993612150254,-0.0009600882018915482
2026-09-07 15:13:40.662035,-91.18197402469288,-778.5323809525873,55.96993612150072,-0.000676389503534819
2026-09-07 15:13:40.762437,-91.18197900597556,-778.5323883292285,55.96993612150072,-0.00048455638060681654
2026-09-07 15:13:40.862347,-91.18198241679222,-778.5323933802212,55.96993612150072,-0.00035023360112523664
2026-09-07 15:13:40.962014,-91.18198482397919,-778.5323969449696,55.96993612150072,-0.0002543685280782949
2026-09-07 15:13:41.061807,-91.1819865640847,-778.5323995218555,55.96993612150072,-0.000185195908004963
2026-09-07 15:13:41.161337,-91.18198781361332,-778.532401372258,55.96993612150072,-0.00013503474211103055
2026-09-07 15:13:41.261662,-91.18198874563497,-778.5324027524717,55.96993612150072,-9.848071024602464e-05
2026-09-07 15:13:41.362025,-91.18198942308389,-778.5324037556938,55.96993612150072,-7.182794853230904e-05
2026-09-07 15:13:41.461662,-91.20553660596684,-778.5493572943359,55.969784496282955,-0.0009387057968993096
2026-09-07 15:13:41.561770,-91.20554571255379,-778.5493707799722,55.969784496282955,-0.0006851379424645397
2026-09-07 15:13:41.661923,-91.20555182349685,-778.549379829473,55.969784496282955,-0.0004999992472615389
2026-09-07 15:13:41.761820,-91.2055559661491,-778.5493859642015,55.969784496282955,-0.00036493150844290625
2026-09-07 15:13:41.978591,-91.20556806099648,-778.549403875156,55.969784496282955,-0.00024542996759992144
2026-09-07 15:13:42.071717,-91.20556881759207,-778.5494049955743,55.969784496282955,-0.00017276635238609486
2026-09-07 15:13:42.173205,-91.20556977583512,-778.5494064146103,55.969784496282955,-0.00012362046735416214
2026-09-07 15:13:42.272556,-91.20557044415737,-778.549407404311,55.969784496282955,-8.933305922380013e-05
2026-09-07 15:13:42.373416,-91.22707953353145,-778.5703830444307,55.96964794270025,-0.0010891187316339616
2026-09-07 15:13:42.596532,-91.2271182365002,-778.570440358338,55.96964794269843,-0.0007273952675483731
2026-09-07 15:13:42.689545,-91.2271208658645,-778.5704442520388,55.96964794269843,-0.0005104034219205125
2026-09-07 15:13:42.796570,-91.22712449262748,-778.5704496227762,55.96964794269843,-0.0003631889492757109
2026-09-07 15:13:42.889150,-91.22712597486891,-778.5704518177698,55.96964794269843,-0.0002629883639830506
2026-09-07 15:13:42.995364,-91.22712793751701,-778.5704547241874,55.96964794269843,-0.00019028102205809972
2026-09-07 15:13:43.094152,-91.22712905084319,-778.5704563728738,55.96964794269843,-0.0001383606385372505
2026-09-07 15:13:43.193806,-91.22712991296464,-778.5704576495605,55.96964794269843,-0.00010080806284396792
2026-09-07 15:13:43.295499,-91.2271305978124,-778.5704586637289,55.96964794269843,-7.341619815543308e-05
2026-09-07 15:13:43.506350,-91.25432844350293,-778.5957564757816,55.96938801728538,-0.001450885093127168
2026-09-07 15:13:43.604671,-91.25433833908494,-778.5957711294327,55.96938801728356,-0.0010192545917090865
2026-09-07 15:13:43.704825,-91.25434547745661,-778.595781700187,55.96938801728356,-0.0007292638372461231
2026-09-07 15:13:43.925521,-91.25436938532096,-778.5958171041747,55.96938801728356,-0.0004844935422961835
2026-09-07 15:13:44.021819,-91.25437073252571,-778.5958190991593,55.96938801728356,-0.0003383480698868069
2026-09-07 15:13:44.121880,-91.25437223559774,-778.5958213249747,55.96938801728356,-0.0002413829017712092
2026-09-07 15:13:44.221758,-91.25437343554577,-778.5958231019149,55.96938801728356,-0.00017409989525985956
2026-09-07 15:13:44.322496,-91.25437441051488,-778.5958245456976,55.96938801728356,-0.0001262071076709279
2026-09-07 15:13:44.420713,-91.27858833393299,-778.6271024429464,55.969282681118784,-0.001442909700904167
2026-09-07 15:13:44.522131,-91.27860192508561,-778.6271225692722,55.969282681116965,-0.0010509237456448263
2026-09-07 15:13:44.623843,-91.2786111696283,-778.6271362589786,55.969282681115146,-0.0007652122206133409
2026-09-07 15:13:44.720089,-91.27861662108845,-778.6271443317324,55.969282681115146,-0.0005593194420470789
2026-09-07 15:13:44.820612,-91.27862099986228,-778.6271508160146,55.969282681115146,-0.00040838480897026564
2026-09-07 15:13:44.920408,-91.27862402282437,-778.6271552925532,55.969282681115146,-0.00029816725829300375
2026-09-07 15:13:45.020525,-91.27862619709089,-778.6271585123067,55.969282681115146,-0.000217639776977216
2026-09-07 15:13:45.120466,-91.27862774548038,-778.6271608052335,55.969282681115146,-0.00015885931171915252
2026-09-07 15:13:45.220539,-91.27862886466767,-778.6271624625783,55.969282681115146,-0.00011594263143402343
2026-09-07 15:13:45.321908,-91.2786297049644,-778.6271637069292,55.969282681115146,-8.453560316148448e-05
2026-09-07 15:13:45.421708,-91.30081793689757,-778.6556750972404,55.96916626462735,-0.0012267581002851334
2026-09-07 15:13:45.521850,-91.30082990736777,-778.6556928235243,55.96916626462553,-0.0008952146739570134
2026-09-07 15:13:45.621608,-91.30083784752759,-778.6557045815969,55.96916626462371,-0.0006534328673035513
2026-09-07 15:13:45.721931,-91.30084334470965,-778.6557127220277,55.96916626462371,-0.0004768171704723556
2026-09-07 15:13:45.821582,-91.300847079023,-778.6557182519408,55.96916626462371,-0.00034805698120132046
2026-09-07 15:13:45.921541,-91.30084972338356,-778.6557221678124,55.96916626462371,-0.0002540561892035379
2026-09-07 15:13:46.021133,-91.30085157587162,-778.6557249110498,55.96916626462371,-0.00018548783080709556
2026-09-07 15:13:46.121260,-91.30085292079472,-778.6557269026657,55.96916626462371,-0.00013539045628746996
2026-09-07 15:13:46.221090,-91.30085387646817,-778.6557283178654,55.96916626462371,-9.883132377325067e-05
2026-09-07 15:13:46.321356,-91.300854574837,-778.6557293520383,55.96916626462371,-7.21242063755788e-05
2026-09-07 15:13:46.421547,-91.30589771740118,-778.6897308955212,55.96992525746282,-0.0010511455470567513
2026-09-07 15:13:46.521257,-91.30590791420302,-778.6897459962564,55.969925257461,-0.0007673829089747301
2026-09-07 15:13:46.620925,-91.30591473588522,-778.6897560986183,55.969925257461,-0.0005602874417351324
2026-09-07 15:13:46.726050,-91.30592004111034,-778.6897639551692,55.969925257461,-0.00040748254636785946
2026-09-07 15:13:46.821066,-91.30592278150837,-778.6897680134488,55.969925257461,-0.00029792356813287046
2026-09-07 15:13:46.926934,-91.3059254349644,-778.6897719429451,55.969925257461,-0.0002167133099712771
2026-09-07 15:13:47.020455,-91.30592670494616,-778.6897738236598,55.969925257461,-0.00015863549684038986
2026-09-07 15:13:47.126260,-91.30592805989659,-778.6897758301942,55.969925257461,-0.00011547215089913002
2026-09-07 15:13:47.227198,-91.30592889018403,-778.6897770597587,55.969925257461,-8.410027884090884e-05
2026-09-07 15:13:47.326461,-91.30592945678475,-778.6897778988314,55.969925257461,-6.134468562798504e-05
2026-09-07 15:13:47.426105,-91.30046910206802,-778.7242723318515,55.97116354824357,-0.0008678347823903765
2026-09-07 15:13:47.527246,-91.30047776748142,-778.7242851655482,55.971163548245386,-0.0006329461625349239
2026-09-07 15:13:47.627395,-91.3004834218799,-778.7242935397795,55.971163548245386,-0.0004617316628649206
2026-09-07 15:13:47.726865,-91.3004872097785,-778.7242991496563,55.971163548245386,-0.00033703679515125645
2026-09-07 15:13:47.827545,-91.30048992483077,-778.7243031706151,55.971163548245386,-0.00024587959806747354
2026-09-07 15:13:47.927498,-91.30049178596649,-778.7243059269196,55.971163548245386,-0.00017941920673214293
2026-09-07 15:13:48.026985,-91.30049308647646,-778.7243078529402,55.971163548245386,-0.000130983625198186
2026-09-07 15:13:48.128189,-91.30049406470337,-778.7243093016623,55.971163548245386,-9.552748819150583e-05
2026-09-07 15:13:48.227553,-91.30049472555716,-778.7243102803632,55.971163548245386,-6.972527552856871e-05
2026-09-07 15:13:48.332634,-91.30049528888831,-778.724311114634,55.971163548245386,-5.070252508756803e-05
2026-09-07 15:13:48.426753,-91.28675048083923,-778.7592036742186,55.972734585462604,-0.0007173445975808582
2026-09-07 15:13:48.534001,-91.28675862739746,-778.759215740255,55.97273458546624,-0.0005215293786497168
2026-09-07 15:13:48.627115,-91.28676244116997,-778.7592213889545,55.97273458546806,-0.0003817689783382381
2026-09-07 15:13:48.733399,-91.28676617286676,-778.7592269159335,55.97273458546988,-0.0002777984931259246
2026-09-07 15:13:48.831353,-91.2867682186482,-778.7592299459168,55.97273458546988,-0.00020272930271998747
2026-09-07 15:13:48.932315,-91.28676979570696,-778.7592322816568,55.97273458546988,-0.00014784906888645795
2026-09-07 15:13:49.031826,-91.28677086321571,-778.7592338627081,55.97273458546988,-0.00010790186151971799
2026-09-07 15:13:49.132200,-91.28677164707011,-778.7592350236429,55.97273458546988,-7.872812368067034e-05
2026-09-07 15:13:49.231545,-91.28677219172894,-778.7592358303124,55.97273458546988,-5.747761959841795e-05
2026-09-07 15:13:49.331803,-91.28677259700275,-778.7592364305434,55.97273458546988,-4.1948935298319125e-05
2026-09-07 15:13:49.433042,-91.26625599514497,-778.782502065004,55.97418670300067,-0.000281901810101726
2026-09-07 15:13:49.532491,-91.26625870677609,-778.7825060814998,55.97418670300431,-0.00020576123578679067
2026-09-07 15:13:49.632202,-91.26626053510184,-778.7825087896006,55.974186703006126,-0.00015021183533439644
2026-09-07 15:13:49.732216,-91.2662617920328,-778.7825106513362,55.974186703006126,-0.00010964494053810524
2026-09-07 15:13:49.832274,-91.26626266296124,-778.7825119413233,55.974186703006126,-8.002564361570872e-05
2026-09-07 15:13:49.929428,-91.26626322353991,-778.7825127716277,55.974186703006126,-5.852855611475885e-05
2026-09-07 15:13:50.023366,-91.26626358469886,-778.7825133065584,55.974186703006126,-4.295467388111221e-05
2026-09-07 15:13:50.131963,-91.26626398427292,-778.7825138983815,55.974186703006126,-3.124686847106239e-05
2026-09-07 15:13:50.228596,-91.26626418157075,-778.7825141906064,55.974186703006126,-2.282134529987678e-05
2026-09-07 15:13:50.329384,-91.26626434634215,-778.7825144346543,55.974186703006126,-1.6652668107612717e-05
2026-09-07 15:13:50.428199,-91.23736824360313,-778.7965814206516,55.975508120143786,0.00013252330934645604
2026-09-07 15:13:50.531111,-91.2373650351568,-778.7965766683072,55.975508120143786,0.00012892807526724344
2026-09-07 15:13:50.630574,-91.23736203504492,-778.7965722245499,55.975508120143786,0.00012544090171177992
2026-09-07 15:13:50.730705,-91.23735910251017,-778.7965678808895,55.975508120143786,0.00012204903781708358
2026-09-07 15:13:50.831579,-91.23735811558895,-778.7965664190303,55.975508120143786,8.900442214140495e-05
2026-09-07 15:13:51.041258,-91.23735533198463,-778.7965622959521,55.975508120143786,6.012074986610891e-05
2026-09-07 15:13:51.140185,-91.2373550777489,-778.7965619193709,55.975508120143786,4.223604403636547e-05
2026-09-07 15:13:51.240236,-91.23735486577665,-778.7965616053945,55.975508120143786,3.0221906702929582e-05
2026-09-07 15:13:51.339973,-91.23735470358605,-778.7965613651564,55.975508120143786,2.183365238677737e-05
2026-09-07 15:13:51.439814,-91.19248818769626,-778.8113077736672,55.97686708616129,0.00045509592642765
2026-09-07 15:13:51.540213,-91.19248401415041,-778.8113015911318,55.976867086154016,0.0003311872789987087
2026-09-07 15:13:51.639902,-91.19248124317774,-778.8112974863676,55.97686708615038,0.00024139748270955513
2026-09-07 15:13:51.854069,-91.19247336484167,-778.8112858163202,55.97686708614856,0.00016252637798137552
2026-09-07 15:13:51.949795,-91.19247275897337,-778.8112849188179,55.97686708614674,0.00011425780962057756
2026-09-07 15:13:52.049982,-91.1924721575537,-778.8112840279288,55.97686708614674,8.177767053401935e-05
2026-09-07 15:13:52.149890,-91.19247170318893,-778.8112833548793,55.97686708614674,5.9080287029015495e-05
2026-09-07 15:13:52.251114,-91.19247134118505,-778.8112828186471,55.97686708614674,4.284987367003965e-05
2026-09-07 15:13:52.350260,-91.19247108960207,-778.8112824459812,55.97686708614674,3.1189314425788915e-05
2026-09-07 15:13:52.450273,-91.14773340681649,-778.8308827626108,55.97771160059892,0.0003138042331440509
2026-09-07 15:13:52.549741,-91.14773049509373,-778.8308784492608,55.977711600593466,0.0002289814788185884
2026-09-07 15:13:52.774210,-91.14772235350459,-778.8308663889013,55.97771160059165,0.0001531880585995921
2026-09-07 15:13:52.867343,-91.14772182915632,-778.8308656121375,55.97771160058983,0.0001075656556587703
2026-09-07 15:13:52.968424,-91.14772121658582,-778.8308647047071,55.97771160058983,7.6892995373253e-05
2026-09-07 15:13:53.073433,-91.14772069468948,-778.8308639316032,55.97771160058983,5.531225861751125e-05
2026-09-07 15:13:53.166966,-91.14772044895594,-778.8308635675887,55.97771160058983,4.0250740241503534e-05
2026-09-07 15:13:53.273753,-91.14772013928331,-778.8308631088626,55.97771160058983,2.9186516391749e-05
2026-09-07 15:13:53.367368,-91.10082595366315,-778.8617697877758,55.97825569055749,4.2133559416475245e-05
2026-09-07 15:13:53.472307,-91.10082551125575,-778.8617691324023,55.97825569055749,3.066556298205425e-05
2026-09-07 15:13:53.572031,-91.10082525010748,-778.8617687455433,55.97825569055749,2.2352524881769886e-05
2026-09-07 15:13:53.672794,-91.10082506573725,-778.8617684724228,55.97825569055749,1.62937081206621e-05
2026-09-07 15:13:53.772607,-91.10082494090737,-778.8617682875041,55.97825569055749,1.1885666504618695e-05
2026-09-07 15:13:53.872677,-91.10082485219249,-778.8617681560853,55.97825569055749,8.671830402943959e-06
2026-09-07 15:13:53.971637,-91.10082479117074,-778.8617680656903,55.97825569055749,6.33278030780734e-06
2026-09-07 15:13:54.072282,-91.10082474499647,-778.8617679972898,55.97825569055749,4.621203507796973e-06
2026-09-07 15:13:54.172908,-91.10082471189665,-778.8617679482572,55.97825569055749,3.370930288884583e-06
2026-09-07 15:13:54.272056,-91.10082468912753,-778.8617679145282,55.97825569055749,2.4610730020201854e-06
2026-09-07 15:13:54.372852,-91.06359707422985,-778.8943734565788,55.978604306383204,-0.0001991840101927607
2026-09-07 15:13:54.470398,-91.06359890752556,-778.8943761724038,55.97860430638502,-0.0001456270413710002
2026-09-07 15:13:54.564756,-91.06360004344889,-778.8943778551452,55.97860430638684,-0.0001068242242202378
2026-09-07 15:13:54.672182,-91.06360112852228,-778.8943794625491,55.97860430638684,-7.77537139755424e-05
2026-09-07 15:13:54.768764,-91.06360168401132,-778.8943802854386,55.97860430638684,-5.680777484421459e-05
2026-09-07 15:13:54.869660,-91.0636021304797,-778.8943809468257,55.97860430638684,-4.145692667432707e-05
2026-09-07 15:13:54.968295,-91.06360242507351,-778.8943813832291,55.97860430638684,-3.028574445462793e-05
2026-09-07 15:13:55.070321,-91.06360265821355,-778.894381728596,55.97860430638684,-2.208235343606825e-05
2026-09-07 15:13:55.170596,-91.06360281564123,-778.8943819618048,55.97860430638684,-1.6105088212247886e-05
2026-09-07 15:13:55.271067,-91.06360292960892,-778.8943821306331,55.97860430638684,-1.1745665411214671e-05
2026-09-07 15:13:55.371252,-91.0155281201956,-778.935775973033,55.97911445878344,-0.00024840492131816816
2026-09-07 15:13:55.471949,-91.01553057477885,-778.9357796093153,55.97911445878526,-0.00018118445050263504
2026-09-07 15:13:55.571381,-91.01553216675013,-778.9357819676937,55.97911445878708,-0.00013224751901102496
2026-09-07 15:13:55.671945,-91.01553328588136,-778.9357836255907,55.97911445878708,-9.648465667459589e-05
2026-09-07 15:13:55.771753,-91.0155340438889,-778.935784748511,55.97911445878708,-7.041484826580964e-05
2026-09-07 15:13:55.872167,-91.01553458485226,-778.9357855498977,55.97911445878708,-5.1374808958418454e-05
2026-09-07 15:13:55.971411,-91.01553495444897,-778.9357860974197,55.97911445878708,-3.75096603393497e-05
2026-09-07 15:13:56.073054,-91.01553523828052,-778.9357865178882,55.97911445878708,-2.734886620627378e-05
2026-09-07 15:13:56.172796,-91.01553542942948,-778.9357868010565,55.97911445878708,-1.9953548001366887e-05
2026-09-07 15:13:56.273021,-91.0155355695134,-778.9357870085767,55.97911445878708,-1.4557920394503255e-05
2026-09-07 15:13:56.373063,-90.96818562487707,-778.9803404640312,55.97972816242873,-0.00034754137614982167
2026-09-07 15:13:56.472097,-90.96818894061813,-778.9803453761937,55.97972816243055,-0.0002538429368681925
2026-09-07 15:13:56.572108,-90.968191217804,-778.9803487497514,55.979728162432366,-0.00018533894075335516
2026-09-07 15:13:56.673195,-90.96819281246978,-778.9803511121725,55.979728162432366,-0.00013518969510805577
2026-09-07 15:13:56.772944,-90.9681938737972,-778.9803526844736,55.979728162432366,-9.865482667957453e-05
2026-09-07 15:13:56.872614,-90.96819461667178,-778.9803537850003,55.979728162432366,-7.201508468564563e-05
2026-09-07 15:13:56.971958,-90.9681951382006,-778.9803545576141,55.979728162432366,-5.2589793440250053e-05
2026-09-07 15:13:57.178678,-90.96819673343208,-778.9803569208407,55.979728162432366,-3.561885996078264e-05
2026-09-07 15:13:57.276489,-90.968196871011,-778.9803571246555,55.979728162432366,-2.507461131873798e-05
2026-09-07 15:13:57.376232,-90.92757540525787,-779.0195138417677,55.98040287169715,-0.0003645700044644494
2026-09-07 15:13:57.477304,-90.92757860877076,-779.0195185878262,55.98040287169897,-0.000263352164212348
2026-09-07 15:13:57.576215,-90.92758065458659,-779.019521618719,55.98040287170079,-0.000191313570058353
2026-09-07 15:13:57.675696,-90.92758210175909,-779.019523762702,55.98040287170079,-0.00013933720774576085
2026-09-07 15:13:57.775971,-90.92758314558678,-779.0195253091223,55.98040287170079,-0.00010156094984682038
2026-09-07 15:13:57.875767,-90.92758387622659,-779.0195263915539,55.98040287170079,-7.408287566619014e-05
2026-09-07 15:13:57.975403,-90.92758439727429,-779.0195271634758,55.98040287170079,-5.406745616668119e-05
2026-09-07 15:13:58.075710,-90.92758478064687,-779.0195277314334,55.98040287170079,-3.945138595595141e-05
2026-09-07 15:13:58.175404,-90.92758505199613,-779.0195281334305,55.98040287170079,-2.8796121879189626e-05
2026-09-07 15:13:58.275555,-90.92758525166394,-779.019528429233,55.98040287170079,-2.1015432695889015e-05
2026-09-07 15:13:58.375801,-90.87645051865805,-779.0460440654568,55.981222234002416,0.00019879236666889047
2026-09-07 15:13:58.476254,-90.87644856735109,-779.046041174474,55.9812222340006,0.0001450473628595475
2026-09-07 15:13:58.575548,-90.87644729741095,-779.0460392929898,55.9812222340006,0.00010590092786669503
2026-09-07 15:13:58.675383,-90.8764464172934,-779.0460379890567,55.9812222340006,7.731562167039657e-05
2026-09-07 15:13:58.781217,-90.87644570848984,-779.0460369389403,55.9812222340006,5.6198522127334064e-05
2026-09-07 15:13:58.881820,-90.87644528341434,-779.0460363091777,55.9812222340006,4.090939331973695e-05
2026-09-07 15:13:58.981670,-90.87644498912601,-779.0460358731815,55.9812222340006,2.981939140411445e-05
2026-09-07 15:13:59.082449,-90.87644477249793,-779.046035552242,55.9812222340006,2.173637431584844e-05
2026-09-07 15:13:59.182291,-90.8764446214991,-779.046035328534,55.9812222340006,1.5855460424154565e-05
2026-09-07 15:13:59.281783,-90.87644451346618,-779.0460351684811,55.9812222340006,1.1572920425423735e-05
2026-09-07 15:13:59.381800,-90.83607990543614,-779.0710819452279,55.98163293108155,6.709651011022592e-05
2026-09-07 15:13:59.482043,-90.8360792480041,-779.071080971202,55.98163293108155,4.8970200363893846e-05
2026-09-07 15:13:59.581932,-90.83607881174568,-779.0710803248606,55.98163293108155,3.574358135626494e-05
2026-09-07 15:13:59.681538,-90.83607851636083,-779.0710798872326,55.98163293108155,2.609589579552066e-05
2026-09-07 15:14:00.012131,-90.83607699401963,-779.0710776318267,55.98163293108155,1.6304770424188596e-05
2026-09-07 15:14:00.100554,-90.83607699708256,-779.0710776363636,55.98163293108155,1.1140022935041853e-05
2026-09-07 15:14:00.201640,-90.83607695359579,-779.071077571936,55.98163293108155,7.85698842278889e-06
2026-09-07 15:14:00.306357,-90.83607691118269,-779.0710775090993,55.98163293108155,5.614447493423674e-06
2026-09-07 15:14:00.400909,-90.81032885008818,-779.0870492273417,55.98180739848067,4.506171460043063e-05
2026-09-07 15:14:00.507033,-90.81032840007832,-779.0870485606263,55.98180739848067,3.262514913751632e-05
2026-09-07 15:14:00.601256,-90.8103281802983,-779.0870482350093,55.98180739848067,2.3810282196469555e-05
2026-09-07 15:14:00.706473,-90.81032796814829,-779.0870479206978,55.98180739848067,1.7311491789174804e-05
2026-09-07 15:14:00.805295,-90.8103278450659,-779.0870477383448,55.98180739848067,1.2619889920496607e-05
2026-09-07 15:14:00.900804,-90.810327765989,-779.0870476211884,55.98180739848067,9.235057980553263e-06
2026-09-07 15:14:01.006803,-90.81032768736436,-779.0870475047021,55.98180739848067,6.720251927927772e-06
2026-09-07 15:14:01.105627,-90.81032764246041,-779.0870474381747,55.98180739848067,4.901233572501372e-06
2026-09-07 15:14:01.205035,-90.81032760919344,-779.0870473888881,55.98180739848067,3.577320521665508e-06
2026-09-07 15:14:01.413658,-90.79947950556951,-779.0998820379122,55.98187089677231,-0.00017245044237062236
2026-09-07 15:14:01.508845,-90.79948061294806,-779.0998836785554,55.98187089677231,-0.00012156309977448003
2026-09-07 15:14:01.609204,-90.79948150446934,-779.099884999392,55.98187089677231,-8.711435133291517e-05
2026-09-07 15:14:01.708932,-90.7994821131132,-779.0998859011299,55.98187089677231,-6.298441563868186e-05
2026-09-07 15:14:01.810271,-90.79948256815769,-779.0998865753019,55.98187089677231,-4.5696162998920565e-05
2026-09-07 15:14:01.909386,-90.79948287173693,-779.0998870250701,55.98187089677231,-3.326745489090133e-05
2026-09-07 15:14:02.009838,-90.79948310204931,-779.0998873662896,55.98187089677231,-2.423968105655105e-05
2026-09-07 15:14:02.109913,-90.79948326701498,-779.0998876106946,55.98187089677231,-1.767456167622219e-05
2026-09-07 15:14:02.209936,-90.79948338685203,-779.0998877882392,55.98187089677231,-1.2893001113964252e-05
2026-09-07 15:14:02.309624,-90.79948347324775,-779.0998879162388,55.98187089677231,-9.40942859503647e-06
2026-09-07 15:14:02.409718,-90.80345248661037,-779.1061988679162,55.98187219416468,-0.00024715550299760195
2026-09-07 15:14:02.509885,-90.80345488976799,-779.1062024283132,55.98187219416468,-0.00018038426310730953
2026-09-07 15:14:02.609937,-90.80345649561106,-779.1062048074492,55.98187219416468,-0.0001316470867291637
2026-09-07 15:14:02.710204,-90.80345759747726,-779.1062064399185,55.98187219416468,-9.606104981337551e-05
2026-09-07 15:14:02.810519,-90.80345836131141,-779.1062075715768,55.98187219416468,-7.00853820396366e-05
2026-09-07 15:14:02.910851,-90.80345889681335,-779.1062083649495,55.98187219416468,-5.1129599055016894e-05
2026-09-07 15:14:03.115175,-90.80346042537815,-779.106210629594,55.98187219416468,-3.466904739353148e-05
2026-09-07 15:14:03.212797,-90.80346056197986,-779.1062108319762,55.98187219416468,-2.44223927044558e-05
2026-09-07 15:14:03.313176,-90.80346068706588,-779.1062110172974,55.98187219416468,-1.7495361747185088e-05
2026-09-07 15:14:03.412791,-90.82233386650562,-779.1114622871238,55.98177267182837,-0.0005281040261910015
2026-09-07 15:14:03.513086,-90.82233859696558,-779.1114692954751,55.981772671830186,-0.00038349150438549834
2026-09-07 15:14:03.612953,-90.82234176404106,-779.1114739876192,55.981772671830186,-0.0002791667702679437
2026-09-07 15:14:03.712729,-90.82234394671354,-779.1114772213352,55.981772671830186,-0.0002035017281259525
2026-09-07 15:14:03.812477,-90.82234547580117,-779.111479486741,55.981772671830186,-0.00014845614194833323
2026-09-07 15:14:03.912651,-90.8223465729903,-779.1114811122724,55.981772671830186,-0.00010830949603107237
2026-09-07 15:14:04.012519,-90.82234734826584,-779.1114822608758,55.981772671830186,-7.90409689030075e-05
2026-09-07 15:14:04.112187,-90.82234790172983,-779.1114830808564,55.981772671830186,-5.769841345368022e-05
2026-09-07 15:14:04.212702,-90.82234831181405,-779.1114836884138,55.981772671830186,-4.2099223863793684e-05
2026-09-07 15:14:04.313376,-90.82234860911076,-779.1114841288718,55.981772671830186,-3.070624473137522e-05
2026-09-07 15:14:04.412133,-90.84669252589902,-779.1196943168677,55.98155973787834,-0.000678051106610029
2026-09-07 15:14:04.512642,-90.84669921648701,-779.1197042291042,55.98155973788016,-0.0004949193346004964
2026-09-07 15:14:04.612846,-90.84670365982343,-779.1197108120048,55.98155973788016,-0.0003611786667544502
2026-09-07 15:14:04.718820,-90.84670713191663,-779.1197159559987,55.98155973788016,-0.00026244612036630845
2026-09-07 15:14:04.811731,-90.8467087656621,-779.1197183764324,55.98155973788016,-0.00019208906841365324
2026-09-07 15:14:04.919448,-90.846710556983,-779.1197210303252,55.98155973788016,-0.000139620019916861
2026-09-07 15:14:05.017944,-90.8467115184556,-779.1197224547742,55.98155973788016,-0.00010179015766176057
2026-09-07 15:14:05.117115,-90.84671222534386,-779.11972350205,55.98155973788016,-7.429289426305872e-05
2026-09-07 15:14:05.218057,-90.84671276372465,-779.1197242996774,55.98155973788016,-5.4185723261270316e-05
2026-09-07 15:14:05.317573,-90.84671313415845,-779.1197248484864,55.98155973788016,-3.954690903548648e-05
2026-09-07 15:14:05.418470,-90.884610418887,-779.1183969661918,55.980896820790804,-0.0006752300631020688
2026-09-07 15:14:05.518153,-90.88461694815467,-779.1184066390101,55.980896820790804,-0.0004928361197650991
2026-09-07 15:14:05.618165,-90.88462135577828,-779.1184131687447,55.980896820790804,-0.00035969942625731346
2026-09-07 15:14:05.718252,-90.88462436612541,-779.1184176284856,55.980896820790804,-0.0002625100736747624
2026-09-07 15:14:05.818682,-90.88462646859003,-779.1184207432376,55.980896820790804,-0.00019152567532213147
2026-09-07 15:14:05.918651,-90.8846279211707,-779.118422895208,55.980896820790804,-0.00013976146851543648
2026-09-07 15:14:06.018813,-90.8846289554539,-779.1184244274825,55.980896820790804,-0.0001019832935719586
2026-09-07 15:14:06.119248,-90.88462969882214,-779.1184255287731,55.980896820790804,-7.440019226980376e-05
2026-09-07 15:14:06.219917,-90.88463023505112,-779.1184263231906,55.980896820790804,-5.42617215243706e-05
2026-09-07 15:14:06.438563,-90.9365390480751,-779.10963536477,55.97964288861476,-0.0008807372191332834
2026-09-07 15:14:06.538050,-90.93654533415508,-779.1096446763769,55.97964288861476,-0.0006168898735066188
2026-09-07 15:14:06.642601,-90.93655022745781,-779.1096519250648,55.97964288861476,-0.00043934064854568756
2026-09-07 15:14:06.737414,-90.93655268849551,-779.1096555707153,55.97964288861476,-0.00031775801563185813
2026-09-07 15:14:06.842632,-90.93655521156622,-779.1096593083552,55.97964288861476,-0.00022993338173186572
2026-09-07 15:14:06.937115,-90.93655646751797,-779.1096611689006,55.97964288861476,-0.00016772789878316923
2026-09-07 15:14:07.042767,-90.9365578139842,-779.1096631635614,55.97964288861476,-0.0001218785363683523
2026-09-07 15:14:07.141394,-90.93655858715512,-779.1096643089414,55.97964288861476,-8.883387829102528e-05
2026-09-07 15:14:07.242076,-90.93655919542321,-779.1096652100373,55.97964288861476,-6.475670243149028e-05
2026-09-07 15:14:07.341563,-90.93655962179939,-779.1096658416775,55.97964288861476,-4.724962960947826e-05
2026-09-07 15:14:07.442390,-90.9930947192355,-779.0988456423273,55.97789052201733,-0.0007681302475314062
2026-09-07 15:14:07.653614,-90.9931204812427,-779.0988838035619,55.977890522015514,-0.0005184143313041924
2026-09-07 15:14:07.752811,-90.99312338548486,-779.0988881053462,55.977890522015514,-0.00036398016743788926
2026-09-07 15:14:07.852529,-90.9931255261207,-779.0988912761534,55.977890522015514,-0.0002604294618469614
2026-09-07 15:14:07.952874,-90.99312713524314,-779.0988936597,55.977890522015514,-0.0001880573749466244
2026-09-07 15:14:08.052515,-90.99312829372234,-779.0988953757396,55.977890522015514,-0.00013651719674817635
2026-09-07 15:14:08.152703,-90.99312916867352,-779.0988966718038,55.977890522015514,-9.93391124349576e-05
2026-09-07 15:14:08.253136,-90.99312981946849,-779.0988976358311,55.977890522015514,-7.236421994438813e-05
2026-09-07 15:14:08.352576,-90.99313028269917,-779.0988983220204,55.977890522015514,-5.2782705822855834e-05
2026-09-07 15:14:08.452515,-91.05340655846018,-779.0864775060526,55.97560908849482,-0.000799759475078736
2026-09-07 15:14:08.552444,-91.05341422114121,-779.0864888549295,55.975609088489364,-0.0005837437343788783
2026-09-07 15:14:08.652566,-91.05341939176219,-779.0864965130751,55.975609088485726,-0.00042602100830814134
2026-09-07 15:14:08.752432,-91.05342290188698,-779.0865017119643,55.97560908848391,-0.00031095113788969376
2026-09-07 15:14:08.852255,-91.05342533540575,-779.0865053163286,55.97560908848391,-0.00022698377025721805
2026-09-07 15:14:08.952111,-91.05342704678512,-779.0865078511367,55.97560908848391,-0.00016569489274154893
2026-09-07 15:14:09.052679,-91.05342828566167,-779.0865096861145,55.97560908848391,-0.00012089378759403861
2026-09-07 15:14:09.151831,-91.05342913148216,-779.0865109389193,55.97560908848391,-8.827359312493084e-05
2026-09-07 15:14:09.259030,-91.05342989328668,-779.0865120672913,55.97560908848391,-6.410460395388623e-05
2026-09-07 15:14:09.351697,-91.05343022838488,-779.0865125636319,55.97560908848391,-4.691278629494325e-05
2026-09-07 15:14:09.458978,-91.11350853892152,-779.0767527040541,55.97318954455841,-0.0008591587453734881
2026-09-07 15:14:09.558304,-91.11351670564353,-779.0767647982756,55.973189544549314,-0.0006261782656704522
2026-09-07 15:14:09.658265,-91.1135222607478,-779.0767730250958,55.97318954454386,-0.00045668647890155474
2026-09-07 15:14:09.757692,-91.11352599756864,-779.0767785592246,55.97318954454022,-0.00033332259549198823
2026-09-07 15:14:09.858716,-91.11352870445204,-779.0767825681113,55.9731895445384,-0.00024309672001797384
2026-09-07 15:14:09.958393,-91.1135305261951,-779.0767852661337,55.9731895445384,-0.00017739581308494928
2026-09-07 15:14:10.057522,-91.11353179765855,-779.0767871492019,55.9731895445384,-0.00012954315186540182
2026-09-07 15:14:10.158674,-91.11353276462005,-779.0767885813073,55.9731895445384,-9.44947756657201e-05
2026-09-07 15:14:10.259005,-91.11353343855731,-779.0767895794377,55.9731895445384,-6.892977737711527e-05
2026-09-07 15:14:10.358163,-91.11353390648472,-779.0767902724609,55.9731895445384,-5.032465120598845e-05
2026-09-07 15:14:10.458919,-91.17331384831142,-779.0651144939969,55.97051020762956,-0.0007996822752331597
2026-09-07 15:14:10.558459,-91.17332157679715,-779.0651259379824,55.97051020761501,-0.0005838194057749259
2026-09-07 15:14:10.660077,-91.17332701150521,-779.0651339856621,55.97051020760955,-0.00042566278374997615
2026-09-07 15:14:10.886176,-91.17334214986593,-779.0651564039811,55.97051020760591,-0.00028434408475689417
2026-09-07 15:14:10.978113,-91.1733429716169,-779.0651576207729,55.97051020760409,-0.00019968911253069366
2026-09-07 15:14:11.084660,-91.1733443061833,-779.0651595970777,55.97051020760409,-0.0001422016517294513
2026-09-07 15:14:11.178203,-91.17334488459915,-779.0651604536238,55.97051020760409,-0.00010293817123950394
2026-09-07 15:14:11.285682,-91.1733456616182,-779.0651616043034,55.97051020760409,-7.43993164100005e-05
2026-09-07 15:14:11.383338,-91.23228395013767,-779.0561439831946,55.96768591578075,-0.0009262455208265529
2026-09-07 15:14:11.915494,-91.23238101395091,-779.056287710052,55.96768591576438,-0.0005132752076824929
2026-09-07 15:14:12.015861,-91.23238077610951,-779.0562873574206,55.96768591575892,-0.00033195461216658785
2026-09-07 15:14:12.115832,-91.23238121879689,-779.0562880127355,55.96768591575528,-0.0002284249159758474
2026-09-07 15:14:12.216014,-91.23238184926595,-779.0562889462116,55.967685915753464,-0.00016176702311377427
2026-09-07 15:14:12.316118,-91.23238245914308,-779.0562898492434,55.967685915753464,-0.00011621867683603011
2026-09-07 15:14:12.416424,-91.28909565089826,-779.053285835401,55.96432644361266,-0.0011362886335753277
2026-09-07 15:14:12.516272,-91.28910514390458,-779.0532998878998,55.96432644357628,-0.0008258500606434593
2026-09-07 15:14:12.616451,-91.28911172739892,-779.0533096338711,55.96432644355809,-0.0006013253949460182
2026-09-07 15:14:12.716532,-91.28911630913129,-779.0533164167304,55.964326443549,-0.00043829915588285037
2026-09-07 15:14:12.816741,-91.28911955773488,-779.0533212261361,55.96432644354354,-0.0003196183175017015
2026-09-07 15:14:12.916772,-91.28912185925911,-779.053324633503,55.9643264435399,-0.00023316071930570183
2026-09-07 15:14:13.016866,-91.28912351337476,-779.0533270824309,55.9643264435399,-0.00017011622001457966
2026-09-07 15:14:13.117261,-91.2891247161092,-779.0533288631074,55.9643264435399,-0.00012410124728140466
2026-09-07 15:14:13.217098,-91.28912556961514,-779.0533301267533,55.9643264435399,-9.056314400963002e-05
2026-09-07 15:14:13.317397,-91.28912619803134,-779.053331057152,55.9643264435399,-6.60781057895232e-05
2026-09-07 15:14:13.417325,-91.34005578868303,-779.0507212566804,55.96115695747176,-0.00089256934927181
2026-09-07 15:14:13.517739,-91.34006455763571,-779.0507342365275,55.9611569574372,-0.0006513137650259514
2026-09-07 15:14:13.617688,-91.34007036034323,-779.0507428259393,55.96115695741901,-0.0004753274133291437
2026-09-07 15:14:13.717735,-91.34007432823742,-779.0507486995175,55.96115695740991,-0.000346891241062898
2026-09-07 15:14:13.817789,-91.34007707613084,-779.0507527672336,55.961156957404455,-0.0002531572980581495
2026-09-07 15:14:15.771450,-91.09861089289102,-778.6316140247118,57.270475574829106,5.293102971278577
2026-09-07 15:14:15.864151,-90.96081433525087,-778.4182010716131,57.301596861585494,5.800442944709719
2026-09-07 15:14:16.299760,-90.28416363772342,-777.365447084889,57.44783833457586,6.591142980885328
2026-09-07 15:14:16.399972,-89.9057423172689,-776.7187501638509,58.3765005390851,6.624564096095661
2026-09-07 15:14:16.499867,-89.70578349180921,-776.3963262786434,58.41512819534546,7.213203869452297
2026-09-07 15:14:16.600392,-89.5360053286309,-776.1201924727237,58.448876192820535,7.212325478746208
2026-09-07 15:14:16.700119,-89.39093304541215,-775.8831864969833,58.44732125719929,6.941985216845344
2026-09-07 15:14:16.800438,-89.24727948829202,-775.6487755104039,58.446306681118585,6.718381928008633
2026-09-07 15:14:16.900471,-89.1067238002633,-775.4195772608917,58.445616243328914,6.518958670513357
2026-09-07 15:14:17.000892,-88.89032328119436,-775.0681031745136,58.48137543714074,7.309008913224999
2026-09-07 15:14:17.100769,-88.71972063858104,-774.7899079889587,58.51490588970228,7.3081361847638995
2026-09-07 15:14:17.201076,-88.48156258045132,-774.4017850174853,58.54986529290909,8.153451979028505
2026-09-07 15:14:17.301125,-88.29129343913446,-774.0906865752086,58.58345348887269,8.152577747625834
2026-09-07 15:14:17.401886,-88.19134078905593,-773.0949975194694,63.92100868023044,9.015806355252787
2026-09-07 15:14:17.501650,-88.01457743325776,-772.7338434920595,63.95450119671841,9.014934614189347
2026-09-07 15:14:17.601913,-87.83715929859751,-772.3708143650332,63.98816123621873,9.014058512847743
2026-09-07 15:14:17.702042,-87.66020849630114,-772.0082016368696,64.02177628957907,9.013183582402482
2026-09-07 15:14:17.802514,-87.40680732305123,-771.5005204696989,64.05193234937724,9.946452391134306
2026-09-07 15:14:17.902260,-87.21274374653598,-771.1017141435661,64.0854188229514,9.94558080735545
2026-09-07 15:14:18.002390,-87.01818413115363,-770.7012938038201,64.11903421202987,9.944705868172154
2026-09-07 15:14:18.102714,-86.82350010354048,-770.3000186614325,64.15271473029497,9.943829233810575
2026-09-07 15:14:18.202766,-86.54838569092342,-769.7385825365398,64.18464354638127,10.783695493187738
2026-09-07 15:14:20.169837,-86.81440845895123,-760.03778099725,84.65984325909449,15.16388510683103
2026-09-07 15:14:20.268530,-86.75214322357037,-759.3716584172462,84.75924214836778,15.232013334660197
2026-09-07 15:14:20.369435,-86.68938334589093,-758.6874363373739,84.75924214836778,15.273453759104878
2026-09-07 15:14:20.469190,-88.8480352792286,-756.8067695596684,95.22176731307263,15.438310886206196
2026-09-07 15:14:20.569685,-88.91115777068562,-756.1160774371409,95.30048914029067,15.403185743601506
2026-09-07 15:14:20.668904,-88.96575000682708,-755.380670760476,95.61964282911686,15.728835906212007
2026-09-07 15:14:20.769624,-89.03510028810948,-754.675869969484,95.8337947575128,15.675150134245293
2026-09-07 15:14:20.870237,-89.10676247395382,-753.9744839484902,95.923868199141,15.579321732074906
2026-09-07 15:14:20.969283,-89.17795601661412,-753.2883538270598,96.10120937969259,15.45209806011602
2026-09-07 15:14:21.068500,-89.25035990959915,-752.4620886683134,96.25360471768545,15.941228176601005
2026-09-07 15:14:21.170011,-89.3291599498844,-751.7429886924222,96.44671913538332,15.617470838401402
2026-09-07 15:14:21.269575,-89.41259086955982,-750.8921815892822,96.68955972727963,16.23661290246511
2026-09-07 15:14:21.369663,-89.49721838524158,-750.1706472614317,96.99197132778318,16.087935630856308
2026-09-07 15:14:21.469764,-93.2878897347092,-749.6271784956994,115.20746774666623,16.77586954474084
2026-09-07 15:14:21.680670,-93.97924726058831,-748.094171289148,115.16100238968465,17.437800358871367
2026-09-07 15:14:21.772651,-94.28410134425948,-747.445177166892,115.21246843553854,17.256156710512162
2026-09-07 15:14:21.873425,-94.65170359126384,-746.6132339836648,115.23561009409241,17.83643718116972
2026-09-07 15:14:21.973557,-94.99210007509663,-745.8910200828544,115.23561009409241,17.672820285869523
2026-09-07 15:14:22.073145,-95.37740775385109,-745.0380593331613,115.202583125003,18.319019079934257
2026-09-07 15:14:22.172935,-95.72539374724067,-744.2986379858943,115.14674771643331,18.253621461013132
2026-09-07 15:14:22.273225,-96.07315305665203,-743.5578254131594,115.13552468180933,18.136192267037202
2026-09-07 15:14:22.373096,-96.41708802933773,-742.8247863702072,115.2361099965783,17.940712835666407
2026-09-07 15:14:22.473002,-100.82234014131413,-743.7388754107461,133.63870826544553,18.875395778319678
2026-09-07 15:14:22.573225,-101.40595629785602,-743.1268465504905,133.717217023981,18.765926800781312
2026-09-07 15:14:22.673140,-102.06554313664263,-742.3745769587794,133.74221806447895,19.478932769753047
2026-09-07 15:14:22.777435,-102.69347683389309,-741.718450483783,133.7655604993397,19.166345520499625
2026-09-07 15:14:22.872593,-103.25744496345311,-741.1296418973545,133.74426303142172,18.860355843960612
2026-09-07 15:14:22.972608,-103.84050914122821,-740.5204430097492,133.75545529194642,18.643620135187348
2026-09-07 15:14:23.077476,-104.6211070888163,-739.6618694691053,133.52664370654384,19.893529441861826
2026-09-07 15:14:23.178185,-105.23791712368957,-739.0124923563632,133.39140462859905,19.765049660270698
2026-09-07 15:14:23.278033,-105.84399274096393,-738.3713927354187,133.27966890608332,19.692634230443385
2026-09-07 15:14:23.379036,-106.45357172064477,-737.724063176474,133.20054914177308,19.55760140515091
2026-09-07 15:14:23.478574,-109.73746505433498,-739.0786997856964,145.71515813076076,20.739518857339814
2026-09-07 15:14:23.579068,-110.50729584010833,-738.5538552134533,145.69266640394017,20.54896685486241
2026-09-07 15:14:23.677858,-111.38890593591792,-737.9035036718409,145.76586821078126,21.399997326719383
2026-09-07 15:14:23.778034,-112.18121691817035,-737.3643594248683,146.02370459007034,21.251189334146012
2026-09-07 15:14:23.990491,-114.02037136415031,-736.0945036403052,146.33025595379877,22.002159876156483
2026-09-07 15:14:24.198276,-115.84799290962056,-734.8610714073225,146.2592327532966,22.8318555113027
2026-09-07 15:14:24.297372,-116.68907202865925,-734.2992763296844,146.3257692677489,22.70456761480574
2026-09-07 15:14:24.397553,-118.63444379611047,-734.9445720669629,151.98563406603353,22.413271367568736
2026-09-07 15:14:24.497253,-119.5163528529406,-734.4753690272523,152.01910509660593,22.226838456084305
2026-09-07 15:14:24.597483,-120.56996551542795,-733.8869033839549,152.018779430211,23.350274276933987
2026-09-07 15:14:24.697603,-121.4928977086906,-733.3965595894269,151.97396338767248,23.31265564940625
2026-09-07 15:14:24.797479,-122.5498564151253,-732.8201527290695,151.92344049407257,24.14196001561152
2026-09-07 15:14:24.896807,-123.49569379639168,-732.3156197693935,151.99013278142593,24.01263825469527
2026-09-07 15:14:24.997468,-124.44968123046603,-731.8081648947078,152.09151374657085,23.952826877357673
2026-09-07 15:14:25.097113,-125.39257271804502,-731.3087507308497,152.14726802342193,23.918869529091854
2026-09-07 15:14:25.197096,-126.51817529596902,-730.7061136831295,152.07189736787223,24.875593533634316
2026-09-07 15:14:25.296887,-127.49864790731947,-730.1863642746885,151.88205507633393,24.714277790426213
2026-09-07 15:14:25.398111,-128.60097075957543,-729.6427580690396,151.89398550606347,24.595060697331817
2026-09-07 15:14:25.496777,-129.55787506535137,-729.1316896590788,151.76148991118498,24.30710369823778
2026-09-07 15:14:25.597444,-130.52156107303784,-728.6141315114259,151.7389594649503,24.11358476676632
2026-09-07 15:14:25.696662,-131.46361485711455,-728.1077137928983,151.78337175129127,23.832686455093985
2026-09-07 15:14:25.797485,-132.4101502664492,-727.5998322249419,151.90748123597223,23.64062962363036
2026-09-07 15:14:25.896232,-133.3307919973601,-727.1084097928134,151.9185315999148,23.440447383226818
2026-09-07 15:14:25.996712,-134.25975395543398,-726.6127763581244,151.85106581953733,23.213046032117298
2026-09-07 15:14:26.095796,-135.1663521361856,-726.1277025131623,151.7956254385099,22.95676946849883
2026-09-07 15:14:26.202929,-136.1352725680765,-725.6080766855001,151.75965902007374,22.778904459914585
2026-09-07 15:14:26.296501,-136.9747064698279,-725.1572149333192,151.81201527672056,22.63990648154576
2026-09-07 15:14:26.404472,-138.6213976680434,-723.5190747253353,149.75602433553104,25.110760330126332
2026-09-07 15:14:26.502237,-139.56948278571414,-722.9663014076089,149.78884575282063,24.93221711915807
2026-09-07 15:14:26.603764,-140.54737608544917,-722.396899025106,149.75476136645193,24.76454648460915
2026-09-07 15:14:26.702680,-141.4933853839365,-721.8453080549872,149.7436920904238,24.64354011493306
2026-09-07 15:14:26.803457,-142.45237536274593,-721.2859001335578,149.70985949215174,24.52730187981987
2026-09-07 15:14:27.013193,-144.43811639676395,-720.1259851064211,149.78027152893992,24.098454768823093
2026-09-07 15:14:27.111986,-145.35777478579777,-719.5903071278934,149.79132704055155,24.01212912542429
2026-09-07 15:14:27.212452,-146.28976155933336,-719.0476889914113,149.8700261508875,23.766324080014485
2026-09-07 15:14:27.311980,-147.2043253866803,-718.5168954709702,149.66954642787823,23.761106006687715
2026-09-07 15:14:27.412507,-148.0934144599826,-716.9758799047383,146.82030121178832,23.810874781530863
2026-09-07 15:14:27.512154,-148.9811626008764,-716.3954029398449,146.5861285489682,23.707259254606537
2026-09-07 15:14:27.731368,-150.920413548427,-715.1160288065151,146.5370659043965,23.818358198492987
2026-09-07 15:14:27.836209,-151.8516967740716,-714.5004919196135,146.31415186225058,23.8174420944391
2026-09-07 15:14:27.936193,-152.73751152541556,-713.9100429733929,146.2917742793652,23.772011596049694
2026-09-07 15:14:28.035940,-153.61931123159906,-713.3217727525348,146.44804605605896,23.728431970205254
2026-09-07 15:14:28.134944,-154.4945244046882,-712.7413398131715,146.4258878085784,23.885880199110943
2026-09-07 15:14:28.232044,-156.32665558462836,-711.5718168645388,146.4220722502523,26.304665347139995
2026-09-07 15:14:28.339912,-157.38344107024446,-710.8702769338056,146.45828542102208,26.29806746859445
2026-09-07 15:14:28.435257,-158.31769575617673,-710.2509285981807,146.42627643998094,26.36805019525202
2026-09-07 15:14:28.537047,-159.31738660512238,-709.5873962331196,146.41488554662828,26.36538186230083
2026-09-07 15:14:28.636671,-160.29557680162213,-708.9378544746281,146.47062807336806,26.387144805773453
2026-09-07 15:14:28.732565,-161.23852832859907,-708.3130330760539,146.53501465322006,26.375413857480233
2026-09-07 15:14:28.837357,-162.26928448759838,-707.6316959696461,146.62882933020046,26.411125217201956
2026-09-07 15:14:28.937754,-163.25921651331038,-706.9796704938099,146.68500437293187,26.45849791805087
2026-09-07 15:14:29.037545,-164.58503149355508,-706.1152465226719,146.82382432565828,27.44093891467926
2026-09-07 15:14:29.137767,-165.61406539950568,-705.4424765499634,146.8911168758259,27.63973259435558
2026-09-07 15:14:29.236864,-166.63970562650778,-704.7736434841132,146.81349015895648,27.702078315655683
2026-09-07 15:14:29.336990,-167.67741478446007,-704.0949345357051,146.84710420516603,27.61021337138336
2026-09-07 15:14:29.436764,-168.70844196443602,-703.4214592043196,146.98108769981627,27.667754048671743
2026-09-07 15:14:29.536958,-169.74754898766307,-702.7461674688641,147.08199832480204,27.7202839537138
2026-09-07 15:14:29.637456,-170.7929812032534,-702.0693810130288,147.01452045859696,27.902061993011177
2026-09-07 15:14:29.735925,-171.82323700653322,-701.4006962206224,146.9484049338389,27.894318165207736
2026-09-07 15:14:29.826600,-172.92099538345866,-700.6875549455211,147.03056774882862,28.312727005299816
2026-09-07 15:14:29.926209,-173.97870985866516,-700.0014691370238,147.0640082291102,28.34928324537341
2026-09-07 15:14:30.026848,-175.04914626936326,-699.3080185377227,147.07527031886457,28.411719711139895
2026-09-07 15:14:30.250404,-177.43251709318437,-697.7646871718409,146.97520144945156,28.343349326219087
2026-09-07 15:14:30.350461,-178.49547069194256,-697.0737427631792,147.04238321285993,28.331983409228997
2026-09-07 15:14:30.450690,-179.71434145739607,-696.2840078120422,147.21116365889793,28.825928001077465
2026-09-07 15:14:30.549675,-180.78666470658672,-695.5932383080421,147.27762564407385,28.94788371428266
2026-09-07 15:14:30.651915,-181.89976630087065,-694.8780258076388,147.33483189893013,28.816557378831693
2026-09-07 15:14:30.734863,-182.79931249271988,-694.3012993662422,147.40909081016434,28.80206133261659
2026-09-07 15:14:30.835538,-183.8914593091241,-693.6030864708641,147.40909081016434,28.636677467358446
2026-09-07 15:14:30.935967,-184.974681582453,-692.9105790639487,147.60014683222107,28.683187715672354
2026-09-07 15:14:31.041183,-186.1137962566978,-692.187679004456,147.72966394180912,28.58573334917271
2026-09-07 15:14:31.135149,-187.12910887599097,-691.5465605084847,147.6350258618113,28.676051923852828
2026-09-07 15:14:31.241584,-188.28157915092496,-690.8161685145107,147.40872264001882,28.677911988807868
2026-09-07 15:14:31.334699,-189.28735500708115,-690.1731637413494,147.22116065336195,28.740562414035477
2026-09-07 15:14:31.443212,-190.02777353856084,-687.3433325933751,144.6704980976956,29.050024988858922
2026-09-07 15:14:31.541088,-191.06476234775886,-686.608301665708,144.49525179408192,28.919172709141225
2026-09-07 15:14:31.646106,-192.1700017301451,-685.8198038730758,144.4364911673947,28.84025475017782
2026-09-07 15:14:31.750434,-193.26418134116082,-685.0375017898972,144.4364911673947,28.71171612667657
2026-09-07 15:14:31.850196,-194.30581005275536,-684.2927718545417,144.48114696079938,28.64023479251184
2026-09-07 15:14:31.951098,-195.35730405202747,-683.542226323748,144.5376045657249,28.57675347652222
2026-09-07 15:14:32.050993,-196.68991902005402,-682.6013056285071,144.52269041012187,29.37766502762485
2026-09-07 15:14:32.141941,-197.66258891315232,-681.9080879556037,144.5328680205821,29.341108525410284
2026-09-07 15:14:32.243038,-198.74259151647883,-681.1386639707133,144.5668080484411,29.12821181000171
2026-09-07 15:14:32.342424,-199.79705663308584,-680.3883748675472,144.61129553549472,29.096079600775465
2026-09-07 15:14:32.441754,-201.32363906492262,-679.6322610610032,145.3928883563458,29.191746365203308
2026-09-07 15:14:32.543887,-202.42064038200016,-678.8752895649277,145.46146401863916,29.19799345543852
2026-09-07 15:14:32.659020,-203.6585588149401,-678.0232653493383,145.44857996593782,29.222138316636624
2026-09-07 15:14:32.751092,-204.64918895754047,-677.3411143245964,145.397063002938,29.276846228680284
2026-09-07 15:14:32.858800,-205.8095017219427,-676.5405803778291,145.27653148301943,29.27966969665854
2026-09-07 15:14:32.958762,-206.8849070356772,-675.7952825627094,145.23178616495898,29.299759534117158
2026-09-07 15:14:33.041390,-207.77395893757375,-675.1781065855508,145.222539610917,29.323585736750033
2026-09-07 15:14:33.142918,-208.86713487115924,-674.4189671231132,145.222539610917,29.271243594547993
2026-09-07 15:14:33.259968,-210.12519021680163,-673.5453296513522,145.23563818707225,29.30704112874516
2026-09-07 15:14:33.358989,-211.19094028151284,-672.8055967503998,145.2467192132117,29.32694184896874
2026-09-07 15:14:33.447779,-212.14735270097356,-672.1420287230624,145.23678309551178,29.30521805188123
2026-09-07 15:14:33.548804,-213.2346189972157,-671.3873936837707,145.15764609770486,29.306100811603514
2026-09-07 15:14:33.649239,-214.3145307904484,-670.6356509265903,145.22508166350963,29.26397580601117
2026-09-07 15:14:33.744057,-215.33341458572139,-669.9281695164688,145.2356923494899,29.092471595677647
2026-09-07 15:14:33.843902,-216.74659569903397,-668.944982515725,145.32952104960168,30.08074255180614
2026-09-07 15:14:33.944804,-217.86252705947973,-668.1731253543787,145.4311447384698,30.20682349884108
2026-09-07 15:14:34.045688,-218.98430859575217,-667.4001597380449,145.62306635203822,30.569131366984866
2026-09-07 15:14:34.144316,-220.09671393534012,-666.6391375212523,145.64514044634234,31.012965916186282
2026-09-07 15:14:34.246394,-221.265054925062,-665.8405090481717,145.6679866907998,31.080754942336068
2026-09-07 15:14:34.342295,-222.36539562300806,-665.0890062821062,145.76457361064422,30.90729183116313
2026-09-07 15:14:34.542264,-224.6835359989673,-663.8427643453932,146.2384313115217,30.77402214214748
2026-09-07 15:14:34.643293,-225.83902143932744,-663.0703561437037,146.102762515231,30.756366248659205
2026-09-07 15:14:34.742953,-226.97638911581805,-662.3061563805172,146.01354224357056,30.70324547786688
2026-09-07 15:14:34.843658,-227.9792436009434,-661.6318288214992,145.99113413033047,30.08573313339505
2026-09-07 15:14:34.943348,-229.09068727128715,-660.8819003446824,145.97997823919832,29.98294398840802
2026-09-07 15:14:35.044026,-230.2091642444387,-660.1269092990067,145.87858015246456,29.945115700531098
2026-09-07 15:14:35.143925,-231.3162608840134,-659.3767447618267,145.7891459168768,29.74347101933646
2026-09-07 15:14:35.243990,-232.41656345995673,-658.628675153938,145.8451351959484,29.703249943621763
2026-09-07 15:14:35.343699,-233.51219579820247,-657.8853452277476,145.99018942140356,29.569947091458083
2026-09-07 15:14:35.443843,-235.16681797555455,-657.2219425947576,147.01591283761627,29.376905472775135
2026-09-07 15:14:35.543897,-236.2690082998018,-656.5066069604953,147.1166824612701,29.308712015534173
2026-09-07 15:14:35.644399,-237.37482286512662,-655.7916800741774,147.2516435651596,29.243725975414723
2026-09-07 15:14:35.744053,-238.47053880707492,-655.0869363321681,147.28509915272662,29.14358628922892
2026-09-07 15:14:35.843824,-239.56419510065632,-654.384419751195,147.38558375225875,29.08081652869295
2026-09-07 15:14:35.944061,-240.66182646622153,-653.6820660142474,147.47532058118122,29.194680168551802
2026-09-07 15:14:36.049047,-241.78345225279557,-652.9674655368614,147.32235163682162,28.71293597636874
2026-09-07 15:14:36.147679,-242.84909156117598,-652.2839241660705,147.15678921519248,28.62933656412375
2026-09-07 15:14:36.248541,-243.93363292472236,-651.583826754813,147.21322443895588,28.168398137892318
2026-09-07 15:14:36.349507,-245.00249188092823,-650.8953432759647,147.3940033662766,27.873728582315636
2026-09-07 15:14:36.449476,-246.43151808643512,-649.9386680753372,147.4329759672437,27.792416489599816
2026-09-07 15:14:36.549997,-247.48404840593932,-649.2664000699305,147.4554737369799,27.69316228940241
2026-09-07 15:14:37.201797,-254.25702649389237,-644.9442362337126,147.38224049736527,27.364046848743627
2026-09-07 15:14:37.301692,-255.2862974360397,-644.2855403974684,147.37106166553895,27.330004304662
2026-09-07 15:14:37.401793,-256.57106859270834,-643.0250279632762,146.31880583351267,27.090993770913368
2026-09-07 15:14:37.502095,-257.58189207875483,-642.3513717372749,146.30758145601794,27.0568125280436
2026-09-07 15:14:37.601946,-258.5867696047189,-641.6813938260165,146.2964075480486,27.02278497842556
2026-09-07 15:14:37.702171,-259.5940114760372,-641.0095557542371,146.28519178730312,26.988629975867063
2026-09-07 15:14:37.802450,-260.51873945114477,-640.3913513716284,146.27301328537214,26.562190324416772
2026-09-07 15:14:37.902437,-261.50619304152065,-639.7321295161955,146.2618241582113,26.528116428274927
2026-09-07 15:14:38.002729,-262.49525920710175,-639.0715518355526,146.25060089977706,26.493938593237793
2026-09-07 15:14:38.102238,-263.47521096599087,-638.4167838698719,146.2394652635976,26.46002759149578
2026-09-07 15:14:38.202800,-264.46413651023767,-637.7557419046299,146.22821179058883,26.425757744977574
2026-09-07 15:14:38.303230,-265.4503553209991,-637.096228950442,146.216973089151,26.391532881850114
2026-09-07 15:14:38.403022,-266.5077189006398,-635.8513380948563,144.87173805314706,25.975346078626888
2026-09-07 15:14:38.503122,-267.45837612430967,-635.1825042167604,144.86053628063019,25.9412336739763
2026-09-07 15:14:38.603227,-268.40770169490503,-634.5143297142548,144.84933394858308,25.907119565409396
2026-09-07 15:14:38.703383,-269.3561313111702,-633.8465084855973,144.8381259093385,25.87298807689606
2026-09-07 15:14:38.803495,-270.2106728916814,-633.2425199793967,144.8269581491295,25.391430786620166
2026-09-07 15:14:38.903730,-271.1407010546132,-632.5871124003494,144.81574126932537,25.357272376229037
2026-09-07 15:14:39.003732,-272.06719124135566,-631.9339266004923,144.80455046357565,25.323193368338245
2026-09-07 15:14:39.103948,-272.9942885558797,-631.2800416514324,144.79333570998278,25.289041432829116
2026-09-07 15:14:41.079959,-288.834212019963,-619.6370448353773,141.23812433664898,20.078079394725705
2026-09-07 15:14:41.180058,-289.5347897199907,-619.0745330029991,141.0925027486901,19.83667094274154
2026-09-07 15:14:41.279487,-290.22090594644834,-618.5207587510655,141.1370094835438,19.65595766764312
2026-09-07 15:14:41.379706,-291.78172557120115,-617.3845764015515,141.70409709994237,19.466070950020093
2026-09-07 15:14:41.480874,-292.4726623218465,-616.8389876546821,141.94184414653864,19.260096792226605
2026-09-07 15:14:41.580764,-293.1026542780866,-616.3444992948217,142.15703525089702,19.027876428344964
2026-09-07 15:14:41.680302,-293.77128312176046,-615.825054068754,141.98995202918377,18.909588215880756
2026-09-07 15:14:41.780489,-294.40002152295966,-615.3330355192479,141.65513074264163,18.396246366688636
2026-09-07 15:14:41.879718,-295.04003824436734,-614.8267664506848,141.66623504518975,18.02861029105782
2026-09-07 15:14:41.980813,-295.65768133435495,-614.3380516693138,141.68942727332433,17.63734966185582
2026-09-07 15:14:42.079749,-296.26977329090084,-613.8544671475847,141.83335695720052,17.415171626892505
2026-09-07 15:14:42.180772,-296.8292710484029,-613.4143545734697,141.89090867183586,16.88020114092056
2026-09-07 15:14:42.280925,-297.4239366207951,-612.9479248150752,141.80124704362424,16.701672548680488
2026-09-07 15:14:42.381792,-298.74723504598154,-612.1397125497064,142.56409059947146,16.167367412135807
2026-09-07 15:14:42.480769,-299.3152489517246,-611.7048687641494,142.50871008805734,16.03763777734362
2026-09-07 15:14:42.581146,-299.8484092800084,-611.2961835685855,142.54384209765703,15.451530006528829
2026-09-07 15:14:42.681401,-300.3981341232741,-610.8750327826353,142.62237592309612,15.234274210067664
2026-09-07 15:14:42.781509,-300.9048863743115,-610.4881728424306,142.81362065348003,14.779280723927519
2026-09-07 15:14:42.880706,-301.4270163894948,-610.0920501912864,142.83582209660744,14.889362622009905
2026-09-07 15:14:42.982529,-301.9055899117824,-609.7298087419181,142.62018985321447,14.508308738923112
2026-09-07 15:14:43.079193,-302.40377660897457,-609.3491943448645,142.37139277839196,14.4322899542506
2026-09-07 15:14:43.179834,-302.8593311522159,-608.9978097033556,142.2705526084501,13.758824267654278
2026-09-07 15:14:43.282707,-303.35977540150316,-608.6106114213997,142.16694382225432,13.542187534573905
2026-09-07 15:14:43.479022,-304.8028753175173,-607.708094123634,143.14160391760015,12.771208872953837
2026-09-07 15:14:43.579607,-305.205906266913,-607.4069918518304,143.23310223435146,12.193392934540174
2026-09-07 15:14:43.679045,-305.64011421622894,-607.0825538895978,143.3777622156067,12.182966224961612
2026-09-07 15:14:43.779961,-306.016936479726,-606.8034733151487,144.9258746947362,11.583299040354971
2026-09-07 15:14:43.879413,-306.43840266168075,-606.5075461788206,145.05942578530085,11.435566524808264
2026-09-07 15:14:43.980125,-306.7685952588902,-606.2802117272524,145.13913261518974,10.57947844365327
2026-09-07 15:14:44.080857,-307.1595073974414,-606.0079043767039,145.00386265123961,10.516984280658908
2026-09-07 15:14:44.180651,-307.4513403145932,-605.8055261690063,144.89268801081744,9.916162238657646
2026-09-07 15:14:44.280576,-307.81371511727707,-605.5507757974506,144.926234577817,10.039276090675921
2026-09-07 15:14:44.380627,-308.5605372443569,-604.8704688350101,144.46903173946703,9.387251771552622
2026-09-07 15:14:44.480769,-308.90253213165136,-604.6262472494133,144.5026511571541,9.325123644735111
2026-09-07 15:14:44.580505,-309.16122887537466,-604.4426156833174,144.5839607285052,8.677524235335214
2026-09-07 15:14:44.680514,-309.4773988194017,-604.2177921646414,144.55038596123995,8.81122816318563
2026-09-07 15:14:44.780197,-309.69974334669064,-604.060224162119,144.49692452008094,8.132893028934962
2026-09-07 15:14:44.879939,-309.99495868698045,-603.8496251966743,144.6420267531339,8.18692905619203
2026-09-07 15:14:44.980055,-310.19612766553286,-603.7075636107653,144.83390749838145,7.473858634460025
2026-09-07 15:14:45.079449,-310.46760382433973,-603.5162987527409,144.80053919735292,7.592844229289347
2026-09-07 15:14:45.180253,-310.6353174661199,-603.3987646419421,144.49697705869767,7.015145973332391
2026-09-07 15:14:45.280050,-310.8901003629809,-603.2170094852855,144.36296267803846,7.026482355773001
2026-09-07 15:14:45.384445,-311.4971659335662,-602.652550285781,143.97384462727496,6.318111331909784
2026-09-07 15:14:45.916158,-312.6026907007226,-601.8483616241011,144.6292086692465,5.3034330181483
2026-09-07 15:14:46.016277,-312.79624504922134,-601.7109581594088,144.75245155526136,5.280687098459905
2026-09-07 15:14:46.116690,-312.9898299004888,-601.5741583326693,144.87605634469583,5.257874385251915
2026-09-07 15:14:46.216533,-313.1817760424801,-601.4391364549844,144.9989594846429,5.235191169683956
2026-09-07 15:14:46.316047,-313.372551326841,-601.3055489995053,145.12145763743138,5.21258269924507
2026-09-07 15:14:46.416742,-313.9110345081608,-600.8072623559071,144.7389739617156,5.285402539902926
2026-09-07 15:14:46.516923,-314.1043124150291,-600.6706112566543,144.86229316749996,5.262642534506318
2026-09-07 15:14:46.617082,-314.29700810786665,-600.5349929137312,144.98558529207548,5.239887527264236
2026-09-07 15:14:46.717109,-314.4889074943822,-600.4005515545398,145.10871492940169,5.217162508949321
2026-09-07 15:14:46.817556,-314.6810653207158,-600.2665438456252,145.2323615716141,5.194342071320697
2026-09-07 15:14:46.917325,-314.8713768117818,-600.134433265609,145.35517362022438,5.171675667727059
2026-09-07 15:14:47.017603,-315.03866028058667,-600.0191415711637,145.47870578744914,5.058110624899695
2026-09-07 15:14:47.117756,-315.22524729235687,-599.8908017430701,145.60199052624012,5.035356980790667
2026-09-07 15:14:47.217875,-315.4112062808814,-599.7634824553036,145.72523341225678,5.012611061102271
2026-09-07 15:14:47.318001,-315.5966104073187,-599.6371279484401,145.84848491501907,4.989863551091981
2026-09-07 15:14:47.417974,-315.9338530242104,-598.9796257814241,143.94489963405977,5.330636676482188
2026-09-07 15:14:47.518169,-316.1268832913252,-598.8390972614343,144.068236073339,5.307873490441789
2026-09-07 15:14:47.618300,-316.31926707329484,-598.6996720213364,144.19149373092296,5.285124844487289
2026-09-07 15:14:47.718335,-316.5109405986304,-598.5613894521495,144.3146332159613,5.262398008661636
2026-09-07 15:14:49.697620,-319.2312759513639,-593.7561600432407,130.35080432530413,8.45789238935565
2026-09-07 15:14:49.795740,-319.52409929065703,-593.4323005177943,130.18672347288702,8.932179242116604
2026-09-07 15:14:49.896313,-319.78323895030394,-593.1255059699217,129.95037468950432,9.05697028081001
2026-09-07 15:14:49.995989,-320.08959280050993,-592.7740529939646,129.70538747033606,9.460280896653003
2026-09-07 15:14:50.095633,-320.3588044068861,-592.449848079475,129.49352334451032,9.561281226601107
2026-09-07 15:14:50.522187,-319.2784805677443,-589.2170177372875,111.36923285330704,10.720831210873596
2026-09-07 15:14:50.600822,-319.4720453343032,-588.7999953170511,111.1864093224558,11.408249452311617
2026-09-07 15:14:50.701710,-319.65799574972374,-588.3202490319612,111.0170600079,11.528141967522783
2026-09-07 15:14:50.801560,-319.8855390677603,-587.7734276369159,110.84431375348322,12.135396888047824
2026-09-07 15:14:50.901687,-320.07882220882044,-587.2657892409131,110.65383225590449,12.215888881213983
2026-09-07 15:14:51.001375,-320.3110540112803,-586.6816850957393,110.36779666641087,12.80444528733835
2026-09-07 15:14:51.106492,-320.5204728494834,-586.1176045996373,110.19134860620215,12.865067326892975
2026-09-07 15:14:51.205641,-320.75613885721117,-585.500149473994,110.04978002680582,13.371055453473147
2026-09-07 15:14:51.306992,-320.96383436002293,-584.9310497069872,110.0384382601078,13.361313761943865
2026-09-07 15:14:51.406680,-317.3606928392528,-582.9209448992674,87.04829155828702,13.897990930615897
2026-09-07 15:14:51.507586,-317.3284098230733,-582.2948519194124,86.96924777802815,13.971173682019574
2026-09-07 15:14:51.608522,-317.3137939160215,-581.5903345410201,86.95365947595201,14.538329416496282
2026-09-07 15:14:51.707388,-317.27964640682706,-580.9486911751244,86.9647231566887,14.583251920634613
2026-09-07 15:14:51.806984,-317.25641499862553,-580.2115081653138,86.9215574547743,15.169852193274366
2026-09-07 15:14:51.907820,-317.2196916065271,-579.5286725253812,86.89898918437211,15.221837579089954
2026-09-07 15:14:52.007295,-317.1902653829639,-578.7248498295979,86.88762860034512,16.00723904537341
2026-09-07 15:14:52.107516,-317.15132710650505,-578.0087386123806,86.79790609536758,16.013369185783105
2026-09-07 15:14:52.207809,-317.11122335004524,-577.2919004143739,86.73056587331848,15.935372835833995
2026-09-07 15:14:52.307738,-317.0706244373329,-576.5811899432127,86.77529641981164,15.793044033112203
2026-09-07 15:14:52.408410,-312.2879354959965,-575.6888310153859,64.44626910356419,16.611718406305428
2026-09-07 15:14:52.508621,-311.96692921652823,-575.0174483935913,64.49112587982017,16.47249053904243
2026-09-07 15:14:52.612985,-311.6176655065107,-574.178275573346,64.55568128139566,17.16635405737336
2026-09-07 15:14:52.707734,-311.3052752592468,-573.5216944498167,64.56628424587325,16.994146732525472
2026-09-07 15:14:52.813397,-310.960530155199,-572.7967642004303,64.6727029871945,16.749475752649513
2026-09-07 15:14:52.907315,-310.65969707876104,-572.1611308729149,64.71474287016463,16.554979681967918
2026-09-07 15:14:53.013482,-310.3240987450884,-571.4506940316486,64.72662357528861,16.40283840965448
2026-09-07 15:14:53.111994,-310.01569542005285,-570.7974763251156,64.72662357528861,16.221209388761494
2026-09-07 15:14:53.437735,-305.7750544639964,-569.2569442225107,51.005418460188594,17.52598502250393
2026-09-07 15:14:53.535988,-305.2906638484857,-568.6586559493475,50.873477470551734,17.527702098296928
2026-09-07 15:14:53.635692,-304.7976746759246,-568.0526063248544,50.89579238617807,17.321223721082358
2026-09-07 15:14:53.736655,-304.3045773860072,-567.4459412776754,50.96358246961972,17.151837871941343
2026-09-07 15:14:53.836551,-303.6624499666636,-566.5528532056082,51.030977750049715,18.38167931771539
2026-09-07 15:14:53.935846,-303.14930434171026,-565.9184701383634,50.97541930838088,18.242856449515674
2026-09-07 15:14:54.036035,-302.63483315823487,-565.2837081415423,51.07632489760363,18.016989129896626
2026-09-07 15:14:54.136265,-302.12762908482415,-564.6556544468997,51.087541217879334,17.820807020913087
2026-09-07 15:14:54.236691,-301.5042342922331,-563.8493173097647,51.091074023433976,18.332544310480827
2026-09-07 15:14:54.335918,-300.9934742428882,-563.2165271844701,51.0466577084826,17.92069615895915
2026-09-07 15:14:54.435665,-299.5499353463314,-563.2008374865775,46.73935312888716,17.54982352890107
2026-09-07 15:14:54.536163,-299.00959312608035,-562.6266506201946,46.76184575095613,17.205586855449027
2026-09-07 15:14:54.635823,-298.3844394923722,-561.9284555745888,46.7838054753156,17.657648859863052
2026-09-07 15:14:54.737096,-297.83703676669194,-561.3458609555653,46.79513851336014,17.33199581427429
2026-09-07 15:14:54.836934,-297.27110683608777,-560.7355487140015,46.750368008575606,17.589742673687596
2026-09-07 15:14:54.936802,-296.73304048832415,-560.1635599795653,48.21439916678355,17.58363412495594
2026-09-07 15:14:55.036599,-296.2103173572674,-559.5786301948212,48.21439916678355,17.60979500751119
2026-09-07 15:14:55.136678,-295.68533724488253,-558.9911748367401,48.18080089929572,17.678879997458957
2026-09-07 15:14:55.236994,-295.1796764012442,-558.4275321232465,48.147145873832415,17.592998736169886
2026-09-07 15:14:55.337222,-294.6537266029589,-557.8403802491137,48.07984929505437,17.649925444350362
2026-09-07 15:14:55.436897,-294.1662749167571,-557.1551211949121,48.46009857779427,17.624655785061968
2026-09-07 15:14:55.537604,-293.6400966890159,-556.5612188244636,48.46009857779427,17.626415747117935
2026-09-07 15:14:55.637522,-293.1665809724371,-556.0294256283369,48.42167149705165,17.245254270164217
2026-09-07 15:14:55.737510,-292.6550185978626,-555.4527999114168,48.43286073611853,17.281075903854713
2026-09-07 15:14:55.835415,-292.15318337345474,-554.8869159283323,48.42190459687481,17.311018300997585
2026-09-07 15:14:55.935457,-291.63939520364124,-554.3077765810903,48.4330998788555,17.35297847234691
2026-09-07 15:14:56.035348,-291.20633025976946,-553.8210952039268,48.42667511733816,16.818439332563027
2026-09-07 15:14:56.135776,-290.70528280132413,-553.2562223880101,48.44915207259146,16.80878635827661
2026-09-07 15:14:56.235530,-290.2081036802069,-552.6952675382773,48.50496733811451,16.827962739305153
2026-09-07 15:14:56.335089,-289.7118765984113,-552.1342868603821,48.50496733811451,16.854061232309135
2026-09-07 15:14:56.435700,-289.28746011581455,-551.3018035149438,49.38098391964013,16.915650657798558
2026-09-07 15:14:56.536596,-288.7907448663035,-550.7226650036304,49.38098391964013,16.898018007476438
2026-09-07 15:14:57.076875,-286.13370119404175,-547.6247204199617,49.56236501217609,16.841366302651366
2026-09-07 15:14:57.177021,-285.81166759396433,-547.2429212462423,49.607305565150455,16.01330369460366
2026-09-07 15:14:57.277111,-285.3473573165133,-546.6972175564899,49.640907525530565,16.002808618659675
2026-09-07 15:14:57.377622,-284.8817208898166,-546.1493045034991,49.67465082296076,15.992269398176047
2026-09-07 15:14:57.476572,-284.54473040651294,-545.4369789809052,50.45729403150108,15.992947917173476
2026-09-07 15:14:57.577489,-284.08538206509326,-544.8805903471135,50.49117363021833,15.982366124996043
2026-09-07 15:14:57.677895,-283.6289892511592,-544.3271153303473,50.524881677314625,15.971837914433229
2026-09-07 15:14:57.777677,-283.0906822570278,-543.6774357166311,50.551023782516495,16.41849928380893
2026-09-07 15:14:57.877807,-282.6237165492893,-543.1099320910922,50.58463917159497,16.408000013609396
2026-09-07 15:14:57.977924,-282.15744282194163,-542.5425913441867,50.61825019634671,16.397502106542916
2026-09-07 15:14:58.078070,-281.69166522227385,-541.9751760193751,50.65187095690453,16.387001158641162
2026-09-07 15:14:58.178282,-281.22621217932095,-541.4074771359388,50.685513874814205,16.376493290217756
2026-09-07 15:14:58.278271,-280.7624251662138,-540.8411323354973,50.71908192773117,16.366008804769027
2026-09-07 15:14:58.378679,-280.05139993147645,-539.9543157316153,50.806130369655875,16.944210903278336
2026-09-07 15:14:58.478690,-279.5726643185941,-539.3671996309326,50.839705808357394,16.933724110989054
2026-09-07 15:14:58.578665,-279.02271109491835,-538.6943373731687,50.87011195114428,17.37682647235377
2026-09-07 15:14:58.679094,-278.5303760198843,-538.0891644739878,50.90382771974146,17.36629585009402
2026-09-07 15:14:58.778930,-278.0415985034261,-537.487641773133,50.937344407886485,17.35582740767276
2026-09-07 15:14:58.879063,-277.55201524033174,-536.8844067951496,50.97096080411757,17.345327822904057
2026-09-07 15:14:58.978615,-276.974646127253,-536.1742310462047,51.00234531377464,17.905342414068947
2026-09-07 15:15:00.956038,-267.6191484224185,-524.5130816911504,51.8388218529235,19.92910130392504
2026-09-07 15:15:01.056565,-267.06577538607445,-523.8088887127072,51.81632274031654,19.926466079378578
2026-09-07 15:15:01.155639,-266.5202003733788,-523.115179973093,51.827409697463736,19.894434741998253
2026-09-07 15:15:01.256023,-265.96843592528927,-522.4133217952337,51.793709036151995,19.84531385796103
2026-09-07 15:15:01.355007,-265.4253040110797,-521.723280161578,51.782632150529025,19.81763624521944
2026-09-07 15:15:01.455641,-264.4377009349063,-520.3422765546367,51.98803053433585,19.933203028865684
2026-09-07 15:15:01.670699,-263.2575510828614,-518.8324038900519,51.891765567534094,19.649446279609464
2026-09-07 15:15:01.769309,-262.6866739556641,-518.1049308798985,51.88142333251926,19.74945053329837
2026-09-07 15:15:01.869953,-262.13817067950396,-517.40586562148,51.82511008609981,19.66150748010402
2026-09-07 15:15:01.969032,-261.62197754218226,-516.7492132297778,51.791540644864654,19.46671566838663
2026-09-07 15:15:02.069446,-261.0814844036058,-516.0625775945757,51.791540644864654,19.426354312299928
2026-09-07 15:15:02.169848,-260.5421763554662,-515.3774474832494,51.802776212938625,19.40003483445678
2026-09-07 15:15:02.269870,-260.00577105255235,-514.6957299654009,51.825162300667216,19.34322512853002
2026-09-07 15:15:02.370054,-259.5266650511454,-514.0862311043877,51.76869303369131,19.004173322549928
2026-09-07 15:15:02.469792,-258.71940351703034,-512.8258429974472,52.21397699478075,19.11586194075348
2026-09-07 15:15:02.570223,-258.24894444913474,-512.218128271395,52.15642190980361,18.693688141801324
2026-09-07 15:15:02.670040,-257.73718482694346,-511.55940687644136,52.078231187602796,18.614317561498112
2026-09-07 15:15:02.770327,-257.2242997415519,-510.9010931294142,52.100676585416295,18.484623525449884
2026-09-07 15:15:02.870702,-256.7147975965913,-510.2465928611038,52.13437422527204,18.528477525511402
2026-09-07 15:15:02.976857,-256.2413294567165,-509.6373162237283,52.24057015231119,18.00561617677353
2026-09-07 15:15:03.069400,-255.78519190383193,-509.04840666175545,52.24057015231119,18.19160423502894
2026-09-07 15:15:03.175445,-255.257104921777,-508.36660471118415,52.33550657322485,18.31391868815394
2026-09-07 15:15:03.269393,-254.78712162100106,-507.75773793165985,52.356533229060005,18.39190615152411
2026-09-07 15:15:03.375668,-254.25346130778948,-507.06585233122547,52.28517648334309,18.534915847943893
2026-09-07 15:15:03.469474,-253.42648373473304,-506.0426817002711,52.20369011013281,18.697399496057248
2026-09-07 15:15:03.575385,-253.00820016722255,-505.5029968866536,52.202535126798466,17.71337631734517
2026-09-07 15:15:03.674127,-252.52899720004265,-504.8851556980578,52.23568454004453,17.690080425898095
2026-09-07 15:15:03.774103,-252.12705794363848,-504.36606687821296,52.20159461730509,17.045519708818176
2026-09-07 15:15:03.874634,-251.65755786347245,-503.7607562367323,52.21284462123185,16.949769407181297
2026-09-07 15:15:04.085564,-250.67825369012647,-502.4976603122902,52.260053210187834,16.905534691048512
2026-09-07 15:15:04.185066,-250.30522628198565,-502.01549325070437,52.29318783264898,16.24015046707096
2026-09-07 15:15:04.285461,-249.85943560410283,-501.4388492211839,52.31565740211954,16.22699164564279
2026-09-07 15:15:04.385259,-249.00194628807364,-500.41626729733235,52.16814361873912,16.312183007243142
2026-09-07 15:15:04.485300,-248.55449863722677,-499.84008304481125,52.16814361873912,16.264104124830492
2026-09-07 15:15:04.585509,-248.19249218029276,-499.3740565730684,52.10034625000117,15.687534810649765
2026-09-07 15:15:04.685189,-247.76307857827936,-498.8224436356006,52.04457238963187,15.704954952024138
2026-09-07 15:15:04.785220,-247.40018800416058,-498.35759725082613,52.05548384994108,15.100739213701406
2026-09-07 15:15:04.884625,-246.9875625931345,-497.8284053172754,52.03323585399448,15.075549694516882
2026-09-07 15:15:04.984510,-246.57343024618532,-497.29770583291935,51.98852500292742,15.043256154998605
2026-09-07 15:15:05.323610,-245.26000186943358,-495.6176335064603,52.06427315089968,14.387907507216548
2026-09-07 15:15:05.410167,-244.65575356933763,-494.8803934567131,51.983132687748366,13.973292369730581
2026-09-07 15:15:05.512001,-244.26397244726732,-494.3792406598452,51.96034105333092,13.886089148262704
2026-09-07 15:15:05.612881,-243.87808746762892,-493.88603446635574,51.971630112388084,13.865814815988188
2026-09-07 15:15:05.711851,-243.5001565452791,-493.402798332468,51.98270543133003,13.862355603725302
2026-09-07 15:15:05.812611,-243.19425497350483,-493.0116922751688,51.9937162349197,13.225999005421452
2026-09-07 15:15:05.912028,-242.83231340885428,-492.5485329088007,51.98259089407475,13.219049333691855
2026-09-07 15:15:06.012134,-242.46796444277086,-492.08247945524465,51.96018600617026,13.226047169455992
2026-09-07 15:15:06.112525,-242.10220192252328,-491.6149947279902,51.92648299483517,13.226047169455992
2026-09-07 15:15:06.212689,-241.82841864412256,-491.265788174553,51.95996927977285,12.573130872234811
2026-09-07 15:15:06.313174,-241.4803850822542,-490.82096647291655,51.95996927977285,12.598594066593817
2026-09-07 15:15:06.417465,-240.89713693195142,-489.9730009376392,52.23982162913671,12.656486350121565
2026-09-07 15:15:06.512248,-240.56874294464902,-489.5490298368277,52.25042839841262,12.719430836353222
2026-09-07 15:15:06.618713,-240.29132892989912,-489.19010013990004,52.26213131278564,12.052872750820036
2026-09-07 15:15:06.716702,-239.96818122246418,-488.77256649542306,52.273096852119124,12.072566065106788
2026-09-07 15:15:06.812189,-239.652848089334,-488.36496878644334,52.28378240309212,12.081744118594731
2026-09-07 15:15:06.918122,-239.30283687649182,-487.91237201823947,52.27192788392858,12.080818472609472
2026-09-07 15:15:07.011844,-239.09392682463798,-487.6419833843008,52.240355584744975,11.410971658504245
2026-09-07 15:15:07.117405,-238.76418617566972,-487.2162654889524,52.240355584744975,11.412816449378663
2026-09-07 15:15:07.217798,-238.4505380975085,-486.81132421121595,52.25159014566816,11.40930750023541
2026-09-07 15:15:07.317117,-238.14041934793713,-486.4107773321319,52.22936139752164,11.412778910791511
2026-09-07 15:15:07.417326,-237.62442597261597,-485.6429090139698,52.47578780811273,11.429364731112122
2026-09-07 15:15:07.516853,-237.3146871893786,-485.2396025719042,52.420099555693014,11.352833757932988
2026-09-07 15:15:07.609218,-237.12916691890354,-484.9977955612946,52.36868189436973,10.571995649869926
2026-09-07 15:15:07.715702,-236.82189068623683,-484.59924008596164,52.332933356563444,10.49104557409371
2026-09-07 15:15:07.809484,-236.62379137340244,-484.3424800005522,52.32256903343841,9.981841308065412
2026-09-07 15:15:07.915914,-236.33351255693682,-483.96659718795473,52.31065889708225,9.954871633232063
2026-09-07 15:15:08.009776,-236.07813486141524,-483.6360499897953,52.321162601099786,9.898279958689518
2026-09-07 15:15:08.117177,-235.78765068328366,-483.2599203398954,52.285106210383674,9.854171708099525
2026-09-07 15:15:08.216000,-235.5979680399086,-483.0146766761296,52.28517544125498,9.319587913104975
2026-09-07 15:15:08.308638,-235.3618695126554,-482.7093641737722,52.27480870996078,9.305826857746395
2026-09-07 15:15:08.417549,-234.965884781864,-482.048172307191,52.67618988592767,8.858629557129355
2026-09-07 15:15:08.515886,-234.72976574659643,-481.73848882613436,52.67618988592767,8.84917756632596
2026-09-07 15:15:08.615337,-234.5483641732229,-481.4998561421656,52.66510687160553,8.344249085056845
2026-09-07 15:15:08.716420,-234.31968687873447,-481.2000532199428,52.68773042348221,8.350431950753984
2026-09-07 15:15:08.816769,-234.15813149376328,-480.9875093549663,52.71022401472328,7.7991286046740225
2026-09-07 15:15:08.917165,-233.9460653010893,-480.709029613097,52.67651932480294,7.814919347672412
2026-09-07 15:15:09.016458,-233.8014663816961,-480.5190467409922,52.720987575306935,7.225411464621589
2026-09-07 15:15:09.116888,-233.60498208969707,-480.2609281536076,52.75470367962225,7.235064631144718
2026-09-07 15:15:09.217275,-233.47523241538158,-480.0898743973859,52.7434845144835,6.654488908295552
2026-09-07 15:15:09.316786,-233.29602190371133,-479.8542562255393,52.7434845144835,6.6718795151204455
2026-09-07 15:15:09.418010,-233.03578110008323,-479.31462674310126,53.38550295175264,6.143806937475022
2026-09-07 15:15:09.516611,-232.87426222647247,-479.09725631965307,53.41860502883719,6.1963632401129285
2026-09-07 15:15:09.618346,-232.77304235418563,-478.95926130495604,53.44183049213825,5.566992169170781
2026-09-07 15:15:09.717718,-232.6257385861425,-478.7606137883658,53.43071018705814,5.623432693229031
2026-09-07 15:15:09.818046,-232.47547058174706,-478.55805101317793,53.441937474102815,5.6409660795031895
2026-09-07 15:15:09.916881,-232.3270164202139,-478.35785134418313,53.46405789741584,5.662556665286901
2026-09-07 15:15:10.133533,-232.114274019162,-478.06972757672247,53.41581172375845,4.7525650989498125
2026-09-07 15:15:10.221785,-232.00252398088452,-477.91916923736596,53.40593581138819,4.740226717596914
2026-09-07 15:15:10.322653,-231.87510080947862,-477.7475566511419,53.394648095201774,4.738463941894516
2026-09-07 15:15:10.422491,-231.67682750289256,-477.43568786759636,53.53910985049879,4.061979778795447
2026-09-07 15:15:10.522314,-231.56910623796168,-477.2899029200415,53.60613449813354,4.254748489019923
2026-09-07 15:15:10.622416,-231.4561367085126,-477.13664042535805,53.662144479782,4.452429450175524
2026-09-07 15:15:10.721856,-231.33885608332088,-476.9772030930733,53.684400309137345,4.657492196238516
2026-09-07 15:15:10.822123,-231.2152189749457,-476.8089875761093,53.684400309137345,4.846737635684651
2026-09-07 15:15:10.922973,-231.08581008975014,-476.632919219214,53.65054320349009,4.850262557951115
2026-09-07 15:15:11.021951,-230.9586087889841,-476.46006854382586,53.61731456092275,4.853722049831036
2026-09-07 15:15:11.121872,-230.83000275232422,-476.2855211499117,53.61731456092275,4.874676760259633
2026-09-07 15:15:11.222212,-230.70029987825515,-476.10948510028356,53.60608593100915,4.890458695321372
2026-09-07 15:15:11.328187,-230.69245545900773,-476.0984258753984,53.59493883147297,4.23187481769567
2026-09-07 15:15:11.421454,-230.51569972182716,-475.83247821398317,53.706893674712774,4.316695122217729
2026-09-07 15:15:11.528664,-230.39974515716364,-475.6745094941585,53.707015536374456,4.359927574589766
2026-09-07 15:15:11.621915,-230.2921635244509,-475.52801725709855,53.76962751374231,4.446299581988432
2026-09-07 15:15:11.729091,-230.1662551432173,-475.356176476485,53.79361474993311,4.558680465130881
2026-09-07 15:15:11.827186,-230.04816976096652,-475.1948709835739,53.81556955263477,4.649539137593076
2026-09-07 15:15:12.159813,-229.56840374795283,-474.5394946000305,53.92674629798239,5.17333185661152
2026-09-07 15:15:12.249392,-229.44641919679572,-474.37204788987486,53.92674629798239,5.1795938102398305
2026-09-07 15:15:12.358351,-229.2321504888652,-474.0785440136046,53.90202871749534,5.606911972395885
2026-09-07 15:15:12.454260,-228.96458371053023,-473.8204605665118,53.55467202746149,5.601417063641648
2026-09-07 15:15:12.556615,-228.75903464579793,-473.54187915663573,53.61125155235095,6.046779567868375
2026-09-07 15:15:12.655262,-228.60083698187287,-473.3272168216484,53.600212378987635,6.045917587187116
2026-09-07 15:15:12.754883,-228.3795393879228,-473.0269635548526,53.58853727089627,6.574499119156348
2026-09-07 15:15:12.856153,-228.20286684709166,-472.78743109452597,53.58853727089627,6.5665350142943675
2026-09-07 15:15:12.956534,-227.96335816835963,-472.46262539389693,53.55447576838378,7.0972980474171665
2026-09-07 15:15:13.056796,-227.77438297195016,-472.20673159912485,53.610575274689836,7.148111418424235
2026-09-07 15:15:13.156427,-227.52271131352396,-471.8652655091281,53.58804712415258,7.70261391941555
2026-09-07 15:15:13.256788,-227.31757916885633,-471.58715252590014,53.543123204404765,7.570193311430247
2026-09-07 15:15:13.357113,-227.04711200475506,-471.22090984545366,53.55418723056391,8.194319424423767
2026-09-07 15:15:13.457541,-226.82127847278,-470.88813864047665,53.63689138857808,8.208248578297058
2026-09-07 15:15:13.557125,-226.55087831161612,-470.52101361050416,53.59256803563767,8.820106434134004
2026-09-07 15:15:13.657484,-226.316015476968,-470.20253990714144,53.61502954788739,8.82624501548299
2026-09-07 15:15:13.758553,-226.0189656834248,-469.7994670671589,53.67174962895842,9.475047861844068
2026-09-07 15:15:13.858279,-225.7687244171033,-469.45915667228843,53.70522938818431,9.475919270862276
2026-09-07 15:15:13.957198,-225.4592996273411,-469.0380652272182,53.771752761391326,10.102965216394386
2026-09-07 15:15:14.057769,-225.19085296147503,-468.67165853242307,53.79426172171043,10.11526831357249
2026-09-07 15:15:14.158168,-224.85989078195277,-468.21987537970836,53.87297580301674,10.709696831358771
2026-09-07 15:15:14.257853,-224.578510154094,-467.83438827708363,53.90644179782612,10.711438932876533
2026-09-07 15:15:14.357898,-224.23175814563749,-467.35921681263517,53.9960505699637,11.295609973571855
2026-09-07 15:15:14.458373,-223.8906852233769,-466.9593474665241,53.82454870341098,11.317903608600673
2026-09-07 15:15:14.558164,-223.5412981249432,-466.481674768629,53.7907929045723,11.932091927774733
2026-09-07 15:15:14.658376,-223.22552464519157,-466.0503704621865,53.85807874039165,11.908449223822068
2026-09-07 15:15:14.758821,-222.84726777100752,-465.5326497520296,53.779212936795375,12.502006248564813
2026-09-07 15:15:14.858652,-222.51757886861643,-465.08252973091516,53.812727946353334,12.487176697867449
2026-09-07 15:15:14.958061,-222.1266041565128,-464.5481400032584,53.77924197349057,13.15174590392508
2026-09-07 15:15:15.058123,-221.7789787707439,-464.073531027359,53.835229573975084,13.159615008898909
2026-09-07 15:15:15.153443,-221.38567756108188,-463.5355712851262,53.82449302887653,13.793542128848756
2026-09-07 15:15:15.375944,-220.34204705282318,-462.3088062208111,53.412155842974244,14.347367889086975
2026-09-07 15:15:15.473755,-219.9681153257344,-461.80508349001275,53.43404708316848,14.381554916534185
2026-09-07 15:15:15.700603,-219.00698898259006,-460.50863952479466,53.434033144980276,15.392784666187657
2026-09-07 15:15:15.909910,-218.14894439859287,-459.35184662874275,53.34034245964722,15.354377107929446
2026-09-07 15:15:16.009203,-217.74201831170768,-458.8051104148321,53.27367367251645,15.35264185702908
2026-09-07 15:15:16.341016,-216.21774321161496,-456.76115544002414,53.12513972425222,16.252138202508746
2026-09-07 15:15:16.427968,-215.67894161908288,-456.2436725314992,52.57708959280171,16.271835532920548
2026-09-07 15:15:16.528886,-215.1514003576041,-455.55148945585375,52.56653280390128,16.957559598758046
2026-09-07 15:15:16.628642,-214.69173913216505,-454.95100478757143,52.622349188482985,16.99242644512526
2026-09-07 15:15:16.728492,-214.23128571101716,-454.34826959834953,52.66704437273438,17.009876295809764
2026-09-07 15:15:16.828640,-213.76945602631497,-453.7427543048854,52.68945866072863,17.009876295809764
2026-09-07 15:15:16.928152,-213.21606104622134,-453.0155086697734,52.712100499984444,17.712154266481765
2026-09-07 15:15:17.028113,-212.7365570319123,-452.385793833811,52.70091428237356,17.70429310437938
2026-09-07 15:15:17.128174,-212.25666335460662,-451.75582248310144,52.71211169056551,17.692926733011603
2026-09-07 15:15:17.227907,-211.77877249971039,-451.1282258952452,52.74559379981292,17.70687025596257
2026-09-07 15:15:17.328227,-211.19434663352956,-450.3594020014093,52.757013263029876,18.46139220112698
2026-09-07 15:15:17.428177,-210.57473563195987,-449.6411283950922,52.4926730433308,18.505442492128243
2026-09-07 15:15:17.534064,-210.04139091374472,-448.94624403624124,52.457124928847406,18.48786285544864
2026-09-07 15:15:17.627587,-209.5703898840466,-448.3333736814639,52.44665916090344,18.44128205626121
2026-09-07 15:15:17.734763,-209.03186152892798,-447.6329010819508,52.50662725138136,18.415996357554157
2026-09-07 15:15:17.832307,-208.54306983220903,-446.99574275785824,52.46296428640562,18.419405728080285
2026-09-07 15:15:17.933828,-207.91267299554838,-446.17422417732104,52.451686533153406,19.16470596018539
2026-09-07 15:15:18.034048,-207.38940170399485,-445.4934730804414,52.33953452099013,19.081512027595465
2026-09-07 15:15:18.134054,-206.86819152077877,-444.8181433551771,52.33953452099013,18.975775491854815
2026-09-07 15:15:18.233691,-206.35178201715348,-444.14903384919006,52.36183444123708,18.913090035855355
2026-09-07 15:15:18.450972,-205.07766260780159,-442.61905042574466,51.83213447990056,18.77013250858784
2026-09-07 15:15:18.547923,-204.45742416788266,-441.8265817588621,51.809588858885036,19.76999046346562
2026-09-07 15:15:18.647905,-203.91109088038655,-441.1320768549601,51.9326631028307,19.818914636917665
2026-09-07 15:15:18.747355,-203.36780863099386,-440.4383892605129,52.010566338978606,19.831949596736695
2026-09-07 15:15:18.847734,-202.82004384925327,-439.7370157396805,52.066731310187606,19.87229688459125
2026-09-07 15:15:18.947410,-202.27569308086657,-439.0386033930031,50.61666913159934,19.922813267353416
2026-09-07 15:15:19.047841,-201.70814802334297,-438.3472527489394,50.62790794494322,19.91491514337402
2026-09-07 15:15:19.148146,-201.02750174705645,-437.5119037680316,50.59392957018463,20.54641151668301
2026-09-07 15:15:19.247875,-200.4460024171153,-436.8041277989742,50.59392957018463,20.540311470056867
2026-09-07 15:15:19.348466,-199.85965107628778,-436.0904461709932,50.65021316156344,20.605355058857644
2026-09-07 15:15:19.447809,-199.18837293402163,-435.26942469650004,50.681014320049144,20.68579880408636
2026-09-07 15:15:19.547496,-198.60425853228136,-434.55625862820807,50.63639209838948,20.677088121736904
2026-09-07 15:15:19.648137,-198.01424218659648,-433.83703006729183,50.625129784823,20.714902507404293
2026-09-07 15:15:19.747912,-197.42809269497738,-433.12280154614575,50.591633575442756,20.6721824854963
2026-09-07 15:15:19.843020,-196.87011564933655,-432.4437113717076,50.61291985277785,20.667196144788534
2026-09-07 15:15:19.944652,-196.16022960018003,-431.5769200658454,50.623531390907374,21.253695839637427
2026-09-07 15:15:20.044528,-195.5582051539407,-430.84338949692636,50.6458848021357,21.2196597704378
2026-09-07 15:15:20.145402,-194.9514273942173,-430.1034788467526,50.6458848021357,21.188809360659036
2026-09-07 15:15:20.244433,-194.35660170902622,-429.37814267149395,50.63480265693761,21.209577426715764
2026-09-07 15:15:20.346980,-193.739908192415,-428.6264372284192,50.66922947511375,21.22212225282193
2026-09-07 15:15:20.445974,-192.98134976295046,-427.72066849461976,50.65052253517024,21.265198452539085
2026-09-07 15:15:20.547052,-192.37210022902684,-426.97762108282575,50.61658888594138,21.258132669835078
2026-09-07 15:15:20.764680,-190.92982633019915,-425.2197976942481,50.61410890059233,21.905511643786557
2026-09-07 15:15:20.863336,-190.31679532913114,-424.473106734976,50.62514908110825,21.93137342349307
2026-09-07 15:15:20.964320,-189.68870517840676,-423.7077726111819,50.65905117289367,21.912842992770987
2026-09-07 15:15:21.062540,-189.07876263355467,-422.96365411485266,50.72499951036116,21.899969249649565
2026-09-07 15:15:21.163957,-188.45022110868896,-422.1950424508954,50.72499951036116,21.886676474184842
2026-09-07 15:15:21.264003,-187.83055283977384,-421.4372814431814,50.68021659194528,21.87006657560194
2026-09-07 15:15:21.364527,-187.20780197321832,-420.67696433471826,50.713964253702216,21.84547188049636
2026-09-07 15:15:21.463883,-186.70745776653874,-419.601528383763,51.62821535850526,21.891297725790754
2026-09-07 15:15:21.564096,-186.09866859193247,-418.832650089089,51.57214326912617,21.937707941109856
2026-09-07 15:15:21.664565,-185.48627459550133,-418.0607723853657,51.51592794029966,21.927173124594553
2026-09-07 15:15:21.763663,-184.88178105723054,-417.30038606238065,51.51592794029966,21.863960852622245
2026-09-07 15:15:21.865417,-184.26287539027055,-416.5218708681231,51.53870166978595,21.84173260892481
2026-09-07 15:15:21.966295,-183.65022819568185,-415.7505990083246,51.59514584601493,21.807355074895423
2026-09-07 15:15:22.064091,-183.05796898010036,-415.0034838854439,51.60608978752498,21.780864191808895
2026-09-07 15:15:22.162853,-182.46946451325306,-414.26064345176457,53.02084500221281,21.71726613434667
2026-09-07 15:15:22.262261,-181.8889325406031,-413.4896680731423,52.96522333375651,21.69555037624896
2026-09-07 15:15:22.362335,-181.3043431465595,-412.71487065007466,52.94282560782267,21.675438029618903
2026-09-07 15:15:22.462728,-180.570748272238,-411.6918364739597,52.98462892990574,21.726418393128757
2026-09-07 15:15:22.562628,-179.9866073823541,-410.91708786315013,52.951090755841506,21.727291322564604
2026-09-07 15:15:22.663954,-179.39364460977578,-410.13159566290034,52.97376869394793,21.74234295035518
2026-09-07 15:15:22.763369,-178.81176733196406,-409.3601535218035,53.0293942791086,21.68935276945694
2026-09-07 15:15:22.863608,-178.22725066743922,-408.5836451816633,53.07426358881639,21.706870602033444
2026-09-07 15:15:22.964001,-177.72720040075825,-407.91494294259934,53.07391582264427,21.36506165882232
2026-09-07 15:15:23.063815,-177.1544564451955,-407.1528424528993,53.062746055189564,21.3293023622549
2026-09-07 15:15:23.164128,-176.57966352857528,-406.3883259617033,53.02906922981856,21.298623523742123
2026-09-07 15:15:23.263762,-176.00913685205674,-405.63041174171167,53.01791960541232,21.223751483488456
2026-09-07 15:15:23.364110,-175.51200983807277,-404.9686154806811,53.02895637187248,20.85728224649382
2026-09-07 15:15:23.463536,-174.72291954234578,-403.99269615798954,52.85926553569152,20.910638956078074
2026-09-07 15:15:23.563958,-174.1561355274036,-403.2443797609544,52.90421676045844,20.885191726104246
2026-09-07 15:15:23.663452,-173.59585366851,-402.5034410117825,52.93761863323198,20.884322344309552
2026-09-07 15:15:23.763633,-173.03216158862494,-401.7570884376837,52.960040307012605,20.881696189840714
2026-09-07 15:15:23.863102,-172.47283612649287,-401.015914539243,52.94890914706593,20.89473363999898
2026-09-07 15:15:23.963272,-171.99950011727807,-400.3882678253392,52.89131727929271,20.366659542921376
2026-09-07 15:15:24.062949,-171.45196089062458,-399.66451918899656,52.857853970223005,20.316142653353328
2026-09-07 15:15:24.163278,-170.90178280674246,-398.93816453328503,52.8466265712741,20.31175926309463
2026-09-07 15:15:24.268596,-170.3242215887279,-398.17596854727714,52.90555505668999,20.318201167762
2026-09-07 15:15:24.367955,-169.86649049880157,-397.570391303919,52.88249199994971,19.821035015968263
2026-09-07 15:15:24.462359,-168.90705264671342,-396.76469431423544,51.92498638042707,19.884794551921615
2026-09-07 15:15:24.569594,-168.31919413208678,-396.01429684741703,51.93698660096743,19.941015926127502
2026-09-07 15:15:24.668660,-167.77472793531646,-395.31898945708167,51.981330848569996,19.92803129737504
2026-09-07 15:15:24.769576,-167.3134777007554,-394.7311630847959,51.97970339665153,19.312736015763097
2026-09-07 15:15:24.870148,-166.77865960228925,-394.0471267390485,51.99095798871531,19.3751309147095
2026-09-07 15:15:24.968928,-166.25180625935286,-393.37300452239873,51.99095798871531,19.390667485821705
2026-09-07 15:15:25.069568,-165.7146019847591,-392.68563802612766,51.97969578705488,19.41353177089687
2026-09-07 15:15:25.168932,-165.18344989393873,-392.0062907175061,52.00193460672381,19.423950721102667
2026-09-07 15:15:25.269344,-164.6466742787559,-391.3192014418001,52.02440798099269,19.425705527719526
2026-09-07 15:15:25.369229,-164.24029745005203,-390.79962739624625,52.045936549860926,18.67965875242941
2026-09-07 15:15:25.469340,-163.3684617139147,-389.97298381153087,51.39977268889561,18.70390598141687
2026-09-07 15:15:25.569502,-162.84596372394,-389.31846721008384,51.3549378461812,18.74591648383276
2026-09-07 15:15:25.669739,-162.32138649860346,-388.662399605503,51.36615494979742,18.776572079179374
2026-09-07 15:15:25.774993,-161.76978777289722,-387.97226032994314,51.35437641468707,18.790367772098353
2026-09-07 15:15:25.869146,-161.27587590832402,-387.3545570665102,51.36491268329701,18.767331837114906
2026-09-07 15:15:25.974596,-160.72350698848274,-386.6634848765871,51.47111690116071,18.627275158741604
2026-09-07 15:15:26.068482,-160.23651568214896,-386.0518859903358,51.52364884994313,18.63383819001397
2026-09-07 15:15:26.175204,-159.82311307506458,-385.5328532009761,51.51116030208141,17.94278998833201
2026-09-07 15:15:26.268788,-159.35593639137113,-384.9452967378766,51.5006877078813,17.919893267680614
2026-09-07 15:15:26.374863,-158.82695809060112,-384.28026348716634,51.52442852746026,17.86891449445842
2026-09-07 15:15:26.585225,-157.641381075209,-382.9269010949988,51.0902816791986,17.910790859670882
2026-09-07 15:15:26.684148,-157.14389171417739,-382.31056971170005,51.212052332253734,17.924621137722067
2026-09-07 15:15:26.785092,-156.73769424782134,-381.806718876742,51.2690790935776,17.313552131282485
2026-09-07 15:15:26.885313,-156.25236967319077,-381.2016043171649,51.25786378045632,17.37310206669095
2026-09-07 15:15:26.984454,-155.77739807278698,-380.6097037850499,51.26898572607388,17.455859798850906
2026-09-07 15:15:27.085035,-155.28632576035722,-379.9974248495478,51.41530851589778,17.447070998491874
2026-09-07 15:15:27.185179,-154.79919087331933,-379.38686701060453,51.47134199776883,17.460196921228096
2026-09-07 15:15:27.284891,-154.3143876886373,-378.77801121702026,51.348600114106375,17.597860217577416
2026-09-07 15:15:27.385302,-153.5093249861714,-377.6948418508175,51.37309366834779,17.95954599243348
2026-09-07 15:15:27.484492,-153.01219979899466,-377.07270331779307,51.2620942861231,17.993348284314518
2026-09-07 15:15:28.028391,-150.27451388107053,-373.66014194850965,50.65343965367538,18.249989066599102
2026-09-07 15:15:28.128543,-149.7564725723236,-373.02826747710947,50.54136373746769,18.29724616327949
2026-09-07 15:15:28.228833,-149.23513425276343,-372.39490246641503,50.4291333912297,18.34456837577725
2026-09-07 15:15:28.328719,-148.71331531560625,-371.7634782977533,50.31735514450156,18.391699959360377
2026-09-07 15:15:28.428803,-148.0597809232487,-370.74331081896673,50.738934114164294,18.62306192287337
2026-09-07 15:15:28.528933,-147.53222825828996,-370.09787306949454,50.62688281723604,18.670308638771278
2026-09-07 15:15:28.629107,-147.0018397768742,-369.4515495257889,50.51478228174892,18.717576116234145
2026-09-07 15:15:28.729261,-146.46894819936935,-368.8047604328311,50.40270412742575,18.76483415662203
2026-09-07 15:15:28.829304,-145.93403729900712,-368.1581020907994,50.290750188562015,18.81203982124376
2026-09-07 15:15:28.929824,-145.77039484922926,-367.969028239154,50.18137510597808,17.431692428231102
2026-09-07 15:15:29.029527,-145.27286635365917,-367.37227054976654,50.06980164689958,17.478737662578144
2026-09-07 15:15:29.129855,-144.76969630968946,-366.7711300637938,49.95752877644918,17.52607780551837
2026-09-07 15:15:29.229813,-144.26584830529922,-366.1715705307055,49.845669957532664,17.57324336257143
2026-09-07 15:15:29.330050,-143.75805826918537,-365.56970972002676,49.73349892137958,17.62054056682049
2026-09-07 15:15:29.430248,-143.17410203910902,-364.49758721370694,50.525744298593054,17.804898530878713
2026-09-07 15:15:29.530111,-142.66878471095052,-363.8840267915055,50.41399179020482,17.85201926182561
2026-09-07 15:15:29.630460,-142.15845958310095,-363.2668428710831,50.301695419533644,17.899369313694567
2026-09-07 15:15:29.730413,-141.88170230236148,-362.93489047848203,50.19383390760595,16.91386025841208
2026-09-07 15:15:29.830471,-141.39736107367958,-362.3536932764858,50.08186318286789,16.96107300084005
2026-09-07 15:15:29.930952,-140.90847171833283,-361.76936414333034,49.969419096514684,17.00848533740389
2026-09-07 15:15:31.908123,-132.51228256897582,-351.7305396213118,50.0333180515554,15.937428112763637
2026-09-07 15:15:32.108104,-131.59707478579065,-350.63854848775526,50.10045516454011,16.09120287285222
2026-09-07 15:15:32.206846,-131.14146268726216,-350.0936337350181,50.10045516454011,16.103282223972926
2026-09-07 15:15:32.307439,-130.6769613347143,-349.5380873821289,50.06668433827872,16.098887299511468
2026-09-07 15:15:32.407388,-129.90029226229063,-348.40494480007044,50.53613226580819,16.233252732308987
2026-09-07 15:15:32.507279,-129.4395517861244,-347.84530322091456,50.50259711320359,16.259438256115583
2026-09-07 15:15:32.606845,-128.9792426179243,-347.28685197521537,50.513739128013185,16.265528332646767
2026-09-07 15:15:32.708131,-128.5109167563626,-346.7184496305322,50.54774260647355,16.25756296950812
2026-09-07 15:15:32.806540,-128.05644405522406,-346.1661932231177,50.56976768602726,16.26702188083317
2026-09-07 15:15:32.908414,-127.58591548273223,-345.5939782170239,50.63816944667815,16.291946873563127
2026-09-07 15:15:33.007567,-127.12791900025853,-345.0356462439627,50.64926524438488,16.312740524578697
2026-09-07 15:15:33.107814,-126.6643877045298,-344.4703436940705,50.68291991240585,16.32587994757496
2026-09-07 15:15:33.208092,-126.20067209250549,-343.90413837998,50.694141604159086,16.328508644811226
2026-09-07 15:15:33.308329,-125.73718231837539,-343.3379826488545,50.694141604159086,16.356536617699557
2026-09-07 15:15:33.407923,-125.24281209496347,-342.28899191965354,51.961998445700374,16.575717908617793
2026-09-07 15:15:33.508627,-124.94610999854949,-341.9000085456427,51.961914724570306,15.848035230753085
2026-09-07 15:15:33.610612,-124.50089546425973,-341.3309400284729,51.93908929459576,15.885463456555028
2026-09-07 15:15:33.708576,-124.07200631530218,-340.7831882241378,51.93908929459576,15.9299761120221
2026-09-07 15:15:33.809118,-123.63059719349539,-340.21944665243484,51.92783805970612,15.909769709211389
2026-09-07 15:15:33.906155,-123.20500974607447,-339.676131418655,51.97127407967855,15.90722597186406
2026-09-07 15:15:34.120639,-122.26538106866167,-338.47470362272975,51.87526604863888,15.886610122331579
2026-09-07 15:15:34.209135,-121.8773641395451,-337.9802869948165,51.81584674429905,15.863411694897792
2026-09-07 15:15:34.309968,-121.43531722733461,-337.41822576328815,51.75942774687974,15.767373754710674
2026-09-07 15:15:34.409775,-120.91795725088673,-336.51938425381746,52.38381411271985,15.81792107930467
2026-09-07 15:15:34.509788,-120.48629439230777,-335.95918604852847,52.42858225956661,15.77247740396242
2026-09-07 15:15:34.614972,-120.03407656051267,-335.37136285698233,52.381499452752905,15.878174041847174
2026-09-07 15:15:34.709324,-119.62527432695154,-334.8408767644048,52.29703114980475,15.917747681789908
2026-09-07 15:15:34.809419,-119.1896770418018,-334.2773400873795,52.26342751083757,15.893257947929403
2026-09-07 15:15:34.914254,-118.6824936887198,-333.6230188741074,52.24034637673503,16.10113897084602
2026-09-07 15:15:35.013992,-118.24288758905806,-333.0554573011286,52.24034637673503,16.08458020722867
2026-09-07 15:15:35.114182,-117.80174339955312,-332.48590994885456,52.27398190886015,16.060067230202005
2026-09-07 15:15:35.214552,-117.36081468952358,-331.91594996207164,52.25151793468285,16.050419830780253
2026-09-07 15:15:35.315141,-116.91896556881332,-331.34526268249783,52.24026144021991,16.05833038024171
2026-09-07 15:15:35.415573,-116.29528977203954,-330.67162675968825,51.914325521795035,16.099224908117733
2026-09-07 15:15:35.516444,-115.847484117256,-330.10022487035184,51.90303746989048,16.072782486158847
2026-09-07 15:15:35.615614,-115.40784248106479,-329.53946788716667,51.936330570208156,16.046785965992868
2026-09-07 15:15:35.714985,-114.96834834586747,-328.97822769624605,51.936330570208156,16.02681490460854
2026-09-07 15:15:35.815417,-114.52471447523945,-328.41170100496646,51.9138527197083,15.955731081013335
2026-09-07 15:15:35.916134,-114.0815730585826,-327.84626031360216,51.90258190130044,15.902926976514856
2026-09-07 15:15:36.015470,-113.64584495484706,-327.29050408914617,51.86923307188408,15.79355882713225
2026-09-07 15:15:36.115782,-113.20853743067195,-326.73340148401445,51.81310558912446,15.753238469893523
2026-09-07 15:15:36.222648,-112.74326759639354,-326.1418706245833,51.70547524349786,15.567412554567156
2026-09-07 15:15:36.315445,-112.28780378111428,-325.5644696936184,51.69554578182215,15.405122342547427
2026-09-07 15:15:36.416087,-111.61288305590492,-325.01195172554253,50.93886726221535,15.156106442636203
2026-09-07 15:15:36.521783,-111.16095691336764,-324.45505981270037,50.856081981004536,14.896161040884744
2026-09-07 15:15:36.615384,-110.7674823087367,-323.97164697691704,50.84560748440708,14.610717930019385
2026-09-07 15:15:36.721650,-110.3306255624987,-323.4351827621128,50.85748191120183,14.311536202064085
2026-09-07 15:15:36.815118,-109.95314201606422,-322.9713929860882,50.836562684953606,14.028132137271227
2026-09-07 15:15:36.921667,-109.53587746366522,-322.45922887883717,50.824595691077775,13.74804209413073
2026-09-07 15:15:37.019684,-109.15534021933071,-321.99223496428397,50.87943905455904,13.509941843733673
2026-09-07 15:15:37.120164,-108.78641844493544,-321.53884583218195,50.90183459576292,13.16403426004088
2026-09-07 15:15:37.219924,-108.41618053227242,-321.08323837680325,50.87950714668477,12.960055029994352
2026-09-07 15:15:37.320224,-108.06638448694888,-320.6533326970557,50.82330795043708,12.617415210037093
2026-09-07 15:15:37.421279,-107.41418253439332,-320.14118454699354,50.09975504448266,12.451307330373316
2026-09-07 15:15:37.520091,-107.06137666016353,-319.7192371215138,50.088697406661595,12.458214710026144
2026-09-07 15:15:37.620599,-106.70223331027229,-319.2898786398722,50.11119226684605,12.481927248333678
2026-09-07 15:15:37.719966,-106.3843068565703,-318.91038333213857,50.09982401509478,12.209993661401661
2026-09-07 15:15:37.820432,-106.03254796045177,-318.4896870384519,50.09982401509478,12.228429039807397
2026-09-07 15:15:37.920168,-105.7316993478433,-318.1306569654391,50.133096133615254,11.812175321646794
2026-09-07 15:15:38.012468,-105.41927827223542,-317.75656664687517,50.15375394786861,11.857340463468555
2026-09-07 15:15:38.118506,-105.05913940408482,-317.32502330143876,50.15375394786861,11.874018606084428
2026-09-07 15:15:38.212121,-104.7407457932924,-316.943502015851,50.143277884588315,11.890378824129794
2026-09-07 15:15:38.319984,-104.45443885871384,-316.6010787421665,50.15519315631536,11.33478991097296
2026-09-07 15:15:38.416787,-103.94693657024844,-316.02823737781364,50.06503277174306,11.371235026987142
2026-09-07 15:15:38.518076,-103.6799097609846,-315.71018231995424,50.064413065903864,10.798384368023212
2026-09-07 15:15:38.617508,-103.37179230128635,-315.34214274125924,50.07554008533589,10.828793769307214
2026-09-07 15:15:38.719064,-103.05628002822375,-314.9651214878298,50.03008125577071,10.827018970072247
2026-09-07 15:15:38.818259,-102.74786134286154,-314.59717026273813,50.05228225127394,10.816617740596136
2026-09-07 15:15:39.029677,-102.19449960879396,-313.9370229767893,50.0046225265869,10.110760549897249
2026-09-07 15:15:39.129244,-101.90525094058133,-313.59225335206145,49.99348039987126,10.100320313844547
2026-09-07 15:15:39.228770,-101.61635298740265,-313.24803773006613,49.982342861292636,10.100320313844547
2026-09-07 15:15:39.328630,-101.32641838954555,-312.90272330536646,49.99351777641459,10.109918692904586
2026-09-07 15:15:39.428469,-100.92848400653041,-312.382589556917,50.131608419294935,10.137696642454065
2026-09-07 15:15:39.528650,-100.7288027440491,-312.1437110680945,50.08685870732734,9.412317595956596
2026-09-07 15:15:39.742992,-100.21922973978909,-311.5347475004203,49.990962692516405,8.82358221419182
2026-09-07 15:15:39.838792,-100.03557655319212,-311.31628683902704,49.98027666838243,8.379744875258783
2026-09-07 15:15:39.938564,-99.79523356248909,-311.03005737580537,49.96911160097261,8.36230865590481
2026-09-07 15:15:40.038537,-99.55485171320815,-310.74389488775654,49.98029916145242,8.339595905787371
2026-09-07 15:15:40.138663,-99.31481169148087,-310.45802600869877,49.98029916145242,8.336971193093875
2026-09-07 15:15:40.239871,-99.16130652420323,-310.2754499862786,49.901041779474326,7.682550494757475
2026-09-07 15:15:40.338875,-98.94229629317873,-310.015357377657,49.867804408255324,7.629779385069304
2026-09-07 15:15:40.439460,-98.73606455580862,-309.5782772331383,50.46701963628402,7.085440180236403
2026-09-07 15:15:40.538565,-98.53625217620545,-309.33616950777235,50.46701963628402,7.073316422435087
2026-09-07 15:15:40.639204,-98.39345070969752,-309.16248142129444,50.47846851369286,6.527544467565521
2026-09-07 15:15:40.739968,-98.20633508374814,-308.9356657330939,50.47846851369286,6.556600277727922
2026-09-07 15:15:40.839269,-98.08507236197121,-308.788207814102,50.500819384140414,5.991471272014146
2026-09-07 15:15:40.939177,-97.91486312619645,-308.58172148374484,50.5231799573412,6.018534251557363
2026-09-07 15:15:41.038416,-97.7451103853021,-308.37562511836956,50.5231799573412,6.029807248311009
2026-09-07 15:15:41.139529,-97.57182812472085,-308.16524357223574,50.511864824227814,6.043060178348031
2026-09-07 15:15:41.239896,-97.49783827277791,-308.0750999475728,50.51194508138542,5.289204406651082
2026-09-07 15:15:41.339842,-97.34755770793247,-307.89271758804324,50.534314159429414,5.263004465091043
2026-09-07 15:15:41.440300,-97.20884871764983,-307.5167743590126,51.22654074480852,4.687798499692116
2026-09-07 15:15:41.539773,-97.07830281727601,-307.3542538994576,51.215409137239476,4.711266853684489
2026-09-07 15:15:41.640328,-96.94564419517194,-307.1891689522791,51.20415644757486,4.7244466463903985
2026-09-07 15:15:41.741224,-96.81213071178031,-307.0230869987731,51.27190154487653,4.972185383416168
2026-09-07 15:15:41.838528,-96.67681796738674,-306.85435872791044,51.40256815104294,5.221307316017278
2026-09-07 15:15:41.940864,-96.52780280015008,-306.6676734906928,51.494184102484724,5.493148761972897
2026-09-07 15:15:42.040254,-96.37584765222614,-306.47667948547036,51.505306421870046,5.738058159062642
2026-09-07 15:15:42.138085,-96.21964556983986,-306.2802692193541,51.4724628472286,5.761993971573827
2026-09-07 15:15:42.238106,-96.05916508749063,-306.07871651269164,51.427691119395604,5.7899615471822745
2026-09-07 15:15:42.338365,-95.89736336008346,-305.8758299587829,51.39403242276603,5.819747804424356
2026-09-07 15:15:42.438801,-95.88695563202636,-305.7098486214617,51.96501841369718,4.998698390955449
2026-09-07 15:15:42.538256,-95.75002169694112,-305.53480157364055,52.031795973283806,5.110804681430016
2026-09-07 15:15:42.760623,-95.4782136415389,-305.18538885870225,52.082668526903944,5.283972285164918
2026-09-07 15:15:42.851419,-95.33787281637352,-305.00544655111094,52.07230768122281,5.502387299739733
2026-09-07 15:15:42.957871,-95.17692284002507,-304.798903226892,52.08422027950655,5.699585676842453
2026-09-07 15:15:43.059403,-94.99212100254906,-304.5621293788676,52.16332827651604,5.8752592744790055
2026-09-07 15:15:43.151746,-94.8433459417977,-304.37058300074835,52.24599802913508,5.857507559727528
2026-09-07 15:15:43.259700,-94.62647741542861,-304.0913520862705,52.29382112009989,6.202902396197768
2026-09-07 15:15:43.357022,-94.46142244269049,-303.87784349716725,52.30471201825276,6.239469716096434
2026-09-07 15:15:43.458098,-94.26047744001612,-303.52047134301,52.66586306702811,6.674379158821593
2026-09-07 15:15:43.658280,-93.8454809543093,-302.9778083479843,52.86574423858292,7.110503332034891
2026-09-07 15:15:43.757901,-93.65431620104415,-302.72535709935613,53.0218186134116,7.114855789658929
2026-09-07 15:15:43.858070,-93.40649970380562,-302.3978329031321,53.07674220604713,7.700365707264859
2026-09-07 15:15:43.957538,-93.2008011999321,-302.124099707967,53.09900430212838,7.710795562535081
2026-09-07 15:15:44.168614,-92.69687466391612,-301.4540764410137,53.240051840259184,8.363042395453009
2026-09-07 15:15:44.267763,-92.42250589109531,-301.08778094121516,53.18415056248523,8.918571877280474
2026-09-07 15:15:44.367765,-92.18358459478054,-300.76859237129474,53.25129539697082,8.929931546577405
2026-09-07 15:15:44.467102,-91.933512428772,-300.3950163868742,53.42938504559788,9.514972035553466
2026-09-07 15:15:44.567635,-91.67872818859365,-300.0515812787999,53.37313390690724,9.509701271891377
2026-09-07 15:15:44.667258,-91.37129550922758,-299.6390683695752,53.304456563229905,10.091529784942688
2026-09-07 15:15:44.767056,-91.1022605179522,-299.27807164201226,53.304456563229905,10.08280940337728
2026-09-07 15:15:44.867240,-90.773273791971,-298.83721269780466,53.28088224936437,10.694645617981482
2026-09-07 15:15:44.967277,-90.48731948021226,-298.4538425863926,53.31446641671937,10.68590435251866
2026-09-07 15:15:45.067698,-90.13952577872313,-297.9874205413037,53.33621147886333,11.311333501674163
2026-09-07 15:15:45.166985,-89.83973866568732,-297.5846943317873,53.35843306503739,11.292246895190402
2026-09-07 15:15:45.274276,-89.45359965393726,-297.06592224555436,53.34596463426897,11.928016726645597
2026-09-07 15:15:45.367073,-89.15820025331867,-296.66894931255285,53.242119391074084,11.91342118919369
2026-09-07 15:15:45.474878,-88.74769468815457,-296.20340547446335,52.90890618874619,12.544368814643292
2026-09-07 15:15:45.567143,-88.4356548867173,-295.7906815670227,52.86760622705333,12.534694239940805
2026-09-07 15:15:45.673780,-88.01647133434031,-295.23672838627886,52.86701351180818,13.160627352825088
2026-09-07 15:15:45.773909,-87.66085611051324,-294.7670830240776,52.78857838730073,13.16937665727771
2026-09-07 15:15:45.983603,-86.81516654243424,-293.6529023197619,52.928891745979854,14.055323274098576
2026-09-07 15:15:46.083448,-86.35971017839027,-293.05016536589665,52.962113292029244,14.71113513753142
2026-09-07 15:15:46.183107,-85.96493216877805,-292.52699738151034,53.02902782433921,14.67543137115984
2026-09-07 15:15:46.282737,-85.49460718331292,-291.90255043936634,53.162631020933986,15.399668995832132
2026-09-07 15:15:46.824275,-83.53673553303955,-289.3446539777673,53.70488602622572,16.514534514913418
2026-09-07 15:15:46.924081,-83.03756251699556,-288.6664957603001,53.82801777139139,17.25714118889575
2026-09-07 15:15:47.024232,-82.58154889097597,-288.04279244154895,53.95130004825478,17.23526312184638
2026-09-07 15:15:47.124313,-82.05879115072426,-287.32608031593566,54.07466983982522,17.964987170963877
2026-09-07 15:15:47.224232,-81.58796565078576,-286.6762654085506,54.1976665330385,17.94315978450237
2026-09-07 15:15:47.324607,-81.1169668147006,-286.0232654729514,54.32122454583987,17.921232784471613
2026-09-07 15:15:47.424787,-80.34376510325924,-285.2696084696198,53.67543939392817,17.929165815974603
2026-09-07 15:15:47.524810,-79.78789361184421,-284.5135943560274,53.79787061675415,18.76632319676948
2026-09-07 15:15:47.624993,-79.29148504123256,-283.8353909431867,53.92119228446609,18.7444381392942
2026-09-07 15:15:47.724740,-78.7992660833929,-283.15986556551115,54.043977251869364,18.722648326371974
2026-09-07 15:15:47.825156,-78.30577865778913,-282.47954089801453,54.16758573419611,18.700712369858017
2026-09-07 15:15:47.925288,-77.71449468449636,-281.6622230709839,54.29049857998143,19.505676600771398
2026-09-07 15:15:48.025635,-77.20377389353686,-280.9517285426103,54.414022125791234,19.483755717363312
2026-09-07 15:15:48.125732,-76.69642541607863,-280.2427051518366,54.53723793059726,19.461889446657672
2026-09-07 15:15:48.225174,-76.19447676855174,-279.5380308012032,54.659647453974685,19.440166261232427
2026-09-07 15:15:48.325797,-75.68865660506697,-278.82470115422234,54.78351074585407,19.41818508540085
2026-09-07 15:15:48.426003,-74.68320590095686,-278.1153353599697,53.350560619861426,19.460712642630664
2026-09-07 15:15:48.525988,-74.05568362124681,-277.2685425826427,53.473630821261395,20.286672083602628
2026-09-07 15:15:48.626439,-73.51347172598223,-276.5364901130676,53.59728238732896,20.26472848131033
2026-09-07 15:15:50.605153,-61.750554416439705,-262.368468717984,52.00866102748114,22.211829025933067
2026-09-07 15:15:50.705057,-61.139933718233166,-261.5866662979042,51.97512151054798,22.244128708288113
2026-09-07 15:15:50.804530,-60.53060697962588,-260.8074612695354,51.930595080271814,22.230221535551895
2026-09-07 15:15:50.904473,-59.91817614620935,-260.0255397448972,51.885858267052754,22.219741873497043
2026-09-07 15:15:51.003036,-59.313884771125494,-259.2552500099841,51.85276894723029,22.172373305737448
2026-09-07 15:15:51.103160,-58.70088068879986,-258.4747827645217,51.86397340548865,22.15312579712524
2026-09-07 15:15:51.204972,-58.07823809805139,-257.6817247062868,51.82979333964795,22.16735998198566
2026-09-07 15:15:51.303600,-57.474221559911626,-256.91333477183747,51.82979333964795,22.153570947447363
2026-09-07 15:15:51.404462,-56.08462487325777,-255.5135184816124,51.05578946874266,22.486134976757594
2026-09-07 15:15:51.504267,-55.45401237938464,-254.73322462192232,51.089295749647135,22.45473940113796
2026-09-07 15:15:51.604785,-54.8202406354605,-253.94808288065298,51.17928414285052,22.471427662395342
2026-09-07 15:15:51.704087,-54.19489042157252,-253.17087967851077,51.2570714445701,22.484443223782467
2026-09-07 15:15:51.805199,-53.55884860760943,-252.3781876038739,51.37022165664166,22.476491544402545
2026-09-07 15:15:51.905103,-52.86581875769578,-251.5098308433546,51.42437218429404,22.85145985514662
2026-09-07 15:15:52.004307,-52.233903585808484,-250.7175534076196,51.45767669900488,22.883533222462745
2026-09-07 15:15:52.105075,-51.59159360195581,-249.91128229402415,51.547888903847706,22.966301542970978
2026-09-07 15:15:52.205514,-50.95033580360188,-249.10372622313906,51.604087446801714,22.991753080794773
2026-09-07 15:15:52.305275,-50.31348880001522,-248.3001075112375,51.615251283248654,23.05713169449545
2026-09-07 15:15:52.404489,-49.24694333034485,-246.9485325876877,51.6371266487713,23.228791933512827
2026-09-07 15:15:52.503277,-48.61026972590101,-246.14418026368645,51.54868703210741,23.241740124670216
2026-09-07 15:15:52.603308,-47.9639686939267,-245.33024980914468,51.45913462397584,23.23999197643404
2026-09-07 15:15:52.703173,-47.317519555275865,-244.51874057761563,51.29150250421662,23.234756234805776
2026-09-07 15:15:52.803641,-46.66492830618735,-243.7044210787767,51.19031591948078,23.200518421914314
2026-09-07 15:15:52.903308,-46.01707038584139,-242.8989271627792,51.13454933298999,23.11168728753596
2026-09-07 15:15:53.003551,-45.36717801774238,-242.0925121984935,51.13454933298999,23.04862057370722
2026-09-07 15:15:53.104595,-44.61063097666523,-241.15284318939044,51.22245447271962,23.380457479672813
2026-09-07 15:15:53.204653,-43.95564430060426,-240.33754996896394,51.32322812498205,23.495866405607853
2026-09-07 15:15:53.304846,-43.29798045006754,-239.51596892896606,51.46898646185218,23.54226735861262
2026-09-07 15:15:53.504632,-41.85350637949756,-237.69960338445551,51.92710307654124,23.67518645992119
2026-09-07 15:15:53.604812,-41.199669967260284,-236.86492205539147,52.30826772598448,23.685690972940158
2026-09-07 15:15:53.703856,-40.55846750042782,-236.03505554505685,52.463438125605535,23.710789013663582
2026-09-07 15:15:53.803888,-39.91245726331091,-235.19427006312267,52.39627314807149,23.80169363070009
2026-09-07 15:15:53.904261,-39.260767344265,-234.34814731210258,52.18285901474155,23.80958719342658
2026-09-07 15:15:54.003983,-38.60996171907211,-233.50965184873613,51.91503168390045,23.78867421584068
2026-09-07 15:15:54.103986,-37.95397549839129,-232.67258943713722,51.85907709563253,23.653230650597635
2026-09-07 15:15:54.203962,-37.30108803021664,-231.84115485837006,51.814325510846174,23.581595981440515
2026-09-07 15:15:54.304124,-36.64831843075071,-231.01120575520568,51.79190808948806,23.476569725400786
2026-09-07 15:15:54.404026,-35.60804734976018,-229.7294914744176,51.71791981498063,23.75442584436485
2026-09-07 15:15:54.504072,-34.89533548964932,-228.82641861096894,51.71762812822635,24.066652269246866
2026-09-07 15:15:54.609130,-34.19507627700659,-227.93917555946012,51.69411492508516,24.11163427938578
2026-09-07 15:15:54.703724,-33.56305750247317,-227.13906996410765,51.704700544161824,24.089317012614348
2026-09-07 15:15:54.808716,-32.86237892321689,-226.25170733584292,51.669452896801886,24.115922294020933
2026-09-07 15:15:54.909016,-32.191751827944515,-225.4034763183017,51.77047027994013,24.064213239741676
2026-09-07 15:15:55.009238,-31.524575264609695,-224.55654468847155,51.83776283010957,24.042319662684815
2026-09-07 15:15:55.109093,-30.86143720385937,-223.71270270602687,51.90480896366353,24.08507393767978
2026-09-07 15:15:55.210040,-30.19085548730395,-222.85733029626692,51.92740207715724,24.088602250302813
2026-09-07 15:15:55.309838,-29.528142910394042,-222.01130864547704,51.893898146276115,24.133076196286396
2026-09-07 15:15:55.410061,-28.53449280256484,-220.82437668849977,51.7385328400087,24.29187298991455
2026-09-07 15:15:55.509820,-27.86364150061634,-219.97375608492132,51.61573310103813,24.21516362106612
2026-09-07 15:15:55.610976,-27.183702624498537,-219.11540263950695,51.525173540530886,24.2240026651114
2026-09-07 15:15:55.825897,-25.735662094317494,-217.29332355408854,51.573275361737615,24.124469372159425
2026-09-07 15:15:55.922900,-24.952790269435866,-216.30574852979848,51.638688490060304,24.643847070478103
2026-09-07 15:15:56.022632,-24.27090060995957,-215.44422348351864,51.727973219472915,24.60463130538997
2026-09-07 15:15:56.122961,-23.587369960192902,-214.5778542575085,51.79533761317725,24.638821749407843
2026-09-07 15:15:56.223776,-22.900599262267967,-213.70527049109413,51.75021047246082,24.61063215787241
2026-09-07 15:15:56.323767,-22.219540474203395,-212.84134500948107,51.76140004724584,24.593157665936566
2026-09-07 15:15:56.423567,-21.247814636093786,-211.77804739640214,51.40611931516105,24.648742238703992
2026-09-07 15:15:56.523699,-20.55954801030088,-210.91568180249197,51.45094072917891,24.621618582263853
2026-09-07 15:15:56.623776,-19.87309009988503,-210.05420104988886,51.41734313312554,24.62686543866932
2026-09-07 15:15:56.723587,-19.187807058058244,-209.1952286742403,51.40617370138898,24.648669232443368
2026-09-07 15:15:56.823990,-18.497680553388463,-208.3305310564005,51.383702341427124,24.664461076433838
2026-09-07 15:15:56.923544,-17.69513483188411,-207.3247538615185,51.46175676405619,25.19894309189499
2026-09-07 15:15:57.023524,-16.99342818943481,-206.44379531183205,51.46175676405619,25.253981686036454
2026-09-07 15:15:57.119400,-16.3190556189973,-205.59715335968056,51.49394401106838,25.20287786283271
2026-09-07 15:15:57.220584,-15.609288897917573,-204.70504786175033,51.459974775789306,25.218792546082533
2026-09-07 15:15:57.320086,-14.910359696289467,-203.82763225168253,51.482244481465386,25.210098029093004
2026-09-07 15:15:57.419901,-13.970910535844943,-202.74643605206933,51.30678855583028,25.23991441502257
2026-09-07 15:15:57.519835,-13.266003416120592,-201.86635446498428,51.31797175198335,25.151718535599027
2026-09-07 15:15:57.621938,-12.548488288911729,-200.9701732543689,51.329397671855986,25.103540852254135
2026-09-07 15:15:57.721434,-11.87330308654823,-200.12664717874168,51.27379790240229,24.978892587411572
2026-09-07 15:15:57.822452,-11.16761186007855,-199.2466255969053,51.20597089003968,24.887091937581577
2026-09-07 15:15:57.922141,-10.472740340162211,-198.38219527139051,51.20597089003968,24.81479182356773
2026-09-07 15:15:58.022350,-9.776273434405205,-197.51578026257525,51.29568265205853,24.759627165832967
2026-09-07 15:15:58.122371,-9.084010432700886,-196.65182821164512,51.22852506030722,24.867127534577936
2026-09-07 15:15:58.223882,-8.377352744095836,-195.77202670967006,51.114928344017244,24.898172758788856
2026-09-07 15:15:58.323436,-7.681741812398132,-194.90948687573174,51.08150632819343,24.864246421799994
2026-09-07 15:15:58.423026,-6.795274609498366,-193.7866783083856,51.140940829282044,24.879653880824655
2026-09-07 15:15:58.522916,-6.0982277825278945,-192.92155451527088,51.08504946780158,24.877908196713616
2026-09-07 15:15:58.622922,-5.399575949283419,-192.05616796028278,51.09624072117185,24.85256638236255
2026-09-07 15:15:58.723090,-4.700674346278,-191.1901259859291,51.02898442848891,24.810553363393332
2026-09-07 15:15:58.823216,-4.002232807373356,-190.32672982693043,50.984165700210724,24.765058343372754
2026-09-07 15:15:58.923234,-3.3666956516596174,-189.54288022232683,50.98442388152762,24.349851757863334
2026-09-07 15:15:59.022823,-2.6842443932542177,-188.70059139815473,50.90641176101599,24.303730526751462
2026-09-07 15:15:59.122999,-1.9979200953593426,-187.8558764170203,50.94004259309804,24.21006902554352
2026-09-07 15:15:59.223063,-1.315498599438094,-187.01495686506897,50.95124033700631,24.15498418973464
2026-09-07 15:15:59.322829,-0.701836602637843,-186.25884850882366,51.00723394556371,23.872795903926413
2026-09-07 15:15:59.422555,0.15063227179962668,-185.07205450216944,51.28088182891406,23.954789277689947
2026-09-07 15:15:59.522794,0.7593315238891136,-184.31234176656707,51.30391642998438,23.558685284994613
2026-09-07 15:15:59.622821,1.4179383405340635,-183.49015091113392,51.32630363677163,23.538582384177577
2026-09-07 15:15:59.722233,2.0716182197477044,-182.67345696105997,51.32630363677163,23.476038484302844
2026-09-07 15:15:59.822548,2.729483084989335,-181.8515343770952,51.35998113357891,23.463766704232828
2026-09-07 15:15:59.923281,3.3113684300914565,-181.12314354450962,51.34909017245991,23.00403334105551
2026-09-07 15:16:00.022592,3.9492373859760943,-180.32555344523996,51.3602036512857,23.039612433180935
2026-09-07 15:16:00.129524,4.555914947496093,-179.5662564937725,51.38441900084581,22.510856769719336
2026-09-07 15:16:00.222668,5.140896241452968,-178.8338716523799,51.38441900084581,22.502717816829215
2026-09-07 15:16:00.329885,5.7378825952106265,-178.08611702888854,51.39660529427056,21.992446199699305
2026-09-07 15:16:00.427392,6.571505759066835,-176.990236221908,51.531409403363796,22.05324379580801
2026-09-07 15:16:00.529407,7.197157977736337,-176.20279791704473,51.531409403363796,22.0443296920645
2026-09-07 15:16:00.628750,7.806176701745511,-175.43629432710526,51.520292343549954,22.071239624970392
2026-09-07 15:16:00.729144,8.339300022041437,-174.76508619231217,51.48680083785439,21.37456475258084
2026-09-07 15:16:00.829000,8.933445976677044,-174.01849545197308,51.48680083785439,21.333555139347126
2026-09-07 15:16:00.929022,9.454519656244573,-173.36350495019633,51.475731717855524,20.80294604447187
2026-09-07 15:16:01.028277,10.029435589285502,-172.64136460950928,51.5312677783586,20.79860957744711
2026-09-07 15:16:01.129396,10.549797382289162,-171.9862024742738,51.45213048518053,20.17372835613302
2026-09-07 15:16:01.229273,11.111108153980929,-171.28174700554197,51.44095366766123,19.953800783935904
2026-09-07 15:16:01.329654,11.613173315947348,-170.65191034747264,51.3960631411901,19.401524762576983
2026-09-07 15:16:01.429512,12.332769218294827,-169.59142382645246,51.68172113770197,19.453302232174497
2026-09-07 15:16:01.530674,12.82835040761118,-168.96385006062852,51.70429316519767,18.920314851444513
2026-09-07 15:16:01.629856,13.348230606461156,-168.3054661319643,51.737590294125766,19.015646959589194
2026-09-07 15:16:01.730762,13.817732852497942,-167.70971077971,51.737538591287375,18.47452292060129
2026-09-07 15:16:01.829888,14.32470435467511,-167.0669080991306,51.804095248788144,18.479719917793936
2026-09-07 15:16:01.929722,14.770364738897479,-166.50004204273145,51.82640580378211,17.884829273112633
2026-09-07 15:16:02.029864,15.265208787681711,-165.8706107351113,51.88243816659269,17.906705374104714
2026-09-07 15:16:02.130002,15.694304186499515,-165.32324785225546,51.893622736308316,17.28390730071376
2026-09-07 15:16:02.229527,16.168865745330972,-164.7181557758508,51.87134788296498,17.257817720502818
2026-09-07 15:16:02.330670,16.581142433135202,-164.1926259116142,51.837378062144126,16.629795896390224
2026-09-07 15:16:02.430207,17.32212768102283,-163.2747246025131,51.76624014177651,16.648848173339303
2026-09-07 15:16:02.530658,17.726972722884426,-162.76075020855214,51.81123579677296,16.048434335894974
2026-09-07 15:16:02.630567,18.17012276469302,-162.1973796613479,51.82241619528031,16.048434335894974
2026-09-07 15:16:02.730462,18.551645519589695,-161.71197858655978,51.82243589567224,15.420256852003986
2026-09-07 15:16:02.831008,18.980057858397096,-161.16712473160956,51.85619094321373,15.381599586994144
2026-09-07 15:16:02.930197,19.33903142537141,-160.70984096291434,51.9228020825758,14.778960852324326
2026-09-07 15:16:03.030932,19.749481720032197,-160.1859450462762,52.001711911569146,14.771038821088307
2026-09-07 15:16:03.131049,20.09360743443052,-159.7450399346007,52.0465342514417,14.054154339495698
2026-09-07 15:16:03.233149,20.488125577323817,-159.23923351567433,52.46928086524349,13.878400177396108
2026-09-07 15:16:03.429349,21.26389440224541,-157.90183563202783,54.53664640828538,13.462629651855545
2026-09-07 15:16:03.528981,21.61178242621768,-157.4134541755038,54.91572602850101,13.66112363449692
2026-09-07 15:16:03.629601,21.964981271458548,-156.91060973197582,55.00580573685329,14.040947028376664
2026-09-07 15:16:03.729029,22.215021658138784,-156.54533840590133,54.828065127201626,13.297373715040546
2026-09-07 15:16:03.829020,22.557410631886857,-156.05946600460626,54.078363616688875,13.860052355374744
2026-09-07 15:16:03.929257,22.79718546870124,-155.72710280344504,53.00173180549427,13.07440322452846
2026-09-07 15:16:04.151477,23.5788078864105,-154.68978958893604,53.44935060670832,12.654981864023807
2026-09-07 15:16:04.249420,23.86900785564128,-154.29850026593255,53.99740497660605,12.29965721826306
2026-09-07 15:16:04.342489,24.169816420392415,-153.8845122274862,54.51815311171413,12.354957533950694
2026-09-07 15:16:04.448416,24.03624005305417,-152.6088569595081,58.598296033680526,12.565817834872407
2026-09-07 15:16:04.542736,24.312302826634088,-152.1566237782418,59.083824050259864,12.649883298812995
2026-09-07 15:16:04.650075,24.62417066304954,-151.63586429986594,59.73246442246091,12.743676464693005
2026-09-07 15:16:04.747760,24.9046704716599,-151.1552214230914,60.08227306131994,12.884516289219333
2026-09-07 15:16:04.847907,25.19237090634783,-150.65525305414224,60.115894157594084,13.095412432112026
2026-09-07 15:16:04.946973,25.48132915311509,-150.15241652311673,60.01611960048649,13.091949864444704
2026-09-07 15:16:05.048244,25.77753533784289,-149.63903886041604,60.14078055704522,12.999034390228191
2026-09-07 15:16:05.148814,26.06850144564585,-149.13219883729403,60.37712229036151,12.998155606310645
2026-09-07 15:16:05.248687,26.35535297211453,-148.62771795956283,60.48888598933263,13.053135297375762
2026-09-07 15:16:05.348185,26.641351148290944,-148.12244660439438,60.611364446696825,12.861863613074581
2026-09-07 15:16:05.548593,25.6444753952786,-146.28670462042737,69.4234782367439,12.43765889930802
2026-09-07 15:16:05.649199,25.841074891528738,-145.7630086520354,70.11024044536862,12.351507247610185
2026-09-07 15:16:05.858916,26.235032010139214,-144.67410608545637,70.83776557965939,12.270876634298176
2026-09-07 15:16:05.958162,26.413735042386083,-144.15984971763987,71.18205793305606,12.046268010768962
2026-09-07 15:16:06.058738,26.588440563949657,-143.64718191453602,71.39590368713107,11.90126001372172
2026-09-07 15:16:06.158034,26.75697886626735,-143.14649889752107,71.562580690721,11.70343543426574
2026-09-07 15:16:06.376909,27.29877353136774,-141.6438313903752,71.33909301891254,12.134321412659505
2026-09-07 15:16:06.469626,24.792880262901186,-140.32057076974164,84.00057361929248,11.707760883698858
2026-09-07 15:16:06.569802,24.847679827815835,-139.7991375202452,84.40414360426439,11.418022968747177
2026-09-07 15:16:06.668670,24.896889029820258,-139.29688925160278,84.75818854982208,11.049996547733397
2026-09-07 15:16:06.769038,24.942184686561514,-138.80316578833197,85.00528734192994,10.710590258587013
2026-09-07 15:16:06.868520,25.124332806669447,-137.8308461656464,85.08769717184441,12.07468834690948
2026-09-07 15:16:06.968752,25.170662457067646,-137.29179426588118,85.14377989227614,11.832083308769718
2026-09-07 15:16:07.068716,25.215424186476604,-136.7649413046014,85.31157819217697,11.468712022083963
2026-09-07 15:16:07.168540,25.257256826442564,-136.2548588542271,85.45679971683239,11.234072644175946
2026-09-07 15:16:07.269676,25.29748899436193,-135.7485417051412,85.51338825156745,11.026396177864207
2026-09-07 15:16:07.369760,25.33608092975224,-135.25671539969417,85.5245882335912,10.724680832201626
2026-09-07 15:16:07.468706,21.540293465236463,-134.55281300358712,103.70983888944647,10.173164755868523
2026-09-07 15:16:07.569938,21.431180150974818,-134.10554600461546,103.93640788755874,10.037825776135167
2026-09-07 15:16:07.669357,21.379913730530095,-132.98529191892197,104.04421782850659,12.356117001221108
2026-09-07 15:16:07.869825,21.111199478991008,-131.91107034779222,104.11151843589505,11.965488820577319
2026-09-07 15:16:07.969885,20.980705998227872,-131.39199570107715,104.17870221360681,11.820350452086803
2026-09-07 15:16:08.069942,20.8229137824061,-130.4348700578799,104.17744718430004,13.277027520653686
2026-09-07 15:16:08.169907,20.67759234078696,-129.85961325589503,104.21100717999798,13.09534005980007
2026-09-07 15:16:08.268222,20.53629852173703,-129.3016762594499,104.27701930378134,12.879711066519269
2026-09-07 15:16:08.370388,20.39123100991667,-128.7315985155996,104.26558633384047,12.695808724167353
2026-09-07 15:16:08.467998,16.141047972195256,-128.84282769157102,124.30238943940458,13.878890558362889
2026-09-07 15:16:08.567812,15.792041772938473,-128.33124956666902,124.17952199741376,13.844875617725586
2026-09-07 15:16:08.667874,15.44412379036852,-127.81891000798583,124.16832447731576,13.653394063362443
2026-09-07 15:16:08.768010,15.10086276943087,-127.31321561122456,124.4260579032507,13.513395405524218
2026-09-07 15:16:08.982474,14.243940330515306,-125.94979758950093,124.4215283887097,14.863058210239837
2026-09-07 15:16:09.070723,13.836123008068979,-125.29844169677423,124.60691396852599,15.483848300752914
2026-09-07 15:16:09.389833,9.563654187245042,-125.03635642303539,139.84652555050343,15.382001695125819
2026-09-07 15:16:09.488970,9.042615247802242,-124.5967691280497,139.79105551443354,15.09960017974129
2026-09-07 15:16:09.589454,8.400498818382,-123.97807846865079,139.88249788340363,16.059624808205378
2026-09-07 15:16:09.690362,7.846495403513327,-123.51127496838647,140.11963392422695,15.772178424772129
2026-09-07 15:16:09.790060,7.307062081016084,-123.06055269485272,140.25351536077142,15.575295280925939
2026-09-07 15:16:09.890570,6.768976801593219,-122.61308773917588,140.1072958600198,15.582321358010764
2026-09-07 15:16:09.990618,6.234262188780068,-122.16611260454935,140.04012013952706,15.612919151273113
2026-09-07 15:16:10.091602,5.694015611196273,-121.71343617197148,139.92711316690293,15.490265347922183
2026-09-07 15:16:10.191703,4.922915718527509,-121.02809667542175,139.85519228675548,16.781970750854267
2026-09-07 15:16:10.291266,4.351939654457547,-120.54652652312481,139.84405060766403,16.616673654257767
2026-09-07 15:16:10.391957,2.391702544688904,-121.27885540289218,147.85674393657973,16.56480089917441
2026-09-07 15:16:10.491661,1.7665510718141517,-120.88604062672763,147.87905885220607,16.604876871123228
2026-09-07 15:16:10.591475,1.1390422840856753,-120.49208543363923,147.94607745693065,16.467072752643897
2026-09-07 15:16:10.692015,0.5117549979689007,-120.09929148257896,148.0923406009515,16.46795127442047
2026-09-07 15:16:10.791534,-0.11018576997325014,-119.71205208533785,148.0366568247664,16.37490404815157
2026-09-07 15:16:10.891116,-0.7286291926028766,-119.32615568766198,147.69119886035332,16.215666462448947
2026-09-07 15:16:10.991263,-1.3422049757097558,-118.93813724901297,147.57912853943708,16.045024355129133
2026-09-07 15:16:11.091675,-1.950176301668362,-118.55199617730794,147.46676166809993,15.846731207424229
2026-09-07 15:16:11.192245,-3.030808390854686,-117.81674728342492,147.62251188106347,17.431722696390455
2026-09-07 15:16:11.291499,-3.6840203197202923,-117.40256631354958,147.78911838398744,17.32938310569387
2026-09-07 15:16:11.391912,-4.477656203655956,-117.01903306311144,148.2098401020885,17.441250850519584
2026-09-07 15:16:11.491340,-5.136591920645979,-116.61063226446434,148.1097009558216,17.570702808118455
2026-09-07 15:16:11.589602,-5.791921974066446,-116.20287916032822,147.85679089451332,17.63080596583365
2026-09-07 15:16:11.688211,-6.449996986443958,-115.78937758573083,147.74644168509803,17.516206697241913
2026-09-07 15:16:11.789332,-7.11963700585549,-115.36680805306197,147.6219653731423,17.472910367145612
2026-09-07 15:16:11.887925,-8.061009521816551,-114.75518542891619,147.57969890141612,18.431323624303875
2026-09-07 15:16:12.107397,-9.587504889228354,-113.78568314046134,147.65337948337765,18.352695733063715
2026-09-07 15:16:12.206697,-10.275781734834988,-113.34978832317654,147.8533999449046,18.37178483862474
2026-09-07 15:16:12.308740,-10.985367831050532,-112.9038611693961,147.8533999449046,18.495724889081636
2026-09-07 15:16:12.406541,-11.766972322515112,-112.15485574456793,146.7831718274083,19.219669349109125
2026-09-07 15:16:12.506588,-12.48611658545062,-111.68395920302353,146.5928425217444,19.140990095714574
2026-09-07 15:16:12.608747,-13.2158411702201,-111.20266369073707,146.5128172155437,19.024050502431532
2026-09-07 15:16:12.707177,-13.91398955575802,-110.74079391939075,146.81021924013658,18.94836306394728
2026-09-07 15:16:12.808015,-14.62880863248677,-110.27321149140965,146.9343471892771,18.892852144202962
2026-09-07 15:16:12.906553,-15.326262487748695,-109.81914259282419,146.95640114053276,18.70170387587127
2026-09-07 15:16:13.007650,-16.289747749267683,-109.19211434759431,147.053342240466,19.572781470407246
2026-09-07 15:16:13.107264,-17.02117817025841,-108.7180854351009,146.97531053643615,19.531871243553947
2026-09-07 15:16:13.207772,-17.756979691110246,-108.23979943181962,147.00905282671374,19.445803511919195
2026-09-07 15:16:13.307345,-18.48300176652543,-107.76847825695931,146.94219603780584,19.507578630966147
2026-09-07 15:16:13.408317,-18.68551685258458,-106.4950514806429,143.3556157687799,19.36516940682777
2026-09-07 15:16:13.509284,-19.38683309947926,-105.9733646650171,143.42340853796122,19.246065263113003
2026-09-07 15:16:13.606630,-20.059430190068255,-105.47427620981469,143.31447269904675,19.43149878835683
2026-09-07 15:16:13.709840,-20.7783973752558,-104.93865704045814,143.1412257048014,19.47478769986363
2026-09-07 15:16:13.809989,-21.47601740756626,-104.41565360310759,143.0963966811869,19.338271287741673
2026-09-07 15:16:13.909342,-22.162837947036543,-103.89990660831396,142.8962694615093,19.14120129854887
2026-09-07 15:16:14.120194,-23.96850376939201,-102.55201058705666,143.10140516913089,20.331769746880294
2026-09-07 15:16:14.208493,-24.61031027288711,-102.0701532465214,143.10140516913089,20.388093591992032
2026-09-07 15:16:14.309284,-25.344945108464078,-101.51860198269351,143.24803346184126,20.204024152246706
2026-09-07 15:16:14.409734,-25.64375944313517,-100.28124598529303,140.34999504738516,20.200651412123165
2026-09-07 15:16:14.509307,-26.33609975245528,-99.70747376436337,140.1717102769635,20.018806343379314
2026-09-07 15:16:14.609102,-27.021960765747163,-99.13546195647099,140.23871612442235,20.003982140357774
2026-09-07 15:16:14.709094,-27.709336115229092,-98.56354886472997,139.9925430172516,19.948063206928996
2026-09-07 15:16:14.814376,-28.428466730903903,-97.95996712039681,139.98076134877738,19.550641555622626
2026-09-07 15:16:14.913778,-29.09379209811601,-97.40131204700407,140.18098726938842,19.408194780725527
2026-09-07 15:16:15.014142,-29.762614630764887,-96.84369401540816,140.46177016074762,19.340667021744228
2026-09-07 15:16:15.114569,-30.43224530745828,-96.29094225276052,140.6752991094454,19.300300440314153
2026-09-07 15:16:15.215605,-31.106594089894827,-95.7385085177014,140.72052517490556,19.068992210066302
2026-09-07 15:16:15.314722,-31.7606288938678,-95.20357837613888,140.49868979295206,19.004901730886584
2026-09-07 15:16:15.414382,-32.205850799246065,-93.86719188850421,137.9147256356464,19.053510418053108
2026-09-07 15:16:15.515063,-32.84229377885915,-93.29241857783832,137.92599242544566,19.00600371073945
2026-09-07 15:16:15.614802,-33.471321677630044,-92.72456638361895,137.94831517447892,18.90142099722388
2026-09-07 15:16:15.715279,-34.10173864198395,-92.15590583665667,137.95955913549187,18.790796615876573
2026-09-07 15:16:15.815539,-34.727223113434356,-91.59191717439562,137.7912639737533,18.789920540749065
2026-09-07 15:16:15.915598,-35.34976861950789,-91.02725439237796,137.80246115813316,18.635166116158985
2026-09-07 15:16:16.015653,-35.96727156320602,-90.46738524602505,138.07118284028365,18.63866325148245
2026-09-07 15:16:16.115375,-36.585445651507015,-89.91216788956429,137.95958811909986,18.80073882777316
2026-09-07 15:16:16.222815,-37.2560783952922,-89.30747041650598,137.9235186354017,18.858006493977527
2026-09-07 15:16:16.314410,-37.82922365954286,-88.79002111256912,137.83126851368252,18.779571206447326
2026-09-07 15:16:16.421768,-38.96805498707276,-87.50828940145037,137.04846522914522,19.090126260818835
2026-09-07 15:16:16.515464,-39.55331112656742,-86.9634540402966,137.1742867609555,18.901002245070803
2026-09-07 15:16:16.621222,-40.20870153342317,-86.35600930349314,137.2334614391748,18.979552175585972
2026-09-07 15:16:16.715197,-40.794051510304236,-85.81460392609107,137.370173981044,18.783295749636952
2026-09-07 15:16:16.822289,-41.45566189330243,-85.20558605696493,137.76565317527638,18.651351705200213
2026-09-07 15:16:16.921907,-42.07064328420648,-84.64728285108805,137.75450534136326,18.596512390625456
2026-09-07 15:16:17.014602,-42.64110293357775,-84.12919564998894,137.44331204359332,18.5203750308534
2026-09-07 15:16:17.120874,-43.28921748497138,-83.5341273477795,137.3243874912405,18.61137863232083
2026-09-07 15:16:17.220790,-43.90039496890177,-82.97063046598636,137.4473804915615,18.256039449865117
2026-09-07 15:16:17.319741,-44.49528707621771,-82.42450635615087,137.6245515752671,18.03901555204557
2026-09-07 15:16:17.421002,-46.16817781427257,-81.27930868642747,138.87490188379707,18.96090972646664
2026-09-07 15:16:17.520448,-46.80313820719467,-80.72490743650629,138.79700178101302,19.13817804977104
2026-09-07 15:16:17.620425,-47.446691581890114,-80.16145955730032,138.52848958655886,19.03946099390076
2026-09-07 15:16:17.719539,-48.078787721753294,-79.60278820412915,138.52848958655886,18.810820799510996
2026-09-07 15:16:17.821059,-49.26358914478822,-78.5456946366386,138.64876530026595,20.069154366355896
2026-09-07 15:16:17.911937,-49.87563701414945,-78.00702697302006,138.51655819859116,20.22559106315596
2026-09-07 15:16:18.018605,-50.77015405098366,-77.21293613698876,138.40749124663853,20.633326108214657
2026-09-07 15:16:18.112304,-51.41653022828069,-76.63920762409782,138.40749124663853,20.55718283279467
2026-09-07 15:16:18.220219,-52.15822728769118,-75.98087155625166,138.54033072809943,20.489289369681753
2026-09-07 15:16:18.318523,-52.83302077558449,-75.38471096507877,138.61733625576562,20.574328739760496
2026-09-07 15:16:18.418495,-54.02923884697995,-74.73075706298681,139.74665932362404,20.94490347720055
2026-09-07 15:16:18.729251,-56.159967248143914,-72.93003063412311,139.43731150928397,20.823683508347084
2026-09-07 15:16:18.828988,-56.865308803807544,-72.32627611672146,139.45963381069487,20.783594272065095
2026-09-07 15:16:18.928840,-57.57033915520839,-71.7232637565061,139.53785194981901,20.971183924277423
2026-09-07 15:16:19.028762,-58.28306227988944,-71.11535456317691,139.75030716218134,20.972057045949978
2026-09-07 15:16:19.128550,-58.99710556963792,-70.51087886957828,139.76147402008428,20.885733919104506
2026-09-07 15:16:19.228704,-59.712984030793955,-69.90504195086196,139.80626352269064,21.091916151272024
2026-09-07 15:16:19.328186,-60.429497635281976,-69.29967526294305,139.69493737547418,20.97195593378589
2026-09-07 15:16:19.428539,-61.48385792511836,-68.68017977812391,140.2062718568468,20.802661202337728
2026-09-07 15:16:19.528601,-62.19884070731388,-68.08461116472803,140.12788921616811,20.724844497596543
2026-09-07 15:16:19.629174,-62.91397006065631,-67.48726142686704,140.07161569631535,20.555234142189306
2026-09-07 15:16:19.728147,-63.61139011393186,-66.90354045982211,140.0937670056337,20.757604193666804
2026-09-07 15:16:19.828546,-64.32605485730647,-66.30585587257383,139.9027680555464,21.177825966676487
2026-09-07 15:16:19.935235,-65.09870320988938,-65.65528933976056,139.72368125611865,21.182487226365218
2026-09-07 15:16:20.028658,-65.77364298625346,-65.08337821208865,139.75504498820555,21.283712543171323
2026-09-07 15:16:20.134436,-66.54185010705872,-64.43315898953982,139.86157955204908,21.686703676515094
2026-09-07 15:16:20.234546,-67.28382430729506,-63.80750787183554,139.7943622025923,21.761058652440067
2026-09-07 15:16:20.333967,-68.02248639727267,-63.183165410208744,139.73873326025932,21.746290005828467
2026-09-07 15:16:20.435052,-69.05100781601928,-62.53232889913656,140.24707091093842,21.75275043299035
2026-09-07 15:16:20.534077,-69.79133543460938,-61.9165408889396,140.2359894371766,21.56325331199726
2026-09-07 15:16:20.634764,-70.30336012765183,-61.49318366365497,140.21135492329086,20.553699319981753
2026-09-07 15:16:20.735091,-71.01170935475177,-60.90324712779457,140.06540164648322,20.35732735103043
2026-09-07 15:16:20.834657,-71.70648991927744,-60.32160718775899,140.3328100019371,20.12416442097943
2026-09-07 15:16:20.934737,-72.39954830019434,-59.74688913965801,140.74719277479926,20.06120025669883
2026-09-07 15:16:21.034436,-73.09191780750439,-59.18114295458947,140.74719277479926,20.234563701874315
2026-09-07 15:16:21.134284,-73.79131427122513,-58.60965493118168,140.73601920254805,20.101947493033943
2026-09-07 15:16:21.344532,-75.10818475647666,-57.535047697887435,140.64140084359678,19.705664063760725
2026-09-07 15:16:21.444492,-76.10575207942104,-56.896996126767654,141.35678056733377,19.565882549618756
2026-09-07 15:16:21.549357,-76.82215117157534,-56.32421694096381,141.49760061230154,19.505405841018856
2026-09-07 15:16:21.643892,-77.46724651464278,-55.811040826390766,141.59281176200238,19.40132355461831
2026-09-07 15:16:21.743773,-78.14608062246779,-55.272864862287555,141.46986184542038,19.54969333486728
2026-09-07 15:16:21.848720,-78.73190436178427,-54.80871319384513,141.39829239284336,19.1448222506755
2026-09-07 15:16:21.950649,-79.41365493633512,-54.26444559271539,141.35266659979607,19.170651358878903
2026-09-07 15:16:22.048234,-80.06681560548584,-53.74215024264475,141.21070231782505,19.11522580097301
2026-09-07 15:16:22.149530,-80.74151319366185,-53.19988692050614,141.40340771975207,18.828444416756835
2026-09-07 15:16:22.250145,-81.4034012346528,-52.67157308935059,141.56103937596345,18.72294316127634
2026-09-07 15:16:22.349786,-82.05663793049006,-52.15310043572097,141.63909223019073,18.666349852721734
2026-09-07 15:16:22.449640,-82.91270179699248,-51.540382029369084,141.793055428574,18.254597042175934
2026-09-07 15:16:22.549488,-83.55296721340386,-51.03641715720719,141.61427827254738,18.36889127479494
2026-09-07 15:16:22.650902,-84.20573575973003,-50.519303992497896,141.62562708931364,18.493839667975642
2026-09-07 15:16:22.749698,-84.84607917072319,-50.012240227752855,141.6366829366434,18.39369888079776
2026-09-07 15:16:22.850391,-85.41075841773458,-49.565877157942,141.44433969904458,17.842307114912796
2026-09-07 15:16:22.950004,-86.03208775101281,-49.070663229095864,141.4889287965816,17.817064887916892
2026-09-07 15:16:23.050485,-86.65833250366146,-48.572328056856676,141.63510610883895,17.59668532351829
2026-09-07 15:16:23.150507,-87.27525382890832,-48.083977397565214,141.65749219656755,17.42887819216539
2026-09-07 15:16:23.250579,-87.82774787104351,-47.64726816758324,141.5564140882816,17.114509492886572
2026-09-07 15:16:23.355137,-88.45429287672307,-47.14989820832673,141.60321668292454,17.052382571917533
2026-09-07 15:16:23.450059,-89.279327420985,-46.50380647886968,141.58164368995676,17.021543941525596
2026-09-07 15:16:23.654475,-90.46235674274126,-45.5656056143319,141.48970764870137,16.44024268383531
2026-09-07 15:16:23.754402,-91.03702837681382,-45.10832258444998,141.4449779974566,16.461198652540574
2026-09-07 15:16:23.854262,-91.61168934596913,-44.65031489585747,141.42262816721268,16.40884385766763
2026-09-07 15:16:23.954675,-92.18751569600111,-44.1910109806136,141.5687065547263,16.34917983850827
2026-09-07 15:16:24.054417,-92.75857148803065,-43.73788968889012,141.579868264962,16.348308289681544
2026-09-07 15:16:24.154411,-93.33112802340736,-43.283759324398666,141.54629853345796,16.4260721118507
2026-09-07 15:16:24.255176,-93.79457797970545,-42.915780580621,141.466875649985,16.004812630360984
2026-09-07 15:16:24.354359,-94.34968759992273,-42.47370222984004,141.55566888903923,15.864413019168472
2026-09-07 15:16:24.455756,-95.16753186824857,-41.838451488127916,141.56791858955512,15.979118496758476
2026-09-07 15:16:24.555196,-95.72396590949116,-41.39691979115201,141.47889527213738,15.91047461142383
2026-09-07 15:16:24.655446,-96.19411716076753,-41.02252171451008,141.4220458220425,15.429078809027953
2026-09-07 15:16:24.747175,-96.6887315481358,-40.627987735255644,141.37072077752055,15.429880340001132
2026-09-07 15:16:24.852880,-97.25832839016553,-40.17280778876764,141.28791774507044,15.468673795983817
2026-09-07 15:16:24.955079,-97.80977936303739,-39.730821293740625,141.09349447691056,15.221307762253614
2026-09-07 15:16:25.046287,-98.22770261812776,-39.39291981409244,141.0115570205271,14.67868194710525
2026-09-07 15:16:25.154907,-98.7817115426383,-38.94447722944077,141.0237122306262,14.584718564354265
2026-09-07 15:16:25.252641,-99.21439104861274,-38.59389004753238,141.01258006879652,14.186107677013872
2026-09-07 15:16:25.352067,-99.7044963479479,-38.19718874398379,140.89019024084337,14.087065889645853
2026-09-07 15:16:25.552827,-100.84287824524438,-37.376093024560966,141.26413887130548,13.528489287651443
2026-09-07 15:16:25.653870,-101.2709848995964,-37.03266333485871,141.0827828098627,13.092868460850594
2026-09-07 15:16:25.752744,-101.72125515984955,-36.66911758277138,141.06065365789436,12.977961220307243
2026-09-07 15:16:25.953623,-102.56519936812914,-35.98696678027855,144.6121230343051,12.506221092574268
2026-09-07 15:16:26.054357,-102.95997135037113,-35.71133572626579,144.60060925675134,12.141457558623541
2026-09-07 15:16:26.153864,-103.40022182028977,-35.39847304811106,144.2999531228379,12.183193337301065
2026-09-07 15:16:26.254688,-103.8461571584973,-35.078035447667546,144.10814565320652,11.882771185480198
2026-09-07 15:16:26.354291,-104.27479308649703,-34.76784764297622,144.34221491505014,11.663446956943602
2026-09-07 15:16:26.455544,-104.83867492904403,-34.106232366445674,143.78166031682304,11.213253891589801
2026-09-07 15:16:26.674496,-105.66389244802501,-33.5029438251295,143.3916091813462,10.61932126666585
2026-09-07 15:16:26.773756,-106.04214946270123,-33.221939417278385,143.24720815015644,10.53345489424951
2026-09-07 15:16:26.992856,-106.80713037355873,-32.6507523591068,143.15013578672915,9.896475796029657
2026-09-07 15:16:27.092081,-107.10895678761318,-32.424519023377044,143.00643208041947,9.35746225599377
2026-09-07 15:16:27.197063,-107.4597124267,-32.16026742140868,142.79496633931194,9.286827375026743
2026-09-07 15:16:27.291656,-107.72367736710947,-31.95950856253929,142.6577645334255,8.730981612239594
2026-09-07 15:16:27.624230,-108.58621051663556,-30.799039381692626,141.29223160390575,7.940631095588527
2026-09-07 15:16:27.709187,-108.82154608657152,-30.61044764467453,141.49188244051038,8.028971580710104
2026-09-07 15:16:27.809576,-109.10350631454483,-30.38610112174238,141.7053305932077,8.159674728428987
2026-09-07 15:16:27.909279,-109.38894003766251,-30.16072226594137,141.76111732274694,8.33827237733904
2026-09-07 15:16:28.009240,-109.49016914661773,-30.07953104434497,141.70468580017405,7.259762841454161
2026-09-07 15:16:28.108894,-109.7439959727942,-29.879104399841356,141.53740786233357,7.50532276757934
2026-09-07 15:16:28.209387,-110.00800655320712,-29.66938218735386,141.32373858373649,7.63879565311531
2026-09-07 15:16:28.309064,-110.27373895418762,-29.456671092347914,141.1898853474595,7.803411034638775
2026-09-07 15:16:28.410089,-110.59612297333237,-28.739152915250642,139.26284734388173,8.060954637235321
2026-09-07 15:16:28.509477,-110.867498447764,-28.50542685425016,139.14050429255985,8.075718381810752
2026-09-07 15:16:28.609948,-111.1418273985846,-28.268134904294918,139.0393146863662,8.096788434266907
2026-09-07 15:16:28.848161,-111.79295089199444,-27.70290581613581,138.69276821404856,8.219597695952103
2026-09-07 15:16:28.935018,-112.03269407300662,-27.49223266462958,138.60528998027803,8.20214163252657
2026-09-07 15:16:29.037955,-112.31583723489197,-27.242654845793805,138.570732232296,8.221929903011317
2026-09-07 15:16:29.137378,-112.58982862015367,-27.00085009024211,138.4705981217885,8.367013055875153
2026-09-07 15:16:29.232619,-112.46700852896485,-27.09603073801584,138.33798900804322,7.0869557107530365
2026-09-07 15:16:29.356522,-112.76026965980715,-26.835093189900835,138.1300070069974,7.146502474255743
2026-09-07 15:16:29.467039,-113.0231921563134,-26.599434761735584,137.87028960279167,7.101114521346048
2026-09-07 15:16:29.549655,-113.21769378356802,-26.423505767674634,137.73161143520701,7.0527471353179525
2026-09-07 15:16:29.651608,-113.4555627449782,-26.20730144540925,137.53765615718476,6.911099025319407
2026-09-07 15:16:29.744237,-113.66668437719393,-26.014099219623798,137.19558726051037,6.835015876300304
2026-09-07 15:16:29.855828,-113.9191197922598,-25.780408308119675,136.92087134522808,6.793451538863116
2026-09-07 15:16:29.951349,-114.13100620432922,-25.582273235790023,136.7712203644296,6.698299661374524
2026-09-07 15:16:30.055610,-114.35848280276912,-25.368443368343787,136.7245507139014,6.5242917863102114
2026-09-07 15:16:30.153115,-114.56553399229232,-25.1734956350869,136.53905730631413,6.455279636600454
2026-09-07 15:16:30.245660,-114.89464566027576,-24.86765097173669,136.31171256631387,6.944508578654436
2026-09-07 15:16:30.350502,-115.1300023703028,-24.64283124537934,136.15919097743972,6.7951821935714465
2026-09-07 15:16:30.450861,-115.34988955394189,-24.431666171443702,135.9794988794347,6.629440497148867
2026-09-07 15:16:30.553163,-115.56790705525955,-24.2209783083648,135.76198328592,6.478368323098446
2026-09-07 15:16:30.654013,-115.95747792433652,-23.849913476697687,135.62694942828603,7.237826773552818
2026-09-07 15:16:30.749010,-116.17718802915377,-23.63495979705492,135.3399200659951,7.271860334937146
2026-09-07 15:16:30.839993,-116.3875651426998,-23.427064209261413,135.1057449412474,7.3100209301858925
2026-09-07 15:16:30.941541,-116.62264825764623,-23.192847234320407,134.7761943890564,7.326880194737163
2026-09-07 15:16:31.040926,-116.99216214105012,-22.82784353315715,134.44272366659243,7.946406500346184
2026-09-07 15:16:31.250074,-117.51238621423575,-22.297400022382092,134.0448407353615,7.981129798317282
2026-09-07 15:16:31.361378,-117.7884722820717,-22.011951934380168,133.80818499431552,7.982102376274511
2026-09-07 15:16:31.453142,-118.13371398976962,-21.65855016140376,133.58235629218325,8.625516153493942
2026-09-07 15:16:31.562204,-118.42363121186864,-21.353919300794434,133.39928620511455,8.633140051802819
2026-09-07 15:16:31.660992,-118.68558561137962,-21.07690337722624,133.28873668428423,8.717734900697772
2026-09-07 15:16:31.748144,-118.91847295574463,-20.829671974746912,133.1619500766883,8.778657860611874
2026-09-07 15:16:31.862146,-119.32413885412322,-20.401677606257792,132.90684061370666,9.319096570122507
2026-09-07 15:16:31.961987,-119.6073132453074,-20.09701861983945,132.77276714677646,9.340034503528914
2026-09-07 15:16:32.062380,-119.98382556421448,-19.694223956368155,132.60427636671193,9.852606672998379
2026-09-07 15:16:32.162117,-120.28119626390912,-19.370884189104665,132.49266485965563,9.902282465782582
2026-09-07 15:16:32.249032,-120.54109196242774,-19.087184895300044,132.4634859767848,9.96759654911405
2026-09-07 15:16:32.349357,-120.8428974371235,-18.75740031889931,132.32876256085729,9.954446902619889
2026-09-07 15:16:32.465017,-121.28607828166413,-18.27421815438431,132.22523358116996,10.513013150916874
2026-09-07 15:16:32.561271,-121.5900910918828,-17.9392353303936,132.1390625192762,10.528152421172333
2026-09-07 15:16:32.663798,-121.99491770364578,-17.49433746830923,132.0702315876988,11.046024114279712
2026-09-07 15:16:32.762621,-122.3218906363917,-17.132091179012388,132.00387837497692,11.063294485778908
2026-09-07 15:16:32.963290,-122.98602306368565,-16.394597792299212,131.6894939708618,10.965101161356037
2026-09-07 15:16:33.059316,-123.39979866644714,-15.932982678392767,131.6465164706715,11.601852906979744
2026-09-07 15:16:33.159016,-123.74342427263122,-15.54658015794092,131.61304544009909,11.614049452590875
2026-09-07 15:16:33.259418,-124.17664636616614,-15.060870840780133,131.63552022971817,12.12740526802076
2026-09-07 15:16:33.358988,-124.53529209199678,-14.657422490739044,131.6800900794533,12.100433845580934
2026-09-07 15:16:33.459352,-111.61642840006353,-6.5220162499715455,84.87486578719654,11.91800287590133
2026-09-07 15:16:33.559497,-111.56876528337334,-5.99059448148782,84.88607259547643,11.868123871435845
2026-09-07 15:16:33.666095,-111.56972210727524,-5.308829718082711,84.82208738636109,12.666088963889589
2026-09-07 15:16:33.776186,-111.51346446735235,-4.688010906953668,84.72352879788559,12.608370240453207
2026-09-07 15:16:33.875902,-111.48628461656466,-4.013104475826578,84.64296779554752,13.253115328834426
2026-09-07 15:16:33.967103,-111.43583793000087,-3.4751284509325844,84.63276187291558,13.190158862760361
2026-09-07 15:16:34.076817,-111.37532456048946,-2.8310331091081444,84.60820660278478,13.093331729701799
2026-09-07 15:16:34.157996,-111.33067577199735,-2.3579750730178954,84.59003779776504,13.080563524535595
2026-09-07 15:16:34.259952,-111.27446601443171,-1.7644394649769564,84.54439991889012,13.024437150217858
2026-09-07 15:16:34.359728,-111.21923349182809,-1.186130812961392,84.54439991889012,13.014846845099749
2026-09-07 15:16:34.461108,-106.49013850179932,-1.3498102961192646,62.572451107247616,13.847804022240162
2026-09-07 15:16:34.559748,-106.20886463748803,-0.8078159960452419,62.53933593718102,13.810741483093777
2026-09-07 15:16:34.661474,-105.91924520036054,-0.25052842786427165,62.493801011658434,13.749408412367444
2026-09-07 15:16:34.760497,-105.63814424183408,0.2893188763568645,62.44947601185777,13.71393249892849
2026-09-07 15:16:34.861028,-105.31428056764926,0.9965405031870016,62.4277553511256,14.575294791568648
2026-09-07 15:16:34.960928,-105.01299027276839,1.5735362871746705,62.45011413383327,14.644256217000377
2026-09-07 15:16:35.060734,-104.71078533234254,2.152834551235855,62.38310090058985,14.661698378216375
2026-09-07 15:16:35.274101,-104.06250711220223,3.3919861073915216,62.16820781995193,14.61881699980225
2026-09-07 15:16:35.362016,-103.79426655094066,3.9000660481311993,62.10917861929738,14.557360670391013
2026-09-07 15:16:35.462763,-100.24582042731319,2.995143033338173,44.96559427996908,15.36355263335229
2026-09-07 15:16:35.562545,-99.76093863308391,3.479442840636982,44.932095720567304,15.401044262317258
2026-09-07 15:16:35.662468,-99.2739025746371,3.9653258403579295,44.932095720567304,15.340798263986573
2026-09-07 15:16:35.762536,-98.78806772813948,4.450010472001098,44.988086678225955,15.28920881589468
2026-09-07 15:16:35.862579,-98.30445982677874,4.933417305186209,45.032868253771085,15.184307338957494
2026-09-07 15:16:35.962594,-97.82467972591812,5.413748182648787,45.0888295563891,15.163332915527821
2026-09-07 15:16:36.067246,-97.32383947097208,5.916143823903779,45.17080773104499,15.14138605394944
2026-09-07 15:16:36.161914,-96.72022806823678,6.565907221362395,45.27171668058327,16.06525128942227
2026-09-07 15:16:36.269674,-96.17559109892605,7.11573456318512,45.27171668058327,16.072784172385767
2026-09-07 15:16:36.369282,-95.67191963665151,7.624205998028862,45.282863395437744,16.08148795168963
2026-09-07 15:16:36.468045,-94.32889695250078,7.301664150697544,40.149985097013996,15.920474379025569
2026-09-07 15:16:36.568560,-93.76143915990188,7.788122942556905,40.165468683071595,16.038580008542446
2026-09-07 15:16:36.668746,-93.21250812213194,8.251438831785286,40.26637125083653,15.874874876591168
2026-09-07 15:16:36.768918,-92.6700642639908,8.710917591820316,40.26637125083653,15.848615691171519
2026-09-07 15:16:36.868813,-92.13001518951587,9.168367842889865,40.32226540996271,15.783149260245315
2026-09-07 15:16:36.969186,-91.5900702410578,9.626635311272016,40.29980076434913,15.685795319951941
2026-09-07 15:16:37.068807,-91.05729894537163,10.078455042514706,40.19946723767498,15.652716642009251
2026-09-07 15:16:37.284738,-89.90322958149525,11.05370087467279,40.24779510863482,15.539507917678096
2026-09-07 15:16:37.382465,-89.48283964592298,11.920940469236932,41.8978826636303,15.711043951101528
2026-09-07 15:16:37.482715,-88.95875074196066,12.391143590570206,41.84178987167434,15.751339387471875
2026-09-07 15:16:37.581755,-88.47412172188704,12.822690453626473,41.7417930497395,15.620829027734876
2026-09-07 15:16:37.682142,-87.95105669703888,13.289409246935817,41.64068804434464,15.625214952022972
2026-09-07 15:16:37.782484,-87.42725672038635,13.755126230406484,41.64068804434464,15.621707785438327
2026-09-07 15:16:37.881466,-86.91067211979357,14.21442793452829,41.52992142622497,15.59143600816448
2026-09-07 15:16:37.982667,-86.38262499086396,14.682096406920289,41.541246407048675,15.541031044053328
2026-09-07 15:16:38.081340,-85.86952278231813,15.136709812855125,41.48603599248054,15.533271173222419
2026-09-07 15:16:38.182390,-85.43214607710512,15.520423191410407,41.54231986671584,15.207777778038443
2026-09-07 15:16:38.282334,-84.92358748157905,15.971027921245307,41.54231986671584,15.078527319466502
2026-09-07 15:16:38.383645,-84.86479134447356,17.19433762989162,45.09225893225448,14.738784087163577
2026-09-07 15:16:38.479199,-84.42032234304914,17.640240328772894,45.113645029581676,14.71707528453965
2026-09-07 15:16:38.578949,-83.95719259561083,18.10521094708747,45.08015721313859,14.622940461593158
2026-09-07 15:16:38.678683,-83.49682907369022,18.56686437828715,45.147122103067886,14.63775560327511
2026-09-07 15:16:38.780883,-83.09678057294244,18.972257980607328,45.16296664329275,14.20127229696595
2026-09-07 15:16:38.878385,-82.66033169668546,19.41119673254569,45.195699766891266,14.21319995584435
2026-09-07 15:16:38.981272,-82.27622399328274,19.800648802615825,45.222083260090585,13.694991789796612
2026-09-07 15:16:39.080198,-81.84963100961555,20.23056169170593,45.26636484043411,13.649177604404926
2026-09-07 15:16:39.180201,-81.42017125251355,20.664033196370095,45.41184676992998,13.61684591463723
2026-09-07 15:16:39.281311,-80.98809765590163,21.10236343501014,45.45710595951277,13.73346823870219
2026-09-07 15:16:39.381389,-80.90417797625462,22.123486875204105,48.06246535673563,13.247104569592898
2026-09-07 15:16:39.481249,-80.50895391459322,22.56339119265048,47.961891120643486,13.28113518626031
2026-09-07 15:16:39.581431,-80.18788805770164,22.92658135868669,47.87906032280807,12.698077132646455
2026-09-07 15:16:39.682374,-79.80357300350826,23.35159889591643,47.76609923156866,12.719246169533536
2026-09-07 15:16:39.781648,-79.42415742273334,23.769538770235645,47.721661878324085,12.740932655222734
2026-09-07 15:16:39.882110,-79.03921830365707,24.192902778308508,47.65420818377606,12.702307685980609
2026-09-07 15:16:39.981784,-78.65796362081589,24.61122407445987,47.709978686971226,12.736274916961058
2026-09-07 15:16:40.082123,-78.27355016741923,25.033836781658255,47.78857831303321,12.774852595971884
2026-09-07 15:16:40.182096,-78.02810580606092,25.30857601426274,47.88189889088608,12.020788856786615
2026-09-07 15:16:40.281263,-77.67070989751663,25.70386278558795,47.859704162108756,11.958399095803257
2026-09-07 15:16:40.381709,-77.48485103496526,26.644304246041045,49.91909838897118,12.031982693454028
2026-09-07 15:16:40.481628,-77.13880894730637,27.055520558670267,49.952642941665545,12.004916734241764
2026-09-07 15:16:40.581383,-76.88872611444656,27.361954793583273,50.01394391563008,11.31627705396111
2026-09-07 15:16:40.681925,-76.56188326980441,27.75166349943284,50.02519515051972,11.331212221255983
2026-09-07 15:16:40.782348,-76.31937074182366,28.046764022622824,50.051090771296,10.744392849073355
2026-09-07 15:16:40.881362,-76.01399788804271,28.411352964767886,50.02893028569997,10.708054972429206
2026-09-07 15:16:40.981412,-75.7063314701034,28.778391739132978,50.10730352628889,10.663468725253338
2026-09-07 15:16:41.081910,-75.39907669229598,29.145959533169535,50.197274014562936,10.670493963487052
2026-09-07 15:16:41.181838,-75.18700853335818,29.4041979761846,50.288567501380385,10.056899756282434
2026-09-07 15:16:41.281944,-74.89945546982972,29.750416728006922,50.3557821650993,10.084016369868467
2026-09-07 15:16:41.381325,-74.71016528718108,30.403432097119424,51.51933763232773,9.568581424884158
2026-09-07 15:16:41.489187,-74.42306895697843,30.764611796536016,51.53140801781592,9.62795902881781
2026-09-07 15:16:41.588663,-74.15672120421658,31.09983383566158,51.53140801781592,9.697496989626687
2026-09-07 15:16:41.687758,-73.88947725238737,31.436183820023057,51.487050789137356,9.726071535179099
2026-09-07 15:16:41.898023,-73.42449889220761,32.024710045149895,51.488845758902244,8.91613997123263
2026-09-07 15:16:41.994457,-73.25498882968968,32.2401278001198,51.457480535362265,8.375118335318998
2026-09-07 15:16:42.095148,-73.02008914938358,32.53498776039045,51.33353353793245,8.331126274345706
2026-09-07 15:16:42.195138,-72.78742053108797,32.82575425877106,51.221638909153626,8.245502120187242
2026-09-07 15:16:42.415187,-72.17237970049489,33.5297682179768,50.886407969483116,7.579677477519189
2026-09-07 15:16:42.507402,-71.975259289585,33.772207297741545,50.87608857435225,7.575648589234583
2026-09-07 15:16:42.613214,-71.8103660764013,33.97562967366631,50.84106429593339,7.028578003717857
2026-09-07 15:16:42.707962,-71.62237415164131,34.20646813573665,50.87287285365164,6.973107960489062
2026-09-07 15:16:42.814368,-71.47158042662572,34.392280250669366,50.96843969543079,6.435043417636908
2026-09-07 15:16:42.907372,-71.3030933687458,34.60011026128908,51.06210889484464,6.448046169068546
2026-09-07 15:16:43.012751,-71.1738668867736,34.760723740272745,51.13307540236201,5.9133039964250145
2026-09-07 15:16:43.107455,-71.01676980407778,34.95564642972722,51.19666297466392,5.8984085172732605
2026-09-07 15:16:43.214256,-70.90917129606227,35.0902437307661,51.256574299570275,5.337907188379195
2026-09-07 15:16:43.312935,-70.7618039428813,35.273902813947984,51.30074531696482,5.34652979136215
2026-09-07 15:16:43.412614,-70.41843235859669,35.50877325613665,50.679320291612385,4.763253228448464
2026-09-07 15:16:43.512040,-70.28427749976655,35.672557820491576,50.757204727584394,4.76672837888243
2026-09-07 15:16:43.614568,-70.20527134797742,35.76919704992075,50.77940722459971,4.1686772162112185
2026-09-07 15:16:43.712672,-70.08967079862114,35.91083336239278,50.79038563310314,4.174677867718914
2026-09-07 15:16:43.811849,-70.0365181337591,35.97598384974132,50.78989622879271,3.595695021218532
2026-09-07 15:16:43.913117,-69.93361406048427,36.102111291613475,50.78989622879271,3.6107380333091728
2026-09-07 15:16:44.004401,-69.90642525501657,36.135433232562306,50.789578077175975,3.0083912646720306
2026-09-07 15:16:44.111371,-69.81548068902457,36.24690088454228,50.80154864267206,3.0242812891944446
2026-09-07 15:16:44.210240,-69.80572785199934,36.25888631666946,50.80132549789232,2.404910325653042
2026-09-07 15:16:44.421993,-69.42054594838476,36.5886485399439,50.3540770491727,2.519537102176251
2026-09-07 15:16:44.520290,-69.34990504644782,36.67389950680651,50.36507705549957,2.539292316684461
2026-09-07 15:16:44.621340,-69.42174003148327,36.585764798101515,50.36157083965372,1.1827649794082298
2026-09-07 15:16:44.720979,-69.42269331624736,36.584343713441804,50.360910626977784,0.8433075646161925
2026-09-07 15:16:44.821281,-69.43414541897295,36.57030115018865,50.36038011116034,0.4752071213184442
2026-09-07 15:16:44.920885,-69.43048784488329,36.57466921156403,50.36026668881277,0.3605921662773695
2026-09-07 15:16:45.021681,-69.42754977117829,36.57818910986547,50.36020255542644,0.26870049907218035
2026-09-07 15:16:45.121034,-69.42545610492803,36.580701674818776,50.360167264972915,0.19842179198702625
2026-09-07 15:16:45.220922,-69.42388352667835,36.58259194248416,50.36014812328722,0.14574423684986293
2026-09-07 15:16:45.320970,-69.42272808468182,36.58398236795122,50.36013782699956,0.10673083786466747
2026-09-07 15:16:45.420558,-69.1821698164077,36.80385618526433,50.08889524456572,0.08786879058274
2026-09-07 15:16:45.520822,-69.18116057124556,36.805048110387844,50.088837609981056,0.06420079255151272
2026-09-07 15:16:45.620701,-69.1804930388268,36.80583833597385,50.088806855326766,0.04688806969446753
2026-09-07 15:16:45.720508,-69.18003992897212,36.806375863011745,50.08879045397771,0.034238057507165603
2026-09-07 15:16:45.820513,-69.1797252682491,36.80674981917146,50.088781710779585,0.024994991902587808
2026-09-07 15:16:45.920657,-69.17950440428727,36.80701267900378,50.08877705214036,0.018243072688577167
2026-09-07 15:16:46.019932,-69.17935235016832,36.8071938294017,50.08877456916707,0.013321888656452846
2026-09-07 15:16:46.120985,-69.17923792928394,36.80733028410235,50.08877324646346,0.009718265353898789
2026-09-07 15:16:46.227953,-69.15568294813899,36.83551099572272,50.08885371942597,0.38949983062146504
2026-09-07 15:16:46.320888,-69.14530057706978,36.84792326450468,50.05765381745914,0.43903604207625657
2026-09-07 15:16:46.426816,-68.91137279174701,37.09461376302095,49.902115126917124,0.522516301893375
2026-09-07 15:16:46.526887,-68.89631696320185,37.112494473875344,49.857321017920185,0.5365070801235109
2026-09-07 15:16:46.626138,-68.83201545919773,37.1890539626643,49.847571963764494,1.0894143262514984
2026-09-07 15:16:46.725022,-68.80096226987816,37.225862397725166,49.770112098472964,1.1049672549603387
2026-09-07 15:16:46.826619,-68.71495460205277,37.32787878841569,49.70275889491677,1.6392664213145085
2026-09-07 15:16:46.927541,-68.66712241215939,37.38428607670397,49.60111506300382,1.6357389824947162
2026-09-07 15:16:47.026375,-68.55979095753115,37.51095285659128,49.50217018471267,2.1471001125244413
2026-09-07 15:16:47.126876,-68.49714483186152,37.584307671637056,49.37845707044471,2.144465569544507
2026-09-07 15:16:47.227135,-68.37233928766436,37.730574047523945,49.1993267767175,2.735825206140742
2026-09-07 15:16:47.326677,-68.29278935253559,37.82273134519105,49.03223684065415,2.709731169533279
2026-09-07 15:16:47.546508,-67.77078396838985,38.28110180868798,48.008064290979746,3.636237676191721
2026-09-07 15:16:47.645269,-67.66337831944067,38.40042163546436,47.820181470338866,3.605170510781467
2026-09-07 15:16:47.746022,-67.55434729920677,38.5207512449955,47.617234224011554,3.433495830174027
2026-09-07 15:16:47.845569,-67.33640791663548,38.76383870554443,47.44226826812337,4.205192993495403
2026-09-07 15:16:47.946091,-67.20860114754514,38.90303347957445,47.251035322968164,4.088370516060498
2026-09-07 15:16:48.046063,-66.97826989934583,39.155795350773616,47.1187002958668,4.8104088209502285
2026-09-07 15:16:48.146174,-66.83177360149608,39.31354736351944,47.02907626801061,4.81915655255702
2026-09-07 15:16:48.250760,-66.58524456699598,39.580742977048104,46.83118027382443,5.548976306791535
2026-09-07 15:16:48.345340,-66.42473161315273,39.75185842631776,46.64066733071195,5.4712906550601454
2026-09-07 15:16:48.564986,-65.48381884258582,40.077520951451085,41.46247242252139,6.409622787434465
2026-09-07 15:16:48.662570,-65.27427972425798,40.2626609750103,41.2222276380362,6.326058956457372
2026-09-07 15:16:48.762359,-65.06201778420734,40.44862776086351,41.18872672861107,6.206600503005219
2026-09-07 15:16:48.862043,-64.85387669806171,40.63076918142863,41.11064019073092,6.035876266918963
2026-09-07 15:16:48.962383,-64.4867074076021,40.964288318298365,40.73536970391433,7.272188799566819
2026-09-07 15:16:49.062424,-64.24027093936323,41.17652194190621,40.25397739070104,7.163792773763759
2026-09-07 15:16:49.162368,-63.85649218857708,41.51151401130816,39.82142133105299,7.862876156660109
2026-09-07 15:16:49.262027,-63.587443716103955,41.735847217034234,39.63183015617324,7.619045557049335
2026-09-07 15:16:49.362218,-63.32462513522981,41.95351569924551,39.396379081272244,7.429943561142929
2026-09-07 15:16:49.461929,-62.105253592510685,41.25455716972668,28.014200629775587,7.321533887959415
2026-09-07 15:16:49.562788,-61.63962845050564,41.55175017267098,27.716191535311737,8.323323820904857
2026-09-07 15:16:49.662107,-61.312478056056875,41.72362592143044,27.371645939043447,8.176656724909533
2026-09-07 15:16:49.761919,-60.98848260622152,41.89136584660457,27.02539008613894,8.041471849115421
2026-09-07 15:16:49.861573,-60.66935862876346,42.0541458057831,26.85811214829846,7.858608074341352
2026-09-07 15:16:49.968748,-60.095173514949956,42.37552265552687,26.556093970639267,9.085573224377834
2026-09-07 15:16:50.061473,-59.75829408508495,42.543896543997114,26.31743522733268,8.87977377480397
2026-09-07 15:16:50.169345,-59.185686641429,42.845333745344405,26.0273319232856,9.701507080648275
2026-09-07 15:16:50.267125,-58.804625465445504,43.031414771891086,26.060158376338222,9.474235401939435
2026-09-07 15:16:50.368503,-58.41890581644583,43.22004440315573,26.218985410510868,9.385650977167604
2026-09-07 15:16:50.467544,-56.8393268204068,41.28866287897119,10.171711267192222,9.231285945137554
2026-09-07 15:16:50.568936,-56.23214094357672,41.4630558859383,10.329512585196426,10.309055236139939
2026-09-07 15:16:50.898953,-54.73588735042567,41.73576748452228,10.03406600289054,9.948592831699061
2026-09-07 15:16:50.996014,-54.08860957575014,41.884319529219795,9.974645222562685,11.093364975076204
2026-09-07 15:16:51.189670,-53.14275156592391,42.05066827102169,9.671247955602666,11.183050112312245
2026-09-07 15:16:51.306065,-52.56913133308174,42.14842273504629,9.54099517715622,11.079309657738829
2026-09-07 15:16:51.404003,-51.88486438763568,42.279766206633106,9.513497398751497,11.958968981819462
2026-09-07 15:16:51.504577,-51.35457686678292,42.368634329238,9.47973295112206,11.92293740816274
2026-09-07 15:16:51.610201,-50.79928587100639,42.46135626345183,9.385173429009228,11.814029788039262
2026-09-07 15:16:51.696784,-50.3481321722704,42.53592433332793,9.423929995240542,11.802681312161823
2026-09-07 15:16:51.805679,-49.56834556238472,42.674235737741256,9.38349923379792,12.708116030397536
2026-09-07 15:16:51.908606,-48.99143775746099,42.76957151496661,9.360462973259928,12.798053976386708
2026-09-07 15:16:52.006695,-48.43771931068278,42.86084648820422,9.28362586385083,12.857194211670464
2026-09-07 15:16:52.107082,-47.86828447537805,42.9539279279316,9.193754747944695,12.900176269693796
2026-09-07 15:16:52.207390,-47.119586465074576,43.07958454315333,9.208539382882009,13.506743799425081
2026-09-07 15:16:55.871334,-29.311439371289687,45.966226989544126,9.208301790715268,13.098816545136241
2026-09-07 15:16:55.987568,-28.639579753840852,46.07514440697166,9.143265485676238,12.954593328254083
2026-09-07 15:16:56.087269,-28.12206434854944,46.158213747630036,9.277041485214795,12.633471594782671
2026-09-07 15:16:56.187281,-27.564617675977576,46.249269796388475,9.47849613172366,12.588902281913578
2026-09-07 15:16:56.287650,-27.007478391693947,46.342287993954656,9.512191757274195,12.488921138587475
2026-09-07 15:16:56.386492,-22.537545504673563,22.386899181913538,322.666233593749,12.485464870396195
2026-09-07 15:16:56.487235,-22.090453822873513,22.045890008154224,322.7564234174297,12.290039247828863
2026-09-07 15:16:56.586566,-21.656007984264132,21.715606578216953,322.7675391343728,12.204979413278265
2026-09-07 15:16:56.687076,-21.253954053341076,21.393393755580494,322.7262187227261,11.978244043094602
2026-09-07 15:16:56.803960,-20.75590555353303,21.014342518799673,322.66081872377436,11.830150297288858
2026-09-07 15:16:56.892174,-20.384991351584585,20.731380561894134,322.6312037439275,11.749985351199022
2026-09-07 15:16:56.992951,-19.964290786651258,20.410093588366117,322.78908920253707,11.645194821059102
2026-09-07 15:16:57.092868,-19.569587039021048,20.105858774064956,322.6559250636092,11.3031281832814
2026-09-07 15:16:57.187684,-19.188698708382177,19.815236314475065,322.53920997975365,11.230219718714471
2026-09-07 15:16:57.288062,-18.788691586598212,19.50873474537092,322.41564827406,11.151280159334997
2026-09-07 15:16:57.388416,-18.77895894049797,18.307885295873216,317.49833083937483,10.965555822892764
2026-09-07 15:16:57.487581,-18.437625059657822,17.989392688368913,317.6164363069656,10.740277405045736
2026-09-07 15:16:57.589800,-18.07510547326354,17.658557473104214,317.6965086136115,10.76528680716859
2026-09-07 15:16:57.690587,-17.765044581938387,17.36627426814426,317.7098312133603,10.390099895792265
2026-09-07 15:16:57.788120,-17.42992435060422,17.0614434162089,317.5788570900022,10.350896556186191
2026-09-07 15:16:57.889442,-17.13884701759318,16.787849490464257,317.4868922824371,9.918817727888019
2026-09-07 15:16:57.986507,-16.821591799155605,16.497005094116126,317.5520651125735,9.869624615275054
2026-09-07 15:16:58.186379,-16.170876287887555,15.901821092291641,317.68626615213725,9.653060102032391
2026-09-07 15:16:58.286467,-15.906946949594372,15.658394432252647,317.7357473126267,9.159412552222259
2026-09-07 15:16:58.386587,-15.636100278049147,15.096701569225274,316.54873013515135,9.100841450518832
2026-09-07 15:16:58.486620,-15.381068501871964,14.850831803114144,316.6149024216684,8.65166686146198
2026-09-07 15:16:58.687611,-14.816118740938117,14.316863648543114,316.6149024216684,8.65166686146198
2026-09-07 15:16:58.787749,-14.534648729045081,14.050829333263158,316.6485204964865,8.62366657066026
2026-09-07 15:16:58.887820,-14.321776151797174,13.847371126601274,316.73377619684834,8.1065745268399
2026-09-07 15:16:58.987410,-14.05896946620394,13.600006976828757,316.7449208973994,8.078727466174188
2026-09-07 15:16:59.087479,-13.871083545362666,13.421641236785142,316.6267988170621,7.599629725887483
2026-09-07 15:16:59.187679,-13.623638481554902,13.18786321087244,316.5258821491607,7.561105488682758
2026-09-07 15:16:59.287482,-13.447229671336844,13.019331389121385,316.59596085758494,6.995454250117735
2026-09-07 15:16:59.387243,-13.017974904580882,12.789282472584034,317.3643312054992,7.018417386377415
2026-09-07 15:16:59.487278,-12.844433304577116,12.62902829603019,317.38387905685704,6.513230848666148
2026-09-07 15:16:59.609774,-12.581958593273807,12.38753409458308,317.425003102604,6.468275140004731
2026-09-07 15:16:59.706405,-12.376198741143748,12.198493859958297,317.5006981012175,6.532446865409617
2026-09-07 15:16:59.798181,-12.17859865541375,12.017431170523434,317.5212386381736,6.662361414443261
2026-09-07 15:16:59.908635,-12.053129309699393,11.902717185639556,317.52732773013486,6.044772945475654
2026-09-07 15:17:00.005127,-11.8608031818473,11.726651440710782,317.5057316974908,6.174618079579985
2026-09-07 15:17:00.085570,-11.69707801788039,11.576655097287059,317.5057316974908,6.3011425167108905
2026-09-07 15:17:00.186547,-11.487348846288821,11.384512313088168,317.5170316114127,6.424670158253035
2026-09-07 15:17:00.291435,-11.433187469533788,11.335127004364072,317.5914824415613,5.532300864841562
2026-09-07 15:17:00.391491,-10.989724722779732,11.226294801327287,318.9120615246047,5.654962084163651
2026-09-07 15:17:00.490182,-10.801683458775283,11.06232564839274,318.98937020513586,5.770519014891327
2026-09-07 15:17:00.606362,-10.575530412394663,10.865660130326887,319.0543762956022,5.925842259175954
2026-09-07 15:17:00.705784,-10.376592857444487,10.693057548872584,319.06550219597557,5.904123442766908
2026-09-07 15:17:00.805895,-10.176977212068449,10.519934570794694,319.0094871785641,5.9006243501241915
2026-09-07 15:17:00.906045,-9.977571465685369,10.346651760220512,319.04310928199084,5.791235107131395
2026-09-07 15:17:01.005734,-9.782663980491686,10.177478564263597,319.1992901911599,5.718934993117548
2026-09-07 15:17:01.091109,-9.855585011625656,10.244714657723579,319.26670156980435,4.595817219532762
2026-09-07 15:17:01.193749,-9.69579312723377,10.107110302395782,319.1862994767107,4.598507834466549
2026-09-07 15:17:01.294069,-9.67262482624703,10.088835708230684,319.1792379677354,3.931402863331052
2026-09-07 15:17:01.494319,-9.178510817305048,9.957938815025688,320.68950651707564,3.919783432952868
2026-09-07 15:17:01.599472,-9.035944706177528,9.841206196179604,320.7483426801937,3.930809396792793
2026-09-07 15:17:01.692903,-9.016220078254129,9.829892230149236,320.74987438201606,3.298843620567974
2026-09-07 15:17:01.800952,-8.892827424115428,9.729075751940831,320.74987438201606,3.3281118260836995
2026-09-07 15:17:01.892596,-8.879857505557066,9.721345158748871,320.76716008088624,2.7549372399043675
2026-09-07 15:17:01.999427,-8.777946086987907,9.638130922411937,320.791070102061,2.726932457754001
2026-09-07 15:17:02.098197,-8.684650478824018,9.562016665272868,320.768964226505,2.6993146830582244
2026-09-07 15:17:02.198237,-8.59114173785327,9.485668416414361,320.7801592846754,2.6459913646750817
2026-09-07 15:17:02.298114,-8.608214063875018,9.501242307595362,320.78395818486206,1.9630523310094108
2026-09-07 15:17:02.507820,-8.356845118773085,9.51941923996046,321.86202504250105,1.0310376357431315
2026-09-07 15:17:02.607149,-8.355005483777985,9.519449151365015,321.86679830670073,0.7460973783072035
2026-09-07 15:17:02.704419,-8.365860474764235,9.529198579122514,321.8707520423577,0.42700865631776674
2026-09-07 15:17:02.806107,-8.360985335160388,9.525640306845345,321.87161208342695,0.3245914461052165
2026-09-07 15:17:02.906296,-8.357492339526859,9.523051175351842,321.87209995191006,0.24222571805288426
2026-09-07 15:17:03.001602,-8.355294868354603,9.521410901318921,321.8723698223548,0.17955174527231957
2026-09-07 15:17:03.103127,-8.353330239760274,9.519914999127362,321.8725168843757,0.1319974254913484
2026-09-07 15:17:03.203180,-8.351981676525668,9.518881392428405,321.8725960933716,0.09670826712404557
2026-09-07 15:17:03.303144,-8.35101273328275,9.518134217085148,321.8726385362879,0.07072878391844091
2026-09-07 15:17:03.403046,-8.123049884334751,9.400764074617664,322.21385925725735,0.0590112664175415
2026-09-07 15:17:03.504022,-8.122187562778645,9.400115791568476,322.21400248686587,0.04307235886854952
2026-09-07 15:17:03.807049,-8.118944692805261,9.397611047777303,322.21406894266875,0.0273801004907362
2026-09-07 15:17:03.908696,-8.118799158146873,9.39750230114213,322.21409775936263,0.018677119785250273
2026-09-07 15:17:04.007759,-8.11869542606629,9.397423846074153,322.2141116324601,0.013181483909508405
2026-09-07 15:17:04.107694,-8.118606642647501,9.397356009492064,322.2141186552417,0.009454654785976811
2026-09-07 15:17:04.207858,-8.118535806325546,9.397301607767053,322.2141222977534,0.006836850959637066
2026-09-07 15:17:04.307860,-8.118481344618052,9.397259655774562,322.21412421075183,0.004965459262299076
2026-09-07 15:17:04.407264,-7.964799368177109,9.287609722484383,322.300991277496,0.00964746113094206
2026-09-07 15:17:04.507884,-7.9543448806047445,9.27945908885312,322.30005202080974,0.1335335100630918
2026-09-07 15:17:04.614471,-7.951885753425744,9.27757077008804,322.3002156534403,0.10116755244080125
2026-09-07 15:17:04.706611,-7.950649412145951,9.27662222647122,322.3003085491273,0.07580815017691114
2026-09-07 15:17:04.813907,-7.949440596915134,9.275691829135805,322.30035980954744,0.05582488672008043
2026-09-07 15:17:04.907436,-7.921540767524884,9.254085319451152,322.29978647088865,0.35209935126762176
2026-09-07 15:17:05.013526,-7.908328297848274,9.243873483767313,322.29978647088865,0.36415058340009315
2026-09-07 15:17:05.106809,-7.89631318528092,9.234587077950401,322.29978647088865,0.3731167920307526
2026-09-07 15:17:05.215368,-7.8819861952661086,9.223513836425067,322.2876380870457,0.36363087144758327
2026-09-07 15:17:05.312878,-7.869446613653048,9.213817824039168,322.29855002349177,0.35511041606327765
2026-09-07 15:17:05.414516,-7.854886060792099,9.163612426918977,322.15701912322766,0.3682115527484436
2026-09-07 15:17:05.514428,-7.751676526059254,9.083387417848972,322.13895672849685,1.070808110733623
2026-09-07 15:17:05.615434,-7.713503357791703,9.053712079296766,322.15025988768684,1.067277735934947
2026-09-07 15:17:05.944029,-7.589707996151944,8.95751430476891,322.22380327311294,1.0845053784557506
2026-09-07 15:17:06.033094,-7.555577912026089,8.93106300099305,322.23377016491395,1.0992921826986595
2026-09-07 15:17:06.139289,-7.514323127297635,8.899101437721885,322.23377016491395,1.1679593985797887
2026-09-07 15:17:06.233307,-7.32801818820968,8.754524818782999,322.2626185689933,1.889450489153463
2026-09-07 15:17:06.339909,-7.256810431118029,8.699414962446712,322.28647733730395,1.9015598816295278
2026-09-07 15:17:06.433177,-7.52033100123607,8.839906208243665,321.9108476702586,1.8699454559145752
2026-09-07 15:17:06.540094,-7.449987266808852,8.784771177858303,321.8629891323035,1.9110522011163469
2026-09-07 15:17:06.637906,-7.384262382309948,8.733167692687948,321.819206204289,1.8845569839657563
2026-09-07 15:17:06.732269,-7.321771682829074,8.684026271636203,321.819206204289,1.8639433102033414
2026-09-07 15:17:06.840537,-7.250856833198844,8.628260269439876,321.85555366204244,1.8696196059486885
2026-09-07 15:17:06.937654,-7.187020284684748,8.578126007039854,321.9098934493377,1.8645279369984826
2026-09-07 15:17:07.038957,-7.120564123634479,8.526036248451286,321.92122984455636,1.9132133262393782
2026-09-07 15:17:07.249891,-6.978553324096732,8.41477050383324,321.85041561825346,2.038547398693745
2026-09-07 15:17:07.349326,-6.90729257413925,8.35879528565293,321.8392882631051,2.080252978731325
2026-09-07 15:17:07.449240,-7.5756726611046155,8.760199744074566,320.92296296027416,1.6843295786548436
2026-09-07 15:17:07.549116,-7.517292715388959,8.712794486728917,320.88943284343077,1.707020291454593
2026-09-07 15:17:07.649154,-7.458058497939461,8.664638001467816,320.85584834035944,1.705272020885964
2026-09-07 15:17:07.749360,-7.398813828341692,8.616415311912727,320.85584834035944,1.701769607790939
2026-09-07 15:17:07.849135,-7.296818598641331,8.534127031794501,320.9101385673421,1.8322925202703901
2026-09-07 15:17:07.948992,-7.233333785979145,8.482552974344273,320.9771860437668,1.8479984868785235
2026-09-07 15:17:08.048410,-7.169525728724696,8.430840147164483,321.02168785476533,1.8818784773435826
2026-09-07 15:17:08.148888,-7.103813740762983,8.377668800365894,321.06666414643587,1.9284114183276109
2026-09-07 15:17:08.475990,-7.928242349626613,8.86915161865556,319.7885797387826,1.349356581456419
2026-09-07 15:17:08.560544,-7.889291987249417,8.836222700278753,319.81696599273346,1.3589614441364923
2026-09-07 15:17:08.663261,-7.841617955085157,8.795959211706231,319.8399552528299,1.3742197001790164
2026-09-07 15:17:08.761667,-7.7954163268393915,8.756971003504555,319.8399552528299,1.3931369461189769
2026-09-07 15:17:08.972631,-7.69500523408105,8.672237007347638,319.8399552528299,1.4060408179760813
2026-09-07 15:17:09.062165,-7.842699349877691,8.793495866387302,319.84166535077566,0.6369490779084253
2026-09-07 15:17:09.163540,-7.863826105503655,8.810654375798636,319.84200516404235,0.4395623577680658
2026-09-07 15:17:09.264221,-7.873156675443245,8.818200754376242,319.8421714133765,0.31161926640958637
2026-09-07 15:17:09.363933,-7.877225824862209,8.821467805289622,319.84225615658397,0.22406058722617925
2026-09-07 15:17:09.464865,-8.676824545426939,9.312575405959059,318.5993680876891,0.09540999282036068
2026-09-07 15:17:09.564150,-8.67591507163373,9.311689795776989,318.5992531947886,0.07253060477002042
2026-09-07 15:17:09.664578,-8.675195438305016,9.311007804203733,318.59918802569337,0.05411807846111304
2026-09-07 15:17:09.764000,-8.674679603827764,9.310526810466186,318.5991520942316,0.039990282695903275
2026-09-07 15:17:09.864646,-8.674287872305374,9.310167216769614,318.59913259555105,0.02936788785924288
2026-09-07 15:17:09.964167,-8.67401380951665,9.309917937298955,318.59912210629955,0.021512644634606115
2026-09-07 15:17:10.063984,-8.673812853657886,9.309736664958981,318.59911648672096,0.015733733917022652
2026-09-07 15:17:10.163828,-8.673666916917265,9.309605808860772,318.5991134833748,0.011497295886108204
2026-09-07 15:17:10.264134,-8.673559428116091,9.30950987241997,318.5991118809143,0.008394856749839247
2026-09-07 15:17:10.364024,-9.243813922930713,9.649531114823638,317.75819818077434,-0.012953195726927182
2026-09-07 15:17:10.464136,-9.24398257880429,9.64968978342738,317.75822603039524,-0.009456139071159483
2026-09-07 15:17:10.563767,-9.244094057690523,9.649793954591141,317.7582408747094,-0.006904270037564972
2026-09-07 15:17:10.663830,-9.244170894268272,9.649865294737348,317.75824878635285,-0.005039882679674065
2026-09-07 15:17:10.767975,-9.244229829536451,9.649919644568019,317.75825298902964,-0.0036675592027464402
2026-09-07 15:17:10.863220,-9.244261343060288,9.649948704021611,317.7582552253971,-0.002681870553667386
2026-09-07 15:17:10.962709,-9.24428735882284,9.649972564914169,317.75825642059317,-0.001960076705263363
2026-09-07 15:17:11.069329,-9.24430990195427,9.649993161455814,317.75825705553325,-0.0014247246984918688
2026-09-07 15:17:11.167792,-9.24432237734843,9.650004556654975,317.758257392019,-0.0010387386655354234
2026-09-07 15:17:11.269244,-9.244332331911886,9.650013631522858,317.75825757077837,-0.0007568930790381883
2026-09-07 15:17:11.369462,-9.66107807380519,9.889418079655462,317.20030732219675,-0.014838667500352103
2026-09-07 15:17:11.470363,-9.661271449262978,9.889601268776834,317.2003416271491,-0.010818713436454738
2026-09-07 15:17:11.570179,-9.66139729044722,9.889719990453134,317.2003598739466,-0.007892684439479032
2026-09-07 15:17:11.669660,-9.66148237417885,9.889799945476796,317.20036959098434,-0.00576133174113346
2026-09-07 15:17:11.769531,-9.661542008340318,9.889855788705809,317.2003747687122,-0.0042056201055812
2026-09-07 15:17:11.870358,-9.661584955362185,9.889895888806368,317.20037752583085,-0.00306788466478805
2026-09-07 15:17:11.969589,-9.661613888489313,9.889922857218309,317.20037899415,-0.0022397268611024134
2026-09-07 15:17:12.069777,-9.661635200304008,9.889942685900024,317.2003797765228,-0.0016346793329025655
2026-09-07 15:17:12.170063,-9.661650523762143,9.889956925442755,317.2003801931951,-0.0011928226877259793
2026-09-07 15:17:12.385466,-9.969870956281119,10.06973251525558,316.8782261853994,-0.01379297713112231
2026-09-07 15:17:12.484256,-9.969998640474133,10.069854734941044,316.87825999085,-0.009676701975194317
2026-09-07 15:17:12.583902,-9.970087071594747,10.069938876650777,316.8782769547015,-0.006921428744191972
2026-09-07 15:17:12.684020,-9.970149862226538,10.069998364687423,316.8782857164315,-0.004997960338289276
2026-09-07 15:17:12.783976,-9.970194402952197,10.070040435741861,316.87829030823195,-0.003627344641605274
2026-09-07 15:17:12.884662,-9.970227269537867,10.070071404549266,316.87829273205716,-0.0026382203913839206
2026-09-07 15:17:12.983825,-9.970249909207025,10.070092706896116,316.8782940171004,-0.0019231135296829242
2026-09-07 15:17:13.081148,-9.97026546922286,10.070107332256283,316.878294701648,-0.001405394840465941
2026-09-07 15:17:13.180639,-9.97027781999724,10.070118927246812,316.87829506715207,-0.0010268102998931545
2026-09-07 15:17:13.281120,-9.970287118880622,10.070127650830441,316.878295262095,-0.00074957290172925
2026-09-07 15:17:13.381990,-10.21829368530434,10.212278008587901,316.6608232879953,-0.009346503559263197
2026-09-07 15:17:13.480713,-10.218408154686713,10.212387071619375,316.6608401632802,-0.00682710409128707
2026-09-07 15:17:13.582737,-10.218491303970557,10.21246609113153,316.66084915033935,-0.004977549709362802
2026-09-07 15:17:13.682344,-10.218641694425811,10.212608035657778,316.6608496284316,-0.004842981561209969
2026-09-07 15:17:13.782642,-10.218788836404713,10.212746906193058,316.66084996780774,-0.00471201853634391
2026-09-07 15:17:13.882569,-10.218931246923809,10.212881305825695,316.66085020876926,-0.00458467300539748
2026-09-07 15:17:13.982882,-10.218975464056113,10.212923136850213,316.66085191936145,-0.0033450852499706356
2026-09-07 15:17:14.083537,-10.21900730342385,10.212953238163896,316.66085282968925,-0.0024398311019309983
2026-09-07 15:17:14.183530,-10.219080927625278,10.21302271613359,316.6608528781326,-0.002373857924687293
2026-09-07 15:17:14.284013,-10.219152909206885,10.213090643186378,316.6608529125133,-0.00230963475083129
2026-09-07 15:17:14.383844,-10.41666211164726,10.322902148244266,316.51336390982397,-0.009190177031315912
2026-09-07 15:17:14.483728,-10.416941669875783,10.323167383442664,316.5133652547611,-0.008942009618703627
2026-09-07 15:17:14.584140,-10.417214251825593,10.323425981678174,316.51336620964685,-0.008700296954595342
2026-09-07 15:17:14.683768,-10.417476603642925,10.323674862362756,316.5133668878316,-0.008465353548946872
2026-09-07 15:17:14.783664,-10.417732136237316,10.323917264891916,316.5133673695127,-0.008236755775224756
2026-09-07 15:17:14.883543,-10.417980389533662,10.324152755767486,316.51336771163005,-0.008014339124311024
2026-09-07 15:17:14.983664,-10.418222322334707,10.324382246486035,316.51336795458155,-0.007797829240580275
2026-09-07 15:17:15.083332,-10.418456414833981,10.324604296940482,316.5133681271491,-0.007587305254263523
2026-09-07 15:17:15.183150,-10.41868443930651,10.324820589206727,316.51336824972896,-0.007382475237785275
2026-09-07 15:17:15.283618,-10.418907758668215,10.3250324167724,316.5133683367603,-0.007182924607140578
2026-09-07 15:17:15.383409,-10.581396611948099,10.417955632278943,316.4243887418452,-0.012771963644069835
2026-09-07 15:17:15.483018,-10.581783461735945,10.418323767697439,316.4243902473736,-0.01242736374027975
2026-09-07 15:17:15.582969,-10.582159938212193,10.41868201655542,316.4243913168357,-0.01209189271529
2026-09-07 15:17:15.683985,-10.582529427251151,10.419033605219518,316.42439207585994,-0.011764704374483747
2026-09-07 15:17:15.783021,-10.582880773494871,10.419367923090695,316.42439261505206,-0.01144720918321188
2026-09-07 15:17:15.883113,-10.583226074474872,10.419696483098546,316.42439299800935,-0.01113807357811816
2026-09-07 15:17:15.988782,-10.583581534962278,10.420034705367922,316.4243932688605,-0.010833882665250547
2026-09-07 15:17:16.081997,-10.583883757780093,10.420322270326476,316.42439346167885,-0.010543416279565229
2026-09-07 15:17:16.300730,-10.584600924917492,10.421004642159414,316.4243935878876,-0.010198189318974819
2026-09-07 15:17:16.399438,-10.707683050148134,10.488860782181744,316.3690360912533,-0.014885526166899352
2026-09-07 15:17:16.500134,-10.7081352112332,10.48929188211065,316.3690376778195,-0.01446083343254239
2026-09-07 15:17:16.599775,-10.708568797955278,10.489705260822083,316.3690387907136,-0.014058893673540143
2026-09-07 15:17:16.699600,-10.70899070961275,10.490107499847667,316.3690395760095,-0.013673409478799648
2026-09-07 15:17:16.799054,-10.709399144794752,10.490496884766063,316.36904013202366,-0.01330147822098251
2026-09-07 15:17:16.899494,-10.70980048199799,10.490879498296836,316.3690405261259,-0.012940507579863989
2026-09-07 15:17:16.999362,-10.710188408751169,10.491249324042252,316.3690408057337,-0.012590162276004771
2026-09-07 15:17:17.099238,-10.710565782269384,10.491609086818183,316.3690410042109,-0.01224972607776781
2026-09-07 15:17:17.198744,-10.710931449851696,10.491957688428098,316.3690411451771,-0.01191895634149941
2026-09-07 15:17:17.299043,-10.711290235600757,10.49229972826452,316.36904124527064,-0.011596853627674717
2026-09-07 15:17:17.403716,-10.819386842993577,10.552461107789348,316.334137189755,-0.01514546437230443
2026-09-07 15:17:17.498871,-10.819823070474843,10.552877505308972,316.33413833648956,-0.014738362540860006
2026-09-07 15:17:17.604606,-10.82029604856485,10.553328972845621,316.3341391483391,-0.014336774061790904
2026-09-07 15:17:17.703216,-10.820722172424876,10.553735713429576,316.3341397243239,-0.013948745829299088
2026-09-07 15:17:17.805271,-10.821151429344631,10.554145440581376,316.334140132567,-0.01357001975823454
2026-09-07 15:17:17.904233,-10.821555030114629,10.554530676678112,316.3341404223629,-0.013203187131701105
2026-09-07 15:17:18.002267,-10.821943522491825,10.554901490161521,316.33414062842166,-0.012847759908399961
2026-09-07 15:17:18.105049,-10.822340839646762,10.555280725348684,316.3341407745702,-0.01249942318327728
2026-09-07 15:17:18.205519,-10.822717842846261,10.55564057026402,316.3341408782326,-0.012160785599235415
2026-09-07 15:17:18.305386,-10.823082157530136,10.555988303534225,316.33414095180706,-0.011831844341333378
2026-09-07 15:17:18.405164,-10.909843161460868,10.605926237297599,316.3160760143237,-0.014614463480063164
2026-09-07 15:17:18.505142,-10.910286697527699,10.606349864495273,316.31607686742973,-0.014219791196351878
2026-09-07 15:17:18.605314,-10.910717648209417,10.606761467813806,316.3160774732187,-0.013835580367998635
2026-09-07 15:17:18.705391,-10.911135470127872,10.607160529380009,316.316077903366,-0.013461718668104729
2026-09-07 15:17:18.805060,-10.91153949958133,10.607546416083775,316.3160782088853,-0.013098235360866442
2026-09-07 15:17:18.905771,-10.911936453287458,10.607925543504908,316.31607842575613,-0.012743982720078722
2026-09-07 15:17:19.005320,-10.91231753874033,10.60828951445537,316.3160785797718,-0.012399797211409689
2026-09-07 15:17:19.110751,-10.912711327803837,10.608665617736635,316.31607868872015,-0.01206128795040401
2026-09-07 15:17:19.204911,-10.913050622405214,10.60898967375192,316.31607876623457,-0.011737376669598733
2026-09-07 15:17:19.310433,-10.913423471615223,10.609345776894338,316.31607882112985,-0.011417840127192366
2026-09-07 15:17:19.410186,-10.986899875288106,10.65152065650486,316.3060794913563,-0.013744023342226038
2026-09-07 15:17:19.510002,-10.987316130521078,10.65191836075826,316.3060801213269,-0.013372308111871362
2026-09-07 15:17:19.610572,-10.987722966470251,10.652307063727006,316.306080568389,-0.01301042780575232
2026-09-07 15:17:19.709606,-10.988111419673059,10.652678202127166,316.3060808859591,-0.012659291760108634
2026-09-07 15:17:19.804846,-10.988473451633354,10.653024096242827,316.3060811123123,-0.012320696156578586
2026-09-07 15:17:19.911764,-10.98887135755191,10.653404264278803,316.30608127260166,-0.011985077446346023
2026-09-07 15:17:20.010202,-10.989225333587457,10.653742460437417,316.30608138634307,-0.01166085656381358
2026-09-07 15:17:20.109980,-10.989574554737096,10.654076113347939,316.30608146710256,-0.011345742924813967
2026-09-07 15:17:20.211024,-10.989918753399468,10.654404967439541,316.30608152440436,-0.011038554444335463
2026-09-07 15:17:20.310422,-10.990247679204577,10.654719229399193,316.30608156509334,-0.010740344576699801
2026-09-07 15:17:20.410625,-11.056469502620088,10.686970993751409,316.29840249406516,-0.012689482864138471
2026-09-07 15:17:20.510869,-11.056855586027273,10.687339968153822,316.2984029473155,-0.012346585387882393
2026-09-07 15:17:20.610548,-11.05722771086099,10.68769560139822,316.2984032692366,-0.0120132027287737
2026-09-07 15:17:20.701754,-11.057556481831302,10.688009801564316,316.298403499346,-0.011694410528514457
2026-09-07 15:17:20.809954,-11.057939564143819,10.688375905004822,316.2984036624257,-0.011376358617869408
2026-09-07 15:17:20.906775,-11.058270094845989,10.688691785765482,316.29840377832807,-0.01106984785329945
2026-09-07 15:17:21.007421,-11.058605012722873,10.689011858902049,316.2984038606446,-0.010770837615735536
2026-09-07 15:17:21.218229,-11.059308921025957,10.689684566335892,316.2984039147268,-0.010421060881500577
2026-09-07 15:17:21.317565,-11.059615527674671,10.689977582715047,316.2984039514704,-0.010110729638571984
2026-09-07 15:17:21.417854,-11.126867996814763,10.718747320891644,316.2936528129303,-0.012256126149402162
2026-09-07 15:17:21.517792,-11.127237653689471,10.719100653959142,316.2936531921405,-0.01191582270988478
2026-09-07 15:17:21.618049,-11.127597473311052,10.719444583387242,316.29365345970473,-0.011589011236614712
2026-09-07 15:17:21.718014,-11.127945809376333,10.719777535847735,316.293653649067,-0.011273418433807619
2026-09-07 15:17:21.817934,-11.12828414416626,10.720100928333832,316.29365378330294,-0.010967610171773112
2026-09-07 15:17:21.918216,-11.128614324131803,10.720416525869528,316.29365387851976,-0.010670501739962927
2026-09-07 15:17:22.017654,-11.128932509772259,10.720720658623431,316.2936539461225,-0.010382130333258213
2026-09-07 15:17:22.117731,-11.129244114578482,10.721018501049388,316.2936539941238,-0.010101555625888764
2026-09-07 15:17:22.217681,-11.12954680048293,10.721307818390173,316.29365402820804,-0.009828633490457444
2026-09-07 15:17:22.317803,-11.12984178821112,10.721589777486384,316.2936540524097,-0.009563031410974131
2026-09-07 15:17:22.417298,-11.20085918520806,10.74361143840785,316.29158146879854,-0.011434178315759129
2026-09-07 15:17:22.633234,-11.201628478533044,10.744346808332143,316.29158170045594,-0.011060409396360913
2026-09-07 15:17:22.732420,-11.20195547407121,10.744659384642762,316.29158185758934,-0.010729953299918233
2026-09-07 15:17:22.832802,-11.20227702857372,10.744966759653215,316.29158196654134,-0.010423845618109582
2026-09-07 15:17:22.932574,-11.202587591872211,10.745263628013712,316.2915820429589,-0.010134055222420259
2026-09-07 15:17:23.032898,-11.202891511142182,10.7455541452401,316.291582096861,-0.0098558906456785
2026-09-07 15:17:23.133602,-11.203188430343216,10.745837971021212,316.29158213497976,-0.009586995134843086
2026-09-07 15:17:23.232653,-11.203472304803482,10.746109327263682,316.2915821620081,-0.00932711823493406
2026-09-07 15:17:23.333540,-11.203754073763283,10.74637867082153,316.2915821811748,-0.009074245682828056
2026-09-07 15:17:23.434060,-11.268357266139658,10.755072132829842,316.2932404992953,-0.010534661215925249
2026-09-07 15:17:23.533581,-11.268675063392099,10.755375897385841,316.293240683508,-0.010250020548945636
2026-09-07 15:17:23.633792,-11.268985539925318,10.755672664696347,316.29324081429695,-0.009972973836649987
2026-09-07 15:17:23.733588,-11.269285582365695,10.755959458785481,316.2932409071782,-0.009703585620693924
2026-09-07 15:17:23.833680,-11.269577935370739,10.756238903075722,316.29324097313474,-0.009441409301302307
2026-09-07 15:17:23.933658,-11.269861682014714,10.756510121092067,316.2932410199701,-0.009186340354803998
2026-09-07 15:17:24.033494,-11.270137092355712,10.756773370943824,316.29324105323394,-0.008938244156088999
2026-09-07 15:17:24.133311,-11.27040483423398,10.757029290966107,316.293241076859,-0.0086968997735359
2026-09-07 15:17:24.233163,-11.270665319311782,10.757278274632295,316.293241093641,-0.008462082470616177
2026-09-07 15:17:24.332855,-11.27091825077575,10.757520038225435,316.29324110556263,-0.008233682847877318
2026-09-07 15:17:24.433302,-11.330356848799596,10.759678699758556,316.2985186187616,-0.009424698849569655
2026-09-07 15:17:24.532993,-11.330641957596368,10.75995116746071,316.29851874399355,-0.009170300314442456
2026-09-07 15:17:24.633133,-11.330919727764737,10.760216622514482,316.29851883293304,-0.008922602293876328
2026-09-07 15:17:24.732943,-11.331188365022049,10.76047334998627,316.2985188961011,-0.008681665435271099
2026-09-07 15:17:24.840076,-11.331469512715984,10.760742033647388,316.2985189407318,-0.008443901149457004
2026-09-07 15:17:24.937254,-11.33171561517862,10.760977225861227,316.29851897239314,-0.008215383315663665
2026-09-07 15:17:25.038339,-11.331965169454643,10.76121571703818,316.29851899484856,-0.007992757987666332
2026-09-07 15:17:25.139132,-11.33220703046759,10.761446856111945,316.29851901077564,-0.007776138608140015
2026-09-07 15:17:25.574210,-11.40011657666583,10.771933653966329,316.3070586303402,-0.010054544364937064
2026-09-07 15:17:25.674365,-11.400414715587903,10.772218486037941,316.3070587737802,-0.009713417906117603
2026-09-07 15:17:25.774618,-11.400703699231618,10.772494573069187,316.3070588700448,-0.009416839776473342
2026-09-07 15:17:25.874688,-11.40098389446776,10.772762264911321,316.3070589364488,-0.009145203559071181
2026-09-07 15:17:25.974314,-11.401255200227917,10.773021464632023,316.30705898290944,-0.00888951969827599
2026-09-07 15:17:26.074837,-11.40152185574651,10.7732762220989,316.30705901563124,-0.008644686593687181
